claim_id,"claim_domain",claim_type,status,active,biomarker,disease,"intervention","direction","parent_id","parent_graph_evidence_id","parent_source_record_ids","source_unit_id","graph_node_id","graph_evidence_id",source_ids,"parent_source_ids",pmid,doi,"nct",url,locator,"publication_title",source_type,"provenance_status","claim_to_parent","parent_to_source_unit","source_unit_to_original","original_to_identifier","identifier_to_locator","first_missing_link","diagnosis","confidence","bucket_reference","notes"
CLM-01aba27a2fb14d531e2d,therapeutic,"atomic_intervention_claim","pending_verification",true,"ALK G1202R AND v::ALK Fusion","Non-Small Cell Lung Cancer","neladalkib","sensitivity",GEP-bc37d4a2bd0f3fc08586,"evidence:100001","evidence:100001#row-001;evidence:100001#row-000",,,"evidence:100001",,PUBMED:39269178,,,,,,,,PARENT_ONLY,PRESENT,MISSING,MISSING,PRESENT,MISSING,PARENT_TO_SOURCE_UNIT,DATA_PRESENT_BUT_NOT_PROPAGATED,MEDIUM,"case_01_api_response.json:rejected, case_02_api_response.json:rejected, case_03_api_response.json:rejected, case_04_api_response.json:rejected","parent_source_ids e source_record_ids presenti, source_unit_ids e locators mancanti nella claim; publication_title assente; source_type assente; graph_node_id assente; graph_evidence_id disponibile separatamente"
CLM-0269a5c7db107cd8a893,therapeutic,"atomic_intervention_claim","pending_verification",true,EGFR T790M,"Lung Non-small Cell Carcinoma","osimertinib","sensitivity",GEP-7bf7f440f0ecb4d376a3,"evidence:963","evidence:963#row-000",,,"evidence:963",,PUBMED:24893891,,,,,,,,PARENT_ONLY,PRESENT,MISSING,MISSING,PRESENT,MISSING,PARENT_TO_SOURCE_UNIT,DATA_PRESENT_BUT_NOT_PROPAGATED,MEDIUM,"case_01_api_response.json:rejected, case_02_api_response.json:rejected, case_03_api_response.json:rejected, case_04_api_response.json:rejected","parent_source_ids e source_record_ids presenti, source_unit_ids e locators mancanti nella claim; publication_title assente; source_type assente; graph_node_id assente; graph_evidence_id disponibile separatamente"
CLM-02e4c1aec896020b2f8a,therapeutic,"atomic_intervention_claim","pending_verification",true,EGFR L858R,"Lung Non-small Cell Carcinoma","gefitinib","sensitivity",GEP-9004eedbc4f8616337d5,"evidence:276","evidence:276#row-000",,,"evidence:276",,PUBMED:15118125,,,,,,,,PARENT_ONLY,PRESENT,MISSING,MISSING,PRESENT,MISSING,PARENT_TO_SOURCE_UNIT,DATA_PRESENT_BUT_NOT_PROPAGATED,MEDIUM,"case_01_api_response.json:rejected, case_02_api_response.json:rejected, case_03_api_response.json:rejected, case_04_api_response.json:rejected","parent_source_ids e source_record_ids presenti, source_unit_ids e locators mancanti nella claim; publication_title assente; source_type assente; graph_node_id assente; graph_evidence_id disponibile separatamente"
CLM-05cfe6e3eb14e9a7e4c5,therapeutic,"atomic_intervention_claim","pending_verification",true,"EGFR L858R OR EGFR Exon 19 Deletion","Lung Non-small Cell Carcinoma","dacomitinib","sensitivity",GEP-bc8b54cc49d06d28c49e,"evidence:7363","evidence:7363#row-000",,,"evidence:7363",,PUBMED:28958502,,,,,,,,PARENT_ONLY,PRESENT,MISSING,MISSING,PRESENT,MISSING,PARENT_TO_SOURCE_UNIT,DATA_PRESENT_BUT_NOT_PROPAGATED,MEDIUM,"case_01_api_response.json:rejected, case_02_api_response.json:rejected, case_03_api_response.json:rejected, case_04_api_response.json:rejected","parent_source_ids e source_record_ids presenti, source_unit_ids e locators mancanti nella claim; publication_title assente; source_type assente; graph_node_id assente; graph_evidence_id disponibile separatamente"
CLM-074de0af80e7ed34d41a,therapeutic,"atomic_intervention_claim","pending_verification",true,EGFR L858R,"Lung Adenocarcinoma","afatinib","sensitivity",GEP-76ffa0faa68504e7e737,"evidence:982","evidence:982#row-000",,,"evidence:982",,PUBMED:24439929,,,,,,,,PARENT_ONLY,PRESENT,MISSING,MISSING,PRESENT,MISSING,PARENT_TO_SOURCE_UNIT,DATA_PRESENT_BUT_NOT_PROPAGATED,MEDIUM,"case_01_api_response.json:rejected, case_02_api_response.json:rejected, case_03_api_response.json:rejected, case_04_api_response.json:rejected","parent_source_ids e source_record_ids presenti, source_unit_ids e locators mancanti nella claim; publication_title assente; source_type assente; graph_node_id assente; graph_evidence_id disponibile separatamente"
CLM-091cf6602db85e2a2d41,therapeutic,"atomic_intervention_claim",adjudicated,true,"FGFR2::TACC3 Fusion","Cholangiocarcinoma","ponatinib","sensitivity",GEP-471b69f0462af2167d70,"evidence:296","evidence:296#row-000;evidence:296#row-001","SU-24550739-patient-tacc3-ponatinib-line",,"evidence:296",PMID:24550739,PUBMED:24550739,PMID:24550739,,,,"[{""source_id"":""PMID:24550739"",""text"":""abstract, frase sulla linea con ponatinib dopo progressione su pazopanib""}]",,,VERIFIED_LOCATOR,PRESENT,PRESENT,PRESENT,PRESENT,PRESENT,NONE,NONE_OBSERVED,HIGH,"case_01_api_response.json:rejected, case_02_api_response.json:rejected, case_03_api_response.json:rejected, case_04_api_response.json:rejected","source_id e locator presenti sulla claim; parent usato solo come controllo; publication_title assente; source_type assente; graph_node_id assente; graph_evidence_id disponibile separatamente; source_unit_id presente anche in artefatti ausiliari review, non in un registro canonico runtime"
CLM-0e59264facd7b2df0e67,therapeutic,"atomic_intervention_claim",adjudicated,true,"EML4::ALK Fusion AND ALK I1171S","Lung Non-small Cell Carcinoma","alectinib hydrochloride","resistance",GEP-b00b74970f6f903b92af,"evidence:1484","evidence:1484#row-000;evidence:1484#row-001","SU-25393796-patient-eml4-alk-i1171s",,"evidence:1484",PMID:25393796,PUBMED:25393796,PMID:25393796,,,,"[{""source_id"":""PMID:25393796"",""text"":""abstract, clausola sulla resistenza acquisita ad alectinib, paziente con EML4-ALK variante 3a/b""}]",,,VERIFIED_LOCATOR,PRESENT,PRESENT,PRESENT,PRESENT,PRESENT,NONE,NONE_OBSERVED,HIGH,"case_01_api_response.json:rejected, case_02_api_response.json:rejected, case_03_api_response.json:rejected, case_04_api_response.json:rejected","source_id e locator presenti sulla claim; parent usato solo come controllo; publication_title assente; source_type assente; graph_node_id assente; graph_evidence_id disponibile separatamente; source_unit_id presente anche in artefatti ausiliari review, non in un registro canonico runtime"
CLM-0f234bc9c53847910521,therapeutic,"atomic_intervention_claim","pending_verification",true,"ALK G1202R AND v::ALK Fusion","Non-Small Cell Lung Cancer","alectinib hydrochloride","resistance",GEP-e85a4cca147f64591ac6,"evidence:100002","evidence:100002#row-001;evidence:100002#row-000;evidence:100002#row-002",,,"evidence:100002",,PUBMED:24736079;PUBMED:27130468;PUBMED:27432227;PUBMED:29373100;PUBMED:29376144;PUBMED:29650534,,,,,,,,PARENT_ONLY,PRESENT,MISSING,MISSING,PRESENT,MISSING,PARENT_TO_SOURCE_UNIT,DATA_PRESENT_BUT_NOT_PROPAGATED,MEDIUM,"case_01_api_response.json:rejected, case_02_api_response.json:primary, case_03_api_response.json:rejected, case_04_api_response.json:rejected","parent_source_ids e source_record_ids presenti, source_unit_ids e locators mancanti nella claim; publication_title assente; source_type assente; graph_node_id assente; graph_evidence_id disponibile separatamente"
CLM-159208efa2462a277ce8,therapeutic,"atomic_intervention_claim","pending_verification",true,"EML4::ALK Fusion AND ALK Amplification","Lung Non-small Cell Carcinoma","crizotinib","resistance",GEP-a62e482feb7600416d07,"evidence:766","evidence:766#row-000",,,"evidence:766",,PUBMED:22235099,,,,,,,,PARENT_ONLY,PRESENT,MISSING,MISSING,PRESENT,MISSING,PARENT_TO_SOURCE_UNIT,DATA_PRESENT_BUT_NOT_PROPAGATED,MEDIUM,"case_01_api_response.json:rejected, case_02_api_response.json:rejected, case_03_api_response.json:rejected, case_04_api_response.json:rejected","parent_source_ids e source_record_ids presenti, source_unit_ids e locators mancanti nella claim; publication_title assente; source_type assente; graph_node_id assente; graph_evidence_id disponibile separatamente"
CLM-1bdedb4c451fe79a073f,therapeutic,"atomic_intervention_claim","pending_verification",true,"EGFR T790M AND EGFR Exon 19 Deletion","Lung Non-small Cell Carcinoma","osimertinib","sensitivity",GEP-0742630d7ead4443e7cd,"evidence:11598","evidence:11598#row-000;evidence:11598#row-001",,,"evidence:11598",,PUBMED:27959700,,,,,,,,PARENT_ONLY,PRESENT,MISSING,MISSING,PRESENT,MISSING,PARENT_TO_SOURCE_UNIT,DATA_PRESENT_BUT_NOT_PROPAGATED,MEDIUM,"case_01_api_response.json:rejected, case_02_api_response.json:rejected, case_03_api_response.json:rejected, case_04_api_response.json:rejected","parent_source_ids e source_record_ids presenti, source_unit_ids e locators mancanti nella claim; publication_title assente; source_type assente; graph_node_id assente; graph_evidence_id disponibile separatamente"
CLM-1d3ba8b6ae49232969c7,therapeutic,"atomic_intervention_claim","pending_verification",true,"FGFR2::v Fusion OR FGFR2::? Fusion","Intrahepatic Cholangiocarcinoma","derazantinib","sensitivity",GEP-a49c49f450628b94e307,"evidence:7329","evidence:7329#row-000",,,"evidence:7329",,PUBMED:30420614,,,,,,,,PARENT_ONLY,PRESENT,MISSING,MISSING,PRESENT,MISSING,PARENT_TO_SOURCE_UNIT,DATA_PRESENT_BUT_NOT_PROPAGATED,MEDIUM,"case_01_api_response.json:primary, case_02_api_response.json:rejected, case_03_api_response.json:rejected, case_04_api_response.json:rejected","parent_source_ids e source_record_ids presenti, source_unit_ids e locators mancanti nella claim; publication_title assente; source_type assente; graph_node_id assente; graph_evidence_id disponibile separatamente"
CLM-1d3f469e0b264de4d203,therapeutic,"atomic_intervention_claim","pending_verification",true,"FGFR2 Mutation","Endometrial Cancer","ponatinib","sensitivity",GEP-19946c19901fa1d07501,"evidence:1236","evidence:1236#row-000",,,"evidence:1236",,PUBMED:26574622,,,,,,,,PARENT_ONLY,PRESENT,MISSING,MISSING,PRESENT,MISSING,PARENT_TO_SOURCE_UNIT,DATA_PRESENT_BUT_NOT_PROPAGATED,MEDIUM,"case_01_api_response.json:rejected, case_02_api_response.json:rejected, case_03_api_response.json:rejected, case_04_api_response.json:rejected","parent_source_ids e source_record_ids presenti, source_unit_ids e locators mancanti nella claim; publication_title assente; source_type assente; graph_node_id assente; graph_evidence_id disponibile separatamente"
CLM-1da32e197ff9793e6508,therapeutic,"atomic_intervention_claim","pending_verification",true,EGFR L858R,"Lung Non-small Cell Carcinoma","erlotinib","sensitivity",GEP-327716d50f319b1fec7f,"evidence:885","evidence:885#row-000",,,"evidence:885",,PUBMED:22285168,,,,,,,,PARENT_ONLY,PRESENT,MISSING,MISSING,PRESENT,MISSING,PARENT_TO_SOURCE_UNIT,DATA_PRESENT_BUT_NOT_PROPAGATED,MEDIUM,"case_01_api_response.json:rejected, case_02_api_response.json:rejected, case_03_api_response.json:rejected, case_04_api_response.json:rejected","parent_source_ids e source_record_ids presenti, source_unit_ids e locators mancanti nella claim; publication_title assente; source_type assente; graph_node_id assente; graph_evidence_id disponibile separatamente"
CLM-1e4f404ac84ee591fbda,therapeutic,"atomic_intervention_claim","pending_verification",true,"FGFR2::v Fusion OR FGFR2::? Fusion","Cholangiocarcinoma","infigratinib","sensitivity",GEP-fa920f265ad41ec56830,"evidence:5908","evidence:5908#row-000",,,"evidence:5908",,PUBMED:29182496,,,,,,,,PARENT_ONLY,PRESENT,MISSING,MISSING,PRESENT,MISSING,PARENT_TO_SOURCE_UNIT,DATA_PRESENT_BUT_NOT_PROPAGATED,MEDIUM,"case_01_api_response.json:rejected, case_02_api_response.json:rejected, case_03_api_response.json:rejected, case_04_api_response.json:rejected","parent_source_ids e source_record_ids presenti, source_unit_ids e locators mancanti nella claim; publication_title assente; source_type assente; graph_node_id assente; graph_evidence_id disponibile separatamente"
CLM-1e701d1f8bedef0977f8,therapeutic,"atomic_intervention_claim","pending_verification",true,EGFR L858R,"Lung Adenocarcinoma","gefitinib","sensitivity",GEP-66e27459e67f82c17165,"evidence:6183","evidence:6183#row-000",,,"evidence:6183",,PUBMED:27022112,,,,,,,,PARENT_ONLY,PRESENT,MISSING,MISSING,PRESENT,MISSING,PARENT_TO_SOURCE_UNIT,DATA_PRESENT_BUT_NOT_PROPAGATED,MEDIUM,"case_01_api_response.json:rejected, case_02_api_response.json:rejected, case_03_api_response.json:rejected, case_04_api_response.json:rejected","parent_source_ids e source_record_ids presenti, source_unit_ids e locators mancanti nella claim; publication_title assente; source_type assente; graph_node_id assente; graph_evidence_id disponibile separatamente"
CLM-1ebe76eee72069c364bc,therapeutic,"atomic_intervention_claim","pending_verification",true,EGFR L858R,"Cancer","erlotinib","sensitivity",GEP-d57149c87ec5445f2ba1,"evidence:5922","evidence:5922#row-000",,,"evidence:5922",,PUBMED:20942962,,,,,,,,PARENT_ONLY,PRESENT,MISSING,MISSING,PRESENT,MISSING,PARENT_TO_SOURCE_UNIT,DATA_PRESENT_BUT_NOT_PROPAGATED,MEDIUM,"case_01_api_response.json:rejected, case_02_api_response.json:rejected, case_03_api_response.json:rejected, case_04_api_response.json:rejected","parent_source_ids e source_record_ids presenti, source_unit_ids e locators mancanti nella claim; publication_title assente; source_type assente; graph_node_id assente; graph_evidence_id disponibile separatamente"
CLM-1ee5f9a16a678cebf993,therapeutic,"atomic_intervention_claim","pending_verification",true,EGFR L858R,"Lung Non-small Cell Carcinoma","osimertinib","sensitivity",GEP-d1fd81616ff16e60d884,"evidence:4294","evidence:4294#row-001;evidence:4294#row-000",,,"evidence:4294",,PUBMED:24893891,,,,,,,,PARENT_ONLY,PRESENT,MISSING,MISSING,PRESENT,MISSING,PARENT_TO_SOURCE_UNIT,DATA_PRESENT_BUT_NOT_PROPAGATED,MEDIUM,"case_01_api_response.json:rejected, case_02_api_response.json:rejected, case_03_api_response.json:primary, case_04_api_response.json:rejected","parent_source_ids e source_record_ids presenti, source_unit_ids e locators mancanti nella claim; publication_title assente; source_type assente; graph_node_id assente; graph_evidence_id disponibile separatamente"
CLM-1fc4af943701d57d45ad,therapeutic,"atomic_intervention_claim",adjudicated,true,EGFR L858R,"Lung Non-small Cell Carcinoma","gefitinib","sensitivity",GEP-9f38bf2be2084b5a0a98,"evidence:229","evidence:229#row-000;evidence:229#row-001","SU-24736073-group-gefitinib",,"evidence:229",PMID:24736073,PUBMED:24736073,PMID:24736073,,,,"[{""source_id"":""PMID:24736073"",""text"":""abstract, frase dei risultati, gruppo trattato con gefitinib (n = 228)""}]",,,VERIFIED_LOCATOR,PRESENT,PRESENT,PRESENT,PRESENT,PRESENT,NONE,NONE_OBSERVED,HIGH,"case_01_api_response.json:rejected, case_02_api_response.json:rejected, case_03_api_response.json:rejected, case_04_api_response.json:rejected","source_id e locator presenti sulla claim; parent usato solo come controllo; publication_title assente; source_type assente; graph_node_id assente; graph_evidence_id disponibile separatamente; source_unit_id presente anche in artefatti ausiliari review, non in un registro canonico runtime"
CLM-20292f9f996547b64fc1,therapeutic,"atomic_intervention_claim","pending_verification",true,"EML4::ALK Fusion AND ALK Amplification","Lung Non-small Cell Carcinoma","crizotinib","resistance",GEP-eaebcbc360ba4c45b0d2,"evidence:767","evidence:767#row-000",,,"evidence:767",,PUBMED:23344087,,,,,,,,PARENT_ONLY,PRESENT,MISSING,MISSING,PRESENT,MISSING,PARENT_TO_SOURCE_UNIT,DATA_PRESENT_BUT_NOT_PROPAGATED,MEDIUM,"case_01_api_response.json:rejected, case_02_api_response.json:rejected, case_03_api_response.json:rejected, case_04_api_response.json:rejected","parent_source_ids e source_record_ids presenti, source_unit_ids e locators mancanti nella claim; publication_title assente; source_type assente; graph_node_id assente; graph_evidence_id disponibile separatamente"
CLM-223c1a096e9c2bc4468d,therapeutic,"atomic_intervention_claim","pending_verification",true,"ALK G1202R AND v::ALK Fusion","Non-Small Cell Lung Cancer","ceritinib","resistance",GEP-a227a464422fe67e93cb,"evidence:100004","evidence:100004#row-001;evidence:100004#row-000;evidence:100004#row-002",,,"evidence:100004",,PUBMED:24675041;PUBMED:25727400;PUBMED:26698910;PUBMED:27432227;PUBMED:31358542,,,,,,,,PARENT_ONLY,PRESENT,MISSING,MISSING,PRESENT,MISSING,PARENT_TO_SOURCE_UNIT,DATA_PRESENT_BUT_NOT_PROPAGATED,MEDIUM,"case_01_api_response.json:rejected, case_02_api_response.json:rejected, case_03_api_response.json:rejected, case_04_api_response.json:rejected","parent_source_ids e source_record_ids presenti, source_unit_ids e locators mancanti nella claim; publication_title assente; source_type assente; graph_node_id assente; graph_evidence_id disponibile separatamente"
CLM-2617b2ea2379aff519b2,therapeutic,"atomic_intervention_claim","pending_verification",true,"EML4::ALK Fusion AND ALK G1202R","Lung Non-small Cell Carcinoma","tanespimycin","sensitivity",GEP-98fba00e3bf56a548c0a,"evidence:1352","evidence:1352#row-001;evidence:1352#row-000",,,"evidence:1352",,PUBMED:22277784,,,,,,,,PARENT_ONLY,PRESENT,MISSING,MISSING,PRESENT,MISSING,PARENT_TO_SOURCE_UNIT,DATA_PRESENT_BUT_NOT_PROPAGATED,MEDIUM,"case_01_api_response.json:rejected, case_02_api_response.json:rejected, case_03_api_response.json:rejected, case_04_api_response.json:rejected","parent_source_ids e source_record_ids presenti, source_unit_ids e locators mancanti nella claim; publication_title assente; source_type assente; graph_node_id assente; graph_evidence_id disponibile separatamente"
CLM-29aec477ec47a23eec35,therapeutic,"atomic_intervention_claim","pending_verification",true,"EML4::ALK Fusion AND ALK Amplification","Lung Non-small Cell Carcinoma","crizotinib","resistance",GEP-62908c535cb4fffd98b1,"evidence:440","evidence:440#row-000",,,"evidence:440",,PUBMED:22277784,,,,,,,,PARENT_ONLY,PRESENT,MISSING,MISSING,PRESENT,MISSING,PARENT_TO_SOURCE_UNIT,DATA_PRESENT_BUT_NOT_PROPAGATED,MEDIUM,"case_01_api_response.json:rejected, case_02_api_response.json:rejected, case_03_api_response.json:rejected, case_04_api_response.json:rejected","parent_source_ids e source_record_ids presenti, source_unit_ids e locators mancanti nella claim; publication_title assente; source_type assente; graph_node_id assente; graph_evidence_id disponibile separatamente"
CLM-2af742d7109f4b5d3c4f,therapeutic,"atomic_intervention_claim","pending_verification",true,ALK F1174L,"Lung Non-small Cell Carcinoma","crizotinib","resistance",GEP-60389e85c49ffd0aeb60,"evidence:33","evidence:33#row-000",,,"evidence:33",,PUBMED:21030459,,,,,,,,PARENT_ONLY,PRESENT,MISSING,MISSING,PRESENT,MISSING,PARENT_TO_SOURCE_UNIT,DATA_PRESENT_BUT_NOT_PROPAGATED,MEDIUM,"case_01_api_response.json:rejected, case_02_api_response.json:rejected, case_03_api_response.json:rejected, case_04_api_response.json:rejected","parent_source_ids e source_record_ids presenti, source_unit_ids e locators mancanti nella claim; publication_title assente; source_type assente; graph_node_id assente; graph_evidence_id disponibile separatamente"
CLM-2b2bbb0ab0316ff848a8,therapeutic,"atomic_intervention_claim","pending_verification",true,"EGFR T790M AND EGFR Exon 19 Deletion","Lung Adenocarcinoma","osimertinib","sensitivity",GEP-e7b0d4d841be9876fbd3,"evidence:1397","evidence:1397#row-000",,,"evidence:1397",,PUBMED:26181354,,,,,,,,PARENT_ONLY,PRESENT,MISSING,MISSING,PRESENT,MISSING,PARENT_TO_SOURCE_UNIT,DATA_PRESENT_BUT_NOT_PROPAGATED,MEDIUM,"case_01_api_response.json:rejected, case_02_api_response.json:rejected, case_03_api_response.json:rejected, case_04_api_response.json:rejected","parent_source_ids e source_record_ids presenti, source_unit_ids e locators mancanti nella claim; publication_title assente; source_type assente; graph_node_id assente; graph_evidence_id disponibile separatamente"
CLM-2cafbc4185d367ed50bd,therapeutic,"atomic_intervention_claim","pending_verification",true,"FGFR1 Amplification","Breast Cancer","pemigatinib","sensitivity",GEP-6f8d76841c6536055731,"evidence:12542","evidence:12542#row-000",,,"evidence:12542",,PUBMED:38710951,,,,,,,,PARENT_ONLY,PRESENT,MISSING,MISSING,PRESENT,MISSING,PARENT_TO_SOURCE_UNIT,DATA_PRESENT_BUT_NOT_PROPAGATED,MEDIUM,"case_01_api_response.json:rejected, case_02_api_response.json:rejected, case_03_api_response.json:rejected, case_04_api_response.json:rejected","parent_source_ids e source_record_ids presenti, source_unit_ids e locators mancanti nella claim; publication_title assente; source_type assente; graph_node_id assente; graph_evidence_id disponibile separatamente"
CLM-2ef645b79a7d21ef1136,therapeutic,"atomic_intervention_claim","pending_verification",true,"EML4::ALK Fusion AND ALK L1196M","Lung Adenocarcinoma","crizotinib","resistance",GEP-aaf4c67f22f7c2cd25a0,"evidence:237","evidence:237#row-000",,,"evidence:237",,PUBMED:20979473,,,,,,,,PARENT_ONLY,PRESENT,MISSING,MISSING,PRESENT,MISSING,PARENT_TO_SOURCE_UNIT,DATA_PRESENT_BUT_NOT_PROPAGATED,MEDIUM,"case_01_api_response.json:rejected, case_02_api_response.json:rejected, case_03_api_response.json:rejected, case_04_api_response.json:rejected","parent_source_ids e source_record_ids presenti, source_unit_ids e locators mancanti nella claim; publication_title assente; source_type assente; graph_node_id assente; graph_evidence_id disponibile separatamente"
CLM-2f29179857d3b3953834,therapeutic,"atomic_intervention_claim","pending_verification",true,EGFR L858R,"Lung Non-small Cell Carcinoma","gefitinib","sensitivity",GEP-68db68462bb286f63c58,"evidence:2621","evidence:2621#row-000",,,"evidence:2621",,PUBMED:20038723,,,,,,,,PARENT_ONLY,PRESENT,MISSING,MISSING,PRESENT,MISSING,PARENT_TO_SOURCE_UNIT,DATA_PRESENT_BUT_NOT_PROPAGATED,MEDIUM,"case_01_api_response.json:rejected, case_02_api_response.json:rejected, case_03_api_response.json:rejected, case_04_api_response.json:rejected","parent_source_ids e source_record_ids presenti, source_unit_ids e locators mancanti nella claim; publication_title assente; source_type assente; graph_node_id assente; graph_evidence_id disponibile separatamente"
CLM-311fb18411303def51f1,therapeutic,"atomic_intervention_claim","pending_verification",true,EGFR L858R,"Lung Adenocarcinoma","afatinib","sensitivity",GEP-155d0408fb3f94f6033f,"evidence:883","evidence:883#row-000",,,"evidence:883",,PUBMED:22452895,,,,,,,,PARENT_ONLY,PRESENT,MISSING,MISSING,PRESENT,MISSING,PARENT_TO_SOURCE_UNIT,DATA_PRESENT_BUT_NOT_PROPAGATED,MEDIUM,"case_01_api_response.json:rejected, case_02_api_response.json:rejected, case_03_api_response.json:rejected, case_04_api_response.json:rejected","parent_source_ids e source_record_ids presenti, source_unit_ids e locators mancanti nella claim; publication_title assente; source_type assente; graph_node_id assente; graph_evidence_id disponibile separatamente"
CLM-32754dd8ee5d24de665b,therapeutic,"atomic_intervention_claim","pending_verification",true,EGFR L858R,"Cancer","erlotinib","sensitivity",GEP-03ce74de281bdc8f002b,"evidence:4285","evidence:4285#row-000",,,"evidence:4285",,PUBMED:21132006,,,,,,,,PARENT_ONLY,PRESENT,MISSING,MISSING,PRESENT,MISSING,PARENT_TO_SOURCE_UNIT,DATA_PRESENT_BUT_NOT_PROPAGATED,MEDIUM,"case_01_api_response.json:rejected, case_02_api_response.json:rejected, case_03_api_response.json:rejected, case_04_api_response.json:rejected","parent_source_ids e source_record_ids presenti, source_unit_ids e locators mancanti nella claim; publication_title assente; source_type assente; graph_node_id assente; graph_evidence_id disponibile separatamente"
CLM-347f2a636ebc43972ab8,therapeutic,"atomic_intervention_claim","pending_verification",true,"EGFR A763_Y764insFQEA","Lung Non-small Cell Carcinoma","osimertinib","sensitivity",GEP-74cfccc6e8c8587e6379,"evidence:9225","evidence:9225#row-000",,,"evidence:9225",,PUBMED:31208370,,,,,,,,PARENT_ONLY,PRESENT,MISSING,MISSING,PRESENT,MISSING,PARENT_TO_SOURCE_UNIT,DATA_PRESENT_BUT_NOT_PROPAGATED,MEDIUM,"case_01_api_response.json:rejected, case_02_api_response.json:rejected, case_03_api_response.json:rejected, case_04_api_response.json:rejected","parent_source_ids e source_record_ids presenti, source_unit_ids e locators mancanti nella claim; publication_title assente; source_type assente; graph_node_id assente; graph_evidence_id disponibile separatamente"
CLM-35120fc8e653a16cae3b,therapeutic,"atomic_intervention_claim","pending_verification",true,ALK F1174L,"Inflammatory Myofibroblastic Tumor","crizotinib","resistance",GEP-4aad6bddfaf0f8218865,"evidence:32","evidence:32#row-000",,,"evidence:32",,PUBMED:21030459,,,,,,,,PARENT_ONLY,PRESENT,MISSING,MISSING,PRESENT,MISSING,PARENT_TO_SOURCE_UNIT,DATA_PRESENT_BUT_NOT_PROPAGATED,MEDIUM,"case_01_api_response.json:rejected, case_02_api_response.json:rejected, case_03_api_response.json:rejected, case_04_api_response.json:rejected","parent_source_ids e source_record_ids presenti, source_unit_ids e locators mancanti nella claim; publication_title assente; source_type assente; graph_node_id assente; graph_evidence_id disponibile separatamente"
CLM-382985ec558808784e70,therapeutic,"atomic_intervention_claim","pending_verification",true,"EGFR L858R OR EGFR Exon 19 Deletion","Lung Non-small Cell Carcinoma","osimertinib","sensitivity",GEP-0d4f2ac1784f2bf98fb0,"evidence:11219","evidence:11219#row-000;evidence:11219#row-002;evidence:11219#row-001",,,"evidence:11219",,PUBMED:32955177,,,,,,,,PARENT_ONLY,PRESENT,MISSING,MISSING,PRESENT,MISSING,PARENT_TO_SOURCE_UNIT,DATA_PRESENT_BUT_NOT_PROPAGATED,MEDIUM,"case_01_api_response.json:rejected, case_02_api_response.json:rejected, case_03_api_response.json:primary, case_04_api_response.json:rejected","parent_source_ids e source_record_ids presenti, source_unit_ids e locators mancanti nella claim; publication_title assente; source_type assente; graph_node_id assente; graph_evidence_id disponibile separatamente"
CLM-395b56e071be2f1cd458,therapeutic,"atomic_intervention_claim","pending_verification",true,EGFR L858R,"Lung Non-small Cell Carcinoma","afatinib","sensitivity",GEP-e90ba7919c4951aeee25,"evidence:2629","evidence:2629#row-000",,,"evidence:2629",,PUBMED:18408761,,,,,,,,PARENT_ONLY,PRESENT,MISSING,MISSING,PRESENT,MISSING,PARENT_TO_SOURCE_UNIT,DATA_PRESENT_BUT_NOT_PROPAGATED,MEDIUM,"case_01_api_response.json:rejected, case_02_api_response.json:rejected, case_03_api_response.json:rejected, case_04_api_response.json:rejected","parent_source_ids e source_record_ids presenti, source_unit_ids e locators mancanti nella claim; publication_title assente; source_type assente; graph_node_id assente; graph_evidence_id disponibile separatamente"
CLM-3d26401c2cabcad4b409,therapeutic,"atomic_intervention_claim","pending_verification",true,EGFR T790M,"Lung Adenocarcinoma","osimertinib","sensitivity",GEP-e79f45ac2c22fa6ec797,"evidence:2157","evidence:2157#row-000",,,"evidence:2157",,PUBMED:26269204,,,,,,,,PARENT_ONLY,PRESENT,MISSING,MISSING,PRESENT,MISSING,PARENT_TO_SOURCE_UNIT,DATA_PRESENT_BUT_NOT_PROPAGATED,MEDIUM,"case_01_api_response.json:rejected, case_02_api_response.json:rejected, case_03_api_response.json:rejected, case_04_api_response.json:rejected","parent_source_ids e source_record_ids presenti, source_unit_ids e locators mancanti nella claim; publication_title assente; source_type assente; graph_node_id assente; graph_evidence_id disponibile separatamente"
CLM-3d66398af20ebdb6fcfe,therapeutic,"atomic_intervention_claim","pending_verification",true,"FGFR2::v Fusion","Cancer","erdafitinib","sensitivity",GEP-e7aaab0e7bb40093a1e6,"evidence:1918","evidence:1918#row-000",,,"evidence:1918",,PUBMED:26324363,,,,,,,,PARENT_ONLY,PRESENT,MISSING,MISSING,PRESENT,MISSING,PARENT_TO_SOURCE_UNIT,DATA_PRESENT_BUT_NOT_PROPAGATED,MEDIUM,"case_01_api_response.json:rejected, case_02_api_response.json:rejected, case_03_api_response.json:rejected, case_04_api_response.json:rejected","parent_source_ids e source_record_ids presenti, source_unit_ids e locators mancanti nella claim; publication_title assente; source_type assente; graph_node_id assente; graph_evidence_id disponibile separatamente"
CLM-3da7dfefece93692b2a2,therapeutic,"atomic_intervention_claim","pending_verification",true,"EML4::ALK Fusion AND ALK G1269A","Lung Non-small Cell Carcinoma","crizotinib","resistance",GEP-fdce20b11d1d49f679bf,"evidence:765","evidence:765#row-000",,,"evidence:765",,PUBMED:23344087,,,,,,,,PARENT_ONLY,PRESENT,MISSING,MISSING,PRESENT,MISSING,PARENT_TO_SOURCE_UNIT,DATA_PRESENT_BUT_NOT_PROPAGATED,MEDIUM,"case_01_api_response.json:rejected, case_02_api_response.json:rejected, case_03_api_response.json:rejected, case_04_api_response.json:rejected","parent_source_ids e source_record_ids presenti, source_unit_ids e locators mancanti nella claim; publication_title assente; source_type assente; graph_node_id assente; graph_evidence_id disponibile separatamente"
CLM-3e1055de8da3589f422e,therapeutic,"atomic_intervention_claim","pending_verification",true,"ALK G1202R AND v::ALK Fusion","Non-Small Cell Lung Cancer","brigatinib","resistance",GEP-e581eec1c531a902804a,"evidence:100003","evidence:100003#row-001;evidence:100003#row-000;evidence:100003#row-002",,,"evidence:100003",,PUBMED:27432227;PUBMED:29935304;PUBMED:31358542,,,,,,,,PARENT_ONLY,PRESENT,MISSING,MISSING,PRESENT,MISSING,PARENT_TO_SOURCE_UNIT,DATA_PRESENT_BUT_NOT_PROPAGATED,MEDIUM,"case_01_api_response.json:rejected, case_02_api_response.json:rejected, case_03_api_response.json:rejected, case_04_api_response.json:rejected","parent_source_ids e source_record_ids presenti, source_unit_ids e locators mancanti nella claim; publication_title assente; source_type assente; graph_node_id assente; graph_evidence_id disponibile separatamente"
CLM-3e6c02a630094d46aa2f,therapeutic,"atomic_intervention_claim","pending_verification",true,"EML4::ALK Fusion AND ALK V1180L","Lung Non-small Cell Carcinoma","crizotinib","resistance",GEP-5d9148c48ad494130108,"evidence:1288","evidence:1288#row-000",,,"evidence:1288",,PUBMED:25228534,,,,,,,,PARENT_ONLY,PRESENT,MISSING,MISSING,PRESENT,MISSING,PARENT_TO_SOURCE_UNIT,DATA_PRESENT_BUT_NOT_PROPAGATED,MEDIUM,"case_01_api_response.json:rejected, case_02_api_response.json:rejected, case_03_api_response.json:rejected, case_04_api_response.json:rejected","parent_source_ids e source_record_ids presenti, source_unit_ids e locators mancanti nella claim; publication_title assente; source_type assente; graph_node_id assente; graph_evidence_id disponibile separatamente"
CLM-402da0a110fc725a7357,therapeutic,"atomic_intervention_claim","pending_verification",true,EGFR L858R,"Lung Adenocarcinoma",cetuximab,"sensitivity",GEP-29cf72d6ee2ae8c43937,"evidence:4292","evidence:4292#row-000",,,"evidence:4292",,PUBMED:27102076,,,,,,,,PARENT_ONLY,PRESENT,MISSING,MISSING,PRESENT,MISSING,PARENT_TO_SOURCE_UNIT,DATA_PRESENT_BUT_NOT_PROPAGATED,MEDIUM,"case_01_api_response.json:rejected, case_02_api_response.json:rejected, case_03_api_response.json:rejected, case_04_api_response.json:rejected","parent_source_ids e source_record_ids presenti, source_unit_ids e locators mancanti nella claim; publication_title assente; source_type assente; graph_node_id assente; graph_evidence_id disponibile separatamente"
CLM-40e2238c622a9cf14d31,therapeutic,"atomic_intervention_claim","pending_verification",true,"EML4::ALK Fusion AND ALK G1202R","Lung Non-small Cell Carcinoma","ceritinib","resistance",GEP-abb4e65c5ec7072f278a,"evidence:1345","evidence:1345#row-000;evidence:1345#row-001;evidence:1345#row-002",,,"evidence:1345",,PUBMED:24675041,,,,,,,,PARENT_ONLY,PRESENT,MISSING,MISSING,PRESENT,MISSING,PARENT_TO_SOURCE_UNIT,DATA_PRESENT_BUT_NOT_PROPAGATED,MEDIUM,"case_01_api_response.json:rejected, case_02_api_response.json:rejected, case_03_api_response.json:rejected, case_04_api_response.json:rejected","parent_source_ids e source_record_ids presenti, source_unit_ids e locators mancanti nella claim; publication_title assente; source_type assente; graph_node_id assente; graph_evidence_id disponibile separatamente"
CLM-43229efd0cd8f2fd58d5,therapeutic,"atomic_intervention_claim","pending_verification",true,FGFR2 P253R,"Head And Neck Squamous Cell Carcinoma","pazopanib hydrochloride","sensitivity",GEP-9c11b21485e39b33ed93,"evidence:7833","evidence:7833#row-000",,,"evidence:7833",,PUBMED:23786770,,,,,,,,PARENT_ONLY,PRESENT,MISSING,MISSING,PRESENT,MISSING,PARENT_TO_SOURCE_UNIT,DATA_PRESENT_BUT_NOT_PROPAGATED,MEDIUM,"case_01_api_response.json:rejected, case_02_api_response.json:rejected, case_03_api_response.json:rejected, case_04_api_response.json:rejected","parent_source_ids e source_record_ids presenti, source_unit_ids e locators mancanti nella claim; publication_title assente; source_type assente; graph_node_id assente; graph_evidence_id disponibile separatamente"
CLM-45252d017284be327abb,therapeutic,"atomic_intervention_claim","pending_verification",true,FGFR2 N550K,"Endometrial Cancer",pd173074,"sensitivity",GEP-5af6f0aa2832f4de6852,"evidence:1322","evidence:1322#row-000",,,"evidence:1322",,PUBMED:18757403,,,,,,,,PARENT_ONLY,PRESENT,MISSING,MISSING,PRESENT,MISSING,PARENT_TO_SOURCE_UNIT,DATA_PRESENT_BUT_NOT_PROPAGATED,MEDIUM,"case_01_api_response.json:rejected, case_02_api_response.json:rejected, case_03_api_response.json:rejected, case_04_api_response.json:rejected","parent_source_ids e source_record_ids presenti, source_unit_ids e locators mancanti nella claim; publication_title assente; source_type assente; graph_node_id assente; graph_evidence_id disponibile separatamente"
CLM-464501e94094614459f5,therapeutic,"atomic_intervention_claim","pending_verification",true,ALK I1171,"Lung Non-small Cell Carcinoma","alectinib hydrochloride","resistance",GEP-0617301da608d0c89f5f,"evidence:1283","evidence:1283#row-000",,,"evidence:1283",,PUBMED:25228534,,,,,,,,PARENT_ONLY,PRESENT,MISSING,MISSING,PRESENT,MISSING,PARENT_TO_SOURCE_UNIT,DATA_PRESENT_BUT_NOT_PROPAGATED,MEDIUM,"case_01_api_response.json:rejected, case_02_api_response.json:rejected, case_03_api_response.json:rejected, case_04_api_response.json:rejected","parent_source_ids e source_record_ids presenti, source_unit_ids e locators mancanti nella claim; publication_title assente; source_type assente; graph_node_id assente; graph_evidence_id disponibile separatamente"
CLM-472dd2b146920f5d4bbb,therapeutic,"atomic_intervention_claim","pending_verification",true,"FGFR2::OGA Fusion","Cholangiocarcinoma","ponatinib","sensitivity",GEP-fa1fb11fb92660188b5d,"evidence:295","evidence:295#row-000",,,"evidence:295",,PUBMED:24550739,,,,,,,,PARENT_ONLY,PRESENT,MISSING,MISSING,PRESENT,MISSING,PARENT_TO_SOURCE_UNIT,DATA_PRESENT_BUT_NOT_PROPAGATED,MEDIUM,"case_01_api_response.json:rejected, case_02_api_response.json:rejected, case_03_api_response.json:rejected, case_04_api_response.json:rejected","parent_source_ids e source_record_ids presenti, source_unit_ids e locators mancanti nella claim; publication_title assente; source_type assente; graph_node_id assente; graph_evidence_id disponibile separatamente"
CLM-4a89bb28592af7ebaccf,therapeutic,"regimen_claim",adjudicated,true,"EGFR L858R OR EGFR Exon 19 Deletion","Lung Non-small Cell Carcinoma","amivantamab + lazertinib","sensitivity",GEP-5195aba56b65a5d59fa4,"evidence:12131","evidence:12131#row-000;evidence:12131#row-001","SU-38942080-arm-amivantamab-lazertinib",,"evidence:12131",PMID:38942080,PUBMED:38942080,PMID:38942080,,,,"[{""source_id"":""PMID:38942080"",""text"":""abstract, braccio amivantamab-lazertinib contro osimertinib""}]",,,VERIFIED_LOCATOR,PRESENT,PRESENT,PRESENT,PRESENT,PRESENT,NONE,NONE_OBSERVED,HIGH,"case_01_api_response.json:rejected, case_02_api_response.json:rejected, case_03_api_response.json:rejected, case_04_api_response.json:rejected","source_id e locator presenti sulla claim; parent usato solo come controllo; publication_title assente; source_type assente; graph_node_id assente; graph_evidence_id disponibile separatamente; source_unit_id presente anche in artefatti ausiliari review, non in un registro canonico runtime"
CLM-4cede62c4212e907fd6b,therapeutic,"atomic_intervention_claim","pending_verification",true,"EML4::ALK Fusion AND ALK G1202R AND ALK I1171N AND ALK L1196M","Malignant Pleural Mesothelioma","lorlatinib","resistance",GEP-64bc519e8683e61a38fa,"evidence:11114","evidence:11114#row-001;evidence:11114#row-000;evidence:11114#row-002;evidence:11114#row-003;evidence:11114#row-004",,,"evidence:11114",,PUBMED:32600123,,,,,,,,PARENT_ONLY,PRESENT,MISSING,MISSING,PRESENT,MISSING,PARENT_TO_SOURCE_UNIT,DATA_PRESENT_BUT_NOT_PROPAGATED,MEDIUM,"case_01_api_response.json:rejected, case_02_api_response.json:rejected, case_03_api_response.json:rejected, case_04_api_response.json:rejected","parent_source_ids e source_record_ids presenti, source_unit_ids e locators mancanti nella claim; publication_title assente; source_type assente; graph_node_id assente; graph_evidence_id disponibile separatamente"
CLM-4ffe85304f3ef5533b58,therapeutic,"aggregate_intervention_claim",adjudicated,true,EGFR L858R,"Lung Non-small Cell Carcinoma","egfr tyrosine kinase inhibitor","sensitivity",GEP-4be33662c8244659895a,"evidence:275","evidence:275#row-000;evidence:275#row-001",SU-24457318-cohort-egfr-tki,,"evidence:275",PMID:24457318,PUBMED:24457318,PMID:24457318,,,,"[{""source_id"":""PMID:24457318"",""text"":""abstract, coorte retrospettiva di 70 pazienti trattati con EGFR-TKI""}]",,,VERIFIED_LOCATOR,PRESENT,PRESENT,PRESENT,PRESENT,PRESENT,NONE,NONE_OBSERVED,HIGH,"case_01_api_response.json:rejected, case_02_api_response.json:rejected, case_03_api_response.json:audit, case_04_api_response.json:rejected","source_id e locator presenti sulla claim; parent usato solo come controllo; publication_title assente; source_type assente; graph_node_id assente; graph_evidence_id disponibile separatamente; source_unit_id presente anche in artefatti ausiliari review, non in un registro canonico runtime"
CLM-5071bb2d8657ac0fbed0,therapeutic,"aggregate_intervention_claim",adjudicated,true,"FGFR2::AHCYL1 Fusion","Cholangiocarcinoma","infigratinib + pd173074","sensitivity",GEP-ee90f3e190e6ca617027,"evidence:1853","evidence:1853#row-000;evidence:1853#row-001","SU-24122810-nih3t3-fgfr-inhibitor-assay",,"evidence:1853",PMID:24122810,PUBMED:24122810,PMID:24122810,,,,"[{""source_id"":""PMID:24122810"",""text"":""abstract, enunciato finale sulla soppressione della trasformazione, cellule NIH3T3""}]",,,VERIFIED_LOCATOR,PRESENT,PRESENT,PRESENT,PRESENT,PRESENT,NONE,NONE_OBSERVED,HIGH,"case_01_api_response.json:rejected, case_02_api_response.json:rejected, case_03_api_response.json:rejected, case_04_api_response.json:rejected","source_id e locator presenti sulla claim; parent usato solo come controllo; publication_title assente; source_type assente; graph_node_id assente; graph_evidence_id disponibile separatamente; source_unit_id presente anche in artefatti ausiliari review, non in un registro canonico runtime"
CLM-54e1fcd65c57bfbf8d04,therapeutic,"atomic_intervention_claim","pending_verification",true,EGFR L858R,"Lung Adenocarcinoma","erlotinib","sensitivity",GEP-bd75538c127452bad051,"evidence:4291","evidence:4291#row-000",,,"evidence:4291",,PUBMED:27102076,,,,,,,,PARENT_ONLY,PRESENT,MISSING,MISSING,PRESENT,MISSING,PARENT_TO_SOURCE_UNIT,DATA_PRESENT_BUT_NOT_PROPAGATED,MEDIUM,"case_01_api_response.json:rejected, case_02_api_response.json:rejected, case_03_api_response.json:rejected, case_04_api_response.json:rejected","parent_source_ids e source_record_ids presenti, source_unit_ids e locators mancanti nella claim; publication_title assente; source_type assente; graph_node_id assente; graph_evidence_id disponibile separatamente"
CLM-5842e19f516c618ca369,therapeutic,"atomic_intervention_claim","pending_verification",true,EGFR T790M,"Pancreatic Adenocarcinoma","osimertinib","sensitivity",GEP-9e467568e56a83034790,"evidence:6006","evidence:6006#row-000",,,"evidence:6006",,PUBMED:28874593,,,,,,,,PARENT_ONLY,PRESENT,MISSING,MISSING,PRESENT,MISSING,PARENT_TO_SOURCE_UNIT,DATA_PRESENT_BUT_NOT_PROPAGATED,MEDIUM,"case_01_api_response.json:rejected, case_02_api_response.json:rejected, case_03_api_response.json:rejected, case_04_api_response.json:rejected","parent_source_ids e source_record_ids presenti, source_unit_ids e locators mancanti nella claim; publication_title assente; source_type assente; graph_node_id assente; graph_evidence_id disponibile separatamente"
CLM-5ce49705979f72f174e9,therapeutic,"regimen_claim",adjudicated,true,"EGFR L858R OR EGFR Exon 19 Deletion","Lung Non-small Cell Carcinoma","amivantamab + carboplatin + pemetrexed","sensitivity",GEP-9cd7799b075d78a62206,"evidence:12156","evidence:12156#row-000;evidence:12156#row-001","SU-37879444-arm-amivantamab-chemotherapy",,"evidence:12156",PMID:37879444,PUBMED:37879444,PMID:37879444,,,,"[{""source_id"":""PMID:37879444"",""text"":""abstract, risultati, braccio amivantamab-chemioterapia (HR 0,48; mediana 6,3 vs 4,2 mesi)""}]",,,VERIFIED_LOCATOR,PRESENT,PRESENT,PRESENT,PRESENT,PRESENT,NONE,NONE_OBSERVED,HIGH,"case_01_api_response.json:rejected, case_02_api_response.json:rejected, case_03_api_response.json:rejected, case_04_api_response.json:rejected","source_id e locator presenti sulla claim; parent usato solo come controllo; publication_title assente; source_type assente; graph_node_id assente; graph_evidence_id disponibile separatamente; source_unit_id presente anche in artefatti ausiliari review, non in un registro canonico runtime"
CLM-5ce532268b4aa1661311,therapeutic,"atomic_intervention_claim",adjudicated,true,"EML4::ALK Fusion AND ALK C1156Y","Lung Non-small Cell Carcinoma","crizotinib","resistance",GEP-93cad24e63b228b720bb,"evidence:841","evidence:841#row-000;evidence:841#row-001;evidence:841#row-002","SU-26698910-patient-c1156y-crizotinib-first-line;SU-26698910-patient-c1156y-crizotinib-rechallenge",,"evidence:841",PMID:26698910,PUBMED:26698910,PMID:26698910,,,,"[{""source_id"":""PMID:26698910"",""text"":""full_text, Case Report, biopsia del linfonodo in progressione durante crizotinib con riscontro di ALK C1156Y""}]",,,VERIFIED_LOCATOR,PRESENT,PRESENT,PRESENT,PRESENT,PRESENT,NONE,NONE_OBSERVED,HIGH,"case_01_api_response.json:rejected, case_02_api_response.json:rejected, case_03_api_response.json:rejected, case_04_api_response.json:rejected","source_id e locator presenti sulla claim; parent usato solo come controllo; publication_title assente; source_type assente; graph_node_id assente; graph_evidence_id disponibile separatamente; source_unit_id non trovato negli artefatti ausiliari review; nessun registro canonico runtime"
CLM-5dd4a1aa178045142295,therapeutic,"atomic_intervention_claim","pending_verification",true,"EGFR Exon 20 Insertion","Lung Non-small Cell Carcinoma","osimertinib","sensitivity",GEP-f68a36c85057ae219c51,"evidence:7610","evidence:7610#row-000",,,"evidence:7610",,PUBMED:31208370,,,,,,,,PARENT_ONLY,PRESENT,MISSING,MISSING,PRESENT,MISSING,PARENT_TO_SOURCE_UNIT,DATA_PRESENT_BUT_NOT_PROPAGATED,MEDIUM,"case_01_api_response.json:rejected, case_02_api_response.json:rejected, case_03_api_response.json:rejected, case_04_api_response.json:rejected","parent_source_ids e source_record_ids presenti, source_unit_ids e locators mancanti nella claim; publication_title assente; source_type assente; graph_node_id assente; graph_evidence_id disponibile separatamente"
CLM-5e39ddbd23c5746264f7,therapeutic,"atomic_intervention_claim","pending_verification",true,ALK F1245C,Neuroblastoma,"crizotinib","resistance",GEP-0b5f3211a88da77a26ca,"evidence:1333","evidence:1333#row-000",,,"evidence:1333",,PUBMED:23598171,,,,,,,,PARENT_ONLY,PRESENT,MISSING,MISSING,PRESENT,MISSING,PARENT_TO_SOURCE_UNIT,DATA_PRESENT_BUT_NOT_PROPAGATED,MEDIUM,"case_01_api_response.json:rejected, case_02_api_response.json:rejected, case_03_api_response.json:rejected, case_04_api_response.json:rejected","parent_source_ids e source_record_ids presenti, source_unit_ids e locators mancanti nella claim; publication_title assente; source_type assente; graph_node_id assente; graph_evidence_id disponibile separatamente"
CLM-6016e0878e055658200e,therapeutic,"atomic_intervention_claim","pending_verification",true,"ZMYM2::FGFR1 Fusion OR BCR::FGFR1 Fusion OR CEP43::FGFR1 Fusion OR TRIM24::FGFR1 Fusion OR FGFR1 Translocation",Myeloid Neoplasm,"pemigatinib","sensitivity",GEP-63c7f92674ee1dc763f0,"evidence:11324","evidence:11324#row-000",,,"evidence:11324",,DOI:10.1182/blood-2022-163099,,,,,,,,PARENT_ONLY,PRESENT,MISSING,MISSING,PRESENT,MISSING,PARENT_TO_SOURCE_UNIT,DATA_PRESENT_BUT_NOT_PROPAGATED,MEDIUM,"case_01_api_response.json:rejected, case_02_api_response.json:rejected, case_03_api_response.json:rejected, case_04_api_response.json:rejected","parent_source_ids e source_record_ids presenti, source_unit_ids e locators mancanti nella claim; publication_title assente; source_type assente; graph_node_id assente; graph_evidence_id disponibile separatamente"
CLM-623fbb47cebad8976328,therapeutic,"atomic_intervention_claim","pending_verification",true,EGFR T790M,"Lung Non-small Cell Carcinoma","osimertinib","sensitivity",GEP-60c322b4a5fb0d768b3e,"evidence:966","evidence:966#row-000",,,"evidence:966",,PUBMED:26720284,,,,,,,,PARENT_ONLY,PRESENT,MISSING,MISSING,PRESENT,MISSING,PARENT_TO_SOURCE_UNIT,DATA_PRESENT_BUT_NOT_PROPAGATED,MEDIUM,"case_01_api_response.json:rejected, case_02_api_response.json:rejected, case_03_api_response.json:rejected, case_04_api_response.json:rejected","parent_source_ids e source_record_ids presenti, source_unit_ids e locators mancanti nella claim; publication_title assente; source_type assente; graph_node_id assente; graph_evidence_id disponibile separatamente"
CLM-641fb301b4c571840857,therapeutic,"atomic_intervention_claim","pending_verification",true,"EML4::ALK Fusion AND ALK C1156Y","Lung Adenocarcinoma","crizotinib","resistance",GEP-982561a222f00b261247,"evidence:236","evidence:236#row-000",,,"evidence:236",,PUBMED:20979473,,,,,,,,PARENT_ONLY,PRESENT,MISSING,MISSING,PRESENT,MISSING,PARENT_TO_SOURCE_UNIT,DATA_PRESENT_BUT_NOT_PROPAGATED,MEDIUM,"case_01_api_response.json:rejected, case_02_api_response.json:rejected, case_03_api_response.json:rejected, case_04_api_response.json:rejected","parent_source_ids e source_record_ids presenti, source_unit_ids e locators mancanti nella claim; publication_title assente; source_type assente; graph_node_id assente; graph_evidence_id disponibile separatamente"
CLM-6589bbb1c7d0cfd697d6,therapeutic,"atomic_intervention_claim","pending_verification",true,"EGFR::RAD51 Fusion","Lung Adenocarcinoma","osimertinib","sensitivity",GEP-9adf9127f9bef7f77ebb,"evidence:12370","evidence:12370#row-000",,,"evidence:12370",,PUBMED:35399574,,,,,,,,PARENT_ONLY,PRESENT,MISSING,MISSING,PRESENT,MISSING,PARENT_TO_SOURCE_UNIT,DATA_PRESENT_BUT_NOT_PROPAGATED,MEDIUM,"case_01_api_response.json:rejected, case_02_api_response.json:rejected, case_03_api_response.json:rejected, case_04_api_response.json:rejected","parent_source_ids e source_record_ids presenti, source_unit_ids e locators mancanti nella claim; publication_title assente; source_type assente; graph_node_id assente; graph_evidence_id disponibile separatamente"
CLM-66222330cdbcd606ade6,therapeutic,"atomic_intervention_claim","pending_verification",true,"EML4::ALK Fusion AND ALK G1269A","Lung Non-small Cell Carcinoma","crizotinib","resistance",GEP-d1b29220b279777b9a52,"evidence:764","evidence:764#row-000",,,"evidence:764",,PUBMED:22235099,,,,,,,,PARENT_ONLY,PRESENT,MISSING,MISSING,PRESENT,MISSING,PARENT_TO_SOURCE_UNIT,DATA_PRESENT_BUT_NOT_PROPAGATED,MEDIUM,"case_01_api_response.json:rejected, case_02_api_response.json:rejected, case_03_api_response.json:rejected, case_04_api_response.json:rejected","parent_source_ids e source_record_ids presenti, source_unit_ids e locators mancanti nella claim; publication_title assente; source_type assente; graph_node_id assente; graph_evidence_id disponibile separatamente"
CLM-663000c84d6b985fb719,therapeutic,"atomic_intervention_claim","pending_verification",true,EGFR L858R AND EGFR T790M,"Lung Non-small Cell Carcinoma","osimertinib","sensitivity",GEP-e0c6b77dba62d47aa0ff,"evidence:11599","evidence:11599#row-000;evidence:11599#row-002;evidence:11599#row-001",,,"evidence:11599",,PUBMED:27959700,,,,,,,,PARENT_ONLY,PRESENT,MISSING,MISSING,PRESENT,MISSING,PARENT_TO_SOURCE_UNIT,DATA_PRESENT_BUT_NOT_PROPAGATED,MEDIUM,"case_01_api_response.json:rejected, case_02_api_response.json:rejected, case_03_api_response.json:rejected, case_04_api_response.json:rejected","parent_source_ids e source_record_ids presenti, source_unit_ids e locators mancanti nella claim; publication_title assente; source_type assente; graph_node_id assente; graph_evidence_id disponibile separatamente"
CLM-671a3db71e52d2725272,therapeutic,"atomic_intervention_claim","pending_verification",true,"EGFR L858R OR EGFR Exon 19 Deletion","Lung Non-small Cell Carcinoma","dacomitinib","sensitivity",GEP-1810a9c624c4c7c2d6dc,"evidence:11239","evidence:11239#row-000",,,"evidence:11239",,PUBMED:28958502,,,,,,,,PARENT_ONLY,PRESENT,MISSING,MISSING,PRESENT,MISSING,PARENT_TO_SOURCE_UNIT,DATA_PRESENT_BUT_NOT_PROPAGATED,MEDIUM,"case_01_api_response.json:rejected, case_02_api_response.json:rejected, case_03_api_response.json:rejected, case_04_api_response.json:rejected","parent_source_ids e source_record_ids presenti, source_unit_ids e locators mancanti nella claim; publication_title assente; source_type assente; graph_node_id assente; graph_evidence_id disponibile separatamente"
CLM-68b84650d65add6c5696,therapeutic,"atomic_intervention_claim",adjudicated,true,"FGFR2::TACC3 Fusion","Cholangiocarcinoma","pazopanib hydrochloride","sensitivity",GEP-471b69f0462af2167d70,"evidence:296","evidence:296#row-000;evidence:296#row-001","SU-24550739-patient-tacc3-pazopanib-line",,"evidence:296",PMID:24550739,PUBMED:24550739,PMID:24550739,,,,"[{""source_id"":""PMID:24550739"",""text"":""abstract, frase sul paziente FGFR2-TACC3, linea con pazopanib""}]",,,VERIFIED_LOCATOR,PRESENT,PRESENT,PRESENT,PRESENT,PRESENT,NONE,NONE_OBSERVED,HIGH,"case_01_api_response.json:rejected, case_02_api_response.json:rejected, case_03_api_response.json:rejected, case_04_api_response.json:rejected","source_id e locator presenti sulla claim; parent usato solo come controllo; publication_title assente; source_type assente; graph_node_id assente; graph_evidence_id disponibile separatamente; source_unit_id presente anche in artefatti ausiliari review, non in un registro canonico runtime"
CLM-697413898b93b6624a8e,therapeutic,"atomic_intervention_claim","pending_verification",true,"EGFR L858R OR EGFR Exon 19 Deletion","Lung Adenocarcinoma","erlotinib","sensitivity",GEP-0e073cc3d1a0daba17d4,"evidence:3791","evidence:3791#row-000",,,"evidence:3791",,PUBMED:22285168,,,,,,,,PARENT_ONLY,PRESENT,MISSING,MISSING,PRESENT,MISSING,PARENT_TO_SOURCE_UNIT,DATA_PRESENT_BUT_NOT_PROPAGATED,MEDIUM,"case_01_api_response.json:rejected, case_02_api_response.json:rejected, case_03_api_response.json:rejected, case_04_api_response.json:rejected","parent_source_ids e source_record_ids presenti, source_unit_ids e locators mancanti nella claim; publication_title assente; source_type assente; graph_node_id assente; graph_evidence_id disponibile separatamente"
CLM-6b6cb6d60b7c31270339,therapeutic,"atomic_intervention_claim","pending_verification",true,EGFR L858R,"Lung Non-small Cell Carcinoma","neratinib maleate","sensitivity",GEP-a44e832776afc8cef0dc,"evidence:2628","evidence:2628#row-000",,,"evidence:2628",,PUBMED:16818618,,,,,,,,PARENT_ONLY,PRESENT,MISSING,MISSING,PRESENT,MISSING,PARENT_TO_SOURCE_UNIT,DATA_PRESENT_BUT_NOT_PROPAGATED,MEDIUM,"case_01_api_response.json:rejected, case_02_api_response.json:rejected, case_03_api_response.json:rejected, case_04_api_response.json:rejected","parent_source_ids e source_record_ids presenti, source_unit_ids e locators mancanti nella claim; publication_title assente; source_type assente; graph_node_id assente; graph_evidence_id disponibile separatamente"
CLM-6dd643580d90e3256418,therapeutic,"atomic_intervention_claim","pending_verification",true,EGFR L858R,"Lung Adenocarcinoma","gefitinib","sensitivity",GEP-c07f07c9818206d0161d,"evidence:2634","evidence:2634#row-000",,,"evidence:2634",,PUBMED:22370314,,,,,,,,PARENT_ONLY,PRESENT,MISSING,MISSING,PRESENT,MISSING,PARENT_TO_SOURCE_UNIT,DATA_PRESENT_BUT_NOT_PROPAGATED,MEDIUM,"case_01_api_response.json:rejected, case_02_api_response.json:rejected, case_03_api_response.json:rejected, case_04_api_response.json:rejected","parent_source_ids e source_record_ids presenti, source_unit_ids e locators mancanti nella claim; publication_title assente; source_type assente; graph_node_id assente; graph_evidence_id disponibile separatamente"
CLM-6fc5bc547b4e265836c6,therapeutic,"atomic_intervention_claim","pending_verification",true,EGFR A767_V769dupASV,"Lung Non-small Cell Carcinoma","osimertinib","sensitivity",GEP-745b8e29f5051caafb6b,"evidence:9220","evidence:9220#row-000",,,"evidence:9220",,PUBMED:31208370,,,,,,,,PARENT_ONLY,PRESENT,MISSING,MISSING,PRESENT,MISSING,PARENT_TO_SOURCE_UNIT,DATA_PRESENT_BUT_NOT_PROPAGATED,MEDIUM,"case_01_api_response.json:rejected, case_02_api_response.json:rejected, case_03_api_response.json:rejected, case_04_api_response.json:rejected","parent_source_ids e source_record_ids presenti, source_unit_ids e locators mancanti nella claim; publication_title assente; source_type assente; graph_node_id assente; graph_evidence_id disponibile separatamente"
CLM-728f11e9dc850967c300,therapeutic,"atomic_intervention_claim","pending_verification",true,EGFR C797S,"Lung Non-small Cell Carcinoma","osimertinib","resistance",GEP-5632261368f5e941c5cd,"evidence:964","evidence:964#row-000",,,"evidence:964",,PUBMED:25939061,,,,,,,,PARENT_ONLY,PRESENT,MISSING,MISSING,PRESENT,MISSING,PARENT_TO_SOURCE_UNIT,DATA_PRESENT_BUT_NOT_PROPAGATED,MEDIUM,"case_01_api_response.json:rejected, case_02_api_response.json:rejected, case_03_api_response.json:rejected, case_04_api_response.json:rejected","parent_source_ids e source_record_ids presenti, source_unit_ids e locators mancanti nella claim; publication_title assente; source_type assente; graph_node_id assente; graph_evidence_id disponibile separatamente"
CLM-72a72763b0c1ccf3512c,therapeutic,"atomic_intervention_claim","pending_verification",true,EGFR L858R,"Lung Non-small Cell Carcinoma","crizotinib","resistance",GEP-e3a43d01e9e88a15fa2a,"evidence:4288","evidence:4288#row-000",,,"evidence:4288",,PUBMED:22235099,,,,,,,,PARENT_ONLY,PRESENT,MISSING,MISSING,PRESENT,MISSING,PARENT_TO_SOURCE_UNIT,DATA_PRESENT_BUT_NOT_PROPAGATED,MEDIUM,"case_01_api_response.json:rejected, case_02_api_response.json:rejected, case_03_api_response.json:rejected, case_04_api_response.json:rejected","parent_source_ids e source_record_ids presenti, source_unit_ids e locators mancanti nella claim; publication_title assente; source_type assente; graph_node_id assente; graph_evidence_id disponibile separatamente"
CLM-7474a96f6853d8a73357,therapeutic,"atomic_intervention_claim","pending_verification",true,"EGFR T790M AND EGFR Exon 19 Deletion AND EGFR C797S","Lung Adenocarcinoma","osimertinib","resistance",GEP-9c6ecce6f2632e6935b9,"evidence:1396","evidence:1396#row-000",,,"evidence:1396",,PUBMED:26181354,,,,,,,,PARENT_ONLY,PRESENT,MISSING,MISSING,PRESENT,MISSING,PARENT_TO_SOURCE_UNIT,DATA_PRESENT_BUT_NOT_PROPAGATED,MEDIUM,"case_01_api_response.json:rejected, case_02_api_response.json:rejected, case_03_api_response.json:rejected, case_04_api_response.json:rejected","parent_source_ids e source_record_ids presenti, source_unit_ids e locators mancanti nella claim; publication_title assente; source_type assente; graph_node_id assente; graph_evidence_id disponibile separatamente"
CLM-75b47fea10f5fe62aeb9,therapeutic,"atomic_intervention_claim","pending_verification",true,ALK I1171,"Lung Non-small Cell Carcinoma","alectinib hydrochloride","resistance",GEP-b77d7d439ce86bb816f8,"evidence:1367","evidence:1367#row-000",,,"evidence:1367",,PUBMED:25736571,,,,,,,,PARENT_ONLY,PRESENT,MISSING,MISSING,PRESENT,MISSING,PARENT_TO_SOURCE_UNIT,DATA_PRESENT_BUT_NOT_PROPAGATED,MEDIUM,"case_01_api_response.json:rejected, case_02_api_response.json:rejected, case_03_api_response.json:rejected, case_04_api_response.json:rejected","parent_source_ids e source_record_ids presenti, source_unit_ids e locators mancanti nella claim; publication_title assente; source_type assente; graph_node_id assente; graph_evidence_id disponibile separatamente"
CLM-77fca870f09f851d4f72,therapeutic,"atomic_intervention_claim","pending_verification",true,EGFR L858R,"Lung Non-small Cell Carcinoma","afatinib","sensitivity",GEP-79fae463e18338c32a88,"evidence:968","evidence:968#row-000",,,"evidence:968",,PUBMED:26515464,,,,,,,,PARENT_ONLY,PRESENT,MISSING,MISSING,PRESENT,MISSING,PARENT_TO_SOURCE_UNIT,DATA_PRESENT_BUT_NOT_PROPAGATED,MEDIUM,"case_01_api_response.json:rejected, case_02_api_response.json:rejected, case_03_api_response.json:rejected, case_04_api_response.json:rejected","parent_source_ids e source_record_ids presenti, source_unit_ids e locators mancanti nella claim; publication_title assente; source_type assente; graph_node_id assente; graph_evidence_id disponibile separatamente"
CLM-790948a83c30124a2f34,therapeutic,"atomic_intervention_claim","pending_verification",true,EGFR T790M,"Lung Non-small Cell Carcinoma","osimertinib","sensitivity",GEP-0187ba07c68951f90979,"evidence:1867","evidence:1867#row-000;evidence:1867#row-001",,,"evidence:1867",,PUBMED:27959700,,,,,,,,PARENT_ONLY,PRESENT,MISSING,MISSING,PRESENT,MISSING,PARENT_TO_SOURCE_UNIT,DATA_PRESENT_BUT_NOT_PROPAGATED,MEDIUM,"case_01_api_response.json:rejected, case_02_api_response.json:rejected, case_03_api_response.json:rejected, case_04_api_response.json:rejected","parent_source_ids e source_record_ids presenti, source_unit_ids e locators mancanti nella claim; publication_title assente; source_type assente; graph_node_id assente; graph_evidence_id disponibile separatamente"
CLM-7e881311485d27d190e3,therapeutic,"atomic_intervention_claim","pending_verification",true,ERBB2 T798I,"Breast Cancer","osimertinib","sensitivity",GEP-33b6ef6e9d6814239647,"evidence:6174","evidence:6174#row-000",,,"evidence:6174",,PUBMED:28274957,,,,,,,,PARENT_ONLY,PRESENT,MISSING,MISSING,PRESENT,MISSING,PARENT_TO_SOURCE_UNIT,DATA_PRESENT_BUT_NOT_PROPAGATED,MEDIUM,"case_01_api_response.json:rejected, case_02_api_response.json:rejected, case_03_api_response.json:rejected, case_04_api_response.json:rejected","parent_source_ids e source_record_ids presenti, source_unit_ids e locators mancanti nella claim; publication_title assente; source_type assente; graph_node_id assente; graph_evidence_id disponibile separatamente"
CLM-8123f39d601ee9937db7,therapeutic,"atomic_intervention_claim","pending_verification",true,EGFR L858R,"Lung Adenocarcinoma","erlotinib","sensitivity",GEP-e972dde2ea9e3e7e3b25,"evidence:4290","evidence:4290#row-000",,,"evidence:4290",,PUBMED:27032107,,,,,,,,PARENT_ONLY,PRESENT,MISSING,MISSING,PRESENT,MISSING,PARENT_TO_SOURCE_UNIT,DATA_PRESENT_BUT_NOT_PROPAGATED,MEDIUM,"case_01_api_response.json:rejected, case_02_api_response.json:rejected, case_03_api_response.json:rejected, case_04_api_response.json:rejected","parent_source_ids e source_record_ids presenti, source_unit_ids e locators mancanti nella claim; publication_title assente; source_type assente; graph_node_id assente; graph_evidence_id disponibile separatamente"
CLM-843e89b50964ca33770c,therapeutic,"atomic_intervention_claim","pending_verification",true,EGFR L858R,"Lung Small Cell Carcinoma","erlotinib","sensitivity",GEP-16d8d701156dfd2d593a,"evidence:4293","evidence:4293#row-000",,,"evidence:4293",,PUBMED:24893891,,,,,,,,PARENT_ONLY,PRESENT,MISSING,MISSING,PRESENT,MISSING,PARENT_TO_SOURCE_UNIT,DATA_PRESENT_BUT_NOT_PROPAGATED,MEDIUM,"case_01_api_response.json:rejected, case_02_api_response.json:rejected, case_03_api_response.json:rejected, case_04_api_response.json:rejected","parent_source_ids e source_record_ids presenti, source_unit_ids e locators mancanti nella claim; publication_title assente; source_type assente; graph_node_id assente; graph_evidence_id disponibile separatamente"
CLM-85064970ba814ed52589,therapeutic,"atomic_intervention_claim","pending_verification",true,"FGFR2 Mutation","Cholangiocarcinoma","infigratinib","sensitivity",GEP-18930cbc8ced4bd84fe9,"evidence:5912","evidence:5912#row-000",,,"evidence:5912",,PUBMED:29182496,,,,,,,,PARENT_ONLY,PRESENT,MISSING,MISSING,PRESENT,MISSING,PARENT_TO_SOURCE_UNIT,DATA_PRESENT_BUT_NOT_PROPAGATED,MEDIUM,"case_01_api_response.json:rejected, case_02_api_response.json:rejected, case_03_api_response.json:rejected, case_04_api_response.json:rejected","parent_source_ids e source_record_ids presenti, source_unit_ids e locators mancanti nella claim; publication_title assente; source_type assente; graph_node_id assente; graph_evidence_id disponibile separatamente"
CLM-887e2a4a92b7333f70e8,therapeutic,"atomic_intervention_claim","pending_verification",true,EGFR L858R,"Cancer","erlotinib","sensitivity",GEP-7291ccc91574eb68811a,"evidence:4265","evidence:4265#row-000",,,"evidence:4265",,PUBMED:17877814,,,,,,,,PARENT_ONLY,PRESENT,MISSING,MISSING,PRESENT,MISSING,PARENT_TO_SOURCE_UNIT,DATA_PRESENT_BUT_NOT_PROPAGATED,MEDIUM,"case_01_api_response.json:rejected, case_02_api_response.json:rejected, case_03_api_response.json:rejected, case_04_api_response.json:rejected","parent_source_ids e source_record_ids presenti, source_unit_ids e locators mancanti nella claim; publication_title assente; source_type assente; graph_node_id assente; graph_evidence_id disponibile separatamente"
CLM-8941c177da91f66ff93a,"diagnostic","diagnostic_claim",first_review_complete,true,"FGFR2::BICC1 Fusion","Intrahepatic Cholangiocarcinoma",,"diagnostic",GEP-f73a180a63fd22932198,"evidence:1846","evidence:1846#row-000",PU-PMID-24122810-cohort-1,,"evidence:1846",PMID:24122810,PUBMED:24122810,PMID:24122810,,,,"[{""abstract_sentence"":2,""section"":""UNLABELLED"",""source_id"":""PMID:24122810""},{""abstract_sentence"":3,""section"":""UNLABELLED"",""source_id"":""PMID:24122810""},{""abstract_sentence"":4,""section"":""UNLABELLED"",""source_id"":""PMID:24122810""},{""abstract_sentence"":0,""section"":""CONCLUSION"",""source_id"":""PMID:24122810""}]",,,VERIFIED_LOCATOR,PRESENT,PRESENT,PRESENT,PRESENT,PRESENT,NONE,NONE_OBSERVED,HIGH,"case_01_api_response.json:rejected, case_02_api_response.json:rejected, case_03_api_response.json:rejected, case_04_api_response.json:rejected","source_id e locator presenti sulla claim; parent usato solo come controllo; publication_title assente; source_type assente; graph_node_id assente; graph_evidence_id disponibile separatamente; source_unit_id presente anche in artefatti ausiliari review, non in un registro canonico runtime"
CLM-89ea67ee7946d9ccd552,therapeutic,"atomic_intervention_claim",adjudicated,true,EGFR L858R,"Lung Non-small Cell Carcinoma","erlotinib","sensitivity",GEP-9f38bf2be2084b5a0a98,"evidence:229","evidence:229#row-000;evidence:229#row-001","SU-24736073-group-erlotinib",,"evidence:229",PMID:24736073,PUBMED:24736073,PMID:24736073,,,,"[{""source_id"":""PMID:24736073"",""text"":""abstract, frase dei risultati, gruppo trattato con erlotinib (n = 147)""}]",,,VERIFIED_LOCATOR,PRESENT,PRESENT,PRESENT,PRESENT,PRESENT,NONE,NONE_OBSERVED,HIGH,"case_01_api_response.json:rejected, case_02_api_response.json:rejected, case_03_api_response.json:rejected, case_04_api_response.json:rejected","source_id e locator presenti sulla claim; parent usato solo come controllo; publication_title assente; source_type assente; graph_node_id assente; graph_evidence_id disponibile separatamente; source_unit_id presente anche in artefatti ausiliari review, non in un registro canonico runtime"
CLM-8a0fde4cfe059b58dc01,therapeutic,"atomic_intervention_claim","pending_verification",true,"EML4::ALK Fusion AND ALK I1171N AND ALK L1196M","Malignant Pleural Mesothelioma","alectinib hydrochloride","resistance",GEP-eeee8c8493cd1fa80472,"evidence:11115","evidence:11115#row-000;evidence:11115#row-001",,,"evidence:11115",,PUBMED:32600123,,,,,,,,PARENT_ONLY,PRESENT,MISSING,MISSING,PRESENT,MISSING,PARENT_TO_SOURCE_UNIT,DATA_PRESENT_BUT_NOT_PROPAGATED,MEDIUM,"case_01_api_response.json:rejected, case_02_api_response.json:rejected, case_03_api_response.json:rejected, case_04_api_response.json:rejected","parent_source_ids e source_record_ids presenti, source_unit_ids e locators mancanti nella claim; publication_title assente; source_type assente; graph_node_id assente; graph_evidence_id disponibile separatamente"
CLM-8a72e4c49643e7390ec7,therapeutic,"atomic_intervention_claim","pending_verification",true,ALK F1174L,Neuroblastoma,"crizotinib","resistance",GEP-936825a912715fb0a885,"evidence:125","evidence:125#row-000",,,"evidence:125",,PUBMED:22072639,,,,,,,,PARENT_ONLY,PRESENT,MISSING,MISSING,PRESENT,MISSING,PARENT_TO_SOURCE_UNIT,DATA_PRESENT_BUT_NOT_PROPAGATED,MEDIUM,"case_01_api_response.json:rejected, case_02_api_response.json:rejected, case_03_api_response.json:rejected, case_04_api_response.json:rejected","parent_source_ids e source_record_ids presenti, source_unit_ids e locators mancanti nella claim; publication_title assente; source_type assente; graph_node_id assente; graph_evidence_id disponibile separatamente"
CLM-8c2b38ce2d84f8ce226a,therapeutic,"atomic_intervention_claim","pending_verification",true,"EGFR Amplification","Lung Non-small Cell Carcinoma","osimertinib","resistance",GEP-8281b2619d63b893e811,"evidence:3015","evidence:3015#row-000",,,"evidence:3015",,PUBMED:28202511,,,,,,,,PARENT_ONLY,PRESENT,MISSING,MISSING,PRESENT,MISSING,PARENT_TO_SOURCE_UNIT,DATA_PRESENT_BUT_NOT_PROPAGATED,MEDIUM,"case_01_api_response.json:rejected, case_02_api_response.json:rejected, case_03_api_response.json:rejected, case_04_api_response.json:rejected","parent_source_ids e source_record_ids presenti, source_unit_ids e locators mancanti nella claim; publication_title assente; source_type assente; graph_node_id assente; graph_evidence_id disponibile separatamente"
CLM-8f624d07e5180f958196,therapeutic,"atomic_intervention_claim","pending_verification",true,EGFR L858R,High Grade Glioma,"erlotinib","sensitivity",GEP-245dfbd23dca5313a7cd,"evidence:4295","evidence:4295#row-000",,,"evidence:4295",,PUBMED:17177598,,,,,,,,PARENT_ONLY,PRESENT,MISSING,MISSING,PRESENT,MISSING,PARENT_TO_SOURCE_UNIT,DATA_PRESENT_BUT_NOT_PROPAGATED,MEDIUM,"case_01_api_response.json:rejected, case_02_api_response.json:rejected, case_03_api_response.json:rejected, case_04_api_response.json:rejected","parent_source_ids e source_record_ids presenti, source_unit_ids e locators mancanti nella claim; publication_title assente; source_type assente; graph_node_id assente; graph_evidence_id disponibile separatamente"
CLM-90a501c65b56cac3dfc0,therapeutic,"atomic_intervention_claim","pending_verification",true,"EGFR::RAD51 Fusion","Lung Adenocarcinoma","osimertinib","sensitivity",GEP-546ccf60a86b881b43c5,"evidence:11021","evidence:11021#row-000",,,"evidence:11021",,PUBMED:35245845,,,,,,,,PARENT_ONLY,PRESENT,MISSING,MISSING,PRESENT,MISSING,PARENT_TO_SOURCE_UNIT,DATA_PRESENT_BUT_NOT_PROPAGATED,MEDIUM,"case_01_api_response.json:rejected, case_02_api_response.json:rejected, case_03_api_response.json:rejected, case_04_api_response.json:rejected","parent_source_ids e source_record_ids presenti, source_unit_ids e locators mancanti nella claim; publication_title assente; source_type assente; graph_node_id assente; graph_evidence_id disponibile separatamente"
CLM-90e863f00f134fc3cd3d,therapeutic,"aggregate_intervention_claim",adjudicated,true,"FGFR2::BICC1 Fusion","Cholangiocarcinoma","infigratinib + pd173074","sensitivity",GEP-d7085106bdd9a024ff4c,"evidence:1851","evidence:1851#row-000;evidence:1851#row-001","SU-24122810-nih3t3-fgfr-inhibitor-assay",,"evidence:1851",PMID:24122810,PUBMED:24122810,PMID:24122810,,,,"[{""source_id"":""PMID:24122810"",""text"":""abstract, enunciato finale sulla soppressione della trasformazione, cellule NIH3T3""}]",,,VERIFIED_LOCATOR,PRESENT,PRESENT,PRESENT,PRESENT,PRESENT,NONE,NONE_OBSERVED,HIGH,"case_01_api_response.json:rejected, case_02_api_response.json:rejected, case_03_api_response.json:rejected, case_04_api_response.json:rejected","source_id e locator presenti sulla claim; parent usato solo come controllo; publication_title assente; source_type assente; graph_node_id assente; graph_evidence_id disponibile separatamente; source_unit_id presente anche in artefatti ausiliari review, non in un registro canonico runtime"
CLM-91a6761b2d7bb2ab2961,therapeutic,"atomic_intervention_claim","pending_verification",true,"EGFR T790M AND EGFR Exon 19 del","Lung Adenocarcinoma","osimertinib","sensitivity",GEP-cea3b9c1cbc30cf8b80f,"evidence:12946","evidence:12946#row-000",,,"evidence:12946",,PUBMED:38074875,,,,,,,,PARENT_ONLY,PRESENT,MISSING,MISSING,PRESENT,MISSING,PARENT_TO_SOURCE_UNIT,DATA_PRESENT_BUT_NOT_PROPAGATED,MEDIUM,"case_01_api_response.json:rejected, case_02_api_response.json:rejected, case_03_api_response.json:rejected, case_04_api_response.json:rejected","parent_source_ids e source_record_ids presenti, source_unit_ids e locators mancanti nella claim; publication_title assente; source_type assente; graph_node_id assente; graph_evidence_id disponibile separatamente"
CLM-92d4a7b3921ffd0e4136,therapeutic,"atomic_intervention_claim","pending_verification",true,EGFR S768_D770dup,"Lung Non-small Cell Carcinoma","osimertinib","sensitivity",GEP-f61c8b147cdba6bf0096,"evidence:9224","evidence:9224#row-000",,,"evidence:9224",,PUBMED:31208370,,,,,,,,PARENT_ONLY,PRESENT,MISSING,MISSING,PRESENT,MISSING,PARENT_TO_SOURCE_UNIT,DATA_PRESENT_BUT_NOT_PROPAGATED,MEDIUM,"case_01_api_response.json:rejected, case_02_api_response.json:rejected, case_03_api_response.json:rejected, case_04_api_response.json:rejected","parent_source_ids e source_record_ids presenti, source_unit_ids e locators mancanti nella claim; publication_title assente; source_type assente; graph_node_id assente; graph_evidence_id disponibile separatamente"
CLM-94826841e612786f6ef9,therapeutic,"atomic_intervention_claim","pending_verification",true,"EML4::ALK Fusion AND ALK F1245C","Lung Non-small Cell Carcinoma","crizotinib","resistance",GEP-8062bbfed3b7576a7419,"evidence:1339","evidence:1339#row-000",,,"evidence:1339",,PUBMED:26775591,,,,,,,,PARENT_ONLY,PRESENT,MISSING,MISSING,PRESENT,MISSING,PARENT_TO_SOURCE_UNIT,DATA_PRESENT_BUT_NOT_PROPAGATED,MEDIUM,"case_01_api_response.json:rejected, case_02_api_response.json:rejected, case_03_api_response.json:rejected, case_04_api_response.json:rejected","parent_source_ids e source_record_ids presenti, source_unit_ids e locators mancanti nella claim; publication_title assente; source_type assente; graph_node_id assente; graph_evidence_id disponibile separatamente"
CLM-9635ae8ef5a3d43f0967,therapeutic,"atomic_intervention_claim","pending_verification",true,"FGFR3::TACC3 Fusion AND FGFR2::CCDC6 Fusion","Adrenal Carcinoma","erdafitinib","sensitivity",GEP-ff3bc82496056b457de2,"evidence:4861","evidence:4861#row-000",,,"evidence:4861",,PUBMED:26324363,,,,,,,,PARENT_ONLY,PRESENT,MISSING,MISSING,PRESENT,MISSING,PARENT_TO_SOURCE_UNIT,DATA_PRESENT_BUT_NOT_PROPAGATED,MEDIUM,"case_01_api_response.json:rejected, case_02_api_response.json:rejected, case_03_api_response.json:rejected, case_04_api_response.json:rejected","parent_source_ids e source_record_ids presenti, source_unit_ids e locators mancanti nella claim; publication_title assente; source_type assente; graph_node_id assente; graph_evidence_id disponibile separatamente"
CLM-96c2568e490e57c58ca6,therapeutic,"atomic_intervention_claim","pending_verification",true,"EML4::ALK Fusion AND ALK C1156Y","Lung Non-small Cell Carcinoma","crizotinib","resistance",GEP-63538d776fc48d23cde7,"evidence:1346","evidence:1346#row-000",,,"evidence:1346",,PUBMED:24675041,,,,,,,,PARENT_ONLY,PRESENT,MISSING,MISSING,PRESENT,MISSING,PARENT_TO_SOURCE_UNIT,DATA_PRESENT_BUT_NOT_PROPAGATED,MEDIUM,"case_01_api_response.json:rejected, case_02_api_response.json:rejected, case_03_api_response.json:rejected, case_04_api_response.json:rejected","parent_source_ids e source_record_ids presenti, source_unit_ids e locators mancanti nella claim; publication_title assente; source_type assente; graph_node_id assente; graph_evidence_id disponibile separatamente"
CLM-975fe52b97e3161ec393,therapeutic,"atomic_intervention_claim","pending_verification",true,"ALK G1202R AND v::ALK Fusion","Non-Small Cell Lung Cancer","lorlatinib","sensitivity",GEP-80f40ecb2cb500e1ec0e,"evidence:100000","evidence:100000#row-001;evidence:100000#row-000",,,"evidence:100000",,PUBMED:30892989,,,,,,,,PARENT_ONLY,PRESENT,MISSING,MISSING,PRESENT,MISSING,PARENT_TO_SOURCE_UNIT,DATA_PRESENT_BUT_NOT_PROPAGATED,MEDIUM,"case_01_api_response.json:rejected, case_02_api_response.json:rejected, case_03_api_response.json:rejected, case_04_api_response.json:rejected","parent_source_ids e source_record_ids presenti, source_unit_ids e locators mancanti nella claim; publication_title assente; source_type assente; graph_node_id assente; graph_evidence_id disponibile separatamente"
CLM-9809edffaf78c6bd7d9c,therapeutic,"atomic_intervention_claim","pending_verification",true,EGFR L858R,"Lung Non-small Cell Carcinoma","erlotinib","sensitivity",GEP-f0ea066ed7adc1e13dd4,"evidence:4287","evidence:4287#row-000",,,"evidence:4287",,PUBMED:27612423,,,,,,,,PARENT_ONLY,PRESENT,MISSING,MISSING,PRESENT,MISSING,PARENT_TO_SOURCE_UNIT,DATA_PRESENT_BUT_NOT_PROPAGATED,MEDIUM,"case_01_api_response.json:rejected, case_02_api_response.json:rejected, case_03_api_response.json:rejected, case_04_api_response.json:rejected","parent_source_ids e source_record_ids presenti, source_unit_ids e locators mancanti nella claim; publication_title assente; source_type assente; graph_node_id assente; graph_evidence_id disponibile separatamente"
CLM-99092a3e4eb93a1319d4,therapeutic,"atomic_intervention_claim","pending_verification",true,"FGFR2 Mutation OR FGFR2::v Fusion OR FGFR2::? Fusion","Transitional Cell Carcinoma","erdafitinib","sensitivity",GEP-aea1732f1434231590d6,"evidence:7261","evidence:7261#row-000;evidence:7261#row-001",,,"evidence:7261",,PUBMED:160559,,,,,,,,PARENT_ONLY,PRESENT,MISSING,MISSING,PRESENT,MISSING,PARENT_TO_SOURCE_UNIT,DATA_PRESENT_BUT_NOT_PROPAGATED,MEDIUM,"case_01_api_response.json:rejected, case_02_api_response.json:rejected, case_03_api_response.json:rejected, case_04_api_response.json:rejected","parent_source_ids e source_record_ids presenti, source_unit_ids e locators mancanti nella claim; publication_title assente; source_type assente; graph_node_id assente; graph_evidence_id disponibile separatamente"
CLM-99ae092a3018b5b91808,therapeutic,"atomic_intervention_claim",adjudicated,true,"EML4::ALK Fusion AND ALK C1156Y","Lung Non-small Cell Carcinoma","ceritinib","resistance",GEP-93cad24e63b228b720bb,"evidence:841","evidence:841#row-000;evidence:841#row-001;evidence:841#row-002","SU-26698910-patient-c1156y-ceritinib-line",,"evidence:841",PMID:26698910,PUBMED:26698910,PMID:26698910,,,,"[{""source_id"":""PMID:26698910"",""text"":""full_text, Case Report, prima rivalutazione TC a 5 settimane dopo l'inizio di ceritinib""}]",,,VERIFIED_LOCATOR,PRESENT,PRESENT,PRESENT,PRESENT,PRESENT,NONE,NONE_OBSERVED,HIGH,"case_01_api_response.json:rejected, case_02_api_response.json:rejected, case_03_api_response.json:rejected, case_04_api_response.json:rejected","source_id e locator presenti sulla claim; parent usato solo come controllo; publication_title assente; source_type assente; graph_node_id assente; graph_evidence_id disponibile separatamente; source_unit_id presente anche in artefatti ausiliari review, non in un registro canonico runtime"
CLM-9ab06b6945feea941252,therapeutic,"atomic_intervention_claim",adjudicated,true,"EGFR L858R OR EGFR Exon 19 Deletion","Lung Non-small Cell Carcinoma","erlotinib","sensitivity",GEP-d8e0a9d42a7e653f4a53,"evidence:11240","evidence:11240#row-000;evidence:11240#row-001","SU-31591063-arm-placebo-erlotinib",,"evidence:11240",PMID:31591063,PUBMED:31591063,PMID:31591063,,,,"[{""source_id"":""PMID:31591063"",""text"":""abstract, findings, braccio placebo + erlotinib (PFS mediana 12,4 mesi, IC 95% 11,0-13,5)""}]",,,VERIFIED_LOCATOR,PRESENT,PRESENT,PRESENT,PRESENT,PRESENT,NONE,NONE_OBSERVED,HIGH,"case_01_api_response.json:rejected, case_02_api_response.json:rejected, case_03_api_response.json:rejected, case_04_api_response.json:rejected","source_id e locator presenti sulla claim; parent usato solo come controllo; publication_title assente; source_type assente; graph_node_id assente; graph_evidence_id disponibile separatamente; source_unit_id presente anche in artefatti ausiliari review, non in un registro canonico runtime"
CLM-9df70499be273bec95fb,therapeutic,"atomic_intervention_claim","pending_verification",true,ALK I1171,"Lung Non-small Cell Carcinoma","crizotinib","resistance",GEP-32d68027d364fce507a5,"evidence:1287","evidence:1287#row-000",,,"evidence:1287",,PUBMED:25228534,,,,,,,,PARENT_ONLY,PRESENT,MISSING,MISSING,PRESENT,MISSING,PARENT_TO_SOURCE_UNIT,DATA_PRESENT_BUT_NOT_PROPAGATED,MEDIUM,"case_01_api_response.json:rejected, case_02_api_response.json:rejected, case_03_api_response.json:rejected, case_04_api_response.json:rejected","parent_source_ids e source_record_ids presenti, source_unit_ids e locators mancanti nella claim; publication_title assente; source_type assente; graph_node_id assente; graph_evidence_id disponibile separatamente"
CLM-9eba2ced894851bae9af,therapeutic,"atomic_intervention_claim","pending_verification",true,"ALK G1202R AND v::ALK Fusion","Non-Small Cell Lung Cancer","crizotinib","resistance",GEP-95dc79078243bd8c4167,"evidence:100005","evidence:100005#row-001;evidence:100005#row-000;evidence:100005#row-002",,,"evidence:100005",,PUBMED:22277784;PUBMED:25727400;PUBMED:26698910;PUBMED:31585938,,,,,,,,PARENT_ONLY,PRESENT,MISSING,MISSING,PRESENT,MISSING,PARENT_TO_SOURCE_UNIT,DATA_PRESENT_BUT_NOT_PROPAGATED,MEDIUM,"case_01_api_response.json:rejected, case_02_api_response.json:rejected, case_03_api_response.json:rejected, case_04_api_response.json:rejected","parent_source_ids e source_record_ids presenti, source_unit_ids e locators mancanti nella claim; publication_title assente; source_type assente; graph_node_id assente; graph_evidence_id disponibile separatamente"
CLM-a20827c84bba1b0473e6,therapeutic,"atomic_intervention_claim","pending_verification",true,EGFR L858R,"Lung Adenocarcinoma","afatinib","sensitivity",GEP-e43bea045bcde107330e,"evidence:879","evidence:879#row-000",,,"evidence:879",,PUBMED:23816960,,,,,,,,PARENT_ONLY,PRESENT,MISSING,MISSING,PRESENT,MISSING,PARENT_TO_SOURCE_UNIT,DATA_PRESENT_BUT_NOT_PROPAGATED,MEDIUM,"case_01_api_response.json:rejected, case_02_api_response.json:rejected, case_03_api_response.json:rejected, case_04_api_response.json:rejected","parent_source_ids e source_record_ids presenti, source_unit_ids e locators mancanti nella claim; publication_title assente; source_type assente; graph_node_id assente; graph_evidence_id disponibile separatamente"
CLM-a72d16a37bdcdd84496b,therapeutic,"atomic_intervention_claim","pending_verification",true,EGFR L858R,"Lung Non-small Cell Carcinoma","gefitinib","sensitivity",GEP-143dd4f9b068f34fd03e,"evidence:1665","evidence:1665#row-000",,,"evidence:1665",,PUBMED:18509184,,,,,,,,PARENT_ONLY,PRESENT,MISSING,MISSING,PRESENT,MISSING,PARENT_TO_SOURCE_UNIT,DATA_PRESENT_BUT_NOT_PROPAGATED,MEDIUM,"case_01_api_response.json:rejected, case_02_api_response.json:rejected, case_03_api_response.json:rejected, case_04_api_response.json:rejected","parent_source_ids e source_record_ids presenti, source_unit_ids e locators mancanti nella claim; publication_title assente; source_type assente; graph_node_id assente; graph_evidence_id disponibile separatamente"
CLM-a756794f4dce5108d62c,therapeutic,"atomic_intervention_claim","pending_verification",true,"EML4::ALK Fusion AND ALK G1202R","Cancer","brigatinib","resistance",GEP-7c93371f674ec2078252,"evidence:1351","evidence:1351#row-000;evidence:1351#row-001;evidence:1351#row-002",,,"evidence:1351",,PUBMED:25727400,,,,,,,,PARENT_ONLY,PRESENT,MISSING,MISSING,PRESENT,MISSING,PARENT_TO_SOURCE_UNIT,DATA_PRESENT_BUT_NOT_PROPAGATED,MEDIUM,"case_01_api_response.json:rejected, case_02_api_response.json:rejected, case_03_api_response.json:rejected, case_04_api_response.json:rejected","parent_source_ids e source_record_ids presenti, source_unit_ids e locators mancanti nella claim; publication_title assente; source_type assente; graph_node_id assente; graph_evidence_id disponibile separatamente"
CLM-a7de634d04f61036f3ec,therapeutic,"atomic_intervention_claim","pending_verification",true,"EML4::ALK Fusion AND ALK G1202R","Cancer","alectinib hydrochloride","resistance",GEP-bd696cc12f4f36910892,"evidence:1350","evidence:1350#row-000;evidence:1350#row-001;evidence:1350#row-002",,,"evidence:1350",,PUBMED:25727400,,,,,,,,PARENT_ONLY,PRESENT,MISSING,MISSING,PRESENT,MISSING,PARENT_TO_SOURCE_UNIT,DATA_PRESENT_BUT_NOT_PROPAGATED,MEDIUM,"case_01_api_response.json:rejected, case_02_api_response.json:rejected, case_03_api_response.json:rejected, case_04_api_response.json:rejected","parent_source_ids e source_record_ids presenti, source_unit_ids e locators mancanti nella claim; publication_title assente; source_type assente; graph_node_id assente; graph_evidence_id disponibile separatamente"
CLM-a7e1c40b794d2c4d4ca8,"diagnostic","diagnostic_claim",first_review_complete,true,"FGFR2::AHCYL1 Fusion","Intrahepatic Cholangiocarcinoma",,"diagnostic",GEP-1b7a5d64d605bc2a92c1,"evidence:1847","evidence:1847#row-000",PU-PMID-24122810-cohort-1,,"evidence:1847",PMID:24122810,PUBMED:24122810,PMID:24122810,,,,"[{""abstract_sentence"":2,""section"":""UNLABELLED"",""source_id"":""PMID:24122810""},{""abstract_sentence"":3,""section"":""UNLABELLED"",""source_id"":""PMID:24122810""},{""abstract_sentence"":4,""section"":""UNLABELLED"",""source_id"":""PMID:24122810""},{""abstract_sentence"":0,""section"":""CONCLUSION"",""source_id"":""PMID:24122810""}]",,,VERIFIED_LOCATOR,PRESENT,PRESENT,PRESENT,PRESENT,PRESENT,NONE,NONE_OBSERVED,HIGH,"case_01_api_response.json:rejected, case_02_api_response.json:rejected, case_03_api_response.json:rejected, case_04_api_response.json:rejected","source_id e locator presenti sulla claim; parent usato solo come controllo; publication_title assente; source_type assente; graph_node_id assente; graph_evidence_id disponibile separatamente; source_unit_id presente anche in artefatti ausiliari review, non in un registro canonico runtime"
CLM-a8076dedab5ae6db17c1,therapeutic,"atomic_intervention_claim","pending_verification",true,EGFR L858R,"Lung Non-small Cell Carcinoma","dacomitinib","sensitivity",GEP-1499ddb9b1ade10d5306,"evidence:4860","evidence:4860#row-000",,,"evidence:4860",,PUBMED:26768165,,,,,,,,PARENT_ONLY,PRESENT,MISSING,MISSING,PRESENT,MISSING,PARENT_TO_SOURCE_UNIT,DATA_PRESENT_BUT_NOT_PROPAGATED,MEDIUM,"case_01_api_response.json:rejected, case_02_api_response.json:rejected, case_03_api_response.json:rejected, case_04_api_response.json:rejected","parent_source_ids e source_record_ids presenti, source_unit_ids e locators mancanti nella claim; publication_title assente; source_type assente; graph_node_id assente; graph_evidence_id disponibile separatamente"
CLM-a9c010ef9db01551395e,therapeutic,"atomic_intervention_claim","pending_verification",true,EGFR L858R,"Lung Non-small Cell Carcinoma","lapatinib","sensitivity",GEP-77ef8b2cb4df98c1bbc7,"evidence:2626","evidence:2626#row-000",,,"evidence:2626",,PUBMED:18408761,,,,,,,,PARENT_ONLY,PRESENT,MISSING,MISSING,PRESENT,MISSING,PARENT_TO_SOURCE_UNIT,DATA_PRESENT_BUT_NOT_PROPAGATED,MEDIUM,"case_01_api_response.json:rejected, case_02_api_response.json:rejected, case_03_api_response.json:rejected, case_04_api_response.json:rejected","parent_source_ids e source_record_ids presenti, source_unit_ids e locators mancanti nella claim; publication_title assente; source_type assente; graph_node_id assente; graph_evidence_id disponibile separatamente"
CLM-ac64c0e56246f6ea29ca,therapeutic,"regimen_claim",adjudicated,true,"EGFR L858R OR EGFR Exon 19 Deletion","Lung Non-small Cell Carcinoma","erlotinib + ramucirumab","sensitivity",GEP-d8e0a9d42a7e653f4a53,"evidence:11240","evidence:11240#row-000;evidence:11240#row-001","SU-31591063-arm-ramucirumab-erlotinib",,"evidence:11240",PMID:31591063,PUBMED:31591063,PMID:31591063,,,,"[{""source_id"":""PMID:31591063"",""text"":""abstract, findings, braccio ramucirumab + erlotinib (PFS 19,4 mesi; HR 0,59)""}]",,,VERIFIED_LOCATOR,PRESENT,PRESENT,PRESENT,PRESENT,PRESENT,NONE,NONE_OBSERVED,HIGH,"case_01_api_response.json:rejected, case_02_api_response.json:rejected, case_03_api_response.json:rejected, case_04_api_response.json:rejected","source_id e locator presenti sulla claim; parent usato solo come controllo; publication_title assente; source_type assente; graph_node_id assente; graph_evidence_id disponibile separatamente; source_unit_id presente anche in artefatti ausiliari review, non in un registro canonico runtime"
CLM-af5265811e7ab991e7b1,therapeutic,"atomic_intervention_claim","pending_verification",true,"EML4::ALK Fusion AND ALK T1151dup","Lung Non-small Cell Carcinoma","alectinib hydrochloride","resistance",GEP-184ec7f415d3686e8c21,"evidence:1347","evidence:1347#row-000",,,"evidence:1347",,PUBMED:22277784,,,,,,,,PARENT_ONLY,PRESENT,MISSING,MISSING,PRESENT,MISSING,PARENT_TO_SOURCE_UNIT,DATA_PRESENT_BUT_NOT_PROPAGATED,MEDIUM,"case_01_api_response.json:rejected, case_02_api_response.json:rejected, case_03_api_response.json:rejected, case_04_api_response.json:rejected","parent_source_ids e source_record_ids presenti, source_unit_ids e locators mancanti nella claim; publication_title assente; source_type assente; graph_node_id assente; graph_evidence_id disponibile separatamente"
CLM-b00c27c6d6a4ae35efb2,therapeutic,"atomic_intervention_claim","pending_verification",true,"EGFR L858R OR EGFR Exon 19 Deletion","Lung Non-small Cell Carcinoma","gefitinib","sensitivity",GEP-9c1e07639f9c21375a55,"evidence:11241","evidence:11241#row-000",,,"evidence:11241",,PUBMED:24263064,,,,,,,,PARENT_ONLY,PRESENT,MISSING,MISSING,PRESENT,MISSING,PARENT_TO_SOURCE_UNIT,DATA_PRESENT_BUT_NOT_PROPAGATED,MEDIUM,"case_01_api_response.json:rejected, case_02_api_response.json:rejected, case_03_api_response.json:rejected, case_04_api_response.json:rejected","parent_source_ids e source_record_ids presenti, source_unit_ids e locators mancanti nella claim; publication_title assente; source_type assente; graph_node_id assente; graph_evidence_id disponibile separatamente"
CLM-b048b180b566d127f5fc,therapeutic,"atomic_intervention_claim","pending_verification",true,"EML4::ALK Fusion AND ALK T1151dup","Lung Non-small Cell Carcinoma","crizotinib","resistance",GEP-2bcb37535f7345956d93,"evidence:444","evidence:444#row-000",,,"evidence:444",,PUBMED:22277784,,,,,,,,PARENT_ONLY,PRESENT,MISSING,MISSING,PRESENT,MISSING,PARENT_TO_SOURCE_UNIT,DATA_PRESENT_BUT_NOT_PROPAGATED,MEDIUM,"case_01_api_response.json:rejected, case_02_api_response.json:rejected, case_03_api_response.json:rejected, case_04_api_response.json:rejected","parent_source_ids e source_record_ids presenti, source_unit_ids e locators mancanti nella claim; publication_title assente; source_type assente; graph_node_id assente; graph_evidence_id disponibile separatamente"
CLM-b26b5c1d60afee769d70,therapeutic,"atomic_intervention_claim","pending_verification",true,EGFR L858R,"Lung Non-small Cell Carcinoma","erlotinib","sensitivity",GEP-717a1d2439f471722a34,"evidence:4286","evidence:4286#row-000",,,"evidence:4286",,PUBMED:24353160,,,,,,,,PARENT_ONLY,PRESENT,MISSING,MISSING,PRESENT,MISSING,PARENT_TO_SOURCE_UNIT,DATA_PRESENT_BUT_NOT_PROPAGATED,MEDIUM,"case_01_api_response.json:rejected, case_02_api_response.json:rejected, case_03_api_response.json:rejected, case_04_api_response.json:rejected","parent_source_ids e source_record_ids presenti, source_unit_ids e locators mancanti nella claim; publication_title assente; source_type assente; graph_node_id assente; graph_evidence_id disponibile separatamente"
CLM-b30bfbffc36ec6a23cfc,therapeutic,"atomic_intervention_claim","pending_verification",true,EGFR L858R,"Lung Non-small Cell Carcinoma","afatinib","sensitivity",GEP-d9d2a77fced2de384c33,"evidence:2997","evidence:2997#row-000",,,"evidence:2997",,PUBMED:23982599,,,,,,,,PARENT_ONLY,PRESENT,MISSING,MISSING,PRESENT,MISSING,PARENT_TO_SOURCE_UNIT,DATA_PRESENT_BUT_NOT_PROPAGATED,MEDIUM,"case_01_api_response.json:rejected, case_02_api_response.json:rejected, case_03_api_response.json:rejected, case_04_api_response.json:rejected","parent_source_ids e source_record_ids presenti, source_unit_ids e locators mancanti nella claim; publication_title assente; source_type assente; graph_node_id assente; graph_evidence_id disponibile separatamente"
CLM-b3902ab74a81a89f10e1,therapeutic,"atomic_intervention_claim","pending_verification",true,"EGFR L858R OR EGFR Exon 19 Deletion","Lung Non-small Cell Carcinoma","gefitinib","sensitivity",GEP-a6c310a72a12a924fa5b,"evidence:2156","evidence:2156#row-000",,,"evidence:2156",,PUBMED:24755888,,,,,,,,PARENT_ONLY,PRESENT,MISSING,MISSING,PRESENT,MISSING,PARENT_TO_SOURCE_UNIT,DATA_PRESENT_BUT_NOT_PROPAGATED,MEDIUM,"case_01_api_response.json:rejected, case_02_api_response.json:rejected, case_03_api_response.json:rejected, case_04_api_response.json:rejected","parent_source_ids e source_record_ids presenti, source_unit_ids e locators mancanti nella claim; publication_title assente; source_type assente; graph_node_id assente; graph_evidence_id disponibile separatamente"
CLM-b9ff9e1341e5d8d5a432,therapeutic,"atomic_intervention_claim","pending_verification",true,"FGFR2 Amplification","Breast Cancer","dovitinib","sensitivity",GEP-5e05b242b214542c01ab,"evidence:1605","evidence:1605#row-000",,,"evidence:1605",,PUBMED:23658459,,,,,,,,PARENT_ONLY,PRESENT,MISSING,MISSING,PRESENT,MISSING,PARENT_TO_SOURCE_UNIT,DATA_PRESENT_BUT_NOT_PROPAGATED,MEDIUM,"case_01_api_response.json:rejected, case_02_api_response.json:rejected, case_03_api_response.json:rejected, case_04_api_response.json:rejected","parent_source_ids e source_record_ids presenti, source_unit_ids e locators mancanti nella claim; publication_title assente; source_type assente; graph_node_id assente; graph_evidence_id disponibile separatamente"
CLM-bb07eb0bc70569e770c3,therapeutic,"atomic_intervention_claim","pending_verification",true,"EML4::ALK Fusion AND ALK C1156Y","Lung Adenocarcinoma","crizotinib","resistance",GEP-e791919f6de932ba653b,"evidence:4046","evidence:4046#row-000",,,"evidence:4046",,PUBMED:27045755,,,,,,,,PARENT_ONLY,PRESENT,MISSING,MISSING,PRESENT,MISSING,PARENT_TO_SOURCE_UNIT,DATA_PRESENT_BUT_NOT_PROPAGATED,MEDIUM,"case_01_api_response.json:rejected, case_02_api_response.json:rejected, case_03_api_response.json:rejected, case_04_api_response.json:rejected","parent_source_ids e source_record_ids presenti, source_unit_ids e locators mancanti nella claim; publication_title assente; source_type assente; graph_node_id assente; graph_evidence_id disponibile separatamente"
CLM-bb1e5f41161741c74f0d,therapeutic,"atomic_intervention_claim","pending_verification",true,FGFR1 N546K,Pilocytic Astrocytoma,"pemigatinib","sensitivity",GEP-473521c2a61ca1bf1084,"evidence:10325","evidence:10325#row-000",,,"evidence:10325",,PUBMED:35507888,,,,,,,,PARENT_ONLY,PRESENT,MISSING,MISSING,PRESENT,MISSING,PARENT_TO_SOURCE_UNIT,DATA_PRESENT_BUT_NOT_PROPAGATED,MEDIUM,"case_01_api_response.json:rejected, case_02_api_response.json:rejected, case_03_api_response.json:rejected, case_04_api_response.json:rejected","parent_source_ids e source_record_ids presenti, source_unit_ids e locators mancanti nella claim; publication_title assente; source_type assente; graph_node_id assente; graph_evidence_id disponibile separatamente"
CLM-bd4e24be0a4719119976,therapeutic,"atomic_intervention_claim",adjudicated,true,"ALK I1171N AND HIP1::ALK Fusion","Lung Non-small Cell Carcinoma","alectinib hydrochloride","resistance",GEP-f622c0b371e39817aaa3,"evidence:1483","evidence:1483#row-000;evidence:1483#row-001","SU-25393796-patient-hip1-alk-i1171n",,"evidence:1483",PMID:25393796,PUBMED:25393796,PMID:25393796,,,,"[{""source_id"":""PMID:25393796"",""text"":""abstract, clausola sulla resistenza acquisita ad alectinib, paziente con HIP1-ALK (H30; A20)""}]",,,VERIFIED_LOCATOR,PRESENT,PRESENT,PRESENT,PRESENT,PRESENT,NONE,NONE_OBSERVED,HIGH,"case_01_api_response.json:rejected, case_02_api_response.json:rejected, case_03_api_response.json:rejected, case_04_api_response.json:rejected","source_id e locator presenti sulla claim; parent usato solo come controllo; publication_title assente; source_type assente; graph_node_id assente; graph_evidence_id disponibile separatamente; source_unit_id presente anche in artefatti ausiliari review, non in un registro canonico runtime"
CLM-beb05cb9a445538bb755,therapeutic,"atomic_intervention_claim","pending_verification",true,"FGFR2::v Fusion OR FGFR2::? Fusion","Cholangiocarcinoma","infigratinib","sensitivity",GEP-ea724e7dcc00ced405d4,"evidence:1913","evidence:1913#row-000",,,"evidence:1913",,PUBMED:27870574,,,,,,,,PARENT_ONLY,PRESENT,MISSING,MISSING,PRESENT,MISSING,PARENT_TO_SOURCE_UNIT,DATA_PRESENT_BUT_NOT_PROPAGATED,MEDIUM,"case_01_api_response.json:rejected, case_02_api_response.json:rejected, case_03_api_response.json:rejected, case_04_api_response.json:rejected","parent_source_ids e source_record_ids presenti, source_unit_ids e locators mancanti nella claim; publication_title assente; source_type assente; graph_node_id assente; graph_evidence_id disponibile separatamente"
CLM-c069e118a976c0332c60,therapeutic,"atomic_intervention_claim","pending_verification",true,"FGFR2::v Fusion OR FGFR2::? Fusion","Cholangiolocellular Carcinoma","pemigatinib","sensitivity",GEP-17eea7d069170743134c,"evidence:8173","evidence:8173#row-000;evidence:8173#row-001",,,"evidence:8173",,PUBMED:32203698,,,,,,,,PARENT_ONLY,PRESENT,MISSING,MISSING,PRESENT,MISSING,PARENT_TO_SOURCE_UNIT,DATA_PRESENT_BUT_NOT_PROPAGATED,MEDIUM,"case_01_api_response.json:rejected, case_02_api_response.json:rejected, case_03_api_response.json:rejected, case_04_api_response.json:rejected","parent_source_ids e source_record_ids presenti, source_unit_ids e locators mancanti nella claim; publication_title assente; source_type assente; graph_node_id assente; graph_evidence_id disponibile separatamente"
CLM-c0b6cac2d322040eefe6,therapeutic,"atomic_intervention_claim","pending_verification",true,EGFR L858R,"Lung Non-small Cell Carcinoma","erlotinib","sensitivity",GEP-56ae63bba508bb989036,"evidence:2632","evidence:2632#row-000",,,"evidence:2632",,PUBMED:15329413,,,,,,,,PARENT_ONLY,PRESENT,MISSING,MISSING,PRESENT,MISSING,PARENT_TO_SOURCE_UNIT,DATA_PRESENT_BUT_NOT_PROPAGATED,MEDIUM,"case_01_api_response.json:rejected, case_02_api_response.json:rejected, case_03_api_response.json:rejected, case_04_api_response.json:rejected","parent_source_ids e source_record_ids presenti, source_unit_ids e locators mancanti nella claim; publication_title assente; source_type assente; graph_node_id assente; graph_evidence_id disponibile separatamente"
CLM-c2298624bea1ba7fac45,therapeutic,"atomic_intervention_claim","pending_verification",true,"EML4::ALK Fusion AND ALK G1269A","Lung Adenocarcinoma","crizotinib","resistance",GEP-ccedd370d69e7987dc08,"evidence:4620","evidence:4620#row-000",,,"evidence:4620",,PUBMED:27045755,,,,,,,,PARENT_ONLY,PRESENT,MISSING,MISSING,PRESENT,MISSING,PARENT_TO_SOURCE_UNIT,DATA_PRESENT_BUT_NOT_PROPAGATED,MEDIUM,"case_01_api_response.json:rejected, case_02_api_response.json:rejected, case_03_api_response.json:rejected, case_04_api_response.json:rejected","parent_source_ids e source_record_ids presenti, source_unit_ids e locators mancanti nella claim; publication_title assente; source_type assente; graph_node_id assente; graph_evidence_id disponibile separatamente"
CLM-c7f106007dced3b3dec7,therapeutic,"atomic_intervention_claim","pending_verification",true,"EML4::ALK Fusion AND ALK L1198F AND ALK C1156Y","Lung Non-small Cell Carcinoma","lorlatinib","resistance",GEP-f1a650535eeaba772f08,"evidence:843","evidence:843#row-000;evidence:843#row-001",,,"evidence:843",,PUBMED:26698910,,,,,,,,PARENT_ONLY,PRESENT,MISSING,MISSING,PRESENT,MISSING,PARENT_TO_SOURCE_UNIT,DATA_PRESENT_BUT_NOT_PROPAGATED,MEDIUM,"case_01_api_response.json:rejected, case_02_api_response.json:rejected, case_03_api_response.json:rejected, case_04_api_response.json:rejected","parent_source_ids e source_record_ids presenti, source_unit_ids e locators mancanti nella claim; publication_title assente; source_type assente; graph_node_id assente; graph_evidence_id disponibile separatamente"
CLM-c8f2a725bf5cfc8e98ca,therapeutic,"atomic_intervention_claim","pending_verification",true,EGFR T790M,"Lung Non-small Cell Carcinoma","osimertinib","sensitivity",GEP-1e15870a156750f88f64,"evidence:1592","evidence:1592#row-000",,,"evidence:1592",,PUBMED:26729184,,,,,,,,PARENT_ONLY,PRESENT,MISSING,MISSING,PRESENT,MISSING,PARENT_TO_SOURCE_UNIT,DATA_PRESENT_BUT_NOT_PROPAGATED,MEDIUM,"case_01_api_response.json:rejected, case_02_api_response.json:rejected, case_03_api_response.json:rejected, case_04_api_response.json:rejected","parent_source_ids e source_record_ids presenti, source_unit_ids e locators mancanti nella claim; publication_title assente; source_type assente; graph_node_id assente; graph_evidence_id disponibile separatamente"
CLM-cf53824b662b10f776df,therapeutic,"atomic_intervention_claim","pending_verification",true,"EML4::ALK Fusion AND ALK V1180L","Lung Non-small Cell Carcinoma","alectinib hydrochloride","resistance",GEP-cb149668c4e60f426f2d,"evidence:1286","evidence:1286#row-000",,,"evidence:1286",,PUBMED:25228534,,,,,,,,PARENT_ONLY,PRESENT,MISSING,MISSING,PRESENT,MISSING,PARENT_TO_SOURCE_UNIT,DATA_PRESENT_BUT_NOT_PROPAGATED,MEDIUM,"case_01_api_response.json:rejected, case_02_api_response.json:rejected, case_03_api_response.json:rejected, case_04_api_response.json:rejected","parent_source_ids e source_record_ids presenti, source_unit_ids e locators mancanti nella claim; publication_title assente; source_type assente; graph_node_id assente; graph_evidence_id disponibile separatamente"
CLM-d2a8d38b226371178d2a,therapeutic,"atomic_intervention_claim","pending_verification",true,EGFR L858R,"Lung Non-small Cell Carcinoma","canertinib","sensitivity",GEP-bcf6db84350d8b4f4d21,"evidence:2631","evidence:2631#row-000",,,"evidence:2631",,PUBMED:18408761,,,,,,,,PARENT_ONLY,PRESENT,MISSING,MISSING,PRESENT,MISSING,PARENT_TO_SOURCE_UNIT,DATA_PRESENT_BUT_NOT_PROPAGATED,MEDIUM,"case_01_api_response.json:rejected, case_02_api_response.json:rejected, case_03_api_response.json:rejected, case_04_api_response.json:rejected","parent_source_ids e source_record_ids presenti, source_unit_ids e locators mancanti nella claim; publication_title assente; source_type assente; graph_node_id assente; graph_evidence_id disponibile separatamente"
CLM-d3828905e361102a59a0,therapeutic,"atomic_intervention_claim","pending_verification",true,"FGFR2::BICC1 Fusion","Endometrial Cancer","erdafitinib","sensitivity",GEP-e18f5ffb3661b5368bed,"evidence:1920","evidence:1920#row-000",,,"evidence:1920",,PUBMED:26324363,,,,,,,,PARENT_ONLY,PRESENT,MISSING,MISSING,PRESENT,MISSING,PARENT_TO_SOURCE_UNIT,DATA_PRESENT_BUT_NOT_PROPAGATED,MEDIUM,"case_01_api_response.json:rejected, case_02_api_response.json:rejected, case_03_api_response.json:rejected, case_04_api_response.json:rejected","parent_source_ids e source_record_ids presenti, source_unit_ids e locators mancanti nella claim; publication_title assente; source_type assente; graph_node_id assente; graph_evidence_id disponibile separatamente"
CLM-d3951a629938118cac1b,therapeutic,"atomic_intervention_claim","pending_verification",true,"ALK G1269A AND v::ALK Fusion","Cancer","alectinib hydrochloride","resistance",GEP-6af8015847ef87958b28,"evidence:1354","evidence:1354#row-000",,,"evidence:1354",,PUBMED:25727400,,,,,,,,PARENT_ONLY,PRESENT,MISSING,MISSING,PRESENT,MISSING,PARENT_TO_SOURCE_UNIT,DATA_PRESENT_BUT_NOT_PROPAGATED,MEDIUM,"case_01_api_response.json:rejected, case_02_api_response.json:rejected, case_03_api_response.json:rejected, case_04_api_response.json:rejected","parent_source_ids e source_record_ids presenti, source_unit_ids e locators mancanti nella claim; publication_title assente; source_type assente; graph_node_id assente; graph_evidence_id disponibile separatamente"
CLM-d4bee44e07efb6ccca9f,therapeutic,"atomic_intervention_claim","pending_verification",true,"EGFR L858R OR EGFR Exon 19 Deletion","Lung Non-small Cell Carcinoma","osimertinib","sensitivity",GEP-3ac81542eaab9340c7f6,"evidence:12015","evidence:12015#row-001;evidence:12015#row-000",,,"evidence:12015",,PUBMED:37937763,,,,,,,,PARENT_ONLY,PRESENT,MISSING,MISSING,PRESENT,MISSING,PARENT_TO_SOURCE_UNIT,DATA_PRESENT_BUT_NOT_PROPAGATED,MEDIUM,"case_01_api_response.json:rejected, case_02_api_response.json:rejected, case_03_api_response.json:primary, case_04_api_response.json:rejected","parent_source_ids e source_record_ids presenti, source_unit_ids e locators mancanti nella claim; publication_title assente; source_type assente; graph_node_id assente; graph_evidence_id disponibile separatamente"
CLM-d647e4283d6f94402b1d,therapeutic,"atomic_intervention_claim","pending_verification",true,"EGFR::RAD51 Fusion","Lung Adenocarcinoma","osimertinib","sensitivity",GEP-e382cd331b22ff10b423,"evidence:12372","evidence:12372#row-000",,,"evidence:12372",,PUBMED:38525318,,,,,,,,PARENT_ONLY,PRESENT,MISSING,MISSING,PRESENT,MISSING,PARENT_TO_SOURCE_UNIT,DATA_PRESENT_BUT_NOT_PROPAGATED,MEDIUM,"case_01_api_response.json:rejected, case_02_api_response.json:rejected, case_03_api_response.json:rejected, case_04_api_response.json:rejected","parent_source_ids e source_record_ids presenti, source_unit_ids e locators mancanti nella claim; publication_title assente; source_type assente; graph_node_id assente; graph_evidence_id disponibile separatamente"
CLM-d9119121edc4643c966f,therapeutic,"atomic_intervention_claim","pending_verification",true,"EML4::ALK Fusion AND ALK F1245C","Cancer","crizotinib","resistance",GEP-d0a6febb20dde32c8afb,"evidence:1337","evidence:1337#row-000",,,"evidence:1337",,PUBMED:22034911,,,,,,,,PARENT_ONLY,PRESENT,MISSING,MISSING,PRESENT,MISSING,PARENT_TO_SOURCE_UNIT,DATA_PRESENT_BUT_NOT_PROPAGATED,MEDIUM,"case_01_api_response.json:rejected, case_02_api_response.json:rejected, case_03_api_response.json:rejected, case_04_api_response.json:rejected","parent_source_ids e source_record_ids presenti, source_unit_ids e locators mancanti nella claim; publication_title assente; source_type assente; graph_node_id assente; graph_evidence_id disponibile separatamente"
CLM-dce0280ba32faf2db9c9,therapeutic,"atomic_intervention_claim","pending_verification",true,"FGFR2::BICC1 Fusion","Transitional Cell Carcinoma","erdafitinib","sensitivity",GEP-faa9a36f276fb9faaa14,"evidence:1917","evidence:1917#row-000",,,"evidence:1917",,PUBMED:26324363,,,,,,,,PARENT_ONLY,PRESENT,MISSING,MISSING,PRESENT,MISSING,PARENT_TO_SOURCE_UNIT,DATA_PRESENT_BUT_NOT_PROPAGATED,MEDIUM,"case_01_api_response.json:rejected, case_02_api_response.json:rejected, case_03_api_response.json:rejected, case_04_api_response.json:rejected","parent_source_ids e source_record_ids presenti, source_unit_ids e locators mancanti nella claim; publication_title assente; source_type assente; graph_node_id assente; graph_evidence_id disponibile separatamente"
CLM-dd924bc0aac50b2d0eff,therapeutic,"atomic_intervention_claim","pending_verification",true,"EML4::ALK Fusion AND ALK G1202R","Lung Non-small Cell Carcinoma","crizotinib","resistance",GEP-368f6cc25f9988e1ed0d,"evidence:441","evidence:441#row-000;evidence:441#row-001;evidence:441#row-002",,,"evidence:441",,PUBMED:22277784,,,,,,,,PARENT_ONLY,PRESENT,MISSING,MISSING,PRESENT,MISSING,PARENT_TO_SOURCE_UNIT,DATA_PRESENT_BUT_NOT_PROPAGATED,MEDIUM,"case_01_api_response.json:rejected, case_02_api_response.json:rejected, case_03_api_response.json:rejected, case_04_api_response.json:rejected","parent_source_ids e source_record_ids presenti, source_unit_ids e locators mancanti nella claim; publication_title assente; source_type assente; graph_node_id assente; graph_evidence_id disponibile separatamente"
CLM-dda6b2c59b86fba7999a,therapeutic,"atomic_intervention_claim","pending_verification",true,EGFR T790M,"Lung Non-small Cell Carcinoma","osimertinib","sensitivity",GEP-ff5664a3e3ddac86254e,"evidence:965","evidence:965#row-000",,,"evidence:965",,PUBMED:25923549,,,,,,,,PARENT_ONLY,PRESENT,MISSING,MISSING,PRESENT,MISSING,PARENT_TO_SOURCE_UNIT,DATA_PRESENT_BUT_NOT_PROPAGATED,MEDIUM,"case_01_api_response.json:rejected, case_02_api_response.json:rejected, case_03_api_response.json:rejected, case_04_api_response.json:rejected","parent_source_ids e source_record_ids presenti, source_unit_ids e locators mancanti nella claim; publication_title assente; source_type assente; graph_node_id assente; graph_evidence_id disponibile separatamente"
CLM-e021f20401b48e016f8e,therapeutic,"atomic_intervention_claim","pending_verification",true,"EML4::ALK Fusion AND ALK S1206Y","Lung Non-small Cell Carcinoma","crizotinib","resistance",GEP-71c805ed5114df877469,"evidence:443","evidence:443#row-000",,,"evidence:443",,PUBMED:22277784,,,,,,,,PARENT_ONLY,PRESENT,MISSING,MISSING,PRESENT,MISSING,PARENT_TO_SOURCE_UNIT,DATA_PRESENT_BUT_NOT_PROPAGATED,MEDIUM,"case_01_api_response.json:rejected, case_02_api_response.json:rejected, case_03_api_response.json:rejected, case_04_api_response.json:rejected","parent_source_ids e source_record_ids presenti, source_unit_ids e locators mancanti nella claim; publication_title assente; source_type assente; graph_node_id assente; graph_evidence_id disponibile separatamente"
CLM-e13e6bfa052b0b6f49fe,therapeutic,"atomic_intervention_claim","pending_verification",true,EGFR L858R,"Lung Non-small Cell Carcinoma","erlotinib","sensitivity",GEP-a62fb48f9e5ea9e617ab,"evidence:2994","evidence:2994#row-000",,,"evidence:2994",,PUBMED:24868098,,,,,,,,PARENT_ONLY,PRESENT,MISSING,MISSING,PRESENT,MISSING,PARENT_TO_SOURCE_UNIT,DATA_PRESENT_BUT_NOT_PROPAGATED,MEDIUM,"case_01_api_response.json:rejected, case_02_api_response.json:rejected, case_03_api_response.json:rejected, case_04_api_response.json:rejected","parent_source_ids e source_record_ids presenti, source_unit_ids e locators mancanti nella claim; publication_title assente; source_type assente; graph_node_id assente; graph_evidence_id disponibile separatamente"
CLM-e5528b1323d1f69569d3,therapeutic,"atomic_intervention_claim","pending_verification",true,"FGFR2 Amplification","Stomach Carcinoma","fexagratinib","sensitivity",GEP-43cf482af7ce59bf76be,"evidence:1990","evidence:1990#row-000",,,"evidence:1990",,PUBMED:27179038,,,,,,,,PARENT_ONLY,PRESENT,MISSING,MISSING,PRESENT,MISSING,PARENT_TO_SOURCE_UNIT,DATA_PRESENT_BUT_NOT_PROPAGATED,MEDIUM,"case_01_api_response.json:rejected, case_02_api_response.json:rejected, case_03_api_response.json:rejected, case_04_api_response.json:rejected","parent_source_ids e source_record_ids presenti, source_unit_ids e locators mancanti nella claim; publication_title assente; source_type assente; graph_node_id assente; graph_evidence_id disponibile separatamente"
CLM-e565f65d73cb1d4aa67b,therapeutic,"atomic_intervention_claim","pending_verification",true,EGFR L858R,"Lung Adenocarcinoma","gefitinib","sensitivity",GEP-5f6e4a0e89277128ca53,"evidence:2624","evidence:2624#row-000",,,"evidence:2624",,PUBMED:15329413,,,,,,,,PARENT_ONLY,PRESENT,MISSING,MISSING,PRESENT,MISSING,PARENT_TO_SOURCE_UNIT,DATA_PRESENT_BUT_NOT_PROPAGATED,MEDIUM,"case_01_api_response.json:rejected, case_02_api_response.json:rejected, case_03_api_response.json:rejected, case_04_api_response.json:rejected","parent_source_ids e source_record_ids presenti, source_unit_ids e locators mancanti nella claim; publication_title assente; source_type assente; graph_node_id assente; graph_evidence_id disponibile separatamente"
CLM-e6efb45289099d321caa,therapeutic,"atomic_intervention_claim","pending_verification",true,"FGFR2::v Fusion OR FGFR2::? Fusion","Cholangiocarcinoma","infigratinib","sensitivity",GEP-dda6fc17af6c5d08a7bc,"evidence:11230","evidence:11230#row-000",,,"evidence:11230",,PUBMED:34358484,,,,,,,,PARENT_ONLY,PRESENT,MISSING,MISSING,PRESENT,MISSING,PARENT_TO_SOURCE_UNIT,DATA_PRESENT_BUT_NOT_PROPAGATED,MEDIUM,"case_01_api_response.json:rejected, case_02_api_response.json:rejected, case_03_api_response.json:rejected, case_04_api_response.json:rejected","parent_source_ids e source_record_ids presenti, source_unit_ids e locators mancanti nella claim; publication_title assente; source_type assente; graph_node_id assente; graph_evidence_id disponibile separatamente"
CLM-e7f967d807f506a1c878,therapeutic,"atomic_intervention_claim","pending_verification",true,"EML4::ALK Fusion AND ALK T1151dup","Lung Non-small Cell Carcinoma","alk inhibitor tae684","resistance",GEP-6f5a58965d243edafab8,"evidence:1348","evidence:1348#row-000",,,"evidence:1348",,PUBMED:22277784,,,,,,,,PARENT_ONLY,PRESENT,MISSING,MISSING,PRESENT,MISSING,PARENT_TO_SOURCE_UNIT,DATA_PRESENT_BUT_NOT_PROPAGATED,MEDIUM,"case_01_api_response.json:rejected, case_02_api_response.json:rejected, case_03_api_response.json:rejected, case_04_api_response.json:rejected","parent_source_ids e source_record_ids presenti, source_unit_ids e locators mancanti nella claim; publication_title assente; source_type assente; graph_node_id assente; graph_evidence_id disponibile separatamente"
CLM-ea3f6c4227ec08639404,therapeutic,"atomic_intervention_claim","pending_verification",true,"FGFR1 Amplification","Breast Cancer","futibatinib","sensitivity",GEP-99522d95c50b5b1d129b,"evidence:12547","evidence:12547#row-000",,,"evidence:12547",,PUBMED:32973082,,,,,,,,PARENT_ONLY,PRESENT,MISSING,MISSING,PRESENT,MISSING,PARENT_TO_SOURCE_UNIT,DATA_PRESENT_BUT_NOT_PROPAGATED,MEDIUM,"case_01_api_response.json:rejected, case_02_api_response.json:rejected, case_03_api_response.json:rejected, case_04_api_response.json:rejected","parent_source_ids e source_record_ids presenti, source_unit_ids e locators mancanti nella claim; publication_title assente; source_type assente; graph_node_id assente; graph_evidence_id disponibile separatamente"
CLM-eaf9d60d304136d89a18,therapeutic,"atomic_intervention_claim","pending_verification",true,"EML4::ALK Fusion AND ALK L1196M","Lung Non-small Cell Carcinoma","crizotinib","resistance",GEP-3e9eb6aef97b49680cd5,"evidence:442","evidence:442#row-000",,,"evidence:442",,PUBMED:22277784,,,,,,,,PARENT_ONLY,PRESENT,MISSING,MISSING,PRESENT,MISSING,PARENT_TO_SOURCE_UNIT,DATA_PRESENT_BUT_NOT_PROPAGATED,MEDIUM,"case_01_api_response.json:rejected, case_02_api_response.json:rejected, case_03_api_response.json:rejected, case_04_api_response.json:rejected","parent_source_ids e source_record_ids presenti, source_unit_ids e locators mancanti nella claim; publication_title assente; source_type assente; graph_node_id assente; graph_evidence_id disponibile separatamente"
CLM-eba06f8e66bfc2749100,therapeutic,"atomic_intervention_claim","pending_verification",true,EGFR L858R,"Lung Non-small Cell Carcinoma","erlotinib","sensitivity",GEP-0c2855eb16fdd39d1bf3,"evidence:4284","evidence:4284#row-000",,,"evidence:4284",,PUBMED:18408761,,,,,,,,PARENT_ONLY,PRESENT,MISSING,MISSING,PRESENT,MISSING,PARENT_TO_SOURCE_UNIT,DATA_PRESENT_BUT_NOT_PROPAGATED,MEDIUM,"case_01_api_response.json:rejected, case_02_api_response.json:rejected, case_03_api_response.json:rejected, case_04_api_response.json:rejected","parent_source_ids e source_record_ids presenti, source_unit_ids e locators mancanti nella claim; publication_title assente; source_type assente; graph_node_id assente; graph_evidence_id disponibile separatamente"
CLM-f099dc5a29b516efbd00,therapeutic,"atomic_intervention_claim","pending_verification",true,EGFR T790M,"Lung Non-small Cell Carcinoma","osimertinib","sensitivity",GEP-c18730aed0c6c8b684f1,"evidence:967","evidence:967#row-000",,,"evidence:967",,PUBMED:26515464,,,,,,,,PARENT_ONLY,PRESENT,MISSING,MISSING,PRESENT,MISSING,PARENT_TO_SOURCE_UNIT,DATA_PRESENT_BUT_NOT_PROPAGATED,MEDIUM,"case_01_api_response.json:rejected, case_02_api_response.json:rejected, case_03_api_response.json:rejected, case_04_api_response.json:rejected","parent_source_ids e source_record_ids presenti, source_unit_ids e locators mancanti nella claim; publication_title assente; source_type assente; graph_node_id assente; graph_evidence_id disponibile separatamente"
CLM-f1f6b860aca2c8c08690,therapeutic,"atomic_intervention_claim","pending_verification",true,"EML4::ALK Fusion AND ALK L1152R","Lung Non-small Cell Carcinoma","crizotinib","resistance",GEP-24606735c943abd983ed,"evidence:763","evidence:763#row-000",,,"evidence:763",,PUBMED:21791641,,,,,,,,PARENT_ONLY,PRESENT,MISSING,MISSING,PRESENT,MISSING,PARENT_TO_SOURCE_UNIT,DATA_PRESENT_BUT_NOT_PROPAGATED,MEDIUM,"case_01_api_response.json:rejected, case_02_api_response.json:rejected, case_03_api_response.json:rejected, case_04_api_response.json:rejected","parent_source_ids e source_record_ids presenti, source_unit_ids e locators mancanti nella claim; publication_title assente; source_type assente; graph_node_id assente; graph_evidence_id disponibile separatamente"
CLM-f52eacf8dde60d7af27f,therapeutic,"atomic_intervention_claim","pending_verification",true,EGFR L858R,"Lung Non-small Cell Carcinoma","dacomitinib","sensitivity",GEP-1792e41d6c92018e0655,"evidence:2627","evidence:2627#row-000",,,"evidence:2627",,PUBMED:18089823,,,,,,,,PARENT_ONLY,PRESENT,MISSING,MISSING,PRESENT,MISSING,PARENT_TO_SOURCE_UNIT,DATA_PRESENT_BUT_NOT_PROPAGATED,MEDIUM,"case_01_api_response.json:rejected, case_02_api_response.json:rejected, case_03_api_response.json:rejected, case_04_api_response.json:rejected","parent_source_ids e source_record_ids presenti, source_unit_ids e locators mancanti nella claim; publication_title assente; source_type assente; graph_node_id assente; graph_evidence_id disponibile separatamente"
CLM-f540c99392aa5b560a22,therapeutic,"atomic_intervention_claim","pending_verification",true,ALK R1275Q,Neuroblastoma,"alk inhibitor tae684","resistance",GEP-13964328b1a5b9e731f5,"evidence:48","evidence:48#row-000",,,"evidence:48",,PUBMED:18923525,,,,,,,,PARENT_ONLY,PRESENT,MISSING,MISSING,PRESENT,MISSING,PARENT_TO_SOURCE_UNIT,DATA_PRESENT_BUT_NOT_PROPAGATED,MEDIUM,"case_01_api_response.json:rejected, case_02_api_response.json:rejected, case_03_api_response.json:rejected, case_04_api_response.json:rejected","parent_source_ids e source_record_ids presenti, source_unit_ids e locators mancanti nella claim; publication_title assente; source_type assente; graph_node_id assente; graph_evidence_id disponibile separatamente"
CLM-f59008ae6c2098dde866,therapeutic,"atomic_intervention_claim","pending_verification",true,"FGFR2 Mutation","Cholangiocarcinoma","infigratinib","sensitivity",GEP-586455631477c7f4db26,"evidence:1912","evidence:1912#row-000",,,"evidence:1912",,PUBMED:27870574,,,,,,,,PARENT_ONLY,PRESENT,MISSING,MISSING,PRESENT,MISSING,PARENT_TO_SOURCE_UNIT,DATA_PRESENT_BUT_NOT_PROPAGATED,MEDIUM,"case_01_api_response.json:rejected, case_02_api_response.json:rejected, case_03_api_response.json:rejected, case_04_api_response.json:rejected","parent_source_ids e source_record_ids presenti, source_unit_ids e locators mancanti nella claim; publication_title assente; source_type assente; graph_node_id assente; graph_evidence_id disponibile separatamente"
CLM-f62d35819669db1e4d34,therapeutic,"atomic_intervention_claim","pending_verification",true,"EGFR N771_P772insL","Lung Non-small Cell Carcinoma","osimertinib","sensitivity",GEP-5d694207aa090004c6de,"evidence:9221","evidence:9221#row-000",,,"evidence:9221",,PUBMED:31208370,,,,,,,,PARENT_ONLY,PRESENT,MISSING,MISSING,PRESENT,MISSING,PARENT_TO_SOURCE_UNIT,DATA_PRESENT_BUT_NOT_PROPAGATED,MEDIUM,"case_01_api_response.json:rejected, case_02_api_response.json:rejected, case_03_api_response.json:rejected, case_04_api_response.json:rejected","parent_source_ids e source_record_ids presenti, source_unit_ids e locators mancanti nella claim; publication_title assente; source_type assente; graph_node_id assente; graph_evidence_id disponibile separatamente"
CLM-fb324f3b5bad9559e397,therapeutic,"atomic_intervention_claim","pending_verification",true,"EGFR D770_N771insG","Lung Non-small Cell Carcinoma","osimertinib","sensitivity",GEP-036230413f383d8eb6fc,"evidence:9223","evidence:9223#row-000",,,"evidence:9223",,PUBMED:31208370,,,,,,,,PARENT_ONLY,PRESENT,MISSING,MISSING,PRESENT,MISSING,PARENT_TO_SOURCE_UNIT,DATA_PRESENT_BUT_NOT_PROPAGATED,MEDIUM,"case_01_api_response.json:rejected, case_02_api_response.json:rejected, case_03_api_response.json:rejected, case_04_api_response.json:rejected","parent_source_ids e source_record_ids presenti, source_unit_ids e locators mancanti nella claim; publication_title assente; source_type assente; graph_node_id assente; graph_evidence_id disponibile separatamente"
CLM-feddcbb26716bd36627e,therapeutic,"atomic_intervention_claim","pending_verification",true,"ALK G1202R AND v::ALK Fusion","Lung Adenocarcinoma","crizotinib","resistance",GEP-3e0edb526cae21ce0009,"evidence:1357","evidence:1357#row-001;evidence:1357#row-000;evidence:1357#row-002",,,"evidence:1357",,PUBMED:22277784,,,,,,,,PARENT_ONLY,PRESENT,MISSING,MISSING,PRESENT,MISSING,PARENT_TO_SOURCE_UNIT,DATA_PRESENT_BUT_NOT_PROPAGATED,MEDIUM,"case_01_api_response.json:rejected, case_02_api_response.json:rejected, case_03_api_response.json:rejected, case_04_api_response.json:rejected","parent_source_ids e source_record_ids presenti, source_unit_ids e locators mancanti nella claim; publication_title assente; source_type assente; graph_node_id assente; graph_evidence_id disponibile separatamente"
