pmid,source_type,citation_text,asco_abstract_id,year,pubmed_url
16081687,PubMed,"Levine et al., 2005",,2005,https://pubmed.ncbi.nlm.nih.gov/16081687
15146165,PubMed,"Lasota et al., 2004",,2004,https://pubmed.ncbi.nlm.nih.gov/15146165
22490330,PubMed,"Ribeiro et al., 2012",,2012,https://pubmed.ncbi.nlm.nih.gov/22490330
19287384,PubMed,"Kilpivaara et al., 2009",,2009,https://pubmed.ncbi.nlm.nih.gov/19287384
24571676,PubMed,"Andrade et al., 2014",,2014,https://pubmed.ncbi.nlm.nih.gov/24571676
23861977,PubMed,"Tschandl et al., 2013",,2013,https://pubmed.ncbi.nlm.nih.gov/23861977
22081665,PubMed,"LaRochelle et al., 2011",,2011,https://pubmed.ncbi.nlm.nih.gov/22081665
19915144,PubMed,"Emery et al., 2009",,2009,https://pubmed.ncbi.nlm.nih.gov/19915144
23569304,PubMed,"Trunzer et al., 2013",,2013,https://pubmed.ncbi.nlm.nih.gov/23569304
15928335,PubMed,"Corless et al., 2005",,2005,https://pubmed.ncbi.nlm.nih.gov/15928335
16954519,PubMed,"Heinrich et al., 2006",,2006,https://pubmed.ncbi.nlm.nih.gov/16954519
24569458,PubMed,"Imielinski et al., 2014",,2014,https://pubmed.ncbi.nlm.nih.gov/24569458
16709929,PubMed,"Kiladjian et al., 2006",,2006,https://pubmed.ncbi.nlm.nih.gov/16709929
18394554,PubMed,"Wernig et al., 2008",,2008,https://pubmed.ncbi.nlm.nih.gov/18394554
18375819,PubMed,"Banerji et al., 2008",,2008,https://pubmed.ncbi.nlm.nih.gov/18375819
21576590,PubMed,"Soon et al., 2011",,2011,https://pubmed.ncbi.nlm.nih.gov/21576590
21067377,PubMed,"Ley et al., 2010",,2010,https://pubmed.ncbi.nlm.nih.gov/21067377
16384925,PubMed,"Cairoli et al., 2006",,2006,https://pubmed.ncbi.nlm.nih.gov/16384925
24666267,PubMed,"Therkildsen et al., 2014",,2014,https://pubmed.ncbi.nlm.nih.gov/24666267
21166657,PubMed,"Lee et al., 2011",,2011,https://pubmed.ncbi.nlm.nih.gov/21166657
24512939,PubMed,"El Ghannam et al., 2014",,2014,https://pubmed.ncbi.nlm.nih.gov/24512939
21030459,PubMed,"Sasaki et al., 2010",,2010,https://pubmed.ncbi.nlm.nih.gov/21030459
19671763,PubMed,"Woodman et al., 2009",,2009,https://pubmed.ncbi.nlm.nih.gov/19671763
15696205,PubMed,"Pao et al., 2005",,2005,https://pubmed.ncbi.nlm.nih.gov/15696205
20619739,PubMed,"De Roock et al., 2010",,2010,https://pubmed.ncbi.nlm.nih.gov/20619739
21575866,PubMed,"Sakamoto et al., 2011",,2011,https://pubmed.ncbi.nlm.nih.gov/21575866
21948233,PubMed,"Heuckmann et al., 2011",,2011,https://pubmed.ncbi.nlm.nih.gov/21948233
18923525,PubMed,"George et al., 2008",,2008,https://pubmed.ncbi.nlm.nih.gov/18923525
22745105,PubMed,"Heinrich et al., 2012",,2012,https://pubmed.ncbi.nlm.nih.gov/22745105
23632886,PubMed,"Gaidzik et al., 2013",,2013,https://pubmed.ncbi.nlm.nih.gov/23632886
16551858,PubMed,"Wardelmann et al., 2006",,2006,https://pubmed.ncbi.nlm.nih.gov/16551858
15951308,PubMed,"Bowen et al., 2005",,2005,https://pubmed.ncbi.nlm.nih.gov/15951308
16434492,PubMed,"Bacher et al., 2006",,2006,https://pubmed.ncbi.nlm.nih.gov/16434492
23775962,PubMed,"Hodi et al., 2013",,2013,https://pubmed.ncbi.nlm.nih.gov/23775962
22291079,PubMed,"Marcucci et al., 2012",,2012,https://pubmed.ncbi.nlm.nih.gov/22291079
22180178,PubMed,"Jakob et al., 2012",,2012,https://pubmed.ncbi.nlm.nih.gov/22180178
23031422,PubMed,"Ponti et al., 2012",,2012,https://pubmed.ncbi.nlm.nih.gov/23031422
18073307,PubMed,"Elisei et al., 2008",,2008,https://pubmed.ncbi.nlm.nih.gov/18073307
21422803,PubMed,"Coxon et al., 2012",,2012,https://pubmed.ncbi.nlm.nih.gov/21422803
23056499,PubMed,"Couto et al., 2012",,2012,https://pubmed.ncbi.nlm.nih.gov/23056499
9839497,PubMed,"Egawa et al., 1998",,1998,https://pubmed.ncbi.nlm.nih.gov/9839497
21594703,PubMed,"Howell et al., 2011",,2011,https://pubmed.ncbi.nlm.nih.gov/21594703
24570209,PubMed,"Crescenzi et al., 2014",,2014,https://pubmed.ncbi.nlm.nih.gov/24570209
24586605,PubMed,"Meckbach et al., 2014",,2014,https://pubmed.ncbi.nlm.nih.gov/24586605
26184520,PubMed,"Tabernero et al., 2015",,2015,https://pubmed.ncbi.nlm.nih.gov/26184520
24576830,PubMed,"Nissan et al., 2014",,2014,https://pubmed.ncbi.nlm.nih.gov/24576830
24559322,PubMed,"Sartore-Bianchi et al., 2014",,2014,https://pubmed.ncbi.nlm.nih.gov/24559322
23325582,PubMed,"Peeters et al., 2013",,2013,https://pubmed.ncbi.nlm.nih.gov/23325582
19001320,PubMed,"Di Nicolantonio et al., 2008",,2008,https://pubmed.ncbi.nlm.nih.gov/19001320
23524406,PubMed,"Rudin et al., 2013",,2013,https://pubmed.ncbi.nlm.nih.gov/23524406
21098728,PubMed,"Corcoran et al., 2010",,2010,https://pubmed.ncbi.nlm.nih.gov/21098728
23020132,PubMed,"Flaherty et al., 2012",,2012,https://pubmed.ncbi.nlm.nih.gov/23020132
23463675,PubMed,"Ponti et al., 2013",,2013,https://pubmed.ncbi.nlm.nih.gov/23463675
24583796,PubMed,"Menzies et al., 2014",,2014,https://pubmed.ncbi.nlm.nih.gov/24583796
23845441,PubMed,"Rad et al., 2013",,2013,https://pubmed.ncbi.nlm.nih.gov/23845441
23812671,PubMed,"Ji et al., 2013",,2013,https://pubmed.ncbi.nlm.nih.gov/23812671
22180495,PubMed,"Yang et al., 2012",,2012,https://pubmed.ncbi.nlm.nih.gov/22180495
24354346,PubMed,"Walczyk et al., 2014",,2014,https://pubmed.ncbi.nlm.nih.gov/24354346
24594804,PubMed,"Chen et al., 2014",,2014,https://pubmed.ncbi.nlm.nih.gov/24594804
24388723,PubMed,"Nagore et al., 2014",,2014,https://pubmed.ncbi.nlm.nih.gov/24388723
24396464,PubMed,"He et al., 2014",,2014,https://pubmed.ncbi.nlm.nih.gov/24396464
16455956,PubMed,"Thiede et al., 2006",,2006,https://pubmed.ncbi.nlm.nih.gov/16455956
16076867,PubMed,"Schnittger et al., 2005",,2005,https://pubmed.ncbi.nlm.nih.gov/16076867
19357394,PubMed,"Vardiman et al., 2009",,2009,https://pubmed.ncbi.nlm.nih.gov/19357394
17957027,PubMed,"Gale et al., 2008",,2008,https://pubmed.ncbi.nlm.nih.gov/17957027
19059939,PubMed,"Schlenk et al., 2009",,2009,https://pubmed.ncbi.nlm.nih.gov/19059939
19965647,PubMed,"Burnett et al., 2010",,2010,https://pubmed.ncbi.nlm.nih.gov/19965647
22072639,PubMed,"Bresler et al., 2011",,2011,https://pubmed.ncbi.nlm.nih.gov/22072639
15626738,PubMed,"Bagrintseva et al., 2005",,2005,https://pubmed.ncbi.nlm.nih.gov/15626738
18202412,PubMed,"Lièvre et al., 2008",,2008,https://pubmed.ncbi.nlm.nih.gov/18202412
20978259,PubMed,"De Roock et al., 2010",,2010,https://pubmed.ncbi.nlm.nih.gov/20978259
18591546,PubMed,"Virappane et al., 2008",,2008,https://pubmed.ncbi.nlm.nih.gov/18591546
23558953,PubMed,"Wu et al., 2013",,2013,https://pubmed.ncbi.nlm.nih.gov/23558953
22417203,PubMed,"Patel et al., 2012",,2012,https://pubmed.ncbi.nlm.nih.gov/22417203
24797300,PubMed,"Tassara et al., 2014",,2014,https://pubmed.ncbi.nlm.nih.gov/24797300
21719597,PubMed,"Balusu et al., 2011",,2011,https://pubmed.ncbi.nlm.nih.gov/21719597
24927407,PubMed,"Ehninger et al., 2014",,2014,https://pubmed.ncbi.nlm.nih.gov/24927407
15659725,PubMed,"Falini et al., 2005",,2005,https://pubmed.ncbi.nlm.nih.gov/15659725
19966866,PubMed,"Liang et al., 2010",,2010,https://pubmed.ncbi.nlm.nih.gov/19966866
22923433,PubMed,"Iyer et al., 2012",,2012,https://pubmed.ncbi.nlm.nih.gov/22923433
14726504,PubMed,"Fröhling et al., 2004",,2004,https://pubmed.ncbi.nlm.nih.gov/14726504
21537333,PubMed,"Schnittger et al., 2011",,2011,https://pubmed.ncbi.nlm.nih.gov/21537333
20805365,PubMed,"Schnittger et al., 2010",,2010,https://pubmed.ncbi.nlm.nih.gov/20805365
19221039,PubMed,"Gaidzik et al., 2009",,2009,https://pubmed.ncbi.nlm.nih.gov/19221039
18450602,PubMed,"Schlenk et al., 2008",,2008,https://pubmed.ncbi.nlm.nih.gov/18450602
17965322,PubMed,"Bacher et al., 2008",,2008,https://pubmed.ncbi.nlm.nih.gov/17965322
11070098,PubMed,"Esteller et al., 2000",,2000,https://pubmed.ncbi.nlm.nih.gov/11070098
19047294,PubMed,"Büchner et al., 2009",,2009,https://pubmed.ncbi.nlm.nih.gov/19047294
24855211,PubMed,"Linch et al., 2014",,2014,https://pubmed.ncbi.nlm.nih.gov/24855211
22430270,PubMed,"Gaidzik et al., 2012",,2012,https://pubmed.ncbi.nlm.nih.gov/22430270
20026798,PubMed,"Becker et al., 2010",,2010,https://pubmed.ncbi.nlm.nih.gov/20026798
16051734,PubMed,"Döhner et al., 2005",,2005,https://pubmed.ncbi.nlm.nih.gov/16051734
24801015,PubMed,"Port et al., 2014",,2014,https://pubmed.ncbi.nlm.nih.gov/24801015
19587375,PubMed,"Schnittger et al., 2009",,2009,https://pubmed.ncbi.nlm.nih.gov/19587375
24859829,PubMed,"Tian et al., 2014",,2014,https://pubmed.ncbi.nlm.nih.gov/24859829
19536888,PubMed,"Renneville et al., 2009",,2009,https://pubmed.ncbi.nlm.nih.gov/19536888
18559874,PubMed,"Paschka et al., 2008",,2008,https://pubmed.ncbi.nlm.nih.gov/18559874
23346317,PubMed,"Goff, 2013",,2013,https://pubmed.ncbi.nlm.nih.gov/23346317
25212276,PubMed,"Schmidt et al., 2014",,2014,https://pubmed.ncbi.nlm.nih.gov/25212276
11290608,PubMed,"Yamamoto et al., 2001",,2001,https://pubmed.ncbi.nlm.nih.gov/11290608
18794081,PubMed,"Riely et al., 2008",,2008,https://pubmed.ncbi.nlm.nih.gov/18794081
14612939,PubMed,"Oshimo et al., 2003",,2003,https://pubmed.ncbi.nlm.nih.gov/14612939
20537386,PubMed,"An et al., 2010",,2010,https://pubmed.ncbi.nlm.nih.gov/20537386
15961768,PubMed,"Arnold et al., 2005",,2005,https://pubmed.ncbi.nlm.nih.gov/15961768
20376086,PubMed,"Ho et al., 2010",,2010,https://pubmed.ncbi.nlm.nih.gov/20376086
20538800,PubMed,"Abbas et al., 2010",,2010,https://pubmed.ncbi.nlm.nih.gov/20538800
10485475,PubMed,"Taniguchi et al., 1999",,1999,https://pubmed.ncbi.nlm.nih.gov/10485475
23014527,PubMed,"Dogan et al., 2012",,2012,https://pubmed.ncbi.nlm.nih.gov/23014527
24736073,PubMed,"Lim et al., 2014",,2014,https://pubmed.ncbi.nlm.nih.gov/24736073
23888070,PubMed,"Beaver et al., 2013",,2013,https://pubmed.ncbi.nlm.nih.gov/23888070
12476305,PubMed,"Nimmanapalli et al., 2002",,2002,https://pubmed.ncbi.nlm.nih.gov/12476305
15194504,PubMed,"Yamamoto et al., 2004",,2004,https://pubmed.ncbi.nlm.nih.gov/15194504
20979473,PubMed,"Choi et al., 2010",,2010,https://pubmed.ncbi.nlm.nih.gov/20979473
25668228,PubMed,"Denis et al., 2015",,2015,https://pubmed.ncbi.nlm.nih.gov/25668228
15728811,PubMed,"Kobayashi et al., 2005",,2005,https://pubmed.ncbi.nlm.nih.gov/15728811
21430269,PubMed,"Sequist et al., 2011",,2011,https://pubmed.ncbi.nlm.nih.gov/21430269
23220880,PubMed,"Bose et al., 2013",,2013,https://pubmed.ncbi.nlm.nih.gov/23220880
24185512,PubMed,"Toy et al., 2013",,2013,https://pubmed.ncbi.nlm.nih.gov/24185512
22368270,PubMed,"Man et al., 2012",,2012,https://pubmed.ncbi.nlm.nih.gov/22368270
18230792,PubMed,"Zhang et al., 2008",,2008,https://pubmed.ncbi.nlm.nih.gov/18230792
16618717,PubMed,"Lièvre et al., 2006",,2006,https://pubmed.ncbi.nlm.nih.gov/16618717
19794967,PubMed,"Marchetti et al., 2009",,2009,https://pubmed.ncbi.nlm.nih.gov/19794967
19223544,PubMed,"Sartore-Bianchi et al., 2009",,2009,https://pubmed.ncbi.nlm.nih.gov/19223544
23079656,PubMed,"Sawai et al., 2012",,2012,https://pubmed.ncbi.nlm.nih.gov/23079656
25002028,PubMed,"Vora et al., 2014",,2014,https://pubmed.ncbi.nlm.nih.gov/25002028
22328973,PubMed,"Hammerman et al., 2011",,2011,https://pubmed.ncbi.nlm.nih.gov/22328973
16730237,PubMed,"Ji et al., 2006",,2006,https://pubmed.ncbi.nlm.nih.gov/16730237
15118125,PubMed,"Paez et al., 2004",,2004,https://pubmed.ncbi.nlm.nih.gov/15118125
24457318,PubMed,"Fukihara et al., 2014",,2014,https://pubmed.ncbi.nlm.nih.gov/24457318
24636847,PubMed,"Li et al., 2014",,2014,https://pubmed.ncbi.nlm.nih.gov/24636847
24658966,PubMed,"Ai et al., 2014",,2014,https://pubmed.ncbi.nlm.nih.gov/24658966
24185510,PubMed,"Robinson et al., 2013",,2013,https://pubmed.ncbi.nlm.nih.gov/24185510
24550739,PubMed,"Borad et al., 2014",,2014,https://pubmed.ncbi.nlm.nih.gov/24550739
14726387,PubMed,"Smith et al., 2004",,2004,https://pubmed.ncbi.nlm.nih.gov/14726387
12357354,PubMed,"Tse et al., 2002",,2002,https://pubmed.ncbi.nlm.nih.gov/12357354
22541434,PubMed,"Kumar et al., 2012",,2012,https://pubmed.ncbi.nlm.nih.gov/22541434
18421059,PubMed,"Hodi et al., 2008",,2008,https://pubmed.ncbi.nlm.nih.gov/18421059
17372901,PubMed,"Antonescu et al., 2007",,2007,https://pubmed.ncbi.nlm.nih.gov/17372901
16638875,PubMed,"Prenen et al., 2006",,2006,https://pubmed.ncbi.nlm.nih.gov/16638875
19029981,PubMed,"Engelman et al., 2008",,2008,https://pubmed.ncbi.nlm.nih.gov/19029981
15758010,PubMed,"Hegi et al., 2005",,2005,https://pubmed.ncbi.nlm.nih.gov/15758010
21558396,PubMed,"Tanaka et al., 2011",,2011,https://pubmed.ncbi.nlm.nih.gov/21558396
15647370,PubMed,"Kang et al., 2005",,2005,https://pubmed.ncbi.nlm.nih.gov/15647370
8674046,PubMed,"Yoshida et al., 1996",,1996,https://pubmed.ncbi.nlm.nih.gov/8674046
20085938,PubMed,"Courtney et al., 2010",,2010,https://pubmed.ncbi.nlm.nih.gov/20085938
22698404,PubMed,"Jackson et al., 2012",,2012,https://pubmed.ncbi.nlm.nih.gov/22698404
20368538,PubMed,"Wagner et al., 2010",,2010,https://pubmed.ncbi.nlm.nih.gov/20368538
22616558,PubMed,"Zhou et al., 2012",,2012,https://pubmed.ncbi.nlm.nih.gov/22616558
20421455,PubMed,"Thol et al., 2010",,2010,https://pubmed.ncbi.nlm.nih.gov/20421455
21997850,PubMed,"Lin et al., 2012",,2012,https://pubmed.ncbi.nlm.nih.gov/21997850
22033490,PubMed,"Patnaik et al., 2012",,2012,https://pubmed.ncbi.nlm.nih.gov/22033490
12000708,PubMed,"Corless et al., 2002",,2002,https://pubmed.ncbi.nlm.nih.gov/12000708
15217946,PubMed,"Boldrini et al., 2004",,2004,https://pubmed.ncbi.nlm.nih.gov/15217946
19934290,PubMed,"Ogino et al., 2009",,2009,https://pubmed.ncbi.nlm.nih.gov/19934290
11208838,PubMed,"Schiller et al., 2001",,2001,https://pubmed.ncbi.nlm.nih.gov/11208838
23029227,PubMed,"Qian et al., 2012",,2012,https://pubmed.ncbi.nlm.nih.gov/23029227
17070615,PubMed,"Gautschi et al., 2007",,2007,https://pubmed.ncbi.nlm.nih.gov/17070615
22479427,PubMed,"Carico et al., 2012",,2012,https://pubmed.ncbi.nlm.nih.gov/22479427
24662454,PubMed,"Douillard et al., 2014",,2014,https://pubmed.ncbi.nlm.nih.gov/24662454
19933982,PubMed,"Dubbink et al., 2009",,2009,https://pubmed.ncbi.nlm.nih.gov/19933982
20127344,PubMed,"Bleeker et al., 2010",,2010,https://pubmed.ncbi.nlm.nih.gov/20127344
21596855,PubMed,"Green et al., 2011",,2011,https://pubmed.ncbi.nlm.nih.gov/21596855
21995386,PubMed,"Papaemmanuil et al., 2011",,2011,https://pubmed.ncbi.nlm.nih.gov/21995386
16309541,PubMed,"Thomas et al., 2005",,2005,https://pubmed.ncbi.nlm.nih.gov/16309541
17891190,PubMed,"Jares et al., 2007",,2007,https://pubmed.ncbi.nlm.nih.gov/17891190
10547574,PubMed,"Takano et al., 1999",,1999,https://pubmed.ncbi.nlm.nih.gov/10547574
12432043,PubMed,"Keyomarsi et al., 2002",,2002,https://pubmed.ncbi.nlm.nih.gov/12432043
10224221,PubMed,"Donnellan et al., 1999",,1999,https://pubmed.ncbi.nlm.nih.gov/10224221
23111194,PubMed,"Bradly et al., 2012",,2012,https://pubmed.ncbi.nlm.nih.gov/23111194
24623981,PubMed,"Ding et al., 2014",,2014,https://pubmed.ncbi.nlm.nih.gov/24623981
24729716,PubMed,"Li et al., 2014",,2014,https://pubmed.ncbi.nlm.nih.gov/24729716
11585760,PubMed,"Whitman et al., 2001",,2001,https://pubmed.ncbi.nlm.nih.gov/11585760
17940205,PubMed,"Whitman et al., 2008",,2008,https://pubmed.ncbi.nlm.nih.gov/17940205
20494930,PubMed,"Thol et al., 2010",,2010,https://pubmed.ncbi.nlm.nih.gov/20494930
18528420,PubMed,"Chng et al., 2008",,2008,https://pubmed.ncbi.nlm.nih.gov/18528420
15597105,PubMed,"Mascaux et al., 2005",,2005,https://pubmed.ncbi.nlm.nih.gov/15597105
20007775,PubMed,"Westhoff et al., 2009",,2009,https://pubmed.ncbi.nlm.nih.gov/20007775
22357840,PubMed,"Liao et al., 2012",,2012,https://pubmed.ncbi.nlm.nih.gov/22357840
16489069,PubMed,"Olivier et al., 2006",,2006,https://pubmed.ncbi.nlm.nih.gov/16489069
9569050,PubMed,"Berns et al., 1998",,1998,https://pubmed.ncbi.nlm.nih.gov/9569050
23861105,PubMed,"Wu et al., 2013",,2013,https://pubmed.ncbi.nlm.nih.gov/23861105
24186003,PubMed,"Lilljebjörn et al., 2014",,2014,https://pubmed.ncbi.nlm.nih.gov/24186003
24578576,PubMed,"Honeyman et al., 2014",,2014,https://pubmed.ncbi.nlm.nih.gov/24578576
12075054,PubMed,"Rosenwald et al., 2002",,2002,https://pubmed.ncbi.nlm.nih.gov/12075054
18765795,PubMed,"Lenz et al., 2008",,2008,https://pubmed.ncbi.nlm.nih.gov/18765795
21343560,PubMed,"Gaidzik et al., 2011",,2011,https://pubmed.ncbi.nlm.nih.gov/21343560
25670080,PubMed,"Vidal et al., 2015",,2015,https://pubmed.ncbi.nlm.nih.gov/25670080
16818686,PubMed,"Jackman et al., 2006",,2006,https://pubmed.ncbi.nlm.nih.gov/16818686
19157502,PubMed,"Mendiola et al., 2009",,2009,https://pubmed.ncbi.nlm.nih.gov/19157502
19666869,PubMed,"Kosmider et al., 2009",,2009,https://pubmed.ncbi.nlm.nih.gov/19666869
18464292,PubMed,"Patard et al., 2008",,2008,https://pubmed.ncbi.nlm.nih.gov/18464292
23620406,PubMed,"Hakimi et al., 2013",,2013,https://pubmed.ncbi.nlm.nih.gov/23620406
21343549,PubMed,"Metzeler et al., 2011",,2011,https://pubmed.ncbi.nlm.nih.gov/21343549
9207459,PubMed,"Gascoyne et al., 1997",,1997,https://pubmed.ncbi.nlm.nih.gov/9207459
20601954,PubMed,"Nikoloski et al., 2010",,2010,https://pubmed.ncbi.nlm.nih.gov/20601954
21828143,PubMed,"Chou et al., 2011",,2011,https://pubmed.ncbi.nlm.nih.gov/21828143
11793370,PubMed,"Schraml et al., 2002",,2002,https://pubmed.ncbi.nlm.nih.gov/11793370
9552022,PubMed,"de Alava et al., 1998",,1998,https://pubmed.ncbi.nlm.nih.gov/9552022
20081860,PubMed,"Morin et al., 2010",,2010,https://pubmed.ncbi.nlm.nih.gov/20081860
21796119,PubMed,"Morin et al., 2011",,2011,https://pubmed.ncbi.nlm.nih.gov/21796119
24869598,PubMed,"Woyach et al., 2014",,2014,https://pubmed.ncbi.nlm.nih.gov/24869598
24265152,PubMed,"Shi et al., 2014",,2014,https://pubmed.ncbi.nlm.nih.gov/24265152
22277784,PubMed,"Katayama et al., 2012",,2012,https://pubmed.ncbi.nlm.nih.gov/22277784
22440753,PubMed,"Waaler et al., 2012",,2012,https://pubmed.ncbi.nlm.nih.gov/22440753
23539443,PubMed,"Lau et al., 2013",,2013,https://pubmed.ncbi.nlm.nih.gov/23539443
23779130,PubMed,"Joseph et al., 2013",,2013,https://pubmed.ncbi.nlm.nih.gov/23779130
12517791,PubMed,"Hara et al., 2003",,2003,https://pubmed.ncbi.nlm.nih.gov/12517791
25412851,PubMed,"Ohgami et al., 2015",,2015,https://pubmed.ncbi.nlm.nih.gov/25412851
25308295,PubMed,"Shivarov et al., 2015",,2015,https://pubmed.ncbi.nlm.nih.gov/25308295
23960094,PubMed,"Eich et al., 2013",,2013,https://pubmed.ncbi.nlm.nih.gov/23960094
23761041,PubMed,"Riabinska et al., 2013",,2013,https://pubmed.ncbi.nlm.nih.gov/23761041
20739657,PubMed,"Weston et al., 2010",,2010,https://pubmed.ncbi.nlm.nih.gov/20739657
22302096,PubMed,"Sehdev et al., 2012",,2012,https://pubmed.ncbi.nlm.nih.gov/22302096
12559175,PubMed,"Anand et al., 2003",,2003,https://pubmed.ncbi.nlm.nih.gov/12559175
25147369,PubMed,"van Essen et al., 2014",,2014,https://pubmed.ncbi.nlm.nih.gov/25147369
23797736,PubMed,"Sato et al., 2013",,2013,https://pubmed.ncbi.nlm.nih.gov/23797736
23792563,PubMed,"2013, Nature",,2013,https://pubmed.ncbi.nlm.nih.gov/23792563
15630448,PubMed,"Ciampi et al., 2005",,2005,https://pubmed.ncbi.nlm.nih.gov/15630448
23612012,PubMed,"Andrulis et al., 2013",,2013,https://pubmed.ncbi.nlm.nih.gov/23612012
22274685,PubMed,"Bolton et al., 2012",,2012,https://pubmed.ncbi.nlm.nih.gov/22274685
20336784,PubMed,"Nakayama et al., 2010",,2010,https://pubmed.ncbi.nlm.nih.gov/20336784
19304957,PubMed,"Ho et al., 2009",,2009,https://pubmed.ncbi.nlm.nih.gov/19304957
25014773,PubMed,"Matsuo et al., 2014",,2014,https://pubmed.ncbi.nlm.nih.gov/25014773
23341344,PubMed,"Grossmann et al., 2013",,2013,https://pubmed.ncbi.nlm.nih.gov/23341344
20840671,PubMed,"Marx et al., 2010",,2010,https://pubmed.ncbi.nlm.nih.gov/20840671
21730982,PubMed,"Iida et al., 2011",,2011,https://pubmed.ncbi.nlm.nih.gov/21730982
17538160,PubMed,"Temam et al., 2007",,2007,https://pubmed.ncbi.nlm.nih.gov/17538160
16943533,PubMed,"Chung et al., 2006",,2006,https://pubmed.ncbi.nlm.nih.gov/16943533
14583498,PubMed,"Shinojima et al., 2003",,2003,https://pubmed.ncbi.nlm.nih.gov/14583498
23706910,PubMed,"Warren et al., 2013",,2013,https://pubmed.ncbi.nlm.nih.gov/23706910
16254181,PubMed,"Tomlins et al., 2005",,2005,https://pubmed.ncbi.nlm.nih.gov/16254181
20542753,PubMed,"Bodoor et al., 2010",,2010,https://pubmed.ncbi.nlm.nih.gov/20542753
20693978,PubMed,"Jamieson et al., 2010",,2010,https://pubmed.ncbi.nlm.nih.gov/20693978
19228619,PubMed,"Yan et al., 2009",,2009,https://pubmed.ncbi.nlm.nih.gov/19228619
22699455,PubMed,"Krentz et al., 2013",,2013,https://pubmed.ncbi.nlm.nih.gov/22699455
16307017,PubMed,"Krüger et al., 2006",,2006,https://pubmed.ncbi.nlm.nih.gov/16307017
15201427,PubMed,"Ströbel et al., 2004",,2004,https://pubmed.ncbi.nlm.nih.gov/15201427
19901104,PubMed,"van den Bent et al., 2009",,2009,https://pubmed.ncbi.nlm.nih.gov/19901104
23322234,PubMed,"Burandt et al., 2013",,2013,https://pubmed.ncbi.nlm.nih.gov/23322234
22210878,PubMed,"Kridel et al., 2012",,2012,https://pubmed.ncbi.nlm.nih.gov/22210878
21670202,PubMed,"Fabbri et al., 2011",,2011,https://pubmed.ncbi.nlm.nih.gov/21670202
22650231,PubMed,"Fukahori et al., 2012",,2012,https://pubmed.ncbi.nlm.nih.gov/22650231
12727991,PubMed,"Nikiforova et al., 2003",,2003,https://pubmed.ncbi.nlm.nih.gov/12727991
23333114,PubMed,"Kapur et al., 2013",,2013,https://pubmed.ncbi.nlm.nih.gov/23333114
16497822,PubMed,"Dowsett et al., 2006",,2006,https://pubmed.ncbi.nlm.nih.gov/16497822
23280579,PubMed,"Patani et al., 2013",,2013,https://pubmed.ncbi.nlm.nih.gov/23280579
21422407,PubMed,"Bartlett et al., 2011",,2011,https://pubmed.ncbi.nlm.nih.gov/21422407
22292935,PubMed,"Shi et al., 2012",,2012,https://pubmed.ncbi.nlm.nih.gov/22292935
17700571,PubMed,"Yoshimoto et al., 2007",,2007,https://pubmed.ncbi.nlm.nih.gov/17700571
21163703,PubMed,"De Roock et al., 2011",,2011,https://pubmed.ncbi.nlm.nih.gov/21163703
11504908,PubMed,"Neshat et al., 2001",,2001,https://pubmed.ncbi.nlm.nih.gov/11504908
22753902,PubMed,"Mendler et al., 2012",,2012,https://pubmed.ncbi.nlm.nih.gov/22753902
23568491,PubMed,"Wan et al., 2013",,2013,https://pubmed.ncbi.nlm.nih.gov/23568491
19584151,PubMed,"Blackford et al., 2009",,2009,https://pubmed.ncbi.nlm.nih.gov/19584151
24658004,PubMed,"Jelinic et al., 2014",,2014,https://pubmed.ncbi.nlm.nih.gov/24658004
25219713,PubMed,"Diaz et al., 2014",,2014,https://pubmed.ncbi.nlm.nih.gov/25219713
25217772,PubMed,"Griewank et al., 2014",,2014,https://pubmed.ncbi.nlm.nih.gov/25217772
23955565,PubMed,"Nonoguchi et al., 2013",,2013,https://pubmed.ncbi.nlm.nih.gov/23955565
22090360,PubMed,"Skinner et al., 2012",,2012,https://pubmed.ncbi.nlm.nih.gov/22090360
8901856,PubMed,"Koch et al., 1996",,1996,https://pubmed.ncbi.nlm.nih.gov/8901856
19941080,PubMed,"Yamasaki et al., 2010",,2010,https://pubmed.ncbi.nlm.nih.gov/19941080
24836762,PubMed,"Bally et al., 2014",,2014,https://pubmed.ncbi.nlm.nih.gov/24836762
17215851,PubMed,"Chng et al., 2007",,2007,https://pubmed.ncbi.nlm.nih.gov/17215851
11325447,PubMed,"Alsner et al., 2001",,2001,https://pubmed.ncbi.nlm.nih.gov/11325447
21467160,PubMed,"Lindenbergh-van der Plas et al., 2011",,2011,https://pubmed.ncbi.nlm.nih.gov/21467160
19040416,PubMed,"Barletta et al., 2009",,2009,https://pubmed.ncbi.nlm.nih.gov/19040416
11248153,PubMed,"Slamon et al., 2001",,2001,https://pubmed.ncbi.nlm.nih.gov/11248153
15911866,PubMed,"Marty et al., 2005",,2005,https://pubmed.ncbi.nlm.nih.gov/15911866
10617473,PubMed,"Bell et al., 1999",,1999,https://pubmed.ncbi.nlm.nih.gov/10617473
25698061,PubMed,"Graham et al., 2015",,2015,https://pubmed.ncbi.nlm.nih.gov/25698061
24915778,PubMed,"Infante et al., 2014",,2014,https://pubmed.ncbi.nlm.nih.gov/24915778
24240700,PubMed,"Bajrami et al., 2014",,2014,https://pubmed.ncbi.nlm.nih.gov/24240700
24366361,PubMed,"van der Veer et al., 2014",,2014,https://pubmed.ncbi.nlm.nih.gov/24366361
19770381,PubMed,"Martinelli et al., 2009",,2009,https://pubmed.ncbi.nlm.nih.gov/19770381
20445578,PubMed,"Kuiper et al., 2010",,2010,https://pubmed.ncbi.nlm.nih.gov/20445578
26268241,PubMed,"Wang et al., 2015",,2015,https://pubmed.ncbi.nlm.nih.gov/26268241
22215888,PubMed,"Cairns et al., 2012",,2012,https://pubmed.ncbi.nlm.nih.gov/22215888
24740809,PubMed,"Beldjord et al., 2014",,2014,https://pubmed.ncbi.nlm.nih.gov/24740809
23377281,PubMed,"Tzoneva et al., 2013",,2013,https://pubmed.ncbi.nlm.nih.gov/23377281
18818391,PubMed,"Jabbour et al., 2008",,2008,https://pubmed.ncbi.nlm.nih.gov/18818391
24236021,PubMed,"Tanneeru et al., 2013",,2013,https://pubmed.ncbi.nlm.nih.gov/24236021
25349473,PubMed,"Miller et al., 2014",,2014,https://pubmed.ncbi.nlm.nih.gov/25349473
21747090,PubMed,"Hof et al., 2011",,2011,https://pubmed.ncbi.nlm.nih.gov/21747090
12509970,PubMed,"Yamazaki et al., 2003",,2003,https://pubmed.ncbi.nlm.nih.gov/12509970
18227510,PubMed,"Yun et al., 2008",,2008,https://pubmed.ncbi.nlm.nih.gov/18227510
23989949,PubMed,"Seront et al., 2013",,2013,https://pubmed.ncbi.nlm.nih.gov/23989949
24387334,PubMed,"Dillon et al., 2014",,2014,https://pubmed.ncbi.nlm.nih.gov/24387334
25923550,PubMed,"Sequist et al., 2015",,2015,https://pubmed.ncbi.nlm.nih.gov/25923550
26510020,PubMed,"Mateo et al., 2015",,2015,https://pubmed.ncbi.nlm.nih.gov/26510020
25798586,PubMed,"Sheffield et al., 2015",,2015,https://pubmed.ncbi.nlm.nih.gov/25798586
12949711,PubMed,"Hirota et al., 2003",,2003,https://pubmed.ncbi.nlm.nih.gov/12949711
14645423,PubMed,"Heinrich et al., 2003",,2003,https://pubmed.ncbi.nlm.nih.gov/14645423
25024077,PubMed,"Xing et al., 2014",,2014,https://pubmed.ncbi.nlm.nih.gov/25024077
23766237,PubMed,"Liu et al., 2013",,2013,https://pubmed.ncbi.nlm.nih.gov/23766237
19157633,PubMed,"Sun et al., 2009",,2009,https://pubmed.ncbi.nlm.nih.gov/19157633
25010864,PubMed,"Sawers et al., 2014",,2014,https://pubmed.ncbi.nlm.nih.gov/25010864
23188704,PubMed,"Ding et al., 2013",,2013,https://pubmed.ncbi.nlm.nih.gov/23188704
23764753,PubMed,"Zhang et al., 2013",,2013,https://pubmed.ncbi.nlm.nih.gov/23764753
22139083,PubMed,"Ratner et al., 2012",,2012,https://pubmed.ncbi.nlm.nih.gov/22139083
26338418,PubMed,"Somers et al., 2015",,2015,https://pubmed.ncbi.nlm.nih.gov/26338418
21119596,PubMed,"Godshalk et al., 2011",,2011,https://pubmed.ncbi.nlm.nih.gov/21119596
21926398,PubMed,"Crea et al., 2012",,2012,https://pubmed.ncbi.nlm.nih.gov/21926398
18704422,PubMed,"Huang et al., 2009",,2009,https://pubmed.ncbi.nlm.nih.gov/18704422
19922504,PubMed,"Chen et al., 2010",,2010,https://pubmed.ncbi.nlm.nih.gov/19922504
22112610,PubMed,"Tian et al., 2012",,2012,https://pubmed.ncbi.nlm.nih.gov/22112610
22551904,PubMed,"Liao et al., 2012",,2012,https://pubmed.ncbi.nlm.nih.gov/22551904
16875718,PubMed,"Chung et al., 2006",,2006,https://pubmed.ncbi.nlm.nih.gov/16875718
16467099,PubMed,"Gréen et al., 2006",,2006,https://pubmed.ncbi.nlm.nih.gov/16467099
22296372,PubMed,"Yan et al., 2011",,2011,https://pubmed.ncbi.nlm.nih.gov/22296372
19434073,PubMed,"Caronia et al., 2009",,2009,https://pubmed.ncbi.nlm.nih.gov/19434073
19470925,PubMed,"Gandara et al., 2009",,2009,https://pubmed.ncbi.nlm.nih.gov/19470925
20628391,PubMed,"Martinez-Balibrea et al., 2010",,2010,https://pubmed.ncbi.nlm.nih.gov/20628391
22896685,PubMed,"Cowin et al., 2012",,2012,https://pubmed.ncbi.nlm.nih.gov/22896685
21160078,PubMed,"Weiss et al., 2010",,2010,https://pubmed.ncbi.nlm.nih.gov/21160078
24771645,PubMed,"Wynes et al., 2014",,2014,https://pubmed.ncbi.nlm.nih.gov/24771645
23182986,PubMed,"Kim et al., 2013",,2013,https://pubmed.ncbi.nlm.nih.gov/23182986
25086725,PubMed,"Seo et al., 2014",,2014,https://pubmed.ncbi.nlm.nih.gov/25086725
23806793,PubMed,"Tran et al., 2013",,2013,https://pubmed.ncbi.nlm.nih.gov/23806793
25171497,PubMed,"Chang et al., 2014",,2014,https://pubmed.ncbi.nlm.nih.gov/25171497
21666749,PubMed,"Dutt et al., 2011",,2011,https://pubmed.ncbi.nlm.nih.gov/21666749
25433983,PubMed,"Jiang et al., 2015",,2015,https://pubmed.ncbi.nlm.nih.gov/25433983
25264305,PubMed,"Shaw et al., 2014",,2014,https://pubmed.ncbi.nlm.nih.gov/25264305
22389872,PubMed,"Catenacci et al., 2011",,2011,https://pubmed.ncbi.nlm.nih.gov/22389872
19470935,PubMed,"Zighelboim et al., 2009",,2009,https://pubmed.ncbi.nlm.nih.gov/19470935
21048039,PubMed,"Licitra et al., 2011",,2011,https://pubmed.ncbi.nlm.nih.gov/21048039
23265711,PubMed,"Licitra et al., 2013",,2013,https://pubmed.ncbi.nlm.nih.gov/23265711
22056021,PubMed,"Pirker et al., 2012",,2012,https://pubmed.ncbi.nlm.nih.gov/22056021
24577117,PubMed,"Vermorken et al., 2014",,2014,https://pubmed.ncbi.nlm.nih.gov/24577117
24799460,PubMed,"Argiris et al., 2014",,2014,https://pubmed.ncbi.nlm.nih.gov/24799460
23746666,PubMed,"Vermorken et al., 2013",,2013,https://pubmed.ncbi.nlm.nih.gov/23746666
24577089,PubMed,"Pogorzelski et al., 2014",,2014,https://pubmed.ncbi.nlm.nih.gov/24577089
23584301,PubMed,"Gautschi et al., 2013",,2013,https://pubmed.ncbi.nlm.nih.gov/23584301
26561417,PubMed,"Boidot et al., 2016",,2016,https://pubmed.ncbi.nlm.nih.gov/26561417
26544513,PubMed,"Kiessling et al., 2015",,2015,https://pubmed.ncbi.nlm.nih.gov/26544513
26664143,PubMed,"Zhong et al., 2015",,2015,https://pubmed.ncbi.nlm.nih.gov/26664143
26313362,PubMed,"Schmidt et al., 2015",,2015,https://pubmed.ncbi.nlm.nih.gov/26313362
26625204,PubMed,"Darb-Esfahani et al., 2016",,2016,https://pubmed.ncbi.nlm.nih.gov/26625204
26086854,PubMed,"Carbognin et al., 2015",,2015,https://pubmed.ncbi.nlm.nih.gov/26086854
24625776,PubMed,"Wagle et al., 2014",,2014,https://pubmed.ncbi.nlm.nih.gov/24625776
22842582,PubMed,"Grell et al., 2012",,2012,https://pubmed.ncbi.nlm.nih.gov/22842582
24735930,PubMed,"Lassen et al., 2014",,2014,https://pubmed.ncbi.nlm.nih.gov/24735930
26351323,PubMed,"Davies et al., 2015",,2015,https://pubmed.ncbi.nlm.nih.gov/26351323
25398829,PubMed,"Hancox et al., 2015",,2015,https://pubmed.ncbi.nlm.nih.gov/25398829
26490311,PubMed,"Kong et al., 2016",,2016,https://pubmed.ncbi.nlm.nih.gov/26490311
25672916,PubMed,"Hyman et al., 2015",,2015,https://pubmed.ncbi.nlm.nih.gov/25672916
25878190,PubMed,"Moulder et al., 2015",,2015,https://pubmed.ncbi.nlm.nih.gov/25878190
25409150,PubMed,"Juric et al., 2015",,2015,https://pubmed.ncbi.nlm.nih.gov/25409150
22270724,PubMed,"Montagut et al., 2012",,2012,https://pubmed.ncbi.nlm.nih.gov/22270724
26508446,PubMed,"Lupini et al., 2015",,2015,https://pubmed.ncbi.nlm.nih.gov/26508446
26046389,PubMed,"Cheng et al., 2015",,2015,https://pubmed.ncbi.nlm.nih.gov/26046389
23890088,PubMed,"Botton et al., 2013",,2013,https://pubmed.ncbi.nlm.nih.gov/23890088
24345920,PubMed,"Hutchinson et al., 2013",,2013,https://pubmed.ncbi.nlm.nih.gov/24345920
23715574,PubMed,"Bahadoran et al., 2013",,2013,https://pubmed.ncbi.nlm.nih.gov/23715574
25520391,PubMed,"Cushman et al., 2015",,2015,https://pubmed.ncbi.nlm.nih.gov/25520391
26683709,PubMed,"Jiang et al., 2016",,2016,https://pubmed.ncbi.nlm.nih.gov/26683709
26436839,PubMed,"Okoye-Okafor et al., 2015",,2015,https://pubmed.ncbi.nlm.nih.gov/26436839
17463250,PubMed,"Engelman et al., 2007",,2007,https://pubmed.ncbi.nlm.nih.gov/17463250
26596839,PubMed,"Xiang et al., 2016",,2016,https://pubmed.ncbi.nlm.nih.gov/26596839
21623265,PubMed,"Ou et al., 2011",,2011,https://pubmed.ncbi.nlm.nih.gov/21623265
26547802,PubMed,"Togashi et al., 2015",,2015,https://pubmed.ncbi.nlm.nih.gov/26547802
26439803,PubMed,"Park et al., 2015",,2015,https://pubmed.ncbi.nlm.nih.gov/26439803
26130666,PubMed,"Yoo et al., 2016",,2016,https://pubmed.ncbi.nlm.nih.gov/26130666
26466009,PubMed,"Shiver et al., 2015",,2015,https://pubmed.ncbi.nlm.nih.gov/26466009
26686064,PubMed,"Hatem et al., 2016",,2016,https://pubmed.ncbi.nlm.nih.gov/26686064
26617739,PubMed,"Xu et al., 2015",,2015,https://pubmed.ncbi.nlm.nih.gov/26617739
24469055,PubMed,"Berger et al., 2014",,2014,https://pubmed.ncbi.nlm.nih.gov/24469055
26537256,PubMed,"Carter et al., 2015",,2015,https://pubmed.ncbi.nlm.nih.gov/26537256
19726788,PubMed,"Yauch et al., 2009",,2009,https://pubmed.ncbi.nlm.nih.gov/19726788
25759020,PubMed,"Atwood et al., 2015",,2015,https://pubmed.ncbi.nlm.nih.gov/25759020
24651015,PubMed,"Kool et al., 2014",,2014,https://pubmed.ncbi.nlm.nih.gov/24651015
26169613,PubMed,"Robinson et al., 2015",,2015,https://pubmed.ncbi.nlm.nih.gov/26169613
26625312,PubMed,"Pécuchet et al., 2017",,2017,https://pubmed.ncbi.nlm.nih.gov/26625312
26391455,PubMed,"Grossi et al., 2015",,2015,https://pubmed.ncbi.nlm.nih.gov/26391455
26096845,PubMed,"Yu et al., 2015",,2015,https://pubmed.ncbi.nlm.nih.gov/26096845
25557953,PubMed,"Cornella et al., 2015",,2015,https://pubmed.ncbi.nlm.nih.gov/25557953
25370471,PubMed,"Sarker et al., 2015",,2015,https://pubmed.ncbi.nlm.nih.gov/25370471
20530316,PubMed,"Ang et al., 2010",,2010,https://pubmed.ncbi.nlm.nih.gov/20530316
26712222,PubMed,"Rosenthal et al., 2016",,2016,https://pubmed.ncbi.nlm.nih.gov/26712222
18725974,PubMed,"She et al., 2008",,2008,https://pubmed.ncbi.nlm.nih.gov/18725974
20142587,PubMed,"Burstein et al., 2010",,2010,https://pubmed.ncbi.nlm.nih.gov/20142587
24065731,PubMed,"Walter et al., 2013",,2013,https://pubmed.ncbi.nlm.nih.gov/24065731
21791641,PubMed,"Sasaki et al., 2011",,2011,https://pubmed.ncbi.nlm.nih.gov/21791641
22235099,PubMed,"Doebele et al., 2012",,2012,https://pubmed.ncbi.nlm.nih.gov/22235099
23344087,PubMed,"Kim et al., 2013",,2013,https://pubmed.ncbi.nlm.nih.gov/23344087
19718025,PubMed,"Prickett et al., 2009",,2009,https://pubmed.ncbi.nlm.nih.gov/19718025
25242168,PubMed,"Song et al., 2015",,2015,https://pubmed.ncbi.nlm.nih.gov/25242168
16282176,PubMed,"Mellinghoff et al., 2005",,2005,https://pubmed.ncbi.nlm.nih.gov/16282176
26423602,PubMed,"Alshami et al., 2015",,2015,https://pubmed.ncbi.nlm.nih.gov/26423602
25939761,PubMed,"Zahonero et al., 2015",,2015,https://pubmed.ncbi.nlm.nih.gov/25939761
21840482,PubMed,"Wilson et al., 2011",,2011,https://pubmed.ncbi.nlm.nih.gov/21840482
21900593,PubMed,"Yonesaka et al., 2011",,2011,https://pubmed.ncbi.nlm.nih.gov/21900593
20227043,PubMed,"Sheng et al., 2010",,2010,https://pubmed.ncbi.nlm.nih.gov/20227043
23390248,PubMed,"Hegde et al., 2013",,2013,https://pubmed.ncbi.nlm.nih.gov/23390248
9625170,PubMed,"Rubin Grandis et al., 1998",,1998,https://pubmed.ncbi.nlm.nih.gov/9625170
26459251,PubMed,"Jia et al., 2016",,2016,https://pubmed.ncbi.nlm.nih.gov/26459251
24894453,PubMed,"Cho et al., 2014",,2014,https://pubmed.ncbi.nlm.nih.gov/24894453
23374602,PubMed,"Pentheroudakis et al., 2013",,2013,https://pubmed.ncbi.nlm.nih.gov/23374602
26181029,PubMed,"Van Allen et al., 2015",,2015,https://pubmed.ncbi.nlm.nih.gov/26181029
22961667,PubMed,"Ercan et al., 2012",,2012,https://pubmed.ncbi.nlm.nih.gov/22961667
26673008,PubMed,"Shi et al., 2016",,2016,https://pubmed.ncbi.nlm.nih.gov/26673008
24836576,PubMed,"Van Allen et al., 2014",,2014,https://pubmed.ncbi.nlm.nih.gov/24836576
20609353,PubMed,"Puyol et al., 2010",,2010,https://pubmed.ncbi.nlm.nih.gov/20609353
23213094,PubMed,"Choueiri et al., 2013",,2013,https://pubmed.ncbi.nlm.nih.gov/23213094
25971939,PubMed,"Paik et al., 2015",,2015,https://pubmed.ncbi.nlm.nih.gov/25971939
26115874,PubMed,"Ipenburg et al., 2016",,2016,https://pubmed.ncbi.nlm.nih.gov/26115874
26015511,PubMed,"Göke et al., 2015",,2015,https://pubmed.ncbi.nlm.nih.gov/26015511
26637881,PubMed,"Schmidt et al., 2015",,2015,https://pubmed.ncbi.nlm.nih.gov/26637881
21119661,PubMed,"Lamont et al., 2011",,2011,https://pubmed.ncbi.nlm.nih.gov/21119661
25267748,PubMed,"Chung et al., 2014",,2014,https://pubmed.ncbi.nlm.nih.gov/25267748
25883215,PubMed,"Frankum et al., 2015",,2015,https://pubmed.ncbi.nlm.nih.gov/25883215
26623049,PubMed,"Osumi et al., 2015",,2015,https://pubmed.ncbi.nlm.nih.gov/26623049
26267899,PubMed,"Peyser et al., 2015",,2015,https://pubmed.ncbi.nlm.nih.gov/26267899
26261420,PubMed,"Kohli et al., 2015",,2015,https://pubmed.ncbi.nlm.nih.gov/26261420
26162296,PubMed,"Klatte et al., 2015",,2015,https://pubmed.ncbi.nlm.nih.gov/26162296
26152787,PubMed,"Arcaroli et al., 2016",,2016,https://pubmed.ncbi.nlm.nih.gov/26152787
26137564,PubMed,"Mendell et al., 2015",,2015,https://pubmed.ncbi.nlm.nih.gov/26137564
26057002,PubMed,"Liu et al., 2015",,2015,https://pubmed.ncbi.nlm.nih.gov/26057002
26033044,PubMed,"Bachmann et al., 2015",,2015,https://pubmed.ncbi.nlm.nih.gov/26033044
25989278,PubMed,"Rowland et al., 2015",,2015,https://pubmed.ncbi.nlm.nih.gov/25989278
25982282,PubMed,"Peyser et al., 2016",,2016,https://pubmed.ncbi.nlm.nih.gov/25982282
25973082,PubMed,"Tsai et al., 2015",,2015,https://pubmed.ncbi.nlm.nih.gov/25973082
25968887,PubMed,"Stewart et al., 2015",,2015,https://pubmed.ncbi.nlm.nih.gov/25968887
25928036,PubMed,"Xu et al., 2015",,2015,https://pubmed.ncbi.nlm.nih.gov/25928036
25910840,PubMed,"Rapkins et al., 2015",,2015,https://pubmed.ncbi.nlm.nih.gov/25910840
25900183,PubMed,"May et al., 2015",,2015,https://pubmed.ncbi.nlm.nih.gov/25900183
25788273,PubMed,"Aguilera et al., 2015",,2015,https://pubmed.ncbi.nlm.nih.gov/25788273
25762343,PubMed,"Birzele et al., 2015",,2015,https://pubmed.ncbi.nlm.nih.gov/25762343
25677871,PubMed,"Ansell et al., 2016",,2016,https://pubmed.ncbi.nlm.nih.gov/25677871
25668009,PubMed,"Walter et al., 2015",,2015,https://pubmed.ncbi.nlm.nih.gov/25668009
26309414,PubMed,"Zheng et al., 2015",,2015,https://pubmed.ncbi.nlm.nih.gov/26309414
26311741,PubMed,"Kim et al., 2015",,2015,https://pubmed.ncbi.nlm.nih.gov/26311741
26291055,PubMed,"Kang et al., 2015",,2015,https://pubmed.ncbi.nlm.nih.gov/26291055
26502926,PubMed,"Chamizo et al., 2015",,2015,https://pubmed.ncbi.nlm.nih.gov/26502926
26745678,PubMed,"Li et al., 2016",,2016,https://pubmed.ncbi.nlm.nih.gov/26745678
26724472,PubMed,"Zhang et al., 2016",,2016,https://pubmed.ncbi.nlm.nih.gov/26724472
26671993,PubMed,"Bell et al., 2016",,2016,https://pubmed.ncbi.nlm.nih.gov/26671993
23222956,PubMed,"Piazza et al., 2013",,2013,https://pubmed.ncbi.nlm.nih.gov/23222956
26698910,PubMed,"Shaw et al., 2016",,2016,https://pubmed.ncbi.nlm.nih.gov/26698910
21653686,PubMed,"Tinhofer et al., 2011",,2011,https://pubmed.ncbi.nlm.nih.gov/21653686
24740294,PubMed,"Xu et al., 2014",,2014,https://pubmed.ncbi.nlm.nih.gov/24740294
24708484,PubMed,"Sim et al., 2014",,2014,https://pubmed.ncbi.nlm.nih.gov/24708484
24653627,PubMed,"Shen et al., 2014",,2014,https://pubmed.ncbi.nlm.nih.gov/24653627
24587245,PubMed,"Werner et al., 2014",,2014,https://pubmed.ncbi.nlm.nih.gov/24587245
15138475,PubMed,"Stendahl et al., 2004",,2004,https://pubmed.ncbi.nlm.nih.gov/15138475
24367492,PubMed,"Keilty et al., 2013",,2013,https://pubmed.ncbi.nlm.nih.gov/24367492
24356815,PubMed,"Wang et al., 2014",,2014,https://pubmed.ncbi.nlm.nih.gov/24356815
25587029,PubMed,"Zhao et al., 2014",,2014,https://pubmed.ncbi.nlm.nih.gov/25587029
25542901,PubMed,"Meetze et al., 2015",,2015,https://pubmed.ncbi.nlm.nih.gov/25542901
25184630,PubMed,"Antonarakis et al., 2014",,2014,https://pubmed.ncbi.nlm.nih.gov/25184630
25300346,PubMed,"Zhang et al., 2015",,2015,https://pubmed.ncbi.nlm.nih.gov/25300346
25216528,PubMed,"Thomas et al., 2014",,2014,https://pubmed.ncbi.nlm.nih.gov/25216528
25210794,PubMed,"Landmann et al., 2014",,2014,https://pubmed.ncbi.nlm.nih.gov/25210794
25153719,PubMed,"Mohd Nafi et al., 2014",,2014,https://pubmed.ncbi.nlm.nih.gov/25153719
25590338,PubMed,"Canfield et al., 2015",,2015,https://pubmed.ncbi.nlm.nih.gov/25590338
25089570,PubMed,"Tian et al., 2014",,2014,https://pubmed.ncbi.nlm.nih.gov/25089570
25082261,PubMed,"Xu et al., 2014",,2014,https://pubmed.ncbi.nlm.nih.gov/25082261
25081901,PubMed,"Chung et al., 2014",,2014,https://pubmed.ncbi.nlm.nih.gov/25081901
25056119,PubMed,"Watson et al., 2014",,2014,https://pubmed.ncbi.nlm.nih.gov/25056119
24961465,PubMed,"Wu et al., 2014",,2014,https://pubmed.ncbi.nlm.nih.gov/24961465
24957073,PubMed,"Sclafani et al., 2014",,2014,https://pubmed.ncbi.nlm.nih.gov/24957073
24927325,PubMed,"Koppensteiner et al., 2014",,2014,https://pubmed.ncbi.nlm.nih.gov/24927325
24841718,PubMed,"Kubota et al., 2014",,2014,https://pubmed.ncbi.nlm.nih.gov/24841718
23816960,PubMed,"Sequist et al., 2013",,2013,https://pubmed.ncbi.nlm.nih.gov/23816960
25862853,PubMed,"Banno et al., 2015",,2015,https://pubmed.ncbi.nlm.nih.gov/25862853
22452895,PubMed,"Yang et al., 2012",,2012,https://pubmed.ncbi.nlm.nih.gov/22452895
22285168,PubMed,"Rosell et al., 2012",,2012,https://pubmed.ncbi.nlm.nih.gov/22285168
25268372,PubMed,"Schwab et al., 2014",,2014,https://pubmed.ncbi.nlm.nih.gov/25268372
25537159,PubMed,"Rimawi et al., 2015",,2015,https://pubmed.ncbi.nlm.nih.gov/25537159
24256029,PubMed,"Nygård et al., 2014",,2014,https://pubmed.ncbi.nlm.nih.gov/24256029
24239278,PubMed,"Moreno-Galindo et al., 2014",,2014,https://pubmed.ncbi.nlm.nih.gov/24239278
24192513,PubMed,"Schwab et al., 2014",,2014,https://pubmed.ncbi.nlm.nih.gov/24192513
24167368,PubMed,"Hrstka et al., 2013",,2013,https://pubmed.ncbi.nlm.nih.gov/24167368
24166148,PubMed,"Mackay et al., 2014",,2014,https://pubmed.ncbi.nlm.nih.gov/24166148
24146218,PubMed,"Sclafani et al., 2013",,2013,https://pubmed.ncbi.nlm.nih.gov/24146218
24135816,PubMed,"Göke et al., 2013",,2013,https://pubmed.ncbi.nlm.nih.gov/24135816
24097869,PubMed,"Shames et al., 2013",,2013,https://pubmed.ncbi.nlm.nih.gov/24097869
24039832,PubMed,"Baty et al., 2013",,2013,https://pubmed.ncbi.nlm.nih.gov/24039832
24013721,PubMed,"Sánchez-Tilló et al., 2014",,2014,https://pubmed.ncbi.nlm.nih.gov/24013721
23881388,PubMed,"Bjerre et al., 2013",,2013,https://pubmed.ncbi.nlm.nih.gov/23881388
23867504,PubMed,"Al-Aidaroos et al., 2013",,2013,https://pubmed.ncbi.nlm.nih.gov/23867504
23645741,PubMed,"Kasai et al., 2013",,2013,https://pubmed.ncbi.nlm.nih.gov/23645741
23619944,PubMed,"Peled et al., 2013",,2013,https://pubmed.ncbi.nlm.nih.gov/23619944
23579861,PubMed,"Guijarro-Muñoz et al., 2013",,2013,https://pubmed.ncbi.nlm.nih.gov/23579861
23515910,PubMed,"Zhang et al., 2013",,2013,https://pubmed.ncbi.nlm.nih.gov/23515910
21367480,PubMed,"Chen et al., 2011",,2011,https://pubmed.ncbi.nlm.nih.gov/21367480
24782778,PubMed,"Russell et al., 2014",,2014,https://pubmed.ncbi.nlm.nih.gov/24782778
15486187,PubMed,"Durbecq et al., 2004",,2004,https://pubmed.ncbi.nlm.nih.gov/15486187
19648970,PubMed,"Litzow et al., 2010",,2010,https://pubmed.ncbi.nlm.nih.gov/19648970
18794099,PubMed,"Personeni et al., 2008",,2008,https://pubmed.ncbi.nlm.nih.gov/18794099
19775480,PubMed,"Kostopoulos et al., 2009",,2009,https://pubmed.ncbi.nlm.nih.gov/19775480
23506848,PubMed,"Migita et al., 2013",,2013,https://pubmed.ncbi.nlm.nih.gov/23506848
23456958,PubMed,"Thornton et al., 2013",,2013,https://pubmed.ncbi.nlm.nih.gov/23456958
23435830,PubMed,"Wu et al., 2013",,2013,https://pubmed.ncbi.nlm.nih.gov/23435830
23435671,PubMed,"Boeck et al., 2013",,2013,https://pubmed.ncbi.nlm.nih.gov/23435671
23340172,PubMed,"Nishi et al., 2013",,2013,https://pubmed.ncbi.nlm.nih.gov/23340172
23231951,PubMed,"Floris et al., 2013",,2013,https://pubmed.ncbi.nlm.nih.gov/23231951
21576762,PubMed,"Ganguly et al., 2011",,2011,https://pubmed.ncbi.nlm.nih.gov/21576762
23218766,PubMed,"Wang et al., 2013",,2013,https://pubmed.ncbi.nlm.nih.gov/23218766
23060591,PubMed,"Shimizu et al., 2012",,2012,https://pubmed.ncbi.nlm.nih.gov/23060591
22901364,PubMed,"Wang et al., 2012",,2012,https://pubmed.ncbi.nlm.nih.gov/22901364
22682017,PubMed,"Asmane et al., 2012",,2012,https://pubmed.ncbi.nlm.nih.gov/22682017
22623731,PubMed,"McCourt et al., 2012",,2012,https://pubmed.ncbi.nlm.nih.gov/22623731
22596232,PubMed,"Hagiwara et al., 2012",,2012,https://pubmed.ncbi.nlm.nih.gov/22596232
22544540,PubMed,"Zhu et al., 2012",,2012,https://pubmed.ncbi.nlm.nih.gov/22544540
22431701,PubMed,"Ladoire et al., 2012",,2012,https://pubmed.ncbi.nlm.nih.gov/22431701
22422354,PubMed,"Shen et al., 2012",,2012,https://pubmed.ncbi.nlm.nih.gov/22422354
22343617,PubMed,"Yoon et al., 2012",,2012,https://pubmed.ncbi.nlm.nih.gov/22343617
22333600,PubMed,"Shimokawa et al., 2012",,2012,https://pubmed.ncbi.nlm.nih.gov/22333600
22262166,PubMed,"Zhang et al., 2012",,2012,https://pubmed.ncbi.nlm.nih.gov/22262166
22190288,PubMed,"Busacca et al., 2012",,2012,https://pubmed.ncbi.nlm.nih.gov/22190288
22169769,PubMed,"Jing et al., 2012",,2012,https://pubmed.ncbi.nlm.nih.gov/22169769
22025163,PubMed,"Yap et al., 2011",,2011,https://pubmed.ncbi.nlm.nih.gov/22025163
22004109,PubMed,"Schäfer et al., 2012",,2012,https://pubmed.ncbi.nlm.nih.gov/22004109
21964527,PubMed,"Takakuwa et al., 2011",,2011,https://pubmed.ncbi.nlm.nih.gov/21964527
21920589,PubMed,"Carser et al., 2011",,2011,https://pubmed.ncbi.nlm.nih.gov/21920589
21890455,PubMed,"Rosa et al., 2011",,2011,https://pubmed.ncbi.nlm.nih.gov/21890455
21883677,PubMed,"Meng et al., 2011",,2011,https://pubmed.ncbi.nlm.nih.gov/21883677
21642865,PubMed,"Lee et al., 2011",,2011,https://pubmed.ncbi.nlm.nih.gov/21642865
21458988,PubMed,"Mutze et al., 2011",,2011,https://pubmed.ncbi.nlm.nih.gov/21458988
20956938,PubMed,"Dunn et al., 2011",,2011,https://pubmed.ncbi.nlm.nih.gov/20956938
20826716,PubMed,"Dahabreh et al., 2011",,2011,https://pubmed.ncbi.nlm.nih.gov/20826716
20651371,PubMed,"Xie et al., 2010",,2010,https://pubmed.ncbi.nlm.nih.gov/20651371
20088962,PubMed,"Ojima et al., 2010",,2010,https://pubmed.ncbi.nlm.nih.gov/20088962
18593940,PubMed,"O'Brien et al., 2008",,2008,https://pubmed.ncbi.nlm.nih.gov/18593940
18445659,PubMed,"Oguri et al., 2008",,2008,https://pubmed.ncbi.nlm.nih.gov/18445659
17088436,PubMed,"Lorenzi et al., 2006",,2006,https://pubmed.ncbi.nlm.nih.gov/17088436
16707605,PubMed,"Dziadziuszko et al., 2006",,2006,https://pubmed.ncbi.nlm.nih.gov/16707605
16404430,PubMed,"Fujita et al., 2006",,2006,https://pubmed.ncbi.nlm.nih.gov/16404430
26789870,PubMed,"Dalerba et al., 2016",,2016,https://pubmed.ncbi.nlm.nih.gov/26789870
22591296,PubMed,"Koskela et al., 2012",,2012,https://pubmed.ncbi.nlm.nih.gov/22591296
26398480,PubMed,"Wen et al., 2015",,2015,https://pubmed.ncbi.nlm.nih.gov/26398480
22325357,PubMed,"De Grève et al., 2012",,2012,https://pubmed.ncbi.nlm.nih.gov/22325357
19122144,PubMed,"Perera et al., 2009",,2009,https://pubmed.ncbi.nlm.nih.gov/19122144
22418700,PubMed,"Lin et al., 2012",,2012,https://pubmed.ncbi.nlm.nih.gov/22418700
26668065,PubMed,"Huguet et al., 2016",,2016,https://pubmed.ncbi.nlm.nih.gov/26668065
24893891,PubMed,"Cross et al., 2014",,2014,https://pubmed.ncbi.nlm.nih.gov/24893891
25939061,PubMed,"Thress et al., 2015",,2015,https://pubmed.ncbi.nlm.nih.gov/25939061
25923549,PubMed,"Jänne et al., 2015",,2015,https://pubmed.ncbi.nlm.nih.gov/25923549
26720284,PubMed,"Sequist et al., 2016",,2016,https://pubmed.ncbi.nlm.nih.gov/26720284
26515464,PubMed,"Hirano et al., 2015",,2015,https://pubmed.ncbi.nlm.nih.gov/26515464
16454808,PubMed,"Hase et al., 2006",,2006,https://pubmed.ncbi.nlm.nih.gov/16454808
25586468,PubMed,"Schuster et al., 2015",,2015,https://pubmed.ncbi.nlm.nih.gov/25586468
26811533,PubMed,"Lee et al., 2016",,2016,https://pubmed.ncbi.nlm.nih.gov/26811533
26807188,PubMed,"Lin et al., 2015",,2015,https://pubmed.ncbi.nlm.nih.gov/26807188
26771872,PubMed,"Tokito et al., 2016",,2016,https://pubmed.ncbi.nlm.nih.gov/26771872
26765760,PubMed,"Yuan et al., 2016",,2016,https://pubmed.ncbi.nlm.nih.gov/26765760
26722081,PubMed,"Fiala et al., 2016",,2016,https://pubmed.ncbi.nlm.nih.gov/26722081
26716414,PubMed,"Park et al., 2016",,2016,https://pubmed.ncbi.nlm.nih.gov/26716414
23558169,PubMed,"Rohle et al., 2013",,2013,https://pubmed.ncbi.nlm.nih.gov/23558169
24439929,PubMed,"Wu et al., 2014",,2014,https://pubmed.ncbi.nlm.nih.gov/24439929
25589191,PubMed,"Yang et al., 2015",,2015,https://pubmed.ncbi.nlm.nih.gov/25589191
26838030,PubMed,"Qiao et al., 2016",,2016,https://pubmed.ncbi.nlm.nih.gov/26838030
26822383,PubMed,"Johnson et al., 2016",,2016,https://pubmed.ncbi.nlm.nih.gov/26822383
25853747,PubMed,"Treon et al., 2015",,2015,https://pubmed.ncbi.nlm.nih.gov/25853747
26372703,PubMed,"Renaud et al., 2015",,2015,https://pubmed.ncbi.nlm.nih.gov/26372703
25199829,PubMed,"Lamba et al., 2014",,2014,https://pubmed.ncbi.nlm.nih.gov/25199829
24685132,PubMed,"Sun et al., 2014",,2014,https://pubmed.ncbi.nlm.nih.gov/24685132
18946061,PubMed,"Karapetis et al., 2008",,2008,https://pubmed.ncbi.nlm.nih.gov/18946061
24947927,PubMed,"Zimmer et al., 2014",,2014,https://pubmed.ncbi.nlm.nih.gov/24947927
23200175,PubMed,"Jänne et al., 2013",,2013,https://pubmed.ncbi.nlm.nih.gov/23200175
23434733,PubMed,"Weekes et al., 2013",,2013,https://pubmed.ncbi.nlm.nih.gov/23434733
26821351,PubMed,"Kiessling et al., 2016",,2016,https://pubmed.ncbi.nlm.nih.gov/26821351
26725216,PubMed,"Hayes et al., 2016",,2016,https://pubmed.ncbi.nlm.nih.gov/26725216
21985784,PubMed,"Ebi et al., 2011",,2011,https://pubmed.ncbi.nlm.nih.gov/21985784
26678033,PubMed,"Penna et al., 2016",,2016,https://pubmed.ncbi.nlm.nih.gov/26678033
16091755,PubMed,"Xia et al., 2005",,2005,https://pubmed.ncbi.nlm.nih.gov/16091755
22493419,PubMed,"Guarneri et al., 2012",,2012,https://pubmed.ncbi.nlm.nih.gov/22493419
26255196,PubMed,"Zardavas et al., 2015",,2015,https://pubmed.ncbi.nlm.nih.gov/26255196
20124187,PubMed,"Blackwell et al., 2010",,2010,https://pubmed.ncbi.nlm.nih.gov/20124187
26596672,PubMed,"Cortés et al., 2015",,2015,https://pubmed.ncbi.nlm.nih.gov/26596672
26822398,PubMed,"Harbeck et al., 2016",,2016,https://pubmed.ncbi.nlm.nih.gov/26822398
25370464,PubMed,"Ring et al., 2015",,2015,https://pubmed.ncbi.nlm.nih.gov/25370464
22077063,PubMed,"Rossi et al., 2012",,2012,https://pubmed.ncbi.nlm.nih.gov/22077063
26256760,PubMed,"Pastore et al., 2015",,2015,https://pubmed.ncbi.nlm.nih.gov/26256760
26778701,PubMed,"Nitta et al., 2016",,2016,https://pubmed.ncbi.nlm.nih.gov/26778701
26771088,PubMed,"Middeke et al., 2016",,2016,https://pubmed.ncbi.nlm.nih.gov/26771088
24162815,PubMed,"Vaishnavi et al., 2013",,2013,https://pubmed.ncbi.nlm.nih.gov/24162815
26867820,PubMed,"Seligmann et al., 2016",,2016,https://pubmed.ncbi.nlm.nih.gov/26867820
20728210,PubMed,"Bang et al., 2010",,2010,https://pubmed.ncbi.nlm.nih.gov/20728210
24868024,PubMed,"Satoh et al., 2014",,2014,https://pubmed.ncbi.nlm.nih.gov/24868024
18607592,PubMed,"Kalender et al., 2009",,2009,https://pubmed.ncbi.nlm.nih.gov/18607592
16487996,PubMed,"Salvatierra et al., 2006",,2006,https://pubmed.ncbi.nlm.nih.gov/16487996
22180162,PubMed,"Estey, 2012",,2012,https://pubmed.ncbi.nlm.nih.gov/22180162
15922892,PubMed,"Sidhu et al., 2005",,2005,https://pubmed.ncbi.nlm.nih.gov/15922892
25667280,PubMed,"Mazières et al., 2015",,2015,https://pubmed.ncbi.nlm.nih.gov/25667280
26872370,PubMed,"Wang et al., 2016",,2016,https://pubmed.ncbi.nlm.nih.gov/26872370
20363910,PubMed,"Baba et al., 2010",,2010,https://pubmed.ncbi.nlm.nih.gov/20363910
17103226,PubMed,"Shintani et al., 2006",,2006,https://pubmed.ncbi.nlm.nih.gov/17103226
16341243,PubMed,"Thomas et al., 2006",,2006,https://pubmed.ncbi.nlm.nih.gov/16341243
23430109,PubMed,"Smith et al., 2013",,2013,https://pubmed.ncbi.nlm.nih.gov/23430109
19318574,PubMed,"von Bubnoff et al., 2009",,2009,https://pubmed.ncbi.nlm.nih.gov/19318574
22504184,PubMed,"Smith et al., 2012",,2012,https://pubmed.ncbi.nlm.nih.gov/22504184
14679114,PubMed,"Gatzemeier et al., 2004",,2004,https://pubmed.ncbi.nlm.nih.gov/14679114
14967075,PubMed,"Lara et al., 2004",,2004,https://pubmed.ncbi.nlm.nih.gov/14967075
26598547,PubMed,"Mazières et al., 2016",,2016,https://pubmed.ncbi.nlm.nih.gov/26598547
25601188,PubMed,"Kinehara et al., 2015",,2015,https://pubmed.ncbi.nlm.nih.gov/25601188
26559459,PubMed,"Li et al., 2015",,2015,https://pubmed.ncbi.nlm.nih.gov/26559459
25899785,PubMed,"Kris et al., 2015",,2015,https://pubmed.ncbi.nlm.nih.gov/25899785
24898067,PubMed,"Cretella et al., 2014",,2014,https://pubmed.ncbi.nlm.nih.gov/24898067
26894977,PubMed,"Kwon et al., 2016",,2016,https://pubmed.ncbi.nlm.nih.gov/26894977
26894859,PubMed,"Schmidt et al., 2016",,2016,https://pubmed.ncbi.nlm.nih.gov/26894859
26894620,PubMed,"Bauer et al., 2017",,2017,https://pubmed.ncbi.nlm.nih.gov/26894620
26888827,PubMed,"Sánchez-Martín et al., 2016",,2016,https://pubmed.ncbi.nlm.nih.gov/26888827
26893853,PubMed,"Li et al., 2016",,2016,https://pubmed.ncbi.nlm.nih.gov/26893853
26893365,PubMed,"Hong et al., 2016",,2016,https://pubmed.ncbi.nlm.nih.gov/26893365
26892177,PubMed,"Yin et al., 2016",,2016,https://pubmed.ncbi.nlm.nih.gov/26892177
26891277,PubMed,"Yu et al., 2016",,2016,https://pubmed.ncbi.nlm.nih.gov/26891277
11607825,PubMed,"Ladanyi, 2001",,2001,https://pubmed.ncbi.nlm.nih.gov/11607825
9428816,PubMed,"Kawai et al., 1998",,1998,https://pubmed.ncbi.nlm.nih.gov/9428816
11122430,PubMed,"Pfeifer et al., 2000",,2000,https://pubmed.ncbi.nlm.nih.gov/11122430
11144931,PubMed,"O'Sullivan et al., 2000",,2000,https://pubmed.ncbi.nlm.nih.gov/11144931
11782370,PubMed,"Ladanyi et al., 2002",,2002,https://pubmed.ncbi.nlm.nih.gov/11782370
10359553,PubMed,"Skytting et al., 1999",,1999,https://pubmed.ncbi.nlm.nih.gov/10359553
22906996,PubMed,"Kim et al., 2012",,2012,https://pubmed.ncbi.nlm.nih.gov/22906996
25693012,PubMed,"Swain et al., 2015",,2015,https://pubmed.ncbi.nlm.nih.gov/25693012
24989892,PubMed,"Norton et al., 2014",,2014,https://pubmed.ncbi.nlm.nih.gov/24989892
24934779,PubMed,"Ganesan et al., 2016",,2016,https://pubmed.ncbi.nlm.nih.gov/24934779
7628753,PubMed,"Diverio et al., 1995",,1995,https://pubmed.ncbi.nlm.nih.gov/7628753
11704842,PubMed,"Degos et al., 2001",,2001,https://pubmed.ncbi.nlm.nih.gov/11704842
23670176,PubMed,"Tomita et al., 2013",,2013,https://pubmed.ncbi.nlm.nih.gov/23670176
21613260,PubMed,"Goto et al., 2011",,2011,https://pubmed.ncbi.nlm.nih.gov/21613260
26729443,PubMed,"Awad et al., 2016",,2016,https://pubmed.ncbi.nlm.nih.gov/26729443
15746676,PubMed,"Santin et al., 2005",,2005,https://pubmed.ncbi.nlm.nih.gov/15746676
18555254,PubMed,"Santin et al., 2008",,2008,https://pubmed.ncbi.nlm.nih.gov/18555254
19840887,PubMed,"Fleming et al., 2010",,2010,https://pubmed.ncbi.nlm.nih.gov/19840887
22550175,PubMed,"Lee et al., 2012",,2012,https://pubmed.ncbi.nlm.nih.gov/22550175
23724914,PubMed,"Awad et al., 2013",,2013,https://pubmed.ncbi.nlm.nih.gov/23724914
25351743,PubMed,"Katayama et al., 2015",,2015,https://pubmed.ncbi.nlm.nih.gov/25351743
26789727,PubMed,"Ivey et al., 2016",,2016,https://pubmed.ncbi.nlm.nih.gov/26789727
26167872,PubMed,"Grebien et al., 2015",,2015,https://pubmed.ncbi.nlm.nih.gov/26167872
15448205,PubMed,"Chen et al., 2004",,2004,https://pubmed.ncbi.nlm.nih.gov/15448205
20179196,PubMed,"Turner et al., 2010",,2010,https://pubmed.ncbi.nlm.nih.gov/20179196
19723655,PubMed,"Antonescu et al., 2009",,2009,https://pubmed.ncbi.nlm.nih.gov/19723655
25295501,PubMed,"Wagle et al., 2014",,2014,https://pubmed.ncbi.nlm.nih.gov/25295501
21461300,PubMed,"Hong et al., 2011",,2011,https://pubmed.ncbi.nlm.nih.gov/21461300
25445424,PubMed,"Baker et al., 2015",,2015,https://pubmed.ncbi.nlm.nih.gov/25445424
24981688,PubMed,"Lucena-Araujo et al., 2014",,2014,https://pubmed.ncbi.nlm.nih.gov/24981688
26874901,PubMed,"Chan et al., 2016",,2016,https://pubmed.ncbi.nlm.nih.gov/26874901
26634247,PubMed,"Seidensaal et al., 2015",,2015,https://pubmed.ncbi.nlm.nih.gov/26634247
23635773,PubMed,"Kostareli et al., 2013",,2013,https://pubmed.ncbi.nlm.nih.gov/23635773
26894380,PubMed,"Xu et al., 2016",,2016,https://pubmed.ncbi.nlm.nih.gov/26894380
26442524,PubMed,"Li et al., 2015",,2015,https://pubmed.ncbi.nlm.nih.gov/26442524
23181703,PubMed,"Tanaka et al., 2012",,2012,https://pubmed.ncbi.nlm.nih.gov/23181703
16236737,PubMed,"Piccart-Gebhart et al., 2005",,2005,https://pubmed.ncbi.nlm.nih.gov/16236737
24137399,PubMed,"Salgado et al., 2013",,2013,https://pubmed.ncbi.nlm.nih.gov/24137399
25789838,PubMed,"Weiler et al., 2015",,2015,https://pubmed.ncbi.nlm.nih.gov/25789838
21663470,PubMed,"Tiacci et al., 2011",,2011,https://pubmed.ncbi.nlm.nih.gov/21663470
19661358,PubMed,"Palmirotta et al., 2009",,2009,https://pubmed.ncbi.nlm.nih.gov/19661358
17192538,PubMed,"Geyer et al., 2006",,2006,https://pubmed.ncbi.nlm.nih.gov/17192538
19289619,PubMed,"von Minckwitz et al., 2009",,2009,https://pubmed.ncbi.nlm.nih.gov/19289619
24899684,PubMed,"Ambrosini et al., 2014",,2014,https://pubmed.ncbi.nlm.nih.gov/24899684
24178622,PubMed,"Jain et al., 2014",,2014,https://pubmed.ncbi.nlm.nih.gov/24178622
24962318,PubMed,"Vu et al., 2014",,2014,https://pubmed.ncbi.nlm.nih.gov/24962318
23828442,PubMed,"Petrelli et al., 2013",,2013,https://pubmed.ncbi.nlm.nih.gov/23828442
23934108,PubMed,"Hatzivassiliou et al., 2013",,2013,https://pubmed.ncbi.nlm.nih.gov/23934108
26125448,PubMed,"Jänne et al., 2015",,2015,https://pubmed.ncbi.nlm.nih.gov/26125448
22425996,PubMed,"Chen et al., 2012",,2012,https://pubmed.ncbi.nlm.nih.gov/22425996
26899019,PubMed,"Ma et al., 2016",,2016,https://pubmed.ncbi.nlm.nih.gov/26899019
26883990,PubMed,"Koyama et al., 2016",,2016,https://pubmed.ncbi.nlm.nih.gov/26883990
25892145,PubMed,"Machiels et al., 2015",,2015,https://pubmed.ncbi.nlm.nih.gov/25892145
26921265,PubMed,"Tabouret et al., 2016",,2016,https://pubmed.ncbi.nlm.nih.gov/26921265
24327581,PubMed,"Tabouret et al., 2014",,2014,https://pubmed.ncbi.nlm.nih.gov/24327581
24793816,PubMed,"Krop et al., 2014",,2014,https://pubmed.ncbi.nlm.nih.gov/24793816
23020162,PubMed,"Verma et al., 2012",,2012,https://pubmed.ncbi.nlm.nih.gov/23020162
26950277,PubMed,"Hoda et al., 2016",,2016,https://pubmed.ncbi.nlm.nih.gov/26950277
26943774,PubMed,"Kimura et al., 2016",,2016,https://pubmed.ncbi.nlm.nih.gov/26943774
24512910,PubMed,"Collura et al., 2014",,2014,https://pubmed.ncbi.nlm.nih.gov/24512910
26956051,PubMed,"Pircher et al., 2016",,2016,https://pubmed.ncbi.nlm.nih.gov/26956051
26918451,PubMed,"Passiglia et al., 2016",,2016,https://pubmed.ncbi.nlm.nih.gov/26918451
26918046,PubMed,"Jiang et al., 2016",,2016,https://pubmed.ncbi.nlm.nih.gov/26918046
26916894,PubMed,"Vivenza et al., 2016",,2016,https://pubmed.ncbi.nlm.nih.gov/26916894
26646755,PubMed,"Koehler et al., 2016",,2016,https://pubmed.ncbi.nlm.nih.gov/26646755
16906227,PubMed,"Engelman et al., 2006",,2006,https://pubmed.ncbi.nlm.nih.gov/16906227
26970723,PubMed,"Fehrenbacher et al., 2016",,2016,https://pubmed.ncbi.nlm.nih.gov/26970723
26739882,PubMed,"Patricelli et al., 2016",,2016,https://pubmed.ncbi.nlm.nih.gov/26739882
26243863,PubMed,"Kavuri et al., 2015",,2015,https://pubmed.ncbi.nlm.nih.gov/26243863
26973324,PubMed,"Kim et al., 2016",,2016,https://pubmed.ncbi.nlm.nih.gov/26973324
26371285,PubMed,"Schirripa et al., 2015",,2015,https://pubmed.ncbi.nlm.nih.gov/26371285
26812186,PubMed,"Rowland et al., 2016",,2016,https://pubmed.ncbi.nlm.nih.gov/26812186
26709701,PubMed,"Chattopadhyay et al., 2015",,2015,https://pubmed.ncbi.nlm.nih.gov/26709701
26881434,PubMed,"Costa-Cabral et al., 2016",,2016,https://pubmed.ncbi.nlm.nih.gov/26881434
26662432,PubMed,"Li et al., 2015",,2015,https://pubmed.ncbi.nlm.nih.gov/26662432
25971938,PubMed,"Frampton et al., 2015",,2015,https://pubmed.ncbi.nlm.nih.gov/25971938
20979469,PubMed,"Kwak et al., 2010",,2010,https://pubmed.ncbi.nlm.nih.gov/20979469
17625570,PubMed,"Soda et al., 2007",,2007,https://pubmed.ncbi.nlm.nih.gov/17625570
18927303,PubMed,"Takeuchi et al., 2008",,2008,https://pubmed.ncbi.nlm.nih.gov/18927303
27004155,PubMed,"Loaiza-Bonilla et al., 2016",,2016,https://pubmed.ncbi.nlm.nih.gov/27004155
18593892,PubMed,"Choi et al., 2008",,2008,https://pubmed.ncbi.nlm.nih.gov/18593892
18451166,PubMed,"McDermott et al., 2008",,2008,https://pubmed.ncbi.nlm.nih.gov/18451166
18594010,PubMed,"Koivunen et al., 2008",,2008,https://pubmed.ncbi.nlm.nih.gov/18594010
22912387,PubMed,"Heuckmann et al., 2012",,2012,https://pubmed.ncbi.nlm.nih.gov/22912387
23724913,PubMed,"Shaw et al., 2013",,2013,https://pubmed.ncbi.nlm.nih.gov/23724913
25470694,PubMed,"Solomon et al., 2014",,2014,https://pubmed.ncbi.nlm.nih.gov/25470694
24478318,PubMed,"Ou et al., 2014",,2014,https://pubmed.ncbi.nlm.nih.gov/24478318
27022118,PubMed,"Solomon et al., 2016",,2016,https://pubmed.ncbi.nlm.nih.gov/27022118
20940188,PubMed,"Sequist et al., 2010",,2010,https://pubmed.ncbi.nlm.nih.gov/20940188
21258415,PubMed,"Normant et al., 2011",,2011,https://pubmed.ncbi.nlm.nih.gov/21258415
27037411,PubMed,"Azuara et al., 2016",,2016,https://pubmed.ncbi.nlm.nih.gov/27037411
27034505,PubMed,"Jennis et al., 2016",,2016,https://pubmed.ncbi.nlm.nih.gov/27034505
26397223,PubMed,"Ambrosini et al., 2015",,2015,https://pubmed.ncbi.nlm.nih.gov/26397223
24938562,PubMed,"Carvajal et al., 2014",,2014,https://pubmed.ncbi.nlm.nih.gov/24938562
27001570,PubMed,"Bouffet et al., 2016",,2016,https://pubmed.ncbi.nlm.nih.gov/27001570
22948721,PubMed,"Modest et al., 2012",,2012,https://pubmed.ncbi.nlm.nih.gov/22948721
23313110,PubMed,"Fiala et al., 2013",,2013,https://pubmed.ncbi.nlm.nih.gov/23313110
22247021,PubMed,"Ihle et al., 2012",,2012,https://pubmed.ncbi.nlm.nih.gov/22247021
21847063,PubMed,"Riely et al., 2011",,2011,https://pubmed.ncbi.nlm.nih.gov/21847063
21862683,PubMed,"Kim et al., 2011",,2011,https://pubmed.ncbi.nlm.nih.gov/21862683
22805291,PubMed,"Infante et al., 2012",,2012,https://pubmed.ncbi.nlm.nih.gov/22805291
16624552,PubMed,"Debiec-Rychter et al., 2006",,2006,https://pubmed.ncbi.nlm.nih.gov/16624552
21690468,PubMed,"Guo et al., 2011",,2011,https://pubmed.ncbi.nlm.nih.gov/21690468
22439647,PubMed,"Rutkowski et al., 2012",,2012,https://pubmed.ncbi.nlm.nih.gov/22439647
22261812,PubMed,"Minor et al., 2012",,2012,https://pubmed.ncbi.nlm.nih.gov/22261812
25542057,PubMed,"Coupe et al., 2015",,2015,https://pubmed.ncbi.nlm.nih.gov/25542057
23414587,PubMed,"Ascierto et al., 2013",,2013,https://pubmed.ncbi.nlm.nih.gov/23414587
22805292,PubMed,"Falchook et al., 2012",,2012,https://pubmed.ncbi.nlm.nih.gov/22805292
25504439,PubMed,"Vujic et al., 2015",,2015,https://pubmed.ncbi.nlm.nih.gov/25504439
23582881,PubMed,"Templeton et al., 2013",,2013,https://pubmed.ncbi.nlm.nih.gov/23582881
23238879,PubMed,"Trédan et al., 2013",,2013,https://pubmed.ncbi.nlm.nih.gov/23238879
22038994,PubMed,"Landreville et al., 2012",,2012,https://pubmed.ncbi.nlm.nih.gov/22038994
25970771,PubMed,"Sacco et al., 2015",,2015,https://pubmed.ncbi.nlm.nih.gov/25970771
26574622,PubMed,"Kim et al., 2016",,2016,https://pubmed.ncbi.nlm.nih.gov/26574622
24670165,PubMed,"Shaw et al., 2014",,2014,https://pubmed.ncbi.nlm.nih.gov/24670165
21415852,PubMed,"Walter et al., 2011",,2011,https://pubmed.ncbi.nlm.nih.gov/21415852
18089725,PubMed,"Christensen et al., 2007",,2007,https://pubmed.ncbi.nlm.nih.gov/18089725
21345110,PubMed,"Gambacorti-Passerini et al., 2011",,2011,https://pubmed.ncbi.nlm.nih.gov/21345110
23598171,PubMed,"Mossé et al., 2013",,2013,https://pubmed.ncbi.nlm.nih.gov/23598171
20979472,PubMed,"Butrynski et al., 2010",,2010,https://pubmed.ncbi.nlm.nih.gov/20979472
25408655,PubMed,"Chung et al., 2014",,2014,https://pubmed.ncbi.nlm.nih.gov/25408655
26179511,PubMed,"Agelopoulos et al., 2015",,2015,https://pubmed.ncbi.nlm.nih.gov/26179511
26917690,PubMed,"Subbiah et al., 2016",,2016,https://pubmed.ncbi.nlm.nih.gov/26917690
26372962,PubMed,"Davare et al., 2015",,2015,https://pubmed.ncbi.nlm.nih.gov/26372962
25733882,PubMed,"Zou et al., 2015",,2015,https://pubmed.ncbi.nlm.nih.gov/25733882
25688157,PubMed,"Song et al., 2015",,2015,https://pubmed.ncbi.nlm.nih.gov/25688157
21494621,PubMed,"Cerchietti et al., 2011",,2011,https://pubmed.ncbi.nlm.nih.gov/21494621
27058230,PubMed,"Barraco et al., 2016",,2016,https://pubmed.ncbi.nlm.nih.gov/27058230
19636007,PubMed,"Laurent et al., 2009",,2009,https://pubmed.ncbi.nlm.nih.gov/19636007
24330038,PubMed,"Wass et al., 2014",,2014,https://pubmed.ncbi.nlm.nih.gov/24330038
26221234,PubMed,"Li et al., 2015",,2015,https://pubmed.ncbi.nlm.nih.gov/26221234
22252991,PubMed,"Sugawara et al., 2012",,2012,https://pubmed.ncbi.nlm.nih.gov/22252991
26732095,PubMed,"Chen et al., 2016",,2016,https://pubmed.ncbi.nlm.nih.gov/26732095
23639470,PubMed,"Seto et al., 2013",,2013,https://pubmed.ncbi.nlm.nih.gov/23639470
26938871,PubMed,"Yoshida et al., 2016",,2016,https://pubmed.ncbi.nlm.nih.gov/26938871
27086918,PubMed,"Chowdhury et al., 2016",,2016,https://pubmed.ncbi.nlm.nih.gov/27086918
27009855,PubMed,"Böger et al., 2016",,2016,https://pubmed.ncbi.nlm.nih.gov/27009855
27019113,PubMed,"Yasuda et al., 2016",,2016,https://pubmed.ncbi.nlm.nih.gov/27019113
27092876,PubMed,"Xie et al., 2016",,2016,https://pubmed.ncbi.nlm.nih.gov/27092876
25153538,PubMed,"Gadgeel et al., 2014",,2014,https://pubmed.ncbi.nlm.nih.gov/25153538
22426421,PubMed,"Ng et al., 2012",,2012,https://pubmed.ncbi.nlm.nih.gov/22426421
26708155,PubMed,"Shaw et al., 2016",,2016,https://pubmed.ncbi.nlm.nih.gov/26708155
25228534,PubMed,"Katayama et al., 2014",,2014,https://pubmed.ncbi.nlm.nih.gov/25228534
25423555,PubMed,"Kamphues et al., 2015",,2015,https://pubmed.ncbi.nlm.nih.gov/25423555
24088390,PubMed,"Stenzinger et al., 2013",,2013,https://pubmed.ncbi.nlm.nih.gov/24088390
20733134,PubMed,"Fischer et al., 2010",,2010,https://pubmed.ncbi.nlm.nih.gov/20733134
27091708,PubMed,"André et al., 2016",,2016,https://pubmed.ncbi.nlm.nih.gov/27091708
22983505,PubMed,"Ogura et al., 2013",,2013,https://pubmed.ncbi.nlm.nih.gov/22983505
27010960,PubMed,"Bournet et al., 2016",,2016,https://pubmed.ncbi.nlm.nih.gov/27010960
24296758,PubMed,"Aisner et al., 2014",,2014,https://pubmed.ncbi.nlm.nih.gov/24296758
17909070,PubMed,"Schmidt et al., 2007",,2007,https://pubmed.ncbi.nlm.nih.gov/17909070
12840112,PubMed,"Matakidou et al., 2003",,2003,https://pubmed.ncbi.nlm.nih.gov/12840112
11535556,PubMed,"Klug et al., 2001",,2001,https://pubmed.ncbi.nlm.nih.gov/11535556
21135251,PubMed,"Villarroel et al., 2011",,2011,https://pubmed.ncbi.nlm.nih.gov/21135251
11751510,PubMed,"Tascilar et al., 2001",,2001,https://pubmed.ncbi.nlm.nih.gov/11751510
16243825,PubMed,"van der Heijden et al., 2005",,2005,https://pubmed.ncbi.nlm.nih.gov/16243825
23835704,PubMed,"Weston et al., 2013",,2013,https://pubmed.ncbi.nlm.nih.gov/23835704
23565280,PubMed,"Rachakonda et al., 2013",,2013,https://pubmed.ncbi.nlm.nih.gov/23565280
22619677,PubMed,"Zhao et al., 2012",,2012,https://pubmed.ncbi.nlm.nih.gov/22619677
24748501,PubMed,"Li et al., 2015",,2015,https://pubmed.ncbi.nlm.nih.gov/24748501
24297342,PubMed,"Gu et al., 2014",,2014,https://pubmed.ncbi.nlm.nih.gov/24297342
19667267,PubMed,"van Erp et al., 2009",,2009,https://pubmed.ncbi.nlm.nih.gov/19667267
18628482,PubMed,"Erkko et al., 2008",,2008,https://pubmed.ncbi.nlm.nih.gov/18628482
24631838,PubMed,"Grabiner et al., 2014",,2014,https://pubmed.ncbi.nlm.nih.gov/24631838
18757403,PubMed,"Byron et al., 2008",,2008,https://pubmed.ncbi.nlm.nih.gov/18757403
11792751,PubMed,"Plath et al., 2002",,2002,https://pubmed.ncbi.nlm.nih.gov/11792751
27177629,PubMed,"Roh et al., 2016",,2016,https://pubmed.ncbi.nlm.nih.gov/27177629
25322874,PubMed,"Hochster et al., 2015",,2015,https://pubmed.ncbi.nlm.nih.gov/25322874
26786851,PubMed,"Wang et al., 2016",,2016,https://pubmed.ncbi.nlm.nih.gov/26786851
25517749,PubMed,"Bresler et al., 2014",,2014,https://pubmed.ncbi.nlm.nih.gov/25517749
26554404,PubMed,"Infarinato et al., 2016",,2016,https://pubmed.ncbi.nlm.nih.gov/26554404
19737969,PubMed,"Lin et al., 2009",,2009,https://pubmed.ncbi.nlm.nih.gov/19737969
27049722,PubMed,"Siaw et al., 2016",,2016,https://pubmed.ncbi.nlm.nih.gov/27049722
22034911,PubMed,"Zhang et al., 2011",,2011,https://pubmed.ncbi.nlm.nih.gov/22034911
26775591,PubMed,"Kodityal et al., 2016",,2016,https://pubmed.ncbi.nlm.nih.gov/26775591
24675041,PubMed,"Friboulet et al., 2014",,2014,https://pubmed.ncbi.nlm.nih.gov/24675041
25727400,PubMed,"Fontana et al., 2015",,2015,https://pubmed.ncbi.nlm.nih.gov/25727400
25855885,PubMed,"Wirtz et al., 2015",,2015,https://pubmed.ncbi.nlm.nih.gov/25855885
23619167,PubMed,"Lui et al., 2013",,2013,https://pubmed.ncbi.nlm.nih.gov/23619167
20368568,PubMed,"Lam et al., 2010",,2010,https://pubmed.ncbi.nlm.nih.gov/20368568
23569312,PubMed,"Dickson et al., 2013",,2013,https://pubmed.ncbi.nlm.nih.gov/23569312
25736571,PubMed,"Ou et al., 2015",,2015,https://pubmed.ncbi.nlm.nih.gov/25736571
16046528,PubMed,"Boissel et al., 2005",,2005,https://pubmed.ncbi.nlm.nih.gov/16046528
19553641,PubMed,"Fong et al., 2009",,2009,https://pubmed.ncbi.nlm.nih.gov/19553641
12777976,PubMed,"Robinson et al., 2003",,2003,https://pubmed.ncbi.nlm.nih.gov/12777976
23898052,PubMed,"Logan et al., 2013",,2013,https://pubmed.ncbi.nlm.nih.gov/23898052
24495407,PubMed,"Young et al., 2014",,2014,https://pubmed.ncbi.nlm.nih.gov/24495407
21278246,PubMed,"Konecny et al., 2011",,2011,https://pubmed.ncbi.nlm.nih.gov/21278246
22031865,PubMed,"Metzeler et al., 2011",,2011,https://pubmed.ncbi.nlm.nih.gov/22031865
23018865,PubMed,"Schnittger et al., 2013",,2013,https://pubmed.ncbi.nlm.nih.gov/23018865
22802530,PubMed,"Utermark et al., 2012",,2012,https://pubmed.ncbi.nlm.nih.gov/22802530
17936563,PubMed,"Berns et al., 2007",,2007,https://pubmed.ncbi.nlm.nih.gov/17936563
20813970,PubMed,"Esteva et al., 2010",,2010,https://pubmed.ncbi.nlm.nih.gov/20813970
25037629,PubMed,"Tefferi et al., 2014",,2014,https://pubmed.ncbi.nlm.nih.gov/25037629
23656643,PubMed,"Maxson et al., 2013",,2013,https://pubmed.ncbi.nlm.nih.gov/23656643
23190221,PubMed,"Cortes et al., 2012",,2012,https://pubmed.ncbi.nlm.nih.gov/23190221
23470965,PubMed,"Yu et al., 2013",,2013,https://pubmed.ncbi.nlm.nih.gov/23470965
25521405,PubMed,"Hellmann et al., 2014",,2014,https://pubmed.ncbi.nlm.nih.gov/25521405
20522446,PubMed,"Masago et al., 2010",,2010,https://pubmed.ncbi.nlm.nih.gov/20522446
26181354,PubMed,"Yu et al., 2015",,2015,https://pubmed.ncbi.nlm.nih.gov/26181354
24508103,PubMed,"McArthur et al., 2014",,2014,https://pubmed.ncbi.nlm.nih.gov/24508103
26989536,PubMed,"Sahadudheen et al., 2016",,2016,https://pubmed.ncbi.nlm.nih.gov/26989536
25550549,PubMed,"Keam et al., 2015",,2015,https://pubmed.ncbi.nlm.nih.gov/25550549
24608574,PubMed,"Fritsch et al., 2014",,2014,https://pubmed.ncbi.nlm.nih.gov/24608574
25673558,PubMed,"Pietrantonio et al., 2015",,2015,https://pubmed.ncbi.nlm.nih.gov/25673558
26460303,PubMed,"Kopetz et al., 2015",,2015,https://pubmed.ncbi.nlm.nih.gov/26460303
22608338,PubMed,"Falchook et al., 2012",,2012,https://pubmed.ncbi.nlm.nih.gov/22608338
22281684,PubMed,"Prahallad et al., 2012",,2012,https://pubmed.ncbi.nlm.nih.gov/22281684
21639808,PubMed,"Chapman et al., 2011",,2011,https://pubmed.ncbi.nlm.nih.gov/21639808
22356324,PubMed,"Sosman et al., 2012",,2012,https://pubmed.ncbi.nlm.nih.gov/22356324
25399551,PubMed,"Robert et al., 2015",,2015,https://pubmed.ncbi.nlm.nih.gov/25399551
19273710,PubMed,"Iacobuzio-Donahue et al., 2009",,2009,https://pubmed.ncbi.nlm.nih.gov/19273710
25589621,PubMed,"Yaeger et al., 2015",,2015,https://pubmed.ncbi.nlm.nih.gov/25589621
24987354,PubMed,"Ali et al., 2014",,2014,https://pubmed.ncbi.nlm.nih.gov/24987354
26392102,PubMed,"Corcoran et al., 2015",,2015,https://pubmed.ncbi.nlm.nih.gov/26392102
25424858,PubMed,"Maguire et al., 2015",,2015,https://pubmed.ncbi.nlm.nih.gov/25424858
21933749,PubMed,"Shaw et al., 2011",,2011,https://pubmed.ncbi.nlm.nih.gov/21933749
27028764,PubMed,"Qiu et al., 2016",,2016,https://pubmed.ncbi.nlm.nih.gov/27028764
25265494,PubMed,"Larkin et al., 2014",,2014,https://pubmed.ncbi.nlm.nih.gov/25265494
25015329,PubMed,"Iurlo et al., 2014",,2014,https://pubmed.ncbi.nlm.nih.gov/25015329
18955458,PubMed,"Heinrich et al., 2008",,2008,https://pubmed.ncbi.nlm.nih.gov/18955458
27069254,PubMed,"Arber et al., 2016",,2016,https://pubmed.ncbi.nlm.nih.gov/27069254
23549875,PubMed,"Coffee et al., 2013",,2013,https://pubmed.ncbi.nlm.nih.gov/23549875
23431193,PubMed,"Posch et al., 2013",,2013,https://pubmed.ncbi.nlm.nih.gov/23431193
27048246,PubMed,"Klempner et al., 2016",,2016,https://pubmed.ncbi.nlm.nih.gov/27048246
23382472,PubMed,"Hurvitz et al., 2013",,2013,https://pubmed.ncbi.nlm.nih.gov/23382472
22149875,PubMed,"Baselga et al., 2012",,2012,https://pubmed.ncbi.nlm.nih.gov/22149875
22257673,PubMed,"Baselga et al., 2012",,2012,https://pubmed.ncbi.nlm.nih.gov/22257673
26370156,PubMed,"Cheng et al., 2015",,2015,https://pubmed.ncbi.nlm.nih.gov/26370156
14504092,PubMed,"Klion et al., 2004",,2004,https://pubmed.ncbi.nlm.nih.gov/14504092
22215748,PubMed,"Bergethon et al., 2012",,2012,https://pubmed.ncbi.nlm.nih.gov/22215748
24875859,PubMed,"Lovly et al., 2014",,2014,https://pubmed.ncbi.nlm.nih.gov/24875859
12660384,PubMed,"Cools et al., 2003",,2003,https://pubmed.ncbi.nlm.nih.gov/12660384
23204226,PubMed,"Chakrabarty et al., 2013",,2013,https://pubmed.ncbi.nlm.nih.gov/23204226
8241511,PubMed,"el Rouby et al., 1993",,1993,https://pubmed.ncbi.nlm.nih.gov/8241511
18689542,PubMed,"Zenz et al., 2008",,2008,https://pubmed.ncbi.nlm.nih.gov/18689542
20697090,PubMed,"Zenz et al., 2010",,2010,https://pubmed.ncbi.nlm.nih.gov/20697090
18829560,PubMed,"Serra et al., 2008",,2008,https://pubmed.ncbi.nlm.nih.gov/18829560
20141835,PubMed,"Heidorn et al., 2010",,2010,https://pubmed.ncbi.nlm.nih.gov/20141835
15324695,PubMed,"Nagata et al., 2004",,2004,https://pubmed.ncbi.nlm.nih.gov/15324695
22798288,PubMed,"Dahlman et al., 2012",,2012,https://pubmed.ncbi.nlm.nih.gov/22798288
26589432,PubMed,"Zumsteg et al., 2016",,2016,https://pubmed.ncbi.nlm.nih.gov/26589432
23171796,PubMed,"Maertens et al., 2013",,2013,https://pubmed.ncbi.nlm.nih.gov/23171796
23288408,PubMed,"Whittaker et al., 2013",,2013,https://pubmed.ncbi.nlm.nih.gov/23288408
18390968,PubMed,"Adjei et al., 2008",,2008,https://pubmed.ncbi.nlm.nih.gov/18390968
22194965,PubMed,"Atefi et al., 2011",,2011,https://pubmed.ncbi.nlm.nih.gov/22194965
24950457,PubMed,"Fedorenko et al., 2014",,2014,https://pubmed.ncbi.nlm.nih.gov/24950457
26546616,PubMed,"Danial et al., 2016",,2016,https://pubmed.ncbi.nlm.nih.gov/26546616
21483000,PubMed,"Gonzalez et al., 2011",,2011,https://pubmed.ncbi.nlm.nih.gov/21483000
23086750,PubMed,"Oscier et al., 2013",,2013,https://pubmed.ncbi.nlm.nih.gov/23086750
14726385,PubMed,"Lozanski et al., 2004",,2004,https://pubmed.ncbi.nlm.nih.gov/14726385
26486786,PubMed,"Verger et al., 2015",,2015,https://pubmed.ncbi.nlm.nih.gov/26486786
25393796,PubMed,"Ou et al., 2014",,2014,https://pubmed.ncbi.nlm.nih.gov/25393796
24943832,PubMed,"Baliakas et al., 2015",,2015,https://pubmed.ncbi.nlm.nih.gov/24943832
23287563,PubMed,"Lin et al., 2013",,2013,https://pubmed.ncbi.nlm.nih.gov/23287563
15790433,PubMed,"Lee et al., 2005",,2005,https://pubmed.ncbi.nlm.nih.gov/15790433
15900596,PubMed,"Oki et al., 2005",,2005,https://pubmed.ncbi.nlm.nih.gov/15900596
26304929,PubMed,"Tiffen et al., 2015",,2015,https://pubmed.ncbi.nlm.nih.gov/26304929
26307133,PubMed,"Wilson et al., 2016",,2016,https://pubmed.ncbi.nlm.nih.gov/26307133
16960151,PubMed,"David et al., 2007",,2007,https://pubmed.ncbi.nlm.nih.gov/16960151
24088382,PubMed,"Li et al., 2013",,2013,https://pubmed.ncbi.nlm.nih.gov/24088382
22294718,PubMed,"Davies et al., 2012",,2012,https://pubmed.ncbi.nlm.nih.gov/22294718
26837699,PubMed,"Nadeu et al., 2016",,2016,https://pubmed.ncbi.nlm.nih.gov/26837699
26124496,PubMed,"Patel et al., 2015",,2015,https://pubmed.ncbi.nlm.nih.gov/26124496
24588908,PubMed,"Thumar et al., 2014",,2014,https://pubmed.ncbi.nlm.nih.gov/24588908
27276561,PubMed,"Papaemmanuil et al., 2016",,2016,https://pubmed.ncbi.nlm.nih.gov/27276561
22658127,PubMed,"Topalian et al., 2012",,2012,https://pubmed.ncbi.nlm.nih.gov/22658127
20696054,PubMed,"Jones et al., 2010",,2010,https://pubmed.ncbi.nlm.nih.gov/20696054
21505136,PubMed,"Welch et al., 2011",,2011,https://pubmed.ncbi.nlm.nih.gov/21505136
25802883,PubMed,"Sekulic et al., 2015",,2015,https://pubmed.ncbi.nlm.nih.gov/25802883
26000489,PubMed,"Robinson et al., 2015",,2015,https://pubmed.ncbi.nlm.nih.gov/26000489
25544636,PubMed,"Schwartz et al., 2015",,2015,https://pubmed.ncbi.nlm.nih.gov/25544636
23569316,PubMed,"Castro et al., 2013",,2013,https://pubmed.ncbi.nlm.nih.gov/23569316
24277854,PubMed,"Liu et al., 2013",,2013,https://pubmed.ncbi.nlm.nih.gov/24277854
27252418,PubMed,"Alves et al., 2016",,2016,https://pubmed.ncbi.nlm.nih.gov/27252418
27181063,PubMed,"Griffith et al., 2016",,2016,https://pubmed.ncbi.nlm.nih.gov/27181063
24240112,PubMed,"Pennington et al., 2014",,2014,https://pubmed.ncbi.nlm.nih.gov/24240112
24504448,PubMed,"Turajlic et al., 2014",,2014,https://pubmed.ncbi.nlm.nih.gov/24504448
20473330,PubMed,"Dean et al., 2010",,2010,https://pubmed.ncbi.nlm.nih.gov/20473330
22383795,PubMed,"Leonard et al., 2012",,2012,https://pubmed.ncbi.nlm.nih.gov/22383795
25524798,PubMed,"Finn et al., 2015",,2015,https://pubmed.ncbi.nlm.nih.gov/25524798
27279227,PubMed,"Rodrik-Outmezguine et al., 2016",,2016,https://pubmed.ncbi.nlm.nih.gov/27279227
26787751,PubMed,"Dolly et al., 2016",,2016,https://pubmed.ncbi.nlm.nih.gov/26787751
27404270,PubMed,"Amaki-Takao et al., 2016",,2016,https://pubmed.ncbi.nlm.nih.gov/27404270
23969938,PubMed,"Baker et al., 2013",,2013,https://pubmed.ncbi.nlm.nih.gov/23969938
27137476,PubMed,"Gaidzik et al., 2016",,2016,https://pubmed.ncbi.nlm.nih.gov/27137476
19874578,PubMed,"Finn et al., 2009",,2009,https://pubmed.ncbi.nlm.nih.gov/19874578
16690963,PubMed,"Marzec et al., 2006",,2006,https://pubmed.ncbi.nlm.nih.gov/16690963
9788599,PubMed,"Starostik et al., 1998",,1998,https://pubmed.ncbi.nlm.nih.gov/9788599
22162573,PubMed,"Chi et al., 2012",,2012,https://pubmed.ncbi.nlm.nih.gov/22162573
21716144,PubMed,"Tanizaki et al., 2011",,2011,https://pubmed.ncbi.nlm.nih.gov/21716144
27433843,PubMed,"Zaretsky et al., 2016",,2016,https://pubmed.ncbi.nlm.nih.gov/27433843
26072686,PubMed,"Menzies et al., 2015",,2015,https://pubmed.ncbi.nlm.nih.gov/26072686
18003960,PubMed,"Jonker et al., 2007",,2007,https://pubmed.ncbi.nlm.nih.gov/18003960
26287849,PubMed,"Hyman et al., 2015",,2015,https://pubmed.ncbi.nlm.nih.gov/26287849
26466010,PubMed,2015,,2015,https://pubmed.ncbi.nlm.nih.gov/26466010
27093365,PubMed,"Nghiem et al., 2016",,2016,https://pubmed.ncbi.nlm.nih.gov/27093365
26352686,PubMed,"Tiacci et al., 2015",,2015,https://pubmed.ncbi.nlm.nih.gov/26352686
26359985,PubMed,"Hugo et al., 2015",,2015,https://pubmed.ncbi.nlm.nih.gov/26359985
24140933,PubMed,"Surriga et al., 2013",,2013,https://pubmed.ncbi.nlm.nih.gov/24140933
23802768,PubMed,"Jubb et al., 2013",,2013,https://pubmed.ncbi.nlm.nih.gov/23802768
27288520,PubMed,"Metzeler et al., 2016",,2016,https://pubmed.ncbi.nlm.nih.gov/27288520
22124213,PubMed,"Metzeler et al., 2012",,2012,https://pubmed.ncbi.nlm.nih.gov/22124213
27325282,PubMed,"Pietrantonio et al., 2016",,2016,https://pubmed.ncbi.nlm.nih.gov/27325282
27226433,PubMed,"Herling et al., 2016",,2016,https://pubmed.ncbi.nlm.nih.gov/27226433
27460442,PubMed,"Brose et al., 2016",,2016,https://pubmed.ncbi.nlm.nih.gov/27460442
26729184,PubMed,"Greig, 2016",,2016,https://pubmed.ncbi.nlm.nih.gov/26729184
26341751,PubMed,"Petrelli et al., 2015",,2015,https://pubmed.ncbi.nlm.nih.gov/26341751
23329234,PubMed,"Fisher et al., 2013",,2013,https://pubmed.ncbi.nlm.nih.gov/23329234
20354191,PubMed,"Michaud et al., 2010",,2010,https://pubmed.ncbi.nlm.nih.gov/20354191
27502722,PubMed,"Pietrantonio et al., 2016",,2016,https://pubmed.ncbi.nlm.nih.gov/27502722
27499916,PubMed,"Angelika Ihle et al., 2016",,2016,https://pubmed.ncbi.nlm.nih.gov/27499916
26787234,PubMed,"Takeda et al., 2016",,2016,https://pubmed.ncbi.nlm.nih.gov/26787234
21383288,PubMed,"Wagle et al., 2011",,2011,https://pubmed.ncbi.nlm.nih.gov/21383288
25766722,PubMed,"Palma et al., 2015",,2015,https://pubmed.ncbi.nlm.nih.gov/25766722
23658459,PubMed,"André et al., 2013",,2013,https://pubmed.ncbi.nlm.nih.gov/23658459
27518686,PubMed,"Zhou et al., 2016",,2016,https://pubmed.ncbi.nlm.nih.gov/27518686
21358673,PubMed,"Weigelt et al., 2011",,2011,https://pubmed.ncbi.nlm.nih.gov/21358673
23674493,PubMed,"Weigelt et al., 2013",,2013,https://pubmed.ncbi.nlm.nih.gov/23674493
23724867,PubMed,"Wolchok et al., 2013",,2013,https://pubmed.ncbi.nlm.nih.gov/23724867
21189378,PubMed,"Klümpen et al., 2011",,2011,https://pubmed.ncbi.nlm.nih.gov/21189378
18281551,PubMed,"Wei et al., 2008",,2008,https://pubmed.ncbi.nlm.nih.gov/18281551
19541609,PubMed,"Shackelford et al., 2009",,2009,https://pubmed.ncbi.nlm.nih.gov/19541609
26027660,PubMed,"Xiao et al., 2015",,2015,https://pubmed.ncbi.nlm.nih.gov/26027660
25982012,PubMed,"Subbiah et al., 2015",,2015,https://pubmed.ncbi.nlm.nih.gov/25982012
27445490,PubMed,"Sun et al., 2016",,2016,https://pubmed.ncbi.nlm.nih.gov/27445490
19706758,PubMed,"Liu et al., 2009",,2009,https://pubmed.ncbi.nlm.nih.gov/19706758
24253377,PubMed,"Okazaki et al., 2014",,2014,https://pubmed.ncbi.nlm.nih.gov/24253377
27020857,PubMed,"Herrera-Abreu et al., 2016",,2016,https://pubmed.ncbi.nlm.nih.gov/27020857
24586741,PubMed,"Jardim et al., 2014",,2014,https://pubmed.ncbi.nlm.nih.gov/24586741
18787170,PubMed,"Mao et al., 2008",,2008,https://pubmed.ncbi.nlm.nih.gov/18787170
27022066,PubMed,"Jones et al., 2016",,2016,https://pubmed.ncbi.nlm.nih.gov/27022066
27414035,PubMed,"Li et al., 2016",,2016,https://pubmed.ncbi.nlm.nih.gov/27414035
26732495,PubMed,"Li et al., 2016",,2016,https://pubmed.ncbi.nlm.nih.gov/26732495
27568520,PubMed,"Xia et al., 2017",,2017,https://pubmed.ncbi.nlm.nih.gov/27568520
26061751,PubMed,"2015, N. Engl. J. Med.",,2015,https://pubmed.ncbi.nlm.nih.gov/26061751
22931316,PubMed,"Treon et al., 2012",,2012,https://pubmed.ncbi.nlm.nih.gov/22931316
25294897,PubMed,"Lim et al., 2014",,2014,https://pubmed.ncbi.nlm.nih.gov/25294897
27029710,PubMed,"Griffith et al., 2016",,2016,https://pubmed.ncbi.nlm.nih.gov/27029710
12237773,PubMed,"Boulay et al., 2002",,2002,https://pubmed.ncbi.nlm.nih.gov/12237773
26428308,PubMed,"Tabouret et al., 2015",,2015,https://pubmed.ncbi.nlm.nih.gov/26428308
25121551,PubMed,"Liu et al., 2014",,2014,https://pubmed.ncbi.nlm.nih.gov/25121551
23904111,PubMed,"Wiestler et al., 2013",,2013,https://pubmed.ncbi.nlm.nih.gov/23904111
26936505,PubMed,"Koschmann et al., 2016",,2016,https://pubmed.ncbi.nlm.nih.gov/26936505
24496303,PubMed,"Tefferi et al., 2014",,2014,https://pubmed.ncbi.nlm.nih.gov/24496303
27209210,PubMed,"Mignogna et al., 2016",,2016,https://pubmed.ncbi.nlm.nih.gov/27209210
26845194,PubMed,"Shea et al., 2016",,2016,https://pubmed.ncbi.nlm.nih.gov/26845194
27343442,PubMed,"Heist et al., 2016",,2016,https://pubmed.ncbi.nlm.nih.gov/27343442
25924824,PubMed,"Tamotsu et al., 2015",,2015,https://pubmed.ncbi.nlm.nih.gov/25924824
25502557,PubMed,"Rihani et al., 2014",,2014,https://pubmed.ncbi.nlm.nih.gov/25502557
27172793,PubMed,"Hsieh et al., 2016",,2016,https://pubmed.ncbi.nlm.nih.gov/27172793
27153245,PubMed,"Lee et al., 2016",,2016,https://pubmed.ncbi.nlm.nih.gov/27153245
26207647,PubMed,"Jiang et al., 2015",,2015,https://pubmed.ncbi.nlm.nih.gov/26207647
25544710,PubMed,"Qi et al., 2015",,2015,https://pubmed.ncbi.nlm.nih.gov/25544710
27500726,PubMed,"Shen et al., 2016",,2016,https://pubmed.ncbi.nlm.nih.gov/27500726
26324360,PubMed,"Grisham et al., 2015",,2015,https://pubmed.ncbi.nlm.nih.gov/26324360
26314551,PubMed,"Ross et al., 2016",,2016,https://pubmed.ncbi.nlm.nih.gov/26314551
24422672,PubMed,"Subbiah et al., 2014",,2014,https://pubmed.ncbi.nlm.nih.gov/24422672
18509184,PubMed,"Yang et al., 2008",,2008,https://pubmed.ncbi.nlm.nih.gov/18509184
27304188,PubMed,"Belchis et al., 2016",,2016,https://pubmed.ncbi.nlm.nih.gov/27304188
24112705,PubMed,"Wagenaar et al., 2014",,2014,https://pubmed.ncbi.nlm.nih.gov/24112705
25515853,PubMed,"Hoogstraat et al., 2015",,2015,https://pubmed.ncbi.nlm.nih.gov/25515853
23881929,PubMed,"Choueiri et al., 2013",,2013,https://pubmed.ncbi.nlm.nih.gov/23881929
26740259,PubMed,"Harter et al., 2016",,2016,https://pubmed.ncbi.nlm.nih.gov/26740259
25218906,PubMed,"Liu et al., 2014",,2014,https://pubmed.ncbi.nlm.nih.gov/25218906
18951446,PubMed,"Plon et al., 2008",,2008,https://pubmed.ncbi.nlm.nih.gov/18951446
27313181,PubMed,"Rokutan et al., 2016",,2016,https://pubmed.ncbi.nlm.nih.gov/27313181
25847936,PubMed,"Isakoff et al., 2015",,2015,https://pubmed.ncbi.nlm.nih.gov/25847936
22586653,PubMed,"Bertotti et al., 2011",,2011,https://pubmed.ncbi.nlm.nih.gov/22586653
23348520,PubMed,"Martin et al., 2013",,2013,https://pubmed.ncbi.nlm.nih.gov/23348520
27108243,PubMed,"Sartore-Bianchi et al., 2016",,2016,https://pubmed.ncbi.nlm.nih.gov/27108243
25922291,PubMed,"Le et al., 2015",,2015,https://pubmed.ncbi.nlm.nih.gov/25922291
25692060,PubMed,"Barth et al., 2015",,2015,https://pubmed.ncbi.nlm.nih.gov/25692060
25636205,PubMed,"Groenendijk et al., 2016",,2016,https://pubmed.ncbi.nlm.nih.gov/25636205
25625803,PubMed,"Kasaian et al., 2015",,2015,https://pubmed.ncbi.nlm.nih.gov/25625803
25303977,PubMed,"Pickering et al., 2014",,2014,https://pubmed.ncbi.nlm.nih.gov/25303977
25186949,PubMed,"Crompton et al., 2014",,2014,https://pubmed.ncbi.nlm.nih.gov/25186949
24997557,PubMed,"Sharman et al., 2014",,2014,https://pubmed.ncbi.nlm.nih.gov/24997557
22810899,PubMed,"Johnson et al., 2013",,2013,https://pubmed.ncbi.nlm.nih.gov/22810899
27276402,PubMed,"Suzuki et al., 2016",,2016,https://pubmed.ncbi.nlm.nih.gov/27276402
22203985,PubMed,"Xie et al., 2012",,2012,https://pubmed.ncbi.nlm.nih.gov/22203985
17470858,PubMed,"Van Cutsem et al., 2007",,2007,https://pubmed.ncbi.nlm.nih.gov/17470858
14993230,PubMed,"Saltz et al., 2004",,2004,https://pubmed.ncbi.nlm.nih.gov/14993230
24670642,PubMed,"Sun et al., 2014",,2014,https://pubmed.ncbi.nlm.nih.gov/24670642
27671675,PubMed,"Traer et al., 2016",,2016,https://pubmed.ncbi.nlm.nih.gov/27671675
23793026,PubMed,"Martin et al., 2013",,2013,https://pubmed.ncbi.nlm.nih.gov/23793026
27664533,PubMed,"Caparica et al., 2017",,2017,https://pubmed.ncbi.nlm.nih.gov/27664533
25232318,PubMed,"Palma et al., 2014",,2014,https://pubmed.ncbi.nlm.nih.gov/25232318
24800185,PubMed,"Heidarpour et al., 2014",,2014,https://pubmed.ncbi.nlm.nih.gov/24800185
27355533,PubMed,"Gotlib et al., 2016",,2016,https://pubmed.ncbi.nlm.nih.gov/27355533
26464169,PubMed,"Jawhar et al., 2016",,2016,https://pubmed.ncbi.nlm.nih.gov/26464169
27083334,PubMed,"Park et al., 2016",,2016,https://pubmed.ncbi.nlm.nih.gov/27083334
27451907,PubMed,"Castel et al., 2016",,2016,https://pubmed.ncbi.nlm.nih.gov/27451907
27718847,PubMed,"Reck et al., 2016",,2016,https://pubmed.ncbi.nlm.nih.gov/27718847
26204491,PubMed,"Yang et al., 2015",,2015,https://pubmed.ncbi.nlm.nih.gov/26204491
27663592,PubMed,"Au-Yeung et al., 2017",,2017,https://pubmed.ncbi.nlm.nih.gov/27663592
26124334,PubMed,"Otsuka et al., 2015",,2015,https://pubmed.ncbi.nlm.nih.gov/26124334
12865922,PubMed,"Lim et al., 2003",,2003,https://pubmed.ncbi.nlm.nih.gov/12865922
28947956,PubMed,"Noeparast et al., 2017",,2017,https://pubmed.ncbi.nlm.nih.gov/28947956
27391784,PubMed,"Kawano et al., 2016",,2016,https://pubmed.ncbi.nlm.nih.gov/27391784
23620515,PubMed,"Knutson et al., 2013",,2013,https://pubmed.ncbi.nlm.nih.gov/23620515
27470558,PubMed,"Gao et al., 2016",,2016,https://pubmed.ncbi.nlm.nih.gov/27470558
26359368,PubMed,"Garcia-Rendueles et al., 2015",,2015,https://pubmed.ncbi.nlm.nih.gov/26359368
24373973,PubMed,"Patel et al., 2014",,2014,https://pubmed.ncbi.nlm.nih.gov/24373973
26621817,PubMed,"Cheng et al., 2015",,2015,https://pubmed.ncbi.nlm.nih.gov/26621817
26674738,PubMed,"Sun et al., 2015",,2015,https://pubmed.ncbi.nlm.nih.gov/26674738
27044931,PubMed,"Choudhury et al., 2016",,2016,https://pubmed.ncbi.nlm.nih.gov/27044931
20818844,PubMed,"Flaherty et al., 2010",,2010,https://pubmed.ncbi.nlm.nih.gov/20818844
22663011,PubMed,"Flaherty et al., 2012",,2012,https://pubmed.ncbi.nlm.nih.gov/22663011
26422378,PubMed,"Yuan et al., 2015",,2015,https://pubmed.ncbi.nlm.nih.gov/26422378
3163261,PubMed,"Turc-Carel et al., 1988",,1988,https://pubmed.ncbi.nlm.nih.gov/3163261
9741544,PubMed,"Park et al., 1998",,1998,https://pubmed.ncbi.nlm.nih.gov/9741544
16258512,PubMed,"Bridge et al., 2006",,2006,https://pubmed.ncbi.nlm.nih.gov/16258512
27819322,PubMed,"Wu et al., 2016",,2016,https://pubmed.ncbi.nlm.nih.gov/27819322
26693073,PubMed,"Nikas et al., 2015",,2015,https://pubmed.ncbi.nlm.nih.gov/26693073
16088935,PubMed,"Teugels et al., 2005",,2005,https://pubmed.ncbi.nlm.nih.gov/16088935
26108461,PubMed,"Beebe-Dimmer et al., 2015",,2015,https://pubmed.ncbi.nlm.nih.gov/26108461
21177507,PubMed,"Bennett et al., 2010",,2010,https://pubmed.ncbi.nlm.nih.gov/21177507
17085664,PubMed,"Balak et al., 2006",,2006,https://pubmed.ncbi.nlm.nih.gov/17085664
21172893,PubMed,"Burris et al., 2011",,2011,https://pubmed.ncbi.nlm.nih.gov/21172893
26715889,PubMed,"Gao et al., 2015",,2015,https://pubmed.ncbi.nlm.nih.gov/26715889
23480694,PubMed,"Egan et al., 2013",,2013,https://pubmed.ncbi.nlm.nih.gov/23480694
22238366,PubMed,"Gozgit et al., 2012",,2012,https://pubmed.ncbi.nlm.nih.gov/22238366
20165957,PubMed,"Qin et al., 2010",,2010,https://pubmed.ncbi.nlm.nih.gov/20165957
26979979,PubMed,"Jelsig et al., 2016",,2016,https://pubmed.ncbi.nlm.nih.gov/26979979
26182309,PubMed,"Maddocks et al., 2015",,2015,https://pubmed.ncbi.nlm.nih.gov/26182309
19366796,PubMed,"McDermott et al., 2009",,2009,https://pubmed.ncbi.nlm.nih.gov/19366796
21862407,PubMed,"Gelmon et al., 2011",,2011,https://pubmed.ncbi.nlm.nih.gov/21862407
24456122,PubMed,"Srinivas et al., 2014",,2014,https://pubmed.ncbi.nlm.nih.gov/24456122
24407160,PubMed,"Sadovnik et al., 2014",,2014,https://pubmed.ncbi.nlm.nih.gov/24407160
8637704,PubMed,"Panagopoulos et al., 1996",,1996,https://pubmed.ncbi.nlm.nih.gov/8637704
26773740,PubMed,"Klughammer et al., 2016",,2016,https://pubmed.ncbi.nlm.nih.gov/26773740
20871596,PubMed,"Filippakopoulos et al., 2010",,2010,https://pubmed.ncbi.nlm.nih.gov/20871596
10383129,PubMed,"Griffin et al., 1999",,1999,https://pubmed.ncbi.nlm.nih.gov/10383129
24098545,PubMed,"Lum et al., 2013",,2013,https://pubmed.ncbi.nlm.nih.gov/24098545
1568170,PubMed,"Sreekantaiah et al., 1992",,1992,https://pubmed.ncbi.nlm.nih.gov/1568170
25111426,PubMed,"Geurts-Giele et al., 2014",,2014,https://pubmed.ncbi.nlm.nih.gov/25111426
26313268,PubMed,"Goey et al., 2016",,2016,https://pubmed.ncbi.nlm.nih.gov/26313268
23988873,PubMed,"Caudle et al., 2013",,2013,https://pubmed.ncbi.nlm.nih.gov/23988873
26173738,PubMed,"van IJzendoorn et al., 2015",,2015,https://pubmed.ncbi.nlm.nih.gov/26173738
21584898,PubMed,"Errani et al., 2011",,2011,https://pubmed.ncbi.nlm.nih.gov/21584898
26051236,PubMed,"Yang et al., 2015",,2015,https://pubmed.ncbi.nlm.nih.gov/26051236
10408776,PubMed,"Gallou et al., 1999",,1999,https://pubmed.ncbi.nlm.nih.gov/10408776
8956040,PubMed,"Zbar et al., 1996",,1996,https://pubmed.ncbi.nlm.nih.gov/8956040
17024664,PubMed,"Ong et al., 2007",,2007,https://pubmed.ncbi.nlm.nih.gov/17024664
27626483,PubMed,"Zhang et al., 2016",,2016,https://pubmed.ncbi.nlm.nih.gov/27626483
25658984,PubMed,"Chalmers et al., 2015",,2015,https://pubmed.ncbi.nlm.nih.gov/25658984
23652803,PubMed,"Radtke et al., 2013",,2013,https://pubmed.ncbi.nlm.nih.gov/23652803
15555571,PubMed,"Dahlén et al., 2004",,2004,https://pubmed.ncbi.nlm.nih.gov/15555571
26689995,PubMed,"Umelo et al., 2016",,2016,https://pubmed.ncbi.nlm.nih.gov/26689995
24122810,PubMed,"Arai et al., 2014",,2014,https://pubmed.ncbi.nlm.nih.gov/24122810
16307009,PubMed,"Chim et al., 2006",,2006,https://pubmed.ncbi.nlm.nih.gov/16307009
26629066,PubMed,"Wang et al., 2015",,2015,https://pubmed.ncbi.nlm.nih.gov/26629066
23800680,PubMed,"Jiang et al., 2013",,2013,https://pubmed.ncbi.nlm.nih.gov/23800680
7987306,PubMed,"Crossey et al., 1994",,1994,https://pubmed.ncbi.nlm.nih.gov/7987306
9829912,PubMed,"Olschwang et al., 1998",,1998,https://pubmed.ncbi.nlm.nih.gov/9829912
17224927,PubMed,"Nakano et al., 2007",,2007,https://pubmed.ncbi.nlm.nih.gov/17224927
27683556,PubMed,"Johanns et al., 2016",,2016,https://pubmed.ncbi.nlm.nih.gov/27683556
27159395,PubMed,"Mehnert et al., 2016",,2016,https://pubmed.ncbi.nlm.nih.gov/27159395
24035188,PubMed,"Sun et al., 2013",,2013,https://pubmed.ncbi.nlm.nih.gov/24035188
27694386,PubMed,"Bahcall et al., 2016",,2016,https://pubmed.ncbi.nlm.nih.gov/27694386
26802149,PubMed,"Dowlati et al., 2016",,2016,https://pubmed.ncbi.nlm.nih.gov/26802149
27959700,PubMed,"Mok et al., 2017",,2017,https://pubmed.ncbi.nlm.nih.gov/27959700
26565381,PubMed,"Farago et al., 2015",,2015,https://pubmed.ncbi.nlm.nih.gov/26565381
26884591,PubMed,"Drilon et al., 2016",,2016,https://pubmed.ncbi.nlm.nih.gov/26884591
11830488,PubMed,"Michaud et al., 2002",,2002,https://pubmed.ncbi.nlm.nih.gov/11830488
11675361,PubMed,"Buijs et al., 2001",,2001,https://pubmed.ncbi.nlm.nih.gov/11675361
12060124,PubMed,"Walker et al., 2002",,2002,https://pubmed.ncbi.nlm.nih.gov/12060124
26674132,PubMed,"Castro et al., 2015",,2015,https://pubmed.ncbi.nlm.nih.gov/26674132
27286459,PubMed,"Murakami et al., 2016",,2016,https://pubmed.ncbi.nlm.nih.gov/27286459
25852058,PubMed,"Eilers et al., 2015",,2015,https://pubmed.ncbi.nlm.nih.gov/25852058
18478040,PubMed,"Béri-Dexheimer et al., 2008",,2008,https://pubmed.ncbi.nlm.nih.gov/18478040
26712909,PubMed,"Lewinsohn et al., 2016",,2016,https://pubmed.ncbi.nlm.nih.gov/26712909
24633157,PubMed,"Behjati et al., 2014",,2014,https://pubmed.ncbi.nlm.nih.gov/24633157
9435426,PubMed,"Atuk et al., 1998",,1998,https://pubmed.ncbi.nlm.nih.gov/9435426
27908594,PubMed,"Swisher et al., 2017",,2017,https://pubmed.ncbi.nlm.nih.gov/27908594
27959684,PubMed,"Tran et al., 2016",,2016,https://pubmed.ncbi.nlm.nih.gov/27959684
26701727,PubMed,"Yang et al., 2016",,2016,https://pubmed.ncbi.nlm.nih.gov/26701727
21309036,PubMed,"Kuiper et al., 2011",,2011,https://pubmed.ncbi.nlm.nih.gov/21309036
27729313,PubMed,"Hong et al., 2016",,2016,https://pubmed.ncbi.nlm.nih.gov/27729313
20124459,PubMed,"Williamson et al., 2010",,2010,https://pubmed.ncbi.nlm.nih.gov/20124459
27870574,PubMed,"Nogova et al., 2017",,2017,https://pubmed.ncbi.nlm.nih.gov/27870574
8187067,PubMed,"Shuin et al., 1994",,1994,https://pubmed.ncbi.nlm.nih.gov/8187067
26324363,PubMed,"Tabernero et al., 2015",,2015,https://pubmed.ncbi.nlm.nih.gov/26324363
21309039,PubMed,"Hoogeveen-Westerveld et al., 2011",,2011,https://pubmed.ncbi.nlm.nih.gov/21309039
27297869,PubMed,"Stottrup et al., 2016",,2016,https://pubmed.ncbi.nlm.nih.gov/27297869
24335962,PubMed,"Chin et al., 2014",,2014,https://pubmed.ncbi.nlm.nih.gov/24335962
28211448,PubMed,"Xu et al., 2017",,2017,https://pubmed.ncbi.nlm.nih.gov/28211448
10866302,PubMed,"Han et al., 2000",,2000,https://pubmed.ncbi.nlm.nih.gov/10866302
9331072,PubMed,"Rasheed et al., 1997",,1997,https://pubmed.ncbi.nlm.nih.gov/9331072
9635567,PubMed,"Maxwell et al., 1998",,1998,https://pubmed.ncbi.nlm.nih.gov/9635567
22628360,PubMed,"Hopman et al., 2012",,2012,https://pubmed.ncbi.nlm.nih.gov/22628360
26444240,PubMed,"Wiesner et al., 2015",,2015,https://pubmed.ncbi.nlm.nih.gov/26444240
20022809,PubMed,"Mitsudomi et al., 2010",,2010,https://pubmed.ncbi.nlm.nih.gov/20022809
27302369,PubMed,"Schell et al., 2016",,2016,https://pubmed.ncbi.nlm.nih.gov/27302369
20151405,PubMed,"Nordstrom-O'Brien et al., 2010",,2010,https://pubmed.ncbi.nlm.nih.gov/20151405
15932632,PubMed,"van Houwelingen et al., 2005",,2005,https://pubmed.ncbi.nlm.nih.gov/15932632
11505222,PubMed,"Gallou et al., 2001",,2001,https://pubmed.ncbi.nlm.nih.gov/11505222
11536052,PubMed,"Ma et al., 2001",,2001,https://pubmed.ncbi.nlm.nih.gov/11536052
12114495,PubMed,"Cybulski et al., 2002",,2002,https://pubmed.ncbi.nlm.nih.gov/12114495
19270817,PubMed,"Cho et al., 2009",,2009,https://pubmed.ncbi.nlm.nih.gov/19270817
24141786,PubMed,"Chen et al., 2014",,2014,https://pubmed.ncbi.nlm.nih.gov/24141786
28029918,PubMed,"Dombi et al., 2016",,2016,https://pubmed.ncbi.nlm.nih.gov/28029918
23729478,PubMed,"Bardelli et al., 2013",,2013,https://pubmed.ncbi.nlm.nih.gov/23729478
8441429,PubMed,"Nakagawara et al., 1993",,1993,https://pubmed.ncbi.nlm.nih.gov/8441429
24132921,PubMed,"Dai et al., 2013",,2013,https://pubmed.ncbi.nlm.nih.gov/24132921
26751376,PubMed,"de Oliveira et al., 2016",,2016,https://pubmed.ncbi.nlm.nih.gov/26751376
22016507,PubMed,"Wittinger et al., 2011",,2011,https://pubmed.ncbi.nlm.nih.gov/22016507
23559153,PubMed,"Stacchiotti et al., 2013",,2013,https://pubmed.ncbi.nlm.nih.gov/23559153
27626698,PubMed,"Sharma et al., 2016",,2016,https://pubmed.ncbi.nlm.nih.gov/27626698
22046346,PubMed,"Kancha et al., 2011",,2011,https://pubmed.ncbi.nlm.nih.gov/22046346
27179038,PubMed,"Pearson et al., 2016",,2016,https://pubmed.ncbi.nlm.nih.gov/27179038
28061634,PubMed,"Seim et al., 2017",,2017,https://pubmed.ncbi.nlm.nih.gov/28061634
28223103,PubMed,"Jeong et al., 2017",,2017,https://pubmed.ncbi.nlm.nih.gov/28223103
27154293,PubMed,"Pietrantonio et al., 2016",,2016,https://pubmed.ncbi.nlm.nih.gov/27154293
24758907,PubMed,"Hong et al., 2014",,2014,https://pubmed.ncbi.nlm.nih.gov/24758907
17356712,PubMed,"Schmitz et al., 2007",,2007,https://pubmed.ncbi.nlm.nih.gov/17356712
17186357,PubMed,"Otterbach et al., 2007",,2007,https://pubmed.ncbi.nlm.nih.gov/17186357
22392911,PubMed,"Migliardi et al., 2012",,2012,https://pubmed.ncbi.nlm.nih.gov/22392911
18316791,PubMed,"Amado et al., 2008",,2008,https://pubmed.ncbi.nlm.nih.gov/18316791
17409929,PubMed,"Endoh et al., 2006",,2006,https://pubmed.ncbi.nlm.nih.gov/17409929
19284554,PubMed,"Greco et al., 2009",,2009,https://pubmed.ncbi.nlm.nih.gov/19284554
11050000,PubMed,"Rowley et al., 2000",,2000,https://pubmed.ncbi.nlm.nih.gov/11050000
12483530,PubMed,"Rowley et al., 2002",,2002,https://pubmed.ncbi.nlm.nih.gov/12483530
16497971,PubMed,"Hoang et al., 2006",,2006,https://pubmed.ncbi.nlm.nih.gov/16497971
22199315,PubMed,"Lv et al., 2011",,2011,https://pubmed.ncbi.nlm.nih.gov/22199315
20453058,PubMed,"O'Brien et al., 2010",,2010,https://pubmed.ncbi.nlm.nih.gov/20453058
19671852,PubMed,"Kalinsky et al., 2009",,2009,https://pubmed.ncbi.nlm.nih.gov/19671852
21594665,PubMed,"Razis et al., 2011",,2011,https://pubmed.ncbi.nlm.nih.gov/21594665
26920887,PubMed,"Baselga et al., 2016",,2016,https://pubmed.ncbi.nlm.nih.gov/26920887
23094721,PubMed,"Liao et al., 2012",,2012,https://pubmed.ncbi.nlm.nih.gov/23094721
19513541,PubMed,"Zou et al., 2009",,2009,https://pubmed.ncbi.nlm.nih.gov/19513541
21258250,PubMed,"Ludovini et al., 2011",,2011,https://pubmed.ncbi.nlm.nih.gov/21258250
17202311,PubMed,"Maruyama et al., 2007",,2007,https://pubmed.ncbi.nlm.nih.gov/17202311
17590872,PubMed,"Kato et al., 2007",,2007,https://pubmed.ncbi.nlm.nih.gov/17590872
19903786,PubMed,"He et al., 2009",,2009,https://pubmed.ncbi.nlm.nih.gov/19903786
19603024,PubMed,"Souglakos et al., 2009",,2009,https://pubmed.ncbi.nlm.nih.gov/19603024
19571295,PubMed,"Tol et al., 2009",,2009,https://pubmed.ncbi.nlm.nih.gov/19571295
18682506,PubMed,"Elisei et al., 2008",,2008,https://pubmed.ncbi.nlm.nih.gov/18682506
19692680,PubMed,"Mok et al., 2009",,2009,https://pubmed.ncbi.nlm.nih.gov/19692680
22452896,PubMed,"Miller et al., 2012",,2012,https://pubmed.ncbi.nlm.nih.gov/22452896
24755888,PubMed,"Yu et al., 2014",,2014,https://pubmed.ncbi.nlm.nih.gov/24755888
26269204,PubMed,"Planchard et al., 2015",,2015,https://pubmed.ncbi.nlm.nih.gov/26269204
15737014,PubMed,"Pao et al., 2005",,2005,https://pubmed.ncbi.nlm.nih.gov/15737014
17020982,PubMed,"Kosaka et al., 2006",,2006,https://pubmed.ncbi.nlm.nih.gov/17020982
18408761,PubMed,"Li et al., 2008",,2008,https://pubmed.ncbi.nlm.nih.gov/18408761
18089823,PubMed,"Engelman et al., 2007",,2007,https://pubmed.ncbi.nlm.nih.gov/18089823
16818618,PubMed,"Shimamura et al., 2006",,2006,https://pubmed.ncbi.nlm.nih.gov/16818618
21732342,PubMed,"Cha et al., 2012",,2012,https://pubmed.ncbi.nlm.nih.gov/21732342
19075254,PubMed,"Redaelli et al., 2009",,2009,https://pubmed.ncbi.nlm.nih.gov/19075254
12623848,PubMed,"Branford et al., 2003",,2003,https://pubmed.ncbi.nlm.nih.gov/12623848
15930265,PubMed,"O'Hare et al., 2005",,2005,https://pubmed.ncbi.nlm.nih.gov/15930265
23585524,PubMed,"Navrkalova et al., 2013",,2013,https://pubmed.ncbi.nlm.nih.gov/23585524
19603018,PubMed,"Loupakis et al., 2009",,2009,https://pubmed.ncbi.nlm.nih.gov/19603018
22025157,PubMed,"Ramalingam et al., 2011",,2011,https://pubmed.ncbi.nlm.nih.gov/22025157
11595686,PubMed,"Reles et al., 2001",,2001,https://pubmed.ncbi.nlm.nih.gov/11595686
14514923,PubMed,"Bataille et al., 2003",,2003,https://pubmed.ncbi.nlm.nih.gov/14514923
20975057,PubMed,"Houillier et al., 2010",,2010,https://pubmed.ncbi.nlm.nih.gov/20975057
25583779,PubMed,2015,,2015,https://pubmed.ncbi.nlm.nih.gov/25583779
24333121,PubMed,"Emadi et al., 2014",,2014,https://pubmed.ncbi.nlm.nih.gov/24333121
18955451,PubMed,"Heinrich et al., 2008",,2008,https://pubmed.ncbi.nlm.nih.gov/18955451
21882184,PubMed,"Kim et al., 2012",,2012,https://pubmed.ncbi.nlm.nih.gov/21882184
21343559,PubMed,"Long et al., 2011",,2011,https://pubmed.ncbi.nlm.nih.gov/21343559
20038723,PubMed,"Douillard et al., 2010",,2010,https://pubmed.ncbi.nlm.nih.gov/20038723
15329413,PubMed,"Pao et al., 2004",,2004,https://pubmed.ncbi.nlm.nih.gov/15329413
22370314,PubMed,"Han et al., 2012",,2012,https://pubmed.ncbi.nlm.nih.gov/22370314
18191450,PubMed,"Deguchi et al., 2008",,2008,https://pubmed.ncbi.nlm.nih.gov/18191450
16772610,PubMed,"Bradeen et al., 2006",,2006,https://pubmed.ncbi.nlm.nih.gov/16772610
10786679,PubMed,"Berns et al., 2000",,2000,https://pubmed.ncbi.nlm.nih.gov/10786679
21642685,PubMed,"Carvajal et al., 2011",,2011,https://pubmed.ncbi.nlm.nih.gov/21642685
19035443,PubMed,"Ashida et al., 2009",,2009,https://pubmed.ncbi.nlm.nih.gov/19035443
18510589,PubMed,"Lutzky et al., 2008",,2008,https://pubmed.ncbi.nlm.nih.gov/18510589
15824158,PubMed,"Frey et al., 2005",,2005,https://pubmed.ncbi.nlm.nih.gov/15824158
16033819,PubMed,"Frey et al., 2005",,2005,https://pubmed.ncbi.nlm.nih.gov/16033819
19274060,PubMed,"Alakus et al., 2009",,2009,https://pubmed.ncbi.nlm.nih.gov/19274060
16467086,PubMed,"Frey et al., 2006",,2006,https://pubmed.ncbi.nlm.nih.gov/16467086
17020971,PubMed,"Frey et al., 2006",,2006,https://pubmed.ncbi.nlm.nih.gov/17020971
21156401,PubMed,"Frey et al., 2010",,2010,https://pubmed.ncbi.nlm.nih.gov/21156401
17442989,PubMed,"Chinot et al., 2007",,2007,https://pubmed.ncbi.nlm.nih.gov/17442989
21365007,PubMed,"Kreth et al., 2011",,2011,https://pubmed.ncbi.nlm.nih.gov/21365007
16541434,PubMed,"Levin et al., 2006",,2006,https://pubmed.ncbi.nlm.nih.gov/16541434
21331613,PubMed,"Watanabe et al., 2011",,2011,https://pubmed.ncbi.nlm.nih.gov/21331613
19118063,PubMed,"Kulke et al., 2009",,2009,https://pubmed.ncbi.nlm.nih.gov/19118063
24595080,PubMed,"Nie et al., 2013",,2013,https://pubmed.ncbi.nlm.nih.gov/24595080
27211795,PubMed,"Leventakos et al., 2016",,2016,https://pubmed.ncbi.nlm.nih.gov/27211795
23515407,PubMed,"Ohashi et al., 2013",,2013,https://pubmed.ncbi.nlm.nih.gov/23515407
19472011,PubMed,"Calva et al., 2009",,2009,https://pubmed.ncbi.nlm.nih.gov/19472011
27535980,PubMed,"Chudasama et al., 2017",,2017,https://pubmed.ncbi.nlm.nih.gov/27535980
28351930,PubMed,"Kato et al., 2017",,2017,https://pubmed.ncbi.nlm.nih.gov/28351930
21993670,PubMed,"Guarini et al., 2012",,2012,https://pubmed.ncbi.nlm.nih.gov/21993670
25673644,PubMed,"Ahronian et al., 2015",,2015,https://pubmed.ncbi.nlm.nih.gov/25673644
26987942,PubMed,"Vu et al., 2016",,2016,https://pubmed.ncbi.nlm.nih.gov/26987942
28148839,PubMed,"Sulkowski et al., 2017",,2017,https://pubmed.ncbi.nlm.nih.gov/28148839
25351745,PubMed,"Arcila et al., 2015",,2015,https://pubmed.ncbi.nlm.nih.gov/25351745
18632602,PubMed,"Marks et al., 2008",,2008,https://pubmed.ncbi.nlm.nih.gov/18632602
28284557,PubMed,"Dummer et al., 2017",,2017,https://pubmed.ncbi.nlm.nih.gov/28284557
26193344,PubMed,"Rapoport et al., 2015",,2015,https://pubmed.ncbi.nlm.nih.gov/26193344
20570890,PubMed,"Janakiraman et al., 2010",,2010,https://pubmed.ncbi.nlm.nih.gov/20570890
28183697,PubMed,"Drilon et al., 2017",,2017,https://pubmed.ncbi.nlm.nih.gov/28183697
26603524,PubMed,2016,,2016,https://pubmed.ncbi.nlm.nih.gov/26603524
26216294,PubMed,"Doebele et al., 2015",,2015,https://pubmed.ncbi.nlm.nih.gov/26216294
26546295,PubMed,"Russo et al., 2016",,2016,https://pubmed.ncbi.nlm.nih.gov/26546295
17671205,PubMed,"Efeyan et al., 2007",,2007,https://pubmed.ncbi.nlm.nih.gov/17671205
25730903,PubMed,"Saiki et al., 2015",,2015,https://pubmed.ncbi.nlm.nih.gov/25730903
26459177,PubMed,"Andreeff et al., 2016",,2016,https://pubmed.ncbi.nlm.nih.gov/26459177
8929264,PubMed,"Shibata et al., 1996",,1996,https://pubmed.ncbi.nlm.nih.gov/8929264
18832571,PubMed,"Lazar et al., 2008",,2008,https://pubmed.ncbi.nlm.nih.gov/18832571
27364904,PubMed,"Miller et al., 2016",,2016,https://pubmed.ncbi.nlm.nih.gov/27364904
25686104,PubMed,"Bitler et al., 2015",,2015,https://pubmed.ncbi.nlm.nih.gov/25686104
27489350,PubMed,"Arjumand et al., 2016",,2016,https://pubmed.ncbi.nlm.nih.gov/27489350
25970248,PubMed,"Spranger et al., 2015",,2015,https://pubmed.ncbi.nlm.nih.gov/25970248
23585477,PubMed,"Schlegel et al., 2013",,2013,https://pubmed.ncbi.nlm.nih.gov/23585477
24868098,PubMed,"Khozin et al., 2014",,2014,https://pubmed.ncbi.nlm.nih.gov/24868098
23982599,PubMed,"Dungo et al., 2013",,2013,https://pubmed.ncbi.nlm.nih.gov/23982599
28492898,PubMed,"Jänne et al., 2017",,2017,https://pubmed.ncbi.nlm.nih.gov/28492898
28453411,PubMed,"Shepherd et al., 2017",,2017,https://pubmed.ncbi.nlm.nih.gov/28453411
28476872,PubMed,"Skinner et al., 2017",,2017,https://pubmed.ncbi.nlm.nih.gov/28476872
28490518,PubMed,"Sen et al., 2017",,2017,https://pubmed.ncbi.nlm.nih.gov/28490518
15256420,PubMed,"Clark et al., 2004",,2004,https://pubmed.ncbi.nlm.nih.gov/15256420
15304385,PubMed,"Yee et al., 2004",,2004,https://pubmed.ncbi.nlm.nih.gov/15304385
23497317,PubMed,"Kampa-Schittenhelm et al., 2013",,2013,https://pubmed.ncbi.nlm.nih.gov/23497317
28202511,PubMed,"Nukaga et al., 2017",,2017,https://pubmed.ncbi.nlm.nih.gov/28202511
27283860,PubMed,"Planchard et al., 2016",,2016,https://pubmed.ncbi.nlm.nih.gov/27283860
27315356,PubMed,"Lim et al., 2016",,2016,https://pubmed.ncbi.nlm.nih.gov/27315356
22114577,PubMed,"Cameron et al., 2011",,2011,https://pubmed.ncbi.nlm.nih.gov/22114577
16046538,PubMed,"Carter et al., 2005",,2005,https://pubmed.ncbi.nlm.nih.gov/16046538
17330097,PubMed,"Griessinger et al., 2007",,2007,https://pubmed.ncbi.nlm.nih.gov/17330097
25952648,PubMed,"Cheng et al., 2015",,2015,https://pubmed.ncbi.nlm.nih.gov/25952648
28489509,PubMed,"Hyman et al., 2017",,2017,https://pubmed.ncbi.nlm.nih.gov/28489509
26788326,PubMed,"Lu et al., 2016",,2016,https://pubmed.ncbi.nlm.nih.gov/26788326
28486044,PubMed,"Jones et al., 2017",,2017,https://pubmed.ncbi.nlm.nih.gov/28486044
28269754,PubMed,"Cheng et al., 2017",,2017,https://pubmed.ncbi.nlm.nih.gov/28269754
28103611,PubMed,"Daud et al., 2017",,2017,https://pubmed.ncbi.nlm.nih.gov/28103611
25666295,PubMed,"Kaczirek et al., 2015",,2015,https://pubmed.ncbi.nlm.nih.gov/25666295
26161928,PubMed,"Camaj et al., 2015",,2015,https://pubmed.ncbi.nlm.nih.gov/26161928
21969500,PubMed,"Brugger et al., 2011",,2011,https://pubmed.ncbi.nlm.nih.gov/21969500
24265155,PubMed,"Shi et al., 2014",,2014,https://pubmed.ncbi.nlm.nih.gov/24265155
26557775,PubMed,"Rutkowski et al., 2015",,2015,https://pubmed.ncbi.nlm.nih.gov/26557775
25524477,PubMed,"Ugurel et al., 2015",,2015,https://pubmed.ncbi.nlm.nih.gov/25524477
25524464,PubMed,"del Bufalo et al., 2014",,2014,https://pubmed.ncbi.nlm.nih.gov/25524464
26490654,PubMed,"Combe et al., 2015",,2015,https://pubmed.ncbi.nlm.nih.gov/26490654
21531810,PubMed,"Wu et al., 2011",,2011,https://pubmed.ncbi.nlm.nih.gov/21531810
19147750,PubMed,"Kancha et al., 2009",,2009,https://pubmed.ncbi.nlm.nih.gov/19147750
21865346,PubMed,"Cortes et al., 2011",,2011,https://pubmed.ncbi.nlm.nih.gov/21865346
22371878,PubMed,"Khoury et al., 2012",,2012,https://pubmed.ncbi.nlm.nih.gov/22371878
17264298,PubMed,"Guilhot et al., 2007",,2007,https://pubmed.ncbi.nlm.nih.gov/17264298
19779040,PubMed,"Müller et al., 2009",,2009,https://pubmed.ncbi.nlm.nih.gov/19779040
16775234,PubMed,"Talpaz et al., 2006",,2006,https://pubmed.ncbi.nlm.nih.gov/16775234
25686603,PubMed,"Pemovska et al., 2015",,2015,https://pubmed.ncbi.nlm.nih.gov/25686603
22256804,PubMed,"Su et al., 2012",,2012,https://pubmed.ncbi.nlm.nih.gov/22256804
22722830,PubMed,"Misale et al., 2012",,2012,https://pubmed.ncbi.nlm.nih.gov/22722830
22246397,PubMed,"Sato et al., 2012",,2012,https://pubmed.ncbi.nlm.nih.gov/22246397
15459012,PubMed,"Fiedler et al., 2005",,2005,https://pubmed.ncbi.nlm.nih.gov/15459012
27045755,PubMed,"Saber et al., 2016",,2016,https://pubmed.ncbi.nlm.nih.gov/27045755
25239608,PubMed,"Garner et al., 2014",,2014,https://pubmed.ncbi.nlm.nih.gov/25239608
27371698,PubMed,"Ben-Ami et al., 2016",,2016,https://pubmed.ncbi.nlm.nih.gov/27371698
22614970,PubMed,"George et al., 2012",,2012,https://pubmed.ncbi.nlm.nih.gov/22614970
25317746,PubMed,"Vita et al., 2014",,2014,https://pubmed.ncbi.nlm.nih.gov/25317746
21523734,PubMed,"Kluger et al., 2011",,2011,https://pubmed.ncbi.nlm.nih.gov/21523734
17177598,PubMed,"Lee et al., 2006",,2006,https://pubmed.ncbi.nlm.nih.gov/17177598
17877814,PubMed,"de Gunst et al., 2007",,2007,https://pubmed.ncbi.nlm.nih.gov/17877814
22895145,PubMed,"Lund-Iversen et al., 2012",,2012,https://pubmed.ncbi.nlm.nih.gov/22895145
24353160,PubMed,"Yasuda et al., 2013",,2013,https://pubmed.ncbi.nlm.nih.gov/24353160
20942962,PubMed,"Foster et al., 2010",,2010,https://pubmed.ncbi.nlm.nih.gov/20942962
21132006,PubMed,"Harada et al., 2011",,2011,https://pubmed.ncbi.nlm.nih.gov/21132006
27612423,PubMed,"Ray et al., 2016",,2016,https://pubmed.ncbi.nlm.nih.gov/27612423
27032107,PubMed,"De Grève et al., 2016",,2016,https://pubmed.ncbi.nlm.nih.gov/27032107
27102076,PubMed,"Konduri et al., 2016",,2016,https://pubmed.ncbi.nlm.nih.gov/27102076
26582647,PubMed,"Zabriskie et al., 2016",,2016,https://pubmed.ncbi.nlm.nih.gov/26582647
27485109,PubMed,"Soverini et al., 2016",,2016,https://pubmed.ncbi.nlm.nih.gov/27485109
26989027,PubMed,"Hsu et al., 2016",,2016,https://pubmed.ncbi.nlm.nih.gov/26989027
18287029,PubMed,"Tsai et al., 2008",,2008,https://pubmed.ncbi.nlm.nih.gov/18287029
20551065,PubMed,"Yang et al., 2010",,2010,https://pubmed.ncbi.nlm.nih.gov/20551065
23177515,PubMed,"Demetri et al., 2013",,2013,https://pubmed.ncbi.nlm.nih.gov/23177515
23415752,PubMed,"Stordal et al., 2013",,2013,https://pubmed.ncbi.nlm.nih.gov/23415752
23371856,PubMed,"Arcila et al., 2013",,2013,https://pubmed.ncbi.nlm.nih.gov/23371856
26822128,PubMed,"Khamaysi et al., 2016",,2016,https://pubmed.ncbi.nlm.nih.gov/26822128
27566387,PubMed,"Kanemaru et al., 2016",,2016,https://pubmed.ncbi.nlm.nih.gov/27566387
25765070,PubMed,"Rizvi et al., 2015",,2015,https://pubmed.ncbi.nlm.nih.gov/25765070
25769807,PubMed,"Jenkins et al., 2015",,2015,https://pubmed.ncbi.nlm.nih.gov/25769807
26758680,PubMed,"Testoni et al., 2016",,2016,https://pubmed.ncbi.nlm.nih.gov/26758680
28978004,PubMed,"Gyanchandani et al., 2017",,2017,https://pubmed.ncbi.nlm.nih.gov/28978004
28103578,PubMed,"Kim et al., 2017",,2017,https://pubmed.ncbi.nlm.nih.gov/28103578
28193778,PubMed,"Yen et al., 2017",,2017,https://pubmed.ncbi.nlm.nih.gov/28193778
28475456,PubMed,"Kim et al., 2017",,2017,https://pubmed.ncbi.nlm.nih.gov/28475456
28242752,PubMed,"de Bono et al., 2017",,2017,https://pubmed.ncbi.nlm.nih.gov/28242752
28526536,PubMed,"Diéras et al., 2017",,2017,https://pubmed.ncbi.nlm.nih.gov/28526536
27124835,PubMed,"Dickson et al., 2016",,2016,https://pubmed.ncbi.nlm.nih.gov/27124835
27217383,PubMed,"Patnaik et al., 2016",,2016,https://pubmed.ncbi.nlm.nih.gov/27217383
28079291,PubMed,"Wang et al., 2017",,2017,https://pubmed.ncbi.nlm.nih.gov/28079291
24705250,PubMed,"Fontebasso et al., 2014",,2014,https://pubmed.ncbi.nlm.nih.gov/24705250
27825636,PubMed,"Drilon et al., 2016",,2016,https://pubmed.ncbi.nlm.nih.gov/27825636
27803005,PubMed,"Lee et al., 2017",,2017,https://pubmed.ncbi.nlm.nih.gov/27803005
27825616,PubMed,"Yoh et al., 2017",,2017,https://pubmed.ncbi.nlm.nih.gov/27825616
27544060,PubMed,"Lin et al., 2016",,2016,https://pubmed.ncbi.nlm.nih.gov/27544060
28430626,PubMed,"Zhang et al., 2017",,2017,https://pubmed.ncbi.nlm.nih.gov/28430626
28453554,PubMed,"Zhao et al., 2017",,2017,https://pubmed.ncbi.nlm.nih.gov/28453554
28472902,PubMed,"Aguiar et al., 2017",,2017,https://pubmed.ncbi.nlm.nih.gov/28472902
28586279,PubMed,"Peters et al., 2017",,2017,https://pubmed.ncbi.nlm.nih.gov/28586279
26768165,PubMed,"Ramalingam et al., 2016",,2016,https://pubmed.ncbi.nlm.nih.gov/26768165
27876675,PubMed,"Gandara et al., 2017",,2017,https://pubmed.ncbi.nlm.nih.gov/27876675
28525386,PubMed,"Kim et al., 2017",,2017,https://pubmed.ncbi.nlm.nih.gov/28525386
28259530,PubMed,"Li et al., 2017",,2017,https://pubmed.ncbi.nlm.nih.gov/28259530
26666244,PubMed,"Deming et al., 2016",,2016,https://pubmed.ncbi.nlm.nih.gov/26666244
25722381,PubMed,"Blumenschein et al., 2015",,2015,https://pubmed.ncbi.nlm.nih.gov/25722381
26802155,PubMed,"Carter et al., 2016",,2016,https://pubmed.ncbi.nlm.nih.gov/26802155
27167191,PubMed,"Lee et al., 2016",,2016,https://pubmed.ncbi.nlm.nih.gov/27167191
27998968,PubMed,"Chandrani et al., 2017",,2017,https://pubmed.ncbi.nlm.nih.gov/27998968
26528855,PubMed,"Perez et al., 2015",,2015,https://pubmed.ncbi.nlm.nih.gov/26528855
12748244,PubMed,"Fukuoka et al., 2003",,2003,https://pubmed.ncbi.nlm.nih.gov/12748244
12202531,PubMed,"Dollfus et al., 2002",,2002,https://pubmed.ncbi.nlm.nih.gov/12202531
23298237,PubMed,"Losonczy et al., 2013",,2013,https://pubmed.ncbi.nlm.nih.gov/23298237
24933606,PubMed,"Bowyer et al., 2014",,2014,https://pubmed.ncbi.nlm.nih.gov/24933606
7728151,PubMed,"Chen et al., 1995",,1995,https://pubmed.ncbi.nlm.nih.gov/7728151
15118073,PubMed,"Lynch et al., 2004",,2004,https://pubmed.ncbi.nlm.nih.gov/15118073
27626067,PubMed,"Aung et al., 2016",,2016,https://pubmed.ncbi.nlm.nih.gov/27626067
26209642,PubMed,"Rulli et al., 2015",,2015,https://pubmed.ncbi.nlm.nih.gov/26209642
8730290,PubMed,"Maher et al., 1996",,1996,https://pubmed.ncbi.nlm.nih.gov/8730290
28404093,PubMed,"Domingo et al., 2016",,2016,https://pubmed.ncbi.nlm.nih.gov/28404093
17661816,PubMed,"Hes et al., 2007",,2007,https://pubmed.ncbi.nlm.nih.gov/17661816
9829911,PubMed,"Stolle et al., 1998",,1998,https://pubmed.ncbi.nlm.nih.gov/9829911
28588020,PubMed,"Stein et al., 2017",,2017,https://pubmed.ncbi.nlm.nih.gov/28588020
22766794,PubMed,"Le Guellec et al., 2012",,2012,https://pubmed.ncbi.nlm.nih.gov/22766794
21463266,PubMed,"Leonardi et al., 2011",,2011,https://pubmed.ncbi.nlm.nih.gov/21463266
26282658,PubMed,"Bang et al., 2015",,2015,https://pubmed.ncbi.nlm.nih.gov/26282658
21972040,PubMed,"Huang et al., 2012",,2012,https://pubmed.ncbi.nlm.nih.gov/21972040
19464396,PubMed,"Ciotti et al., 2009",,2009,https://pubmed.ncbi.nlm.nih.gov/19464396
28546144,PubMed,"Levis, 2017",,2017,https://pubmed.ncbi.nlm.nih.gov/28546144
26951309,PubMed,"Powles et al., 2016",,2016,https://pubmed.ncbi.nlm.nih.gov/26951309
20518900,PubMed,"Zhou et al., 2010",,2010,https://pubmed.ncbi.nlm.nih.gov/20518900
20560986,PubMed,"Sorrell et al., 2011",,2011,https://pubmed.ncbi.nlm.nih.gov/20560986
28679771,PubMed,"Ma et al., 2017",,2017,https://pubmed.ncbi.nlm.nih.gov/28679771
27751729,PubMed,"Hsieh et al., 2017",,2017,https://pubmed.ncbi.nlm.nih.gov/27751729
8641976,PubMed,"Kanno et al., 1996",,1996,https://pubmed.ncbi.nlm.nih.gov/8641976
28275037,PubMed,"Benson et al., 2017",,2017,https://pubmed.ncbi.nlm.nih.gov/28275037
8707293,PubMed,"Glavac et al., 1996",,1996,https://pubmed.ncbi.nlm.nih.gov/8707293
10761708,PubMed,"Yoshida et al., 2000",,2000,https://pubmed.ncbi.nlm.nih.gov/10761708
12000816,PubMed,"Neumann et al., 2002",,2002,https://pubmed.ncbi.nlm.nih.gov/12000816
11409863,PubMed,"Klein et al., 2001",,2001,https://pubmed.ncbi.nlm.nih.gov/11409863
20583150,PubMed,"Sovinz et al., 2010",,2010,https://pubmed.ncbi.nlm.nih.gov/20583150
20660572,PubMed,"Erlic et al., 2010",,2010,https://pubmed.ncbi.nlm.nih.gov/20660572
20846682,PubMed,"Benhammou et al., 2010",,2010,https://pubmed.ncbi.nlm.nih.gov/20846682
21889194,PubMed,"Delmore et al., 2011",,2011,https://pubmed.ncbi.nlm.nih.gov/21889194
19543324,PubMed,"Akita et al., 2009",,2009,https://pubmed.ncbi.nlm.nih.gov/19543324
28471952,PubMed,"Wang et al., 2017",,2017,https://pubmed.ncbi.nlm.nih.gov/28471952
17131328,PubMed,"Nakahira et al., 2007",,2007,https://pubmed.ncbi.nlm.nih.gov/17131328
24647522,PubMed,"Dong et al., 2014",,2014,https://pubmed.ncbi.nlm.nih.gov/24647522
26428316,PubMed,"Conlon et al., 2015",,2015,https://pubmed.ncbi.nlm.nih.gov/26428316
12414898,PubMed,"Weirich et al., 2002",,2002,https://pubmed.ncbi.nlm.nih.gov/12414898
12624160,PubMed,"Rocha et al., 2003",,2003,https://pubmed.ncbi.nlm.nih.gov/12624160
22133049,PubMed,"Sun et al., 2012",,2012,https://pubmed.ncbi.nlm.nih.gov/22133049
14722919,PubMed,"Ruiz-Llorente et al., 2004",,2004,https://pubmed.ncbi.nlm.nih.gov/14722919
22156657,PubMed,"Jilg et al., 2012",,2012,https://pubmed.ncbi.nlm.nih.gov/22156657
23038758,PubMed,"Vilmar et al., 2013",,2013,https://pubmed.ncbi.nlm.nih.gov/23038758
22438210,PubMed,"Eisenhofer et al., 2012",,2012,https://pubmed.ncbi.nlm.nih.gov/22438210
22808142,PubMed,"Wang et al., 2012",,2012,https://pubmed.ncbi.nlm.nih.gov/22808142
25628030,PubMed,"Park et al., 2015",,2015,https://pubmed.ncbi.nlm.nih.gov/25628030
23673869,PubMed,"Mete et al., 2014",,2014,https://pubmed.ncbi.nlm.nih.gov/23673869
23143947,PubMed,"Chen et al., 2013",,2013,https://pubmed.ncbi.nlm.nih.gov/23143947
23384228,PubMed,"Wu et al., 2013",,2013,https://pubmed.ncbi.nlm.nih.gov/23384228
10567493,PubMed,"Gläsker et al., 1999",,1999,https://pubmed.ncbi.nlm.nih.gov/10567493
10862095,PubMed,"Moore et al., 2000",,2000,https://pubmed.ncbi.nlm.nih.gov/10862095
22357542,PubMed,"Wu et al., 2012",,2012,https://pubmed.ncbi.nlm.nih.gov/22357542
25562111,PubMed,"Park et al., 2015",,2015,https://pubmed.ncbi.nlm.nih.gov/25562111
25563310,PubMed,"Zhang et al., 2015",,2015,https://pubmed.ncbi.nlm.nih.gov/25563310
22101352,PubMed,"Katagiri et al., 2012",,2012,https://pubmed.ncbi.nlm.nih.gov/22101352
24396697,PubMed,"Ku et al., 2013",,2013,https://pubmed.ncbi.nlm.nih.gov/24396697
25586603,PubMed,"Sidhu et al., 2015",,2015,https://pubmed.ncbi.nlm.nih.gov/25586603
24877602,PubMed,"Huff et al., 2014",,2014,https://pubmed.ncbi.nlm.nih.gov/24877602
25715769,PubMed,"Heo et al., 2016",,2016,https://pubmed.ncbi.nlm.nih.gov/25715769
25883647,PubMed,"Luchetti et al., 2015",,2015,https://pubmed.ncbi.nlm.nih.gov/25883647
25891174,PubMed,"Garon et al., 2015",,2015,https://pubmed.ncbi.nlm.nih.gov/25891174
27626312,PubMed,"Shin et al., 2016",,2016,https://pubmed.ncbi.nlm.nih.gov/27626312
28578601,PubMed,"Robson et al., 2017",,2017,https://pubmed.ncbi.nlm.nih.gov/28578601
24934408,PubMed,"Al-Ahmadie et al., 2014",,2014,https://pubmed.ncbi.nlm.nih.gov/24934408
28792849,PubMed,2017,,2017,https://pubmed.ncbi.nlm.nih.gov/28792849
28418267,PubMed,"Woyach et al., 2017",,2017,https://pubmed.ncbi.nlm.nih.gov/28418267
28958504,PubMed,"Catenacci et al., 2017",,2017,https://pubmed.ncbi.nlm.nih.gov/28958504
23099803,PubMed,"Birkeland et al., 2012",,2012,https://pubmed.ncbi.nlm.nih.gov/23099803
28330462,PubMed,"Kim et al., 2017",,2017,https://pubmed.ncbi.nlm.nih.gov/28330462
25952756,PubMed,"Vikkath et al., 2015",,2015,https://pubmed.ncbi.nlm.nih.gov/25952756
28950338,PubMed,"Jones et al., 2017",,2017,https://pubmed.ncbi.nlm.nih.gov/28950338
9681858,PubMed,"Wittebol-Post et al., 1998",,1998,https://pubmed.ncbi.nlm.nih.gov/9681858
22187960,PubMed,"Heravi-Moussavi et al., 2012",,2012,https://pubmed.ncbi.nlm.nih.gov/22187960
28480077,PubMed,"Kocsis et al., 2017",,2017,https://pubmed.ncbi.nlm.nih.gov/28480077
28078132,PubMed,"Lavingia et al., 2016",,2016,https://pubmed.ncbi.nlm.nih.gov/28078132
25435907,PubMed,"Loaiza-Bonilla et al., 2014",,2014,https://pubmed.ncbi.nlm.nih.gov/25435907
26687137,PubMed,"Silkin et al., 2016",,2016,https://pubmed.ncbi.nlm.nih.gov/26687137
29182496,PubMed,"Javle et al., 2018",,2018,https://pubmed.ncbi.nlm.nih.gov/29182496
29290255,PubMed,"Zhu et al., 2018",,2018,https://pubmed.ncbi.nlm.nih.gov/29290255
25366685,PubMed,"Kaufman et al., 2015",,2015,https://pubmed.ncbi.nlm.nih.gov/25366685
25072261,PubMed,"Golan et al., 2014",,2014,https://pubmed.ncbi.nlm.nih.gov/25072261
27664271,PubMed,"Zhang et al., 2017",,2017,https://pubmed.ncbi.nlm.nih.gov/27664271
28389374,PubMed,"Parrotta et al., 2017",,2017,https://pubmed.ncbi.nlm.nih.gov/28389374
29338080,PubMed,"O'Reilly et al., 2018",,2018,https://pubmed.ncbi.nlm.nih.gov/29338080
29223478,PubMed,"Lowery et al., 2018",,2018,https://pubmed.ncbi.nlm.nih.gov/29223478
21508395,PubMed,"Fogelman et al., 2011",,2011,https://pubmed.ncbi.nlm.nih.gov/21508395
26933125,PubMed,"Yakirevich et al., 2016",,2016,https://pubmed.ncbi.nlm.nih.gov/26933125
27197561,PubMed,"Ozden et al., 2016",,2016,https://pubmed.ncbi.nlm.nih.gov/27197561
24687827,PubMed,"Godbert et al., 2015",,2015,https://pubmed.ncbi.nlm.nih.gov/24687827
22374460,PubMed,"Harder et al., 2012",,2012,https://pubmed.ncbi.nlm.nih.gov/22374460
15581051,PubMed,"Safran et al., 2004",,2004,https://pubmed.ncbi.nlm.nih.gov/15581051
28281183,PubMed,"Smyth et al., 2017",,2017,https://pubmed.ncbi.nlm.nih.gov/28281183
29320312,PubMed,"Hainsworth et al., 2018",,2018,https://pubmed.ncbi.nlm.nih.gov/29320312
27466707,PubMed,"Brody et al., 2018",,2018,https://pubmed.ncbi.nlm.nih.gov/27466707
27735949,PubMed,"Bean et al., 2016",,2016,https://pubmed.ncbi.nlm.nih.gov/27735949
19533750,PubMed,"Nicholson et al., 2009",,2009,https://pubmed.ncbi.nlm.nih.gov/19533750
25452615,PubMed,"Correia et al., 2015",,2015,https://pubmed.ncbi.nlm.nih.gov/25452615
29127119,PubMed,"Hayashi et al., 2018",,2018,https://pubmed.ncbi.nlm.nih.gov/29127119
27694828,PubMed,"Kim et al., 2016",,2016,https://pubmed.ncbi.nlm.nih.gov/27694828
18794803,PubMed,"Smalley et al., 2009",,2009,https://pubmed.ncbi.nlm.nih.gov/18794803
28874593,PubMed,"Cecchini et al., 2017",,2017,https://pubmed.ncbi.nlm.nih.gov/28874593
26733615,PubMed,"Shahbazi et al., 2016",,2016,https://pubmed.ncbi.nlm.nih.gov/26733615
7591282,PubMed,"Bailly et al., 1995",,1995,https://pubmed.ncbi.nlm.nih.gov/7591282
26033501,PubMed,"Goulvent et al., 2016",,2016,https://pubmed.ncbi.nlm.nih.gov/26033501
26942346,PubMed,"Forde et al., 2016",,2016,https://pubmed.ncbi.nlm.nih.gov/26942346
25028698,PubMed,"Kimbara et al., 2014",,2014,https://pubmed.ncbi.nlm.nih.gov/25028698
27480103,PubMed,"Ascierto et al., 2016",,2016,https://pubmed.ncbi.nlm.nih.gov/27480103
28363909,PubMed,"van Geel et al., 2017",,2017,https://pubmed.ncbi.nlm.nih.gov/28363909
24788118,PubMed,"Hamada et al., 2014",,2014,https://pubmed.ncbi.nlm.nih.gov/24788118
7977367,PubMed,"Whaley et al., 1994",,1994,https://pubmed.ncbi.nlm.nih.gov/7977367
24705252,PubMed,"Taylor et al., 2014",,2014,https://pubmed.ncbi.nlm.nih.gov/24705252
29610121,PubMed,"Drilon et al., 2018",,2018,https://pubmed.ncbi.nlm.nih.gov/29610121
29606586,PubMed,"Laetsch et al., 2018",,2018,https://pubmed.ncbi.nlm.nih.gov/29606586
9663592,PubMed,"van der Harst et al., 1998",,1998,https://pubmed.ncbi.nlm.nih.gov/9663592
29431699,PubMed,"Corcoran et al., 2018",,2018,https://pubmed.ncbi.nlm.nih.gov/29431699
23826550,PubMed,"Firwana et al., 2012",,2012,https://pubmed.ncbi.nlm.nih.gov/23826550
20504363,PubMed,"Sharon et al., 2010",,2010,https://pubmed.ncbi.nlm.nih.gov/20504363
28274957,PubMed,"Hanker et al., 2017",,2017,https://pubmed.ncbi.nlm.nih.gov/28274957
28891408,PubMed,"Long et al., 2017",,2017,https://pubmed.ncbi.nlm.nih.gov/28891408
23749122,PubMed,"Locatelli-Sanchez et al., 2013",,2013,https://pubmed.ncbi.nlm.nih.gov/23749122
27022112,PubMed,"Urata et al., 2016",,2016,https://pubmed.ncbi.nlm.nih.gov/27022112
17575221,PubMed,"Pérez-Tenorio et al., 2007",,2007,https://pubmed.ncbi.nlm.nih.gov/17575221
15705718,PubMed,"Burgess et al., 2005",,2005,https://pubmed.ncbi.nlm.nih.gov/15705718
18371219,PubMed,"Liedtke et al., 2008",,2008,https://pubmed.ncbi.nlm.nih.gov/18371219
17947469,PubMed,"Barbareschi et al., 2007",,2007,https://pubmed.ncbi.nlm.nih.gov/17947469
19652056,PubMed,"Hughes et al., 2009",,2009,https://pubmed.ncbi.nlm.nih.gov/19652056
28630796,PubMed,"Şahin Atik et al., 2017",,2017,https://pubmed.ncbi.nlm.nih.gov/28630796
19010894,PubMed,"Eichhorn et al., 2008",,2008,https://pubmed.ncbi.nlm.nih.gov/19010894
27617348,PubMed,"Mathó et al., 2016",,2016,https://pubmed.ncbi.nlm.nih.gov/27617348
29396065,PubMed,"Taylor et al., 2018",,2018,https://pubmed.ncbi.nlm.nih.gov/29396065
28256701,PubMed,"Allasia et al., 2017",,2017,https://pubmed.ncbi.nlm.nih.gov/28256701
29802158,PubMed,"Heining et al., 2018",,2018,https://pubmed.ncbi.nlm.nih.gov/29802158
26365017,PubMed,"Suzuki-Muromoto et al., 2016",,2016,https://pubmed.ncbi.nlm.nih.gov/26365017
26984080,PubMed,"Kobayashi et al., 2016",,2016,https://pubmed.ncbi.nlm.nih.gov/26984080
26584481,PubMed,"Valero et al., 2016",,2016,https://pubmed.ncbi.nlm.nih.gov/26584481
15709172,PubMed,"Lee et al., 2005",,2005,https://pubmed.ncbi.nlm.nih.gov/15709172
28650583,PubMed,"Launbjerg et al., 2017",,2017,https://pubmed.ncbi.nlm.nih.gov/28650583
24081659,PubMed,"Fleischman et al., 2013",,2013,https://pubmed.ncbi.nlm.nih.gov/24081659
25180155,PubMed,"Dao et al., 2014",,2014,https://pubmed.ncbi.nlm.nih.gov/25180155
29892662,PubMed,"Bartenstein et al., 2018",,2018,https://pubmed.ncbi.nlm.nih.gov/29892662
29683819,PubMed,"Lezcano et al., 2018",,2018,https://pubmed.ncbi.nlm.nih.gov/29683819
29920189,PubMed,"Taylor et al., 2018",,2018,https://pubmed.ncbi.nlm.nih.gov/29920189
22869148,PubMed,"Chell et al., 2013",,2013,https://pubmed.ncbi.nlm.nih.gov/22869148
29848605,PubMed,"Pal et al., 2018",,2018,https://pubmed.ncbi.nlm.nih.gov/29848605
27231123,PubMed,"Saha et al., 2016",,2016,https://pubmed.ncbi.nlm.nih.gov/27231123
29773717,PubMed,"Skoulidis et al., 2018",,2018,https://pubmed.ncbi.nlm.nih.gov/29773717
20193854,PubMed,"Musil et al., 2010",,2010,https://pubmed.ncbi.nlm.nih.gov/20193854
9811934,PubMed,"Houlston et al., 1998",,1998,https://pubmed.ncbi.nlm.nih.gov/9811934
24705251,PubMed,"Wu et al., 2014",,2014,https://pubmed.ncbi.nlm.nih.gov/24705251
22286216,PubMed,"Wu et al., 2012",,2012,https://pubmed.ncbi.nlm.nih.gov/22286216
24162739,PubMed,"Behjati et al., 2013",,2013,https://pubmed.ncbi.nlm.nih.gov/24162739
26622630,PubMed,"Zhang et al., 2015",,2015,https://pubmed.ncbi.nlm.nih.gov/26622630
27093299,PubMed,"Nagasubramanian et al., 2016",,2016,https://pubmed.ncbi.nlm.nih.gov/27093299
26784937,PubMed,"Prasad et al., 2016",,2016,https://pubmed.ncbi.nlm.nih.gov/26784937
29623306,PubMed,"Shukla et al., 2017",,2017,https://pubmed.ncbi.nlm.nih.gov/29623306
29755131,PubMed,"Gala et al., 2018",,2018,https://pubmed.ncbi.nlm.nih.gov/29755131
24132471,PubMed,"Kruizinga et al., 2014",,2014,https://pubmed.ncbi.nlm.nih.gov/24132471
25867206,PubMed,"Bausch et al., 2016",,2016,https://pubmed.ncbi.nlm.nih.gov/25867206
26763786,PubMed,"Feletti et al., 2016",,2016,https://pubmed.ncbi.nlm.nih.gov/26763786
29466156,PubMed,"Drilon et al., 2018",,2018,https://pubmed.ncbi.nlm.nih.gov/29466156
28379443,PubMed,"Takayanagi et al., 2017",,2017,https://pubmed.ncbi.nlm.nih.gov/28379443
26437031,PubMed,"Kataoka et al., 2015",,2015,https://pubmed.ncbi.nlm.nih.gov/26437031
25834951,PubMed,"Binderup et al., 2016",,2016,https://pubmed.ncbi.nlm.nih.gov/25834951
28469506,PubMed,"Sriphrapradang et al., 2017",,2017,https://pubmed.ncbi.nlm.nih.gov/28469506
26308528,PubMed,"Krzystolik et al., 2016",,2016,https://pubmed.ncbi.nlm.nih.gov/26308528
12673678,PubMed,"Dannenberg et al., 2003",,2003,https://pubmed.ncbi.nlm.nih.gov/12673678
27439424,PubMed,"Lee et al., 2016",,2016,https://pubmed.ncbi.nlm.nih.gov/27439424
28388566,PubMed,"Peng et al., 2017",,2017,https://pubmed.ncbi.nlm.nih.gov/28388566
25078357,PubMed,"Hwang et al., 2014",,2014,https://pubmed.ncbi.nlm.nih.gov/25078357
7915601,PubMed,"Gnarra et al., 1994",,1994,https://pubmed.ncbi.nlm.nih.gov/7915601
29880614,PubMed,"Roberts et al., 2018",,2018,https://pubmed.ncbi.nlm.nih.gov/29880614
23530248,PubMed,"Killela et al., 2013",,2013,https://pubmed.ncbi.nlm.nih.gov/23530248
25265492,PubMed,"Long et al., 2014",,2014,https://pubmed.ncbi.nlm.nih.gov/25265492
29912274,PubMed,"Subbiah et al., 2018",,2018,https://pubmed.ncbi.nlm.nih.gov/29912274
27135738,PubMed,"Souroullas et al., 2016",,2016,https://pubmed.ncbi.nlm.nih.gov/27135738
24705254,PubMed,"Buczkowicz et al., 2014",,2014,https://pubmed.ncbi.nlm.nih.gov/24705254
25448848,PubMed,"Muzza et al., 2015",,2015,https://pubmed.ncbi.nlm.nih.gov/25448848
25207766,PubMed,"Roberts et al., 2014",,2014,https://pubmed.ncbi.nlm.nih.gov/25207766
25037139,PubMed,"Ribas et al., 2014",,2014,https://pubmed.ncbi.nlm.nih.gov/25037139
29072975,PubMed,"Subbiah et al., 2018",,2018,https://pubmed.ncbi.nlm.nih.gov/29072975
24186319,PubMed,"Lengline et al., 2013",,2013,https://pubmed.ncbi.nlm.nih.gov/24186319
29434033,PubMed,"Zhang et al., 2018",,2018,https://pubmed.ncbi.nlm.nih.gov/29434033
29773603,PubMed,"Ding et al., 2018",,2018,https://pubmed.ncbi.nlm.nih.gov/29773603
22034177,PubMed,"Wang et al., 2012",,2012,https://pubmed.ncbi.nlm.nih.gov/22034177
12039929,PubMed,"Sorensen et al., 2002",,2002,https://pubmed.ncbi.nlm.nih.gov/12039929
28446439,PubMed,"Gryder et al., 2017",,2017,https://pubmed.ncbi.nlm.nih.gov/28446439
26650448,PubMed,"Kivlin et al., 2016",,2016,https://pubmed.ncbi.nlm.nih.gov/26650448
26146478,PubMed,"Bishop et al., 2015",,2015,https://pubmed.ncbi.nlm.nih.gov/26146478
26976114,PubMed,"Stathis et al., 2016",,2016,https://pubmed.ncbi.nlm.nih.gov/26976114
18391746,PubMed,"Stelow et al., 2008",,2008,https://pubmed.ncbi.nlm.nih.gov/18391746
21818111,PubMed,"Metzgeroth et al., 2012",,2012,https://pubmed.ncbi.nlm.nih.gov/21818111
27860260,PubMed,"Mayfield et al., 2017",,2017,https://pubmed.ncbi.nlm.nih.gov/27860260
21783417,PubMed,"Zhou et al., 2011",,2011,https://pubmed.ncbi.nlm.nih.gov/21783417
26872634,PubMed,"Schwab et al., 2016",,2016,https://pubmed.ncbi.nlm.nih.gov/26872634
24037524,PubMed,"Kosari et al., 2014",,2014,https://pubmed.ncbi.nlm.nih.gov/24037524
161573,ASCO,"Alexander E. Drilon, 2018, ASCO Annual Meeting, Abstract 102",102,2018,
29196463,PubMed,"Strickler et al., 2018",,2018,https://pubmed.ncbi.nlm.nih.gov/29196463
27589690,PubMed,"Billant et al., 2016",,2016,https://pubmed.ncbi.nlm.nih.gov/27589690
23252872,PubMed,"Nakayama et al., 2012",,2012,https://pubmed.ncbi.nlm.nih.gov/23252872
24124145,PubMed,"Fritchie et al., 2013",,2013,https://pubmed.ncbi.nlm.nih.gov/24124145
29789510,PubMed,"Bahougne et al., 2018",,2018,https://pubmed.ncbi.nlm.nih.gov/29789510
29662268,PubMed,"Igaki et al., 2018",,2018,https://pubmed.ncbi.nlm.nih.gov/29662268
20543203,PubMed,"Pérez et al., 2010",,2010,https://pubmed.ncbi.nlm.nih.gov/20543203
23817572,PubMed,"Jones et al., 2013",,2013,https://pubmed.ncbi.nlm.nih.gov/23817572
30718506,PubMed,"Xue et al., 2019",,2019,https://pubmed.ncbi.nlm.nih.gov/30718506
20008640,PubMed,"Roth et al., 2010",,2010,https://pubmed.ncbi.nlm.nih.gov/20008640
21502544,PubMed,"Van Cutsem et al., 2011",,2011,https://pubmed.ncbi.nlm.nih.gov/21502544
21641636,PubMed,"Maughan et al., 2011",,2011,https://pubmed.ncbi.nlm.nih.gov/21641636
24112392,PubMed,"Clancy et al., 2013",,2013,https://pubmed.ncbi.nlm.nih.gov/24112392
23538418,PubMed,"Hanel et al., 2013",,2013,https://pubmed.ncbi.nlm.nih.gov/23538418
11051239,PubMed,"Alsner et al., 2000",,2000,https://pubmed.ncbi.nlm.nih.gov/11051239
30683736,PubMed,"Hedberg et al., 2019",,2019,https://pubmed.ncbi.nlm.nih.gov/30683736
29948154,PubMed,"Yang et al., 2018",,2018,https://pubmed.ncbi.nlm.nih.gov/29948154
28595259,PubMed,"Alvi et al., 2017",,2017,https://pubmed.ncbi.nlm.nih.gov/28595259
29156677,PubMed,"Jain et al., 2017",,2017,https://pubmed.ncbi.nlm.nih.gov/29156677
21610142,PubMed,"Hawkins et al., 2011",,2011,https://pubmed.ncbi.nlm.nih.gov/21610142
23583981,PubMed,"Zhang et al., 2013",,2013,https://pubmed.ncbi.nlm.nih.gov/23583981
26681761,PubMed,"Duployez et al., 2016",,2016,https://pubmed.ncbi.nlm.nih.gov/26681761
20018760,PubMed,"Yoda et al., 2010",,2010,https://pubmed.ncbi.nlm.nih.gov/20018760
21343334,PubMed,"Monti et al., 2011",,2011,https://pubmed.ncbi.nlm.nih.gov/21343334
24045412,PubMed,"Carvalho et al., 2013",,2013,https://pubmed.ncbi.nlm.nih.gov/24045412
20139093,PubMed,"Harvey et al., 2010",,2010,https://pubmed.ncbi.nlm.nih.gov/20139093
24215620,PubMed,"Masuzawa et al., 2014",,2014,https://pubmed.ncbi.nlm.nih.gov/24215620
29223982,PubMed,"Cheng et al., 2017",,2017,https://pubmed.ncbi.nlm.nih.gov/29223982
21391972,PubMed,"Ernst et al., 2011",,2011,https://pubmed.ncbi.nlm.nih.gov/21391972
168986,ASCO,"Scott Kopetz, 2019, Gastrointestinal Cancers Symposium, Abstract 688",688,2019,
160559,ASCO,"Arlene O. Siefker-Radtke, 2018, ASCO Annual Meeting, Abstract 4503",4503,2018,
169315,ASCO,"Zev A. Wainberg, 2019, Gastrointestinal Cancers Symposium, Abstract 187",187,2019,
160289,ASCO,"Enriqueta Felip, 2018, ASCO Annual Meeting, Abstract 9016",9016,2018,
30345884,PubMed,"Moore et al., 2018",,2018,https://pubmed.ncbi.nlm.nih.gov/30345884
29860938,PubMed,"DiNardo et al., 2018",,2018,https://pubmed.ncbi.nlm.nih.gov/29860938
30980071,PubMed,"Shaw et al., 2019",,2019,https://pubmed.ncbi.nlm.nih.gov/30980071
28645776,PubMed,"Perl et al., 2017",,2017,https://pubmed.ncbi.nlm.nih.gov/28645776
28602779,PubMed,"Shaw et al., 2017",,2017,https://pubmed.ncbi.nlm.nih.gov/28602779
30413378,PubMed,"Solomon et al., 2018",,2018,https://pubmed.ncbi.nlm.nih.gov/30413378
29573941,PubMed,"Dummer et al., 2018",,2018,https://pubmed.ncbi.nlm.nih.gov/29573941
30487223,PubMed,"Li et al., 2018",,2018,https://pubmed.ncbi.nlm.nih.gov/30487223
30643249,PubMed,"Gu et al., 2019",,2019,https://pubmed.ncbi.nlm.nih.gov/30643249
30938769,PubMed,"Yenamandra et al., 2019",,2019,https://pubmed.ncbi.nlm.nih.gov/30938769
27259011,PubMed,"Agaram et al., 2016",,2016,https://pubmed.ncbi.nlm.nih.gov/27259011
158598,ASCO,"Tareq Al Baghdadi, 2018, ASCO Annual Meeting, Abstract 2532",2532,2018,
30857956,PubMed,"Meric-Bernstam et al., 2019",,2019,https://pubmed.ncbi.nlm.nih.gov/30857956
31091374,PubMed,"André et al., 2019",,2019,https://pubmed.ncbi.nlm.nih.gov/31091374
31064887,PubMed,"Guan et al., 2019",,2019,https://pubmed.ncbi.nlm.nih.gov/31064887
18974108,PubMed,"Jones et al., 2008",,2008,https://pubmed.ncbi.nlm.nih.gov/18974108
30420614,PubMed,"Mazzaferro et al., 2019",,2019,https://pubmed.ncbi.nlm.nih.gov/30420614
30807234,PubMed,"Turner et al., 2019",,2019,https://pubmed.ncbi.nlm.nih.gov/30807234
147167,ASCO,"Scott Kopetz, 2017, ASCO Annual Meeting, Abstract 3505",3505,2017,
28787259,PubMed,"Mossé et al., 2017",,2017,https://pubmed.ncbi.nlm.nih.gov/28787259
28958502,PubMed,"Wu et al., 2017",,2017,https://pubmed.ncbi.nlm.nih.gov/28958502
30044693,PubMed,"Yeoh et al., 2018",,2018,https://pubmed.ncbi.nlm.nih.gov/30044693
21482694,PubMed,"Gozgit et al., 2011",,2011,https://pubmed.ncbi.nlm.nih.gov/21482694
19129520,PubMed,"Mullighan et al., 2009",,2009,https://pubmed.ncbi.nlm.nih.gov/19129520
31157963,PubMed,"Golan et al., 2019",,2019,https://pubmed.ncbi.nlm.nih.gov/31157963
28002790,PubMed,"Selt et al., 2017",,2017,https://pubmed.ncbi.nlm.nih.gov/28002790
25335741,PubMed,"Jia et al., 2014",,2014,https://pubmed.ncbi.nlm.nih.gov/25335741
30204247,PubMed,"DuBois et al., 2018",,2018,https://pubmed.ncbi.nlm.nih.gov/30204247
29054983,PubMed,"Couts et al., 2018",,2018,https://pubmed.ncbi.nlm.nih.gov/29054983
31340094,PubMed,"Loriot et al., 2019",,2019,https://pubmed.ncbi.nlm.nih.gov/31340094
17363498,PubMed,"Wong et al., 2007",,2007,https://pubmed.ncbi.nlm.nih.gov/17363498
174591,ASCO,"Eugene R Ahn, 2019, ASCO Annual Meeting, Abstract 9041",9041,2019,
174406,ASCO,"Paul K. Paik, 2019, ASCO Annual Meeting, Abstract 9085",9085,2019,
31300360,PubMed,"Lowery et al., 2019",,2019,https://pubmed.ncbi.nlm.nih.gov/31300360
173496,ASCO,"Sehhoon Park, 2019, ASCO Annual Meeting, Abstract 8514",8514,2019,
24335498,PubMed,"Thol et al., 2014",,2014,https://pubmed.ncbi.nlm.nih.gov/24335498
29538669,PubMed,"Pietrantonio et al., 2018",,2018,https://pubmed.ncbi.nlm.nih.gov/29538669
26633560,PubMed,"Amatu et al., 2015",,2015,https://pubmed.ncbi.nlm.nih.gov/26633560
30171048,PubMed,"Davare et al., 2018",,2018,https://pubmed.ncbi.nlm.nih.gov/30171048
31151904,PubMed,"Fangusaro et al., 2019",,2019,https://pubmed.ncbi.nlm.nih.gov/31151904
25193991,PubMed,"Soria et al., 2014",,2014,https://pubmed.ncbi.nlm.nih.gov/25193991
31068372,PubMed,"Jones et al., 2019",,2019,https://pubmed.ncbi.nlm.nih.gov/31068372
30624546,PubMed,"Hong et al., 2019",,2019,https://pubmed.ncbi.nlm.nih.gov/30624546
31391294,PubMed,"Chu et al., 2019",,2019,https://pubmed.ncbi.nlm.nih.gov/31391294
31395785,PubMed,"Boettcher et al., 2019",,2019,https://pubmed.ncbi.nlm.nih.gov/31395785
27815723,PubMed,"Zhang et al., 2017",,2017,https://pubmed.ncbi.nlm.nih.gov/27815723
31399568,PubMed,"Katayama et al., 2019",,2019,https://pubmed.ncbi.nlm.nih.gov/31399568
25669829,PubMed,"Fu et al., 2015",,2015,https://pubmed.ncbi.nlm.nih.gov/25669829
29507076,PubMed,"Tran et al., 2018",,2018,https://pubmed.ncbi.nlm.nih.gov/29507076
28783719,PubMed,"Yao et al., 2017",,2017,https://pubmed.ncbi.nlm.nih.gov/28783719
28972961,PubMed,"Shinozaki et al., 2017",,2017,https://pubmed.ncbi.nlm.nih.gov/28972961
29941343,PubMed,"Yang et al., 2018",,2018,https://pubmed.ncbi.nlm.nih.gov/29941343
177193,ASCO,"Kyriakos P. Papadopoulos, 2019, ASCO Annual Meeting, Abstract TPS3161",0,2019,
31513482,PubMed,"Donadieu et al., 2019",,2019,https://pubmed.ncbi.nlm.nih.gov/31513482
31086949,PubMed,"Hastings et al., 2019",,2019,https://pubmed.ncbi.nlm.nih.gov/31086949
172409,ASCO,"Isabel Arrillaga, 2019, ASCO Annual Meeting, Abstract 3005",3005,2019,
31208370,PubMed,"Fang et al., 2019",,2019,https://pubmed.ncbi.nlm.nih.gov/31208370
31566309,PubMed,"Kopetz et al., 2019",,2019,https://pubmed.ncbi.nlm.nih.gov/31566309
15035987,PubMed,"Wan et al., 2004",,2004,https://pubmed.ncbi.nlm.nih.gov/15035987
31580757,PubMed,"Menzer et al., 2019",,2019,https://pubmed.ncbi.nlm.nih.gov/31580757
31575541,PubMed,"Kim et al., 2019",,2019,https://pubmed.ncbi.nlm.nih.gov/31575541
31453370,PubMed,"Yarlagadda et al., 2019",,2019,https://pubmed.ncbi.nlm.nih.gov/31453370
123413,ASCO,"Alexander E. Drilon, 2016, ASCO Annual Meeting, Abstract 108",108,2016,
26892698,PubMed,"Mahjoubi et al., 2016",,2016,https://pubmed.ncbi.nlm.nih.gov/26892698
7759077,PubMed,"Brauch et al., 1995",,1995,https://pubmed.ncbi.nlm.nih.gov/7759077
31047804,PubMed,"Shitara et al., 2019",,2019,https://pubmed.ncbi.nlm.nih.gov/31047804
27894077,PubMed,"Boer et al., 2017",,2017,https://pubmed.ncbi.nlm.nih.gov/27894077
24367893,PubMed,"Tomita et al., 2014",,2014,https://pubmed.ncbi.nlm.nih.gov/24367893
25452114,PubMed,"Long et al., 2014",,2014,https://pubmed.ncbi.nlm.nih.gov/25452114
28278724,PubMed,"Mu et al., 2017",,2017,https://pubmed.ncbi.nlm.nih.gov/28278724
28408464,PubMed,"Reshmi et al., 2017",,2017,https://pubmed.ncbi.nlm.nih.gov/28408464
27525386,PubMed,"Sherman et al., 2016",,2016,https://pubmed.ncbi.nlm.nih.gov/27525386
32043779,PubMed,"Valiakhmetova et al., 2020",,2020,https://pubmed.ncbi.nlm.nih.gov/32043779
31615936,PubMed,"Zhu et al., 2020",,2020,https://pubmed.ncbi.nlm.nih.gov/31615936
31665578,PubMed,"Perl et al., 2019",,2019,https://pubmed.ncbi.nlm.nih.gov/31665578
29903880,PubMed,"Aguirre et al., 2018",,2018,https://pubmed.ncbi.nlm.nih.gov/29903880
31010895,PubMed,"Isaacson et al., 2019",,2019,https://pubmed.ncbi.nlm.nih.gov/31010895
11433531,PubMed,"Petronzelli et al., 2001",,2001,https://pubmed.ncbi.nlm.nih.gov/11433531
27125982,PubMed,"Perwein et al., 2016",,2016,https://pubmed.ncbi.nlm.nih.gov/27125982
23960186,PubMed,"Mullen et al., 2013",,2013,https://pubmed.ncbi.nlm.nih.gov/23960186
31871216,PubMed,"Majounie et al., 2020",,2020,https://pubmed.ncbi.nlm.nih.gov/31871216
30339198,PubMed,"Zhu et al., 2018",,2018,https://pubmed.ncbi.nlm.nih.gov/30339198
29408328,PubMed,"Bortolozzi et al., 2018",,2018,https://pubmed.ncbi.nlm.nih.gov/29408328
28903422,PubMed,"Li et al., 2017",,2017,https://pubmed.ncbi.nlm.nih.gov/28903422
26296355,PubMed,"Leto et al., 2015",,2015,https://pubmed.ncbi.nlm.nih.gov/26296355
24302556,PubMed,"Malchers et al., 2014",,2014,https://pubmed.ncbi.nlm.nih.gov/24302556
23377183,PubMed,"Meyer et al., 2013",,2013,https://pubmed.ncbi.nlm.nih.gov/23377183
23786770,PubMed,"Liao et al., 2013",,2013,https://pubmed.ncbi.nlm.nih.gov/23786770
31372595,PubMed,"Newton et al., 2018",,2018,https://pubmed.ncbi.nlm.nih.gov/31372595
31924734,PubMed,"Johnson et al., 2020",,2020,https://pubmed.ncbi.nlm.nih.gov/31924734
26870817,PubMed,"Katayama et al., 2016",,2016,https://pubmed.ncbi.nlm.nih.gov/26870817
25962120,PubMed,"Li et al., 2015",,2015,https://pubmed.ncbi.nlm.nih.gov/25962120
11850829,PubMed,"Lui et al., 2002",,2002,https://pubmed.ncbi.nlm.nih.gov/11850829
29596029,PubMed,"Wu et al., 2018",,2018,https://pubmed.ncbi.nlm.nih.gov/29596029
20147967,PubMed,"Smith et al., 2010",,2010,https://pubmed.ncbi.nlm.nih.gov/20147967
27489863,PubMed,"Wheler et al., 2016",,2016,https://pubmed.ncbi.nlm.nih.gov/27489863
28672024,PubMed,"Xiao et al., 2017",,2017,https://pubmed.ncbi.nlm.nih.gov/28672024
27900359,PubMed,"Kukita et al., 2016",,2016,https://pubmed.ncbi.nlm.nih.gov/27900359
19197950,PubMed,"Fattet et al., 2009",,2009,https://pubmed.ncbi.nlm.nih.gov/19197950
17172831,PubMed,"Clifford et al., 2006",,2006,https://pubmed.ncbi.nlm.nih.gov/17172831
20332486,PubMed,"Kubo et al., 2010",,2010,https://pubmed.ncbi.nlm.nih.gov/20332486
30592434,PubMed,"Zhang et al., 2019",,2019,https://pubmed.ncbi.nlm.nih.gov/30592434
12944919,PubMed,"Trempat et al., 2003",,2003,https://pubmed.ncbi.nlm.nih.gov/12944919
29760553,PubMed,"Xiao et al., 2018",,2018,https://pubmed.ncbi.nlm.nih.gov/29760553
31905241,PubMed,"Nardi et al., 2020",,2020,https://pubmed.ncbi.nlm.nih.gov/31905241
29237803,PubMed,"Smith et al., 2018",,2018,https://pubmed.ncbi.nlm.nih.gov/29237803
27870571,PubMed,"Roberts et al., 2017",,2017,https://pubmed.ncbi.nlm.nih.gov/27870571
26404892,PubMed,"Yano et al., 2015",,2015,https://pubmed.ncbi.nlm.nih.gov/26404892
27428428,PubMed,"Liu et al., 2016",,2016,https://pubmed.ncbi.nlm.nih.gov/27428428
29610391,PubMed,"Ronsley et al., 2018",,2018,https://pubmed.ncbi.nlm.nih.gov/29610391
28424201,PubMed,"Xu et al., 2017",,2017,https://pubmed.ncbi.nlm.nih.gov/28424201
26942101,PubMed,"Ramos et al., 2014",,2014,https://pubmed.ncbi.nlm.nih.gov/26942101
21294614,PubMed,"Plotkin et al., 2011",,2011,https://pubmed.ncbi.nlm.nih.gov/21294614
27176795,PubMed,"Imamura et al., 2016",,2016,https://pubmed.ncbi.nlm.nih.gov/27176795
28516360,PubMed,"Mori et al., 2017",,2017,https://pubmed.ncbi.nlm.nih.gov/28516360
27908881,PubMed,"Lee et al., 2017",,2017,https://pubmed.ncbi.nlm.nih.gov/27908881
32203698,PubMed,"Abou-Alfa et al., 2020",,2020,https://pubmed.ncbi.nlm.nih.gov/32203698
26537301,PubMed,"Liu et al., 2016",,2016,https://pubmed.ncbi.nlm.nih.gov/26537301
32232486,PubMed,"Lucas et al., 2020",,2020,https://pubmed.ncbi.nlm.nih.gov/32232486
27562493,PubMed,"Rekhi et al., 2016",,2016,https://pubmed.ncbi.nlm.nih.gov/27562493
31988000,PubMed,"Solomon et al., 2020",,2020,https://pubmed.ncbi.nlm.nih.gov/31988000
11148816,PubMed,"Kreusel et al., 2000",,2000,https://pubmed.ncbi.nlm.nih.gov/11148816
32068648,PubMed,"Sakurai et al., 2021",,2021,https://pubmed.ncbi.nlm.nih.gov/32068648
19561568,PubMed,"Wang et al., 2009",,2009,https://pubmed.ncbi.nlm.nih.gov/19561568
30604891,PubMed,"Tsai et al., 2019",,2019,https://pubmed.ncbi.nlm.nih.gov/30604891
19381019,PubMed,"Qing et al., 2009",,2009,https://pubmed.ncbi.nlm.nih.gov/19381019
14737077,PubMed,"Shih et al., 2004",,2004,https://pubmed.ncbi.nlm.nih.gov/14737077
9462753,PubMed,"Knezevich et al., 1998",,1998,https://pubmed.ncbi.nlm.nih.gov/9462753
22858906,PubMed,"Williams et al., 2013",,2013,https://pubmed.ncbi.nlm.nih.gov/22858906
28545823,PubMed,"Schwalbe et al., 2017",,2017,https://pubmed.ncbi.nlm.nih.gov/28545823
16434489,PubMed,"Shah et al., 2006",,2006,https://pubmed.ncbi.nlm.nih.gov/16434489
30835257,PubMed,"McEvoy et al., 2019",,2019,https://pubmed.ncbi.nlm.nih.gov/30835257
31234236,PubMed,"Blombery et al., 2019",,2019,https://pubmed.ncbi.nlm.nih.gov/31234236
16042317,PubMed,"Pozo et al., 2005",,2005,https://pubmed.ncbi.nlm.nih.gov/16042317
18474773,PubMed,"Wong et al., 2008",,2008,https://pubmed.ncbi.nlm.nih.gov/18474773
32343890,PubMed,"de Bono et al., 2020",,2020,https://pubmed.ncbi.nlm.nih.gov/32343890
26919435,PubMed,"Sturm et al., 2016",,2016,https://pubmed.ncbi.nlm.nih.gov/26919435
27157931,PubMed,"Louis et al., 2016",,2016,https://pubmed.ncbi.nlm.nih.gov/27157931
25965575,PubMed,"Pajtler et al., 2015",,2015,https://pubmed.ncbi.nlm.nih.gov/25965575
31316618,PubMed,"Xie et al., 2019",,2019,https://pubmed.ncbi.nlm.nih.gov/31316618
28094316,PubMed,"Sizdahkhani et al., 2017",,2017,https://pubmed.ncbi.nlm.nih.gov/28094316
29804288,PubMed,"López et al., 2019",,2019,https://pubmed.ncbi.nlm.nih.gov/29804288
28501140,PubMed,"Hida et al., 2017",,2017,https://pubmed.ncbi.nlm.nih.gov/28501140
18580449,PubMed,"Corcos et al., 2008",,2008,https://pubmed.ncbi.nlm.nih.gov/18580449
32822286,PubMed,"Monk et al., 2020",,2020,https://pubmed.ncbi.nlm.nih.gov/32822286
31160589,PubMed,"Birkinshaw et al., 2019",,2019,https://pubmed.ncbi.nlm.nih.gov/31160589
32877583,PubMed,"Wolf et al., 2020",,2020,https://pubmed.ncbi.nlm.nih.gov/32877583
32846060,PubMed,"Drilon et al., 2020",,2020,https://pubmed.ncbi.nlm.nih.gov/32846060
32846061,PubMed,"Wirth et al., 2020",,2020,https://pubmed.ncbi.nlm.nih.gov/32846061
16338952,PubMed,"Bernard-Pierrot et al., 2006",,2006,https://pubmed.ncbi.nlm.nih.gov/16338952
25606676,PubMed,"Del Piccolo et al., 2015",,2015,https://pubmed.ncbi.nlm.nih.gov/25606676
19749790,PubMed,"di Martino et al., 2009",,2009,https://pubmed.ncbi.nlm.nih.gov/19749790
30725494,PubMed,"Huemer et al., 2019",,2019,https://pubmed.ncbi.nlm.nih.gov/30725494
15178581,PubMed,"Jiang et al., 2004",,2004,https://pubmed.ncbi.nlm.nih.gov/15178581
15105654,PubMed,"Judkins et al., 2004",,2004,https://pubmed.ncbi.nlm.nih.gov/15105654
23104868,PubMed,"Kannan et al., 2012",,2012,https://pubmed.ncbi.nlm.nih.gov/23104868
30709876,PubMed,"Bender et al., 2019",,2019,https://pubmed.ncbi.nlm.nih.gov/30709876
26563355,PubMed,"Sartore-Bianchi et al., 2016",,2016,https://pubmed.ncbi.nlm.nih.gov/26563355
32050835,PubMed,"So et al., 2020",,2020,https://pubmed.ncbi.nlm.nih.gov/32050835
24445538,PubMed,"Wiesner et al., 2014",,2014,https://pubmed.ncbi.nlm.nih.gov/24445538
31725893,PubMed,"Schewe et al., 2019",,2019,https://pubmed.ncbi.nlm.nih.gov/31725893
30809568,PubMed,"Champer et al., 2019",,2019,https://pubmed.ncbi.nlm.nih.gov/30809568
21525573,PubMed,"Jadali et al., 2011",,2011,https://pubmed.ncbi.nlm.nih.gov/21525573
8640234,PubMed,"Naski et al., 1996",,1996,https://pubmed.ncbi.nlm.nih.gov/8640234
21382250,PubMed,"Huddle, 2011",,2011,https://pubmed.ncbi.nlm.nih.gov/21382250
8634692,PubMed,1995,,1995,https://pubmed.ncbi.nlm.nih.gov/8634692
25360585,PubMed,"Peters et al., 2015",,2015,https://pubmed.ncbi.nlm.nih.gov/25360585
28346326,PubMed,"Antonescu et al., 2017",,2017,https://pubmed.ncbi.nlm.nih.gov/28346326
35135096,PubMed,"Kim et al., 2018",,2018,https://pubmed.ncbi.nlm.nih.gov/35135096
27229714,PubMed,"Zaliova et al., 2016",,2016,https://pubmed.ncbi.nlm.nih.gov/27229714
22897847,PubMed,"Roberts et al., 2012",,2012,https://pubmed.ncbi.nlm.nih.gov/22897847
25766326,PubMed,"Zhang et al., 2015",,2015,https://pubmed.ncbi.nlm.nih.gov/25766326
33357483,PubMed,"den Boer et al., 2021",,2021,https://pubmed.ncbi.nlm.nih.gov/33357483
23175662,PubMed,"Eyre et al., 2012",,2012,https://pubmed.ncbi.nlm.nih.gov/23175662
18007576,PubMed,"Soler et al., 2008",,2008,https://pubmed.ncbi.nlm.nih.gov/18007576
31434701,PubMed,"Tanasi et al., 2019",,2019,https://pubmed.ncbi.nlm.nih.gov/31434701
21388681,PubMed,"Duhoux et al., 2011",,2011,https://pubmed.ncbi.nlm.nih.gov/21388681
32306475,PubMed,"Biloglav et al., 2020",,2020,https://pubmed.ncbi.nlm.nih.gov/32306475
27894117,PubMed,"Sheng et al., 2017",,2017,https://pubmed.ncbi.nlm.nih.gov/27894117
18205209,PubMed,"Hidalgo-Curtis et al., 2008",,2008,https://pubmed.ncbi.nlm.nih.gov/18205209
17541395,PubMed,"De Braekeleer et al., 2007",,2007,https://pubmed.ncbi.nlm.nih.gov/17541395
19794096,PubMed,"Mustjoki et al., 2009",,2009,https://pubmed.ncbi.nlm.nih.gov/19794096
26600955,PubMed,"Kamran et al., 2015",,2015,https://pubmed.ncbi.nlm.nih.gov/26600955
21863287,PubMed,"Inokuchi et al., 2011",,2011,https://pubmed.ncbi.nlm.nih.gov/21863287
23168614,PubMed,"De Braekeleer et al., 2013",,2013,https://pubmed.ncbi.nlm.nih.gov/23168614
28057740,PubMed,"Frech et al., 2017",,2017,https://pubmed.ncbi.nlm.nih.gov/28057740
27855558,PubMed,"Yap et al., 2017",,2017,https://pubmed.ncbi.nlm.nih.gov/27855558
16174717,PubMed,"Xing et al., 2005",,2005,https://pubmed.ncbi.nlm.nih.gov/16174717
30028819,PubMed,"Mankuzhy et al., 2019",,2019,https://pubmed.ncbi.nlm.nih.gov/30028819
31142515,PubMed,"Taylor et al., 2019",,2019,https://pubmed.ncbi.nlm.nih.gov/31142515
25768406,PubMed,"Collette et al., 2015",,2015,https://pubmed.ncbi.nlm.nih.gov/25768406
31160355,PubMed,"Williamson et al., 2019",,2019,https://pubmed.ncbi.nlm.nih.gov/31160355
32600123,PubMed,"Hu et al., 2020",,2020,https://pubmed.ncbi.nlm.nih.gov/32600123
23284920,PubMed,"Conte et al., 2012",,2012,https://pubmed.ncbi.nlm.nih.gov/23284920
21445056,PubMed,"Xu et al., 2011",,2011,https://pubmed.ncbi.nlm.nih.gov/21445056
21232794,PubMed,"Pekova et al., 2011",,2011,https://pubmed.ncbi.nlm.nih.gov/21232794
29533785,PubMed,"Ng et al., 2018",,2018,https://pubmed.ncbi.nlm.nih.gov/29533785
24642870,PubMed,"Tong et al., 2014",,2014,https://pubmed.ncbi.nlm.nih.gov/24642870
29588308,PubMed,"Toledo et al., 2018",,2018,https://pubmed.ncbi.nlm.nih.gov/29588308
29650362,PubMed,"Italiano et al., 2018",,2018,https://pubmed.ncbi.nlm.nih.gov/29650362
29907598,PubMed,"Guan et al., 2018",,2018,https://pubmed.ncbi.nlm.nih.gov/29907598
21078963,PubMed,"Sneeringer et al., 2010",,2010,https://pubmed.ncbi.nlm.nih.gov/21078963
22729224,PubMed,"Rivière et al., 2012",,2012,https://pubmed.ncbi.nlm.nih.gov/22729224
23475934,PubMed,"He et al., 2013",,2013,https://pubmed.ncbi.nlm.nih.gov/23475934
26250934,PubMed,"Tjhay et al., 2015",,2015,https://pubmed.ncbi.nlm.nih.gov/26250934
34096690,PubMed,"Skoulidis et al., 2021",,2021,https://pubmed.ncbi.nlm.nih.gov/34096690
20407015,PubMed,"Jordan et al., 2010",,2010,https://pubmed.ncbi.nlm.nih.gov/20407015
21190999,PubMed,"Yap et al., 2011",,2011,https://pubmed.ncbi.nlm.nih.gov/21190999
34166060,PubMed,"Shern et al., 2021",,2021,https://pubmed.ncbi.nlm.nih.gov/34166060
30865549,PubMed,"Armstrong et al., 2019",,2019,https://pubmed.ncbi.nlm.nih.gov/30865549
27147599,PubMed,"Kim et al., 2016",,2016,https://pubmed.ncbi.nlm.nih.gov/27147599
32636318,PubMed,"Lee et al., 2020",,2020,https://pubmed.ncbi.nlm.nih.gov/32636318
33750196,PubMed,"Ho et al., 2021",,2021,https://pubmed.ncbi.nlm.nih.gov/33750196
33035457,PubMed,"Morschhauser et al., 2020",,2020,https://pubmed.ncbi.nlm.nih.gov/33035457
21813447,PubMed,"Hollink et al., 2011",,2011,https://pubmed.ncbi.nlm.nih.gov/21813447
20713864,PubMed,"Fouladi et al., 2010",,2010,https://pubmed.ncbi.nlm.nih.gov/20713864
17950782,PubMed,"Patel et al., 2008",,2008,https://pubmed.ncbi.nlm.nih.gov/17950782
25341748,PubMed,"van Broekhoven et al., 2015",,2015,https://pubmed.ncbi.nlm.nih.gov/25341748
33637608,PubMed,"Miller et al., 2021",,2021,https://pubmed.ncbi.nlm.nih.gov/33637608
20978130,PubMed,"Kamada et al., 2011",,2011,https://pubmed.ncbi.nlm.nih.gov/20978130
20601953,PubMed,"Ernst et al., 2010",,2010,https://pubmed.ncbi.nlm.nih.gov/20601953
25453902,PubMed,"Goodwin et al., 2014",,2014,https://pubmed.ncbi.nlm.nih.gov/25453902
27904766,PubMed,"Kuo et al., 2016",,2016,https://pubmed.ncbi.nlm.nih.gov/27904766
11244503,PubMed,"Ladanyi et al., 2001",,2001,https://pubmed.ncbi.nlm.nih.gov/11244503
23060122,PubMed,"Sullivan et al., 2013",,2013,https://pubmed.ncbi.nlm.nih.gov/23060122
29300189,PubMed,"Kao et al., 2018",,2018,https://pubmed.ncbi.nlm.nih.gov/29300189
16717057,PubMed,"Kawamura-Saito et al., 2006",,2006,https://pubmed.ncbi.nlm.nih.gov/16717057
22403669,PubMed,"Hay et al., 2012",,2012,https://pubmed.ncbi.nlm.nih.gov/22403669
23995526,PubMed,"Nakamura et al., 2013",,2013,https://pubmed.ncbi.nlm.nih.gov/23995526
26706833,PubMed,"Engels et al., 2016",,2016,https://pubmed.ncbi.nlm.nih.gov/26706833
35027467,PubMed,"Lappin et al., 2022",,2022,https://pubmed.ncbi.nlm.nih.gov/35027467
34534430,PubMed,"Li et al., 2022",,2022,https://pubmed.ncbi.nlm.nih.gov/34534430
19884554,PubMed,"Reynolds et al., 2009",,2009,https://pubmed.ncbi.nlm.nih.gov/19884554
22705007,PubMed,"Maréchal et al., 2012",,2012,https://pubmed.ncbi.nlm.nih.gov/22705007
30797591,PubMed,"Mesquita et al., 2019",,2019,https://pubmed.ncbi.nlm.nih.gov/30797591
26169997,PubMed,"He et al., 2015",,2015,https://pubmed.ncbi.nlm.nih.gov/26169997
28319062,PubMed,"Marshall et al., 2017",,2017,https://pubmed.ncbi.nlm.nih.gov/28319062
24311637,PubMed,"Hutterer et al., 2014",,2014,https://pubmed.ncbi.nlm.nih.gov/24311637
25376618,PubMed,"Cives et al., 2015",,2015,https://pubmed.ncbi.nlm.nih.gov/25376618
11896595,PubMed,"Monti et al., 2002",,2002,https://pubmed.ncbi.nlm.nih.gov/11896595
17431412,PubMed,"Takahira et al., 2007",,2007,https://pubmed.ncbi.nlm.nih.gov/17431412
35507888,PubMed,"Capone et al., 2022",,2022,https://pubmed.ncbi.nlm.nih.gov/35507888
35050712,PubMed,"Panet et al., 2022",,2022,https://pubmed.ncbi.nlm.nih.gov/35050712
35005993,PubMed,"Gaule et al., 2022",,2022,https://pubmed.ncbi.nlm.nih.gov/35005993
7524604,PubMed,"Zoubek et al., 1994",,1994,https://pubmed.ncbi.nlm.nih.gov/7524604
34651095,PubMed,"Mangum et al., 2021",,2021,https://pubmed.ncbi.nlm.nih.gov/34651095
34041811,PubMed,"Shepherd et al., 2021",,2021,https://pubmed.ncbi.nlm.nih.gov/34041811
34464935,PubMed,"Chen et al., 2021",,2021,https://pubmed.ncbi.nlm.nih.gov/34464935
32589730,PubMed,"Rushton et al., 2020",,2020,https://pubmed.ncbi.nlm.nih.gov/32589730
11055896,PubMed,"Bellus et al., 2000",,2000,https://pubmed.ncbi.nlm.nih.gov/11055896
27148571,PubMed,"Tannenbaum-Dvir et al., 2015",,2015,https://pubmed.ncbi.nlm.nih.gov/27148571
32105622,PubMed,"Hong et al., 2020",,2020,https://pubmed.ncbi.nlm.nih.gov/32105622
8754806,PubMed,"Webster et al., 1996",,1996,https://pubmed.ncbi.nlm.nih.gov/8754806
29099503,PubMed,"Church et al., 2018",,2018,https://pubmed.ncbi.nlm.nih.gov/29099503
35572973,PubMed,"Dang et al., 2022",,2022,https://pubmed.ncbi.nlm.nih.gov/35572973
34583947,PubMed,"Allen et al., 2023",,2023,https://pubmed.ncbi.nlm.nih.gov/34583947
15843401,PubMed,"Nowroozi et al., 2005",,2005,https://pubmed.ncbi.nlm.nih.gov/15843401
12450792,PubMed,"Tognon et al., 2002",,2002,https://pubmed.ncbi.nlm.nih.gov/12450792
31375766,PubMed,"Solomon et al., 2020",,2020,https://pubmed.ncbi.nlm.nih.gov/31375766
26725515,PubMed,"Sarabipour et al., 2016",,2016,https://pubmed.ncbi.nlm.nih.gov/26725515
10519380,PubMed,"Marutani et al., 1999",,1999,https://pubmed.ncbi.nlm.nih.gov/10519380
32457407,PubMed,"Chu et al., 2020",,2020,https://pubmed.ncbi.nlm.nih.gov/32457407
34625502,PubMed,"Murray et al., 2021",,2021,https://pubmed.ncbi.nlm.nih.gov/34625502
28512242,PubMed,"Kloosterman et al., 2017",,2017,https://pubmed.ncbi.nlm.nih.gov/28512242
32223937,PubMed,"Bielack et al., 2019",,2019,https://pubmed.ncbi.nlm.nih.gov/32223937
26573325,PubMed,"Roy et al., 2015",,2015,https://pubmed.ncbi.nlm.nih.gov/26573325
26992226,PubMed,"Patani et al., 2016",,2016,https://pubmed.ncbi.nlm.nih.gov/26992226
29893456,PubMed,"Halalsheh et al., 2018",,2018,https://pubmed.ncbi.nlm.nih.gov/29893456
29286563,PubMed,"Vokuhl et al., 2018",,2018,https://pubmed.ncbi.nlm.nih.gov/29286563
32416072,PubMed,"Abou-Alfa et al., 2020",,2020,https://pubmed.ncbi.nlm.nih.gov/32416072
31104347,PubMed,"Ferris et al., 2020",,2020,https://pubmed.ncbi.nlm.nih.gov/31104347
35004270,PubMed,"Wang et al., 2021",,2021,https://pubmed.ncbi.nlm.nih.gov/35004270
32348852,PubMed,"Ross et al., 2020",,2020,https://pubmed.ncbi.nlm.nih.gov/32348852
33002320,PubMed,"Ruiz-Cordero et al., 2020",,2020,https://pubmed.ncbi.nlm.nih.gov/33002320
32162810,PubMed,"Li et al., 2020",,2020,https://pubmed.ncbi.nlm.nih.gov/32162810
23236167,PubMed,"Qi et al., 2012",,2012,https://pubmed.ncbi.nlm.nih.gov/23236167
35245845,PubMed,"Copia Sperandio et al., 2022",,2022,https://pubmed.ncbi.nlm.nih.gov/35245845
34163176,PubMed,"Wang et al., 2021",,2021,https://pubmed.ncbi.nlm.nih.gov/34163176
28963353,PubMed,"Zhang et al., 2018",,2018,https://pubmed.ncbi.nlm.nih.gov/28963353
23139211,PubMed,"Fleming et al., 2013",,2013,https://pubmed.ncbi.nlm.nih.gov/23139211
31375262,PubMed,"Gao et al., 2019",,2019,https://pubmed.ncbi.nlm.nih.gov/31375262
27273450,PubMed,"Atefi et al., 2016",,2016,https://pubmed.ncbi.nlm.nih.gov/27273450
26829751,PubMed,"Bandopadhayay et al., 2016",,2016,https://pubmed.ncbi.nlm.nih.gov/26829751
28077790,PubMed,"Nguyen et al., 2017",,2017,https://pubmed.ncbi.nlm.nih.gov/28077790
36419889,PubMed,"Lazzari et al., 2022",,2022,https://pubmed.ncbi.nlm.nih.gov/36419889
33403813,PubMed,"Waters et al., 2021",,2021,https://pubmed.ncbi.nlm.nih.gov/33403813
33492746,PubMed,"Munakata et al., 2021",,2021,https://pubmed.ncbi.nlm.nih.gov/33492746
34159682,PubMed,"Izutsu et al., 2021",,2021,https://pubmed.ncbi.nlm.nih.gov/34159682
24052547,PubMed,"Bödör et al., 2013",,2013,https://pubmed.ncbi.nlm.nih.gov/24052547
32780660,PubMed,"Camidge et al., 2020",,2020,https://pubmed.ncbi.nlm.nih.gov/32780660
29352732,PubMed,"Gambacorti-Passerini et al., 2018",,2018,https://pubmed.ncbi.nlm.nih.gov/29352732
31838015,PubMed,"Drilon et al., 2020",,2020,https://pubmed.ncbi.nlm.nih.gov/31838015
31838007,PubMed,"Doebele et al., 2020",,2020,https://pubmed.ncbi.nlm.nih.gov/31838007
28882436,PubMed,"Oza et al., 2017",,2017,https://pubmed.ncbi.nlm.nih.gov/28882436
27478040,PubMed,"Berger et al., 2016",,2016,https://pubmed.ncbi.nlm.nih.gov/27478040
26778290,PubMed,"Thomas et al., 2016",,2016,https://pubmed.ncbi.nlm.nih.gov/26778290
19193436,PubMed,"Vega-Ruiz et al., 2009",,2009,https://pubmed.ncbi.nlm.nih.gov/19193436
30980040,PubMed,"Jia et al., 2019",,2019,https://pubmed.ncbi.nlm.nih.gov/30980040
22686875,PubMed,"Calderaro et al., 2012",,2012,https://pubmed.ncbi.nlm.nih.gov/22686875
28558987,PubMed,"Carlo et al., 2017",,2017,https://pubmed.ncbi.nlm.nih.gov/28558987
32187457,PubMed,"Gross et al., 2020",,2020,https://pubmed.ncbi.nlm.nih.gov/32187457
34081848,PubMed,"Tutt et al., 2021",,2021,https://pubmed.ncbi.nlm.nih.gov/34081848
32955177,PubMed,"Wu et al., 2020",,2020,https://pubmed.ncbi.nlm.nih.gov/32955177
34339292,PubMed,"Park et al., 2021",,2021,https://pubmed.ncbi.nlm.nih.gov/34339292
34647988,PubMed,"Zhou et al., 2021",,2021,https://pubmed.ncbi.nlm.nih.gov/34647988
34358484,PubMed,"Javle et al., 2021",,2021,https://pubmed.ncbi.nlm.nih.gov/34358484
34118197,PubMed,"Gainor et al., 2021",,2021,https://pubmed.ncbi.nlm.nih.gov/34118197
34118198,PubMed,"Subbiah et al., 2021",,2021,https://pubmed.ncbi.nlm.nih.gov/34118198
32534646,PubMed,"Gutzmer et al., 2020",,2020,https://pubmed.ncbi.nlm.nih.gov/32534646
31591063,PubMed,"Nakagawa et al., 2019",,2019,https://pubmed.ncbi.nlm.nih.gov/31591063
24263064,PubMed,"Douillard et al., 2014",,2014,https://pubmed.ncbi.nlm.nih.gov/24263064
27717299,PubMed,"Mirza et al., 2016",,2016,https://pubmed.ncbi.nlm.nih.gov/27717299
33480963,PubMed,"Rugo et al., 2021",,2021,https://pubmed.ncbi.nlm.nih.gov/33480963
10895816,PubMed,"Bourgeois et al., 2000",,2000,https://pubmed.ncbi.nlm.nih.gov/10895816
11242790,PubMed,"Sheng et al., 2001",,2001,https://pubmed.ncbi.nlm.nih.gov/11242790
27020209,PubMed,"El Demellawy et al., 2016",,2016,https://pubmed.ncbi.nlm.nih.gov/27020209
32590884,PubMed,"Zhao et al., 2020",,2020,https://pubmed.ncbi.nlm.nih.gov/32590884
15101049,PubMed,"Makretsov et al., 2004",,2004,https://pubmed.ncbi.nlm.nih.gov/15101049
28548128,PubMed,"Krings et al., 2017",,2017,https://pubmed.ncbi.nlm.nih.gov/28548128
9738572,PubMed,"Gerald et al., 1998",,1998,https://pubmed.ncbi.nlm.nih.gov/9738572
7862627,PubMed,"Gerald et al., 1995",,1995,https://pubmed.ncbi.nlm.nih.gov/7862627
8187063,PubMed,"Ladanyi et al., 1994",,1994,https://pubmed.ncbi.nlm.nih.gov/8187063
26098867,PubMed,"Ueno-Yokohata et al., 2015",,2015,https://pubmed.ncbi.nlm.nih.gov/26098867
26516930,PubMed,"Astolfi et al., 2015",,2015,https://pubmed.ncbi.nlm.nih.gov/26516930
34389065,PubMed,"Tauziède-Espariat et al., 2021",,2021,https://pubmed.ncbi.nlm.nih.gov/34389065
24553141,PubMed,"Parker et al., 2014",,2014,https://pubmed.ncbi.nlm.nih.gov/24553141
34363682,PubMed,"Ida et al., 2021",,2021,https://pubmed.ncbi.nlm.nih.gov/34363682
29949764,PubMed,"Ozawa et al., 2018",,2018,https://pubmed.ncbi.nlm.nih.gov/29949764
35584336,PubMed,"Bidard et al., 2022",,2022,https://pubmed.ncbi.nlm.nih.gov/35584336
37287693,PubMed,"Ng et al., 2023",,2023,https://pubmed.ncbi.nlm.nih.gov/37287693
30976811,PubMed,"Upadhyaya et al., 2019",,2019,https://pubmed.ncbi.nlm.nih.gov/30976811
24562983,PubMed,"Pietsch et al., 2014",,2014,https://pubmed.ncbi.nlm.nih.gov/24562983
27402815,PubMed,"Ni et al., 2017",,2017,https://pubmed.ncbi.nlm.nih.gov/27402815
37272516,PubMed,"Mellinghoff et al., 2023",,2023,https://pubmed.ncbi.nlm.nih.gov/37272516
30510083,PubMed,"Passet et al., 2019",,2019,https://pubmed.ncbi.nlm.nih.gov/30510083
31437301,PubMed,"Friedman et al., 2020",,2020,https://pubmed.ncbi.nlm.nih.gov/31437301
33536079,PubMed,"Korshunov et al., 2021",,2021,https://pubmed.ncbi.nlm.nih.gov/33536079
21835426,PubMed,"Tsuji et al., 2012",,2012,https://pubmed.ncbi.nlm.nih.gov/21835426
28766250,PubMed,"Ju et al., 2018",,2018,https://pubmed.ncbi.nlm.nih.gov/28766250
11438465,PubMed,"Argani et al., 2001",,2001,https://pubmed.ncbi.nlm.nih.gov/11438465
26975036,PubMed,"Argani et al., 2016",,2016,https://pubmed.ncbi.nlm.nih.gov/26975036
34986355,PubMed,"Bakouny et al., 2022",,2022,https://pubmed.ncbi.nlm.nih.gov/34986355
22895266,PubMed,"Rao et al., 2012",,2012,https://pubmed.ncbi.nlm.nih.gov/22895266
23737213,PubMed,"Antonescu et al., 2013",,2013,https://pubmed.ncbi.nlm.nih.gov/23737213
37810439,PubMed,"Lahori et al., 2023",,2023,https://pubmed.ncbi.nlm.nih.gov/37810439
34381186,PubMed,"Dermawan et al., 2021",,2021,https://pubmed.ncbi.nlm.nih.gov/34381186
15644781,PubMed,"Argani et al., 2005",,2005,https://pubmed.ncbi.nlm.nih.gov/15644781
26501226,PubMed,"Alaggio et al., 2016",,2016,https://pubmed.ncbi.nlm.nih.gov/26501226
35085007,PubMed,"Drilon et al., 2022",,2022,https://pubmed.ncbi.nlm.nih.gov/35085007
35118995,PubMed,"Bargas et al., 2022",,2022,https://pubmed.ncbi.nlm.nih.gov/35118995
32519338,PubMed,"Panse et al., 2021",,2021,https://pubmed.ncbi.nlm.nih.gov/32519338
32782782,PubMed,"Dupuis et al., 2020",,2020,https://pubmed.ncbi.nlm.nih.gov/32782782
29226988,PubMed,"Yoshida et al., 2018",,2018,https://pubmed.ncbi.nlm.nih.gov/29226988
24824843,PubMed,"Agaram et al., 2014",,2014,https://pubmed.ncbi.nlm.nih.gov/24824843
31949721,PubMed,"Wang et al., 2018",,2018,https://pubmed.ncbi.nlm.nih.gov/31949721
27428733,PubMed,"Kao et al., 2016",,2016,https://pubmed.ncbi.nlm.nih.gov/27428733
20588178,PubMed,"Seethala et al., 2010",,2010,https://pubmed.ncbi.nlm.nih.gov/20588178
23035786,PubMed,"Noda et al., 2013",,2013,https://pubmed.ncbi.nlm.nih.gov/23035786
19749740,PubMed,"Nakayama et al., 2009",,2009,https://pubmed.ncbi.nlm.nih.gov/19749740
35151033,PubMed,"Song et al., 2022",,2022,https://pubmed.ncbi.nlm.nih.gov/35151033
22072439,PubMed,"Italiano et al., 2012",,2012,https://pubmed.ncbi.nlm.nih.gov/22072439
26690869,PubMed,"Chen et al., 2016",,2016,https://pubmed.ncbi.nlm.nih.gov/26690869
31078563,PubMed,"Diaz-Perez et al., 2019",,2019,https://pubmed.ncbi.nlm.nih.gov/31078563
32299759,PubMed,"Malik et al., 2020",,2020,https://pubmed.ncbi.nlm.nih.gov/32299759
37611121,PubMed,"Sacher et al., 2023",,2023,https://pubmed.ncbi.nlm.nih.gov/37611121
35100714,PubMed,"Al Baghdadi et al., 2019",,2019,https://pubmed.ncbi.nlm.nih.gov/35100714
35050752,PubMed,"Ahn et al., 2020",,2020,https://pubmed.ncbi.nlm.nih.gov/35050752
36753688,PubMed,"Yang et al., 2023",,2023,https://pubmed.ncbi.nlm.nih.gov/36753688
33068284,PubMed,"Al Baghdadi et al., 2020",,2020,https://pubmed.ncbi.nlm.nih.gov/33068284
36315917,PubMed,"Gupta et al., 2022",,2022,https://pubmed.ncbi.nlm.nih.gov/36315917
36409971,PubMed,"Klute et al., 2022",,2022,https://pubmed.ncbi.nlm.nih.gov/36409971
35233056,PubMed,"Mansfield et al., 2022",,2022,https://pubmed.ncbi.nlm.nih.gov/35233056
32758030,PubMed,"Salama et al., 2020",,2020,https://pubmed.ncbi.nlm.nih.gov/32758030
36853016,PubMed,"Clark et al., 2023",,2023,https://pubmed.ncbi.nlm.nih.gov/36853016
33637626,PubMed,"Cleary et al., 2021",,2021,https://pubmed.ncbi.nlm.nih.gov/33637626
35939768,PubMed,"Bedard et al., 2022",,2022,https://pubmed.ncbi.nlm.nih.gov/35939768
31765263,PubMed,"Azad et al., 2020",,2020,https://pubmed.ncbi.nlm.nih.gov/31765263
35133871,PubMed,"Damodaran et al., 2022",,2022,https://pubmed.ncbi.nlm.nih.gov/35133871
35138919,PubMed,"Krop et al., 2022",,2022,https://pubmed.ncbi.nlm.nih.gov/35138919
35363510,PubMed,"Eckstein et al., 2022",,2022,https://pubmed.ncbi.nlm.nih.gov/35363510
19228722,PubMed,"Komai et al., 2009",,2009,https://pubmed.ncbi.nlm.nih.gov/19228722
24436047,PubMed,"Shern et al., 2014",,2014,https://pubmed.ncbi.nlm.nih.gov/24436047
34958505,PubMed,"Agaram, 2022",,2022,https://pubmed.ncbi.nlm.nih.gov/34958505
32022484,PubMed,"Ameline et al., 2020",,2020,https://pubmed.ncbi.nlm.nih.gov/32022484
32489127,PubMed,"Rekhi et al., 2021",,2021,https://pubmed.ncbi.nlm.nih.gov/32489127
35815302,PubMed,"Kasi et al., 2022",,2022,https://pubmed.ncbi.nlm.nih.gov/35815302
27466356,PubMed,"Wheler et al., 2016",,2016,https://pubmed.ncbi.nlm.nih.gov/27466356
1671560,PubMed,"Hunger et al., 1991",,1991,https://pubmed.ncbi.nlm.nih.gov/1671560
31434706,PubMed,"Hein et al., 2019",,2019,https://pubmed.ncbi.nlm.nih.gov/31434706
32284345,PubMed,"Zhao et al., 2020",,2020,https://pubmed.ncbi.nlm.nih.gov/32284345
35441365,PubMed,"Peng et al., 2022",,2022,https://pubmed.ncbi.nlm.nih.gov/35441365
37694347,PubMed,"Goto et al., 2023",,2023,https://pubmed.ncbi.nlm.nih.gov/37694347
33515503,PubMed,"Fennell et al., 2021",,2021,https://pubmed.ncbi.nlm.nih.gov/33515503
33004339,PubMed,"Cocco et al., 2021",,2021,https://pubmed.ncbi.nlm.nih.gov/33004339
35034013,PubMed,"Mançano et al., 2022",,2022,https://pubmed.ncbi.nlm.nih.gov/35034013
34237031,PubMed,"Lee et al., 2021",,2021,https://pubmed.ncbi.nlm.nih.gov/34237031
26810070,PubMed,"Qaddoumi et al., 2016",,2016,https://pubmed.ncbi.nlm.nih.gov/26810070
32523649,PubMed,"Nicolaides et al., 2020",,2020,https://pubmed.ncbi.nlm.nih.gov/32523649
35732829,PubMed,"Alaggio et al., 2022",,2022,https://pubmed.ncbi.nlm.nih.gov/35732829
7989935,PubMed,"Pui et al., 1994",,1994,https://pubmed.ncbi.nlm.nih.gov/7989935
31595312,PubMed,"Chiang et al., 2019",,2019,https://pubmed.ncbi.nlm.nih.gov/31595312
23633565,PubMed,"Ramkissoon et al., 2013",,2013,https://pubmed.ncbi.nlm.nih.gov/23633565
21046410,PubMed,"Tatevossian et al., 2010",,2010,https://pubmed.ncbi.nlm.nih.gov/21046410
31563982,PubMed,"Wefers et al., 2020",,2020,https://pubmed.ncbi.nlm.nih.gov/31563982
22294382,PubMed,"O'Meara et al., 2012",,2012,https://pubmed.ncbi.nlm.nih.gov/22294382
32364435,PubMed,"Kenny et al., 2020",,2020,https://pubmed.ncbi.nlm.nih.gov/32364435
27000436,PubMed,"Kenny et al., 2016",,2016,https://pubmed.ncbi.nlm.nih.gov/27000436
24374978,PubMed,"Walther et al., 2014",,2014,https://pubmed.ncbi.nlm.nih.gov/24374978
37418832,PubMed,"O'Cearbhaill et al., 2023",,2023,https://pubmed.ncbi.nlm.nih.gov/37418832
16110030,PubMed,"Marcucci et al., 2005",,2005,https://pubmed.ncbi.nlm.nih.gov/16110030
15289486,PubMed,"Schlenk et al., 2004",,2004,https://pubmed.ncbi.nlm.nih.gov/15289486
6577285,PubMed,"Le Beau et al., 1983",,1983,https://pubmed.ncbi.nlm.nih.gov/6577285
35395680,PubMed,"Desai et al., 2022",,2022,https://pubmed.ncbi.nlm.nih.gov/35395680
9191060,PubMed,"Ceccherini et al., 1997",,1997,https://pubmed.ncbi.nlm.nih.gov/9191060
37376747,PubMed,"Szymczak et al., 2023",,2023,https://pubmed.ncbi.nlm.nih.gov/37376747
1391946,PubMed,"Erickson et al., 1992",,1992,https://pubmed.ncbi.nlm.nih.gov/1391946
1467524,PubMed,"Hurwitz et al., 1992",,1992,https://pubmed.ncbi.nlm.nih.gov/1467524
9746770,PubMed,"Grimwade et al., 1998",,1998,https://pubmed.ncbi.nlm.nih.gov/9746770
9180287,PubMed,"Nakamura et al., 1997",,1997,https://pubmed.ncbi.nlm.nih.gov/9180287
23153540,PubMed,"Gruber et al., 2012",,2012,https://pubmed.ncbi.nlm.nih.gov/23153540
23045605,PubMed,"Thiollier et al., 2012",,2012,https://pubmed.ncbi.nlm.nih.gov/23045605
28112737,PubMed,"de Rooij et al., 2017",,2017,https://pubmed.ncbi.nlm.nih.gov/28112737
23407549,PubMed,"Masetti et al., 2013",,2013,https://pubmed.ncbi.nlm.nih.gov/23407549
30246434,PubMed,"Andreiuolo et al., 2019",,2019,https://pubmed.ncbi.nlm.nih.gov/30246434
33480048,PubMed,"Wang et al., 2021",,2021,https://pubmed.ncbi.nlm.nih.gov/33480048
28833375,PubMed,"Wong et al., 2018",,2018,https://pubmed.ncbi.nlm.nih.gov/28833375
31876361,PubMed,"Han et al., 2020",,2020,https://pubmed.ncbi.nlm.nih.gov/31876361
28817404,PubMed,"Argani et al., 2017",,2017,https://pubmed.ncbi.nlm.nih.gov/28817404
29356724,PubMed,"Dickson et al., 2018",,2018,https://pubmed.ncbi.nlm.nih.gov/29356724
38598794,PubMed,"Wu et al., 2024",,2024,https://pubmed.ncbi.nlm.nih.gov/38598794
37870536,PubMed,"Meric-Bernstam et al., 2024",,2024,https://pubmed.ncbi.nlm.nih.gov/37870536
37870976,PubMed,"Zhou et al., 2023",,2023,https://pubmed.ncbi.nlm.nih.gov/37870976
37937763,PubMed,"Planchard et al., 2023",,2023,https://pubmed.ncbi.nlm.nih.gov/37937763
37978284,PubMed,"Kilburn et al., 2024",,2024,https://pubmed.ncbi.nlm.nih.gov/37978284
21885404,PubMed,"Tanas et al., 2011",,2011,https://pubmed.ncbi.nlm.nih.gov/21885404
24986479,PubMed,"Flucke et al., 2014",,2014,https://pubmed.ncbi.nlm.nih.gov/24986479
37256976,PubMed,"Turner et al., 2023",,2023,https://pubmed.ncbi.nlm.nih.gov/37256976
37053535,PubMed,"Wisinski et al., 2023",,2023,https://pubmed.ncbi.nlm.nih.gov/37053535
33449813,PubMed,"Sallman et al., 2021",,2021,https://pubmed.ncbi.nlm.nih.gov/33449813
30664630,PubMed,"Haller et al., 2019",,2019,https://pubmed.ncbi.nlm.nih.gov/30664630
33298164,PubMed,"Zhang et al., 2020",,2020,https://pubmed.ncbi.nlm.nih.gov/33298164
35673607,PubMed,"Grogan et al., 2022",,2022,https://pubmed.ncbi.nlm.nih.gov/35673607
27373164,PubMed,"D'Antonio et al., 2016",,2016,https://pubmed.ncbi.nlm.nih.gov/27373164
30602617,PubMed,"Baliakas et al., 2019",,2019,https://pubmed.ncbi.nlm.nih.gov/30602617
38727700,PubMed,"Loree et al., 2024",,2024,https://pubmed.ncbi.nlm.nih.gov/38727700
30206110,PubMed,"O'Leary et al., 2018",,2018,https://pubmed.ncbi.nlm.nih.gov/30206110
17369142,PubMed,"Soupir et al., 2007",,2007,https://pubmed.ncbi.nlm.nih.gov/17369142
8952155,PubMed,"Cuneo et al., 1996",,1996,https://pubmed.ncbi.nlm.nih.gov/8952155
20385793,PubMed,"Grimwade et al., 2010",,2010,https://pubmed.ncbi.nlm.nih.gov/20385793
28643357,PubMed,"Lemelle et al., 2017",,2017,https://pubmed.ncbi.nlm.nih.gov/28643357
32328562,PubMed,"Chau et al., 2020",,2020,https://pubmed.ncbi.nlm.nih.gov/32328562
15483023,PubMed,"French et al., 2004",,2004,https://pubmed.ncbi.nlm.nih.gov/15483023
231047,ASCO,,,,
24441665,PubMed,"Arbajian et al., 2014",,2014,https://pubmed.ncbi.nlm.nih.gov/24441665
28939748,PubMed,"Arbajian et al., 2017",,2017,https://pubmed.ncbi.nlm.nih.gov/28939748
25231134,PubMed,"Prieto-Granada et al., 2015",,2015,https://pubmed.ncbi.nlm.nih.gov/25231134
17721195,PubMed,"Guillou et al., 2007",,2007,https://pubmed.ncbi.nlm.nih.gov/17721195
16931951,PubMed,"Matsuyama et al., 2006",,2006,https://pubmed.ncbi.nlm.nih.gov/16931951
38587856,PubMed,"Yaeger et al., 2024",,2024,https://pubmed.ncbi.nlm.nih.gov/38587856
38126764,PubMed,"Subbiah et al., 2024",,2024,https://pubmed.ncbi.nlm.nih.gov/38126764
31111274,PubMed,"Mhatre et al., 2019",,2019,https://pubmed.ncbi.nlm.nih.gov/31111274
30876455,PubMed,"Lehman et al., 2019",,2019,https://pubmed.ncbi.nlm.nih.gov/30876455
3455828,PubMed,"Bloomfield et al., 1986",,1986,https://pubmed.ncbi.nlm.nih.gov/3455828
10194126,PubMed,"Uckun et al., 1999",,1999,https://pubmed.ncbi.nlm.nih.gov/10194126
1991160,PubMed,"Fletcher et al., 1991",,1991,https://pubmed.ncbi.nlm.nih.gov/1991160
36050548,PubMed,"Brady et al., 2022",,2022,https://pubmed.ncbi.nlm.nih.gov/36050548
11417477,PubMed,"Slater et al., 2001",,2001,https://pubmed.ncbi.nlm.nih.gov/11417477
16646086,PubMed,"von Bergh et al., 2006",,2006,https://pubmed.ncbi.nlm.nih.gov/16646086
29569294,PubMed,"Espersen et al., 2018",,2018,https://pubmed.ncbi.nlm.nih.gov/29569294
21447744,PubMed,"Schwartz et al., 2011",,2011,https://pubmed.ncbi.nlm.nih.gov/21447744
32323889,PubMed,"Hempel et al., 2020",,2020,https://pubmed.ncbi.nlm.nih.gov/32323889
17334349,PubMed,"Amary et al., 2007",,2007,https://pubmed.ncbi.nlm.nih.gov/17334349
16628187,PubMed,"Slovak et al., 2006",,2006,https://pubmed.ncbi.nlm.nih.gov/16628187
24661089,PubMed,"Tarlock et al., 2014",,2014,https://pubmed.ncbi.nlm.nih.gov/24661089
24441146,PubMed,"Sandahl et al., 2014",,2014,https://pubmed.ncbi.nlm.nih.gov/24441146
31648321,PubMed,"Shiba et al., 2019",,2019,https://pubmed.ncbi.nlm.nih.gov/31648321
38212634,PubMed,"Umeda et al., 2024",,2024,https://pubmed.ncbi.nlm.nih.gov/38212634
38942080,PubMed,"Felip et al., 2024",,2024,https://pubmed.ncbi.nlm.nih.gov/38942080
27667683,PubMed,"Gao et al., 2016",,2016,https://pubmed.ncbi.nlm.nih.gov/27667683
37666855,PubMed,"Ohnmacht et al., 2023",,2023,https://pubmed.ncbi.nlm.nih.gov/37666855
23974201,PubMed,"Coenen et al., 2013",,2013,https://pubmed.ncbi.nlm.nih.gov/23974201
20630590,PubMed,"Serravalle et al., 2010",,2010,https://pubmed.ncbi.nlm.nih.gov/20630590
28097792,PubMed,"Barrett et al., 2017",,2017,https://pubmed.ncbi.nlm.nih.gov/28097792
37879444,PubMed,"Passaro et al., 2024",,2024,https://pubmed.ncbi.nlm.nih.gov/37879444
37870969,PubMed,"Hadoux et al., 2023",,2023,https://pubmed.ncbi.nlm.nih.gov/37870969
39293516,PubMed,"Rodon et al., 2024",,2024,https://pubmed.ncbi.nlm.nih.gov/39293516
37059834,PubMed,"Subbiah et al., 2023",,2023,https://pubmed.ncbi.nlm.nih.gov/37059834
36375115,PubMed,"Bouffet et al., 2023",,2023,https://pubmed.ncbi.nlm.nih.gov/36375115
37058324,PubMed,"Zerkalenkova et al., 2023",,2023,https://pubmed.ncbi.nlm.nih.gov/37058324
26214592,PubMed,"Fischer et al., 2015",,2015,https://pubmed.ncbi.nlm.nih.gov/26214592
33951732,PubMed,"Tarlock et al., 2021",,2021,https://pubmed.ncbi.nlm.nih.gov/33951732
34320176,PubMed,"Taube et al., 2022",,2022,https://pubmed.ncbi.nlm.nih.gov/34320176
34448807,PubMed,"Wakita et al., 2022",,2022,https://pubmed.ncbi.nlm.nih.gov/34448807
36309560,PubMed,"Ohki et al., 2023",,2023,https://pubmed.ncbi.nlm.nih.gov/36309560
30171027,PubMed,"Ohki et al., 2019",,2019,https://pubmed.ncbi.nlm.nih.gov/30171027
27824051,PubMed,"Gu et al., 2016",,2016,https://pubmed.ncbi.nlm.nih.gov/27824051
31784538,PubMed,"Braun et al., 2019",,2019,https://pubmed.ncbi.nlm.nih.gov/31784538
36172171,PubMed,"Stukaite-Ruibiene et al., 2022",,2022,https://pubmed.ncbi.nlm.nih.gov/36172171
30872366,PubMed,"Hormann et al., 2019",,2019,https://pubmed.ncbi.nlm.nih.gov/30872366
34211097,PubMed,"Boer et al., 2021",,2021,https://pubmed.ncbi.nlm.nih.gov/34211097
33512459,PubMed,"Fazio et al., 2021",,2021,https://pubmed.ncbi.nlm.nih.gov/33512459
31921638,PubMed,"Fournier et al., 2019",,2019,https://pubmed.ncbi.nlm.nih.gov/31921638
33991782,PubMed,"Guenzel et al., 2021",,2021,https://pubmed.ncbi.nlm.nih.gov/33991782
2499362,PubMed,"Grimaldi et al., 1989",,1989,https://pubmed.ncbi.nlm.nih.gov/2499362
39908431,PubMed,"Schram et al., 2025",,2025,https://pubmed.ncbi.nlm.nih.gov/39908431
27776115,PubMed,"Zhang et al., 2016",,2016,https://pubmed.ncbi.nlm.nih.gov/27776115
27265895,PubMed,"Lilljebjörn et al., 2016",,2016,https://pubmed.ncbi.nlm.nih.gov/27265895
33653800,PubMed,"Brown et al., 2021",,2021,https://pubmed.ncbi.nlm.nih.gov/33653800
21487109,PubMed,"Salaverria et al., 2011",,2011,https://pubmed.ncbi.nlm.nih.gov/21487109
32239695,PubMed,"Au-Yeung et al., 2020",,2020,https://pubmed.ncbi.nlm.nih.gov/32239695
31738823,PubMed,"Ramis-Zaldivar et al., 2020",,2020,https://pubmed.ncbi.nlm.nih.gov/31738823
29099951,PubMed,"Hu et al., 2018",,2018,https://pubmed.ncbi.nlm.nih.gov/29099951
19244107,PubMed,"Guo et al., 2009",,2009,https://pubmed.ncbi.nlm.nih.gov/19244107
19117982,PubMed,"Hu et al., 2009",,2009,https://pubmed.ncbi.nlm.nih.gov/19117982
11431691,PubMed,"Ma et al., 2001",,2001,https://pubmed.ncbi.nlm.nih.gov/11431691
26215111,PubMed,"Inaba et al., 2015",,2015,https://pubmed.ncbi.nlm.nih.gov/26215111
37870968,PubMed,"Fakih et al., 2023",,2023,https://pubmed.ncbi.nlm.nih.gov/37870968
38304177,PubMed,"Santana-Hernández et al., 2024",,2024,https://pubmed.ncbi.nlm.nih.gov/38304177
17934255,PubMed,"Ismail et al., 2007",,2007,https://pubmed.ncbi.nlm.nih.gov/17934255
30421475,PubMed,"Iaccarino et al., 2019",,2019,https://pubmed.ncbi.nlm.nih.gov/30421475
9226156,PubMed,"Borkhardt et al., 1997",,1997,https://pubmed.ncbi.nlm.nih.gov/9226156
9242552,PubMed,"Kong et al., 1997",,1997,https://pubmed.ncbi.nlm.nih.gov/9242552
30150206,PubMed,"Noort et al., 2018",,2018,https://pubmed.ncbi.nlm.nih.gov/30150206
29427188,PubMed,"Zerkalenkova et al., 2018",,2018,https://pubmed.ncbi.nlm.nih.gov/29427188
30720533,PubMed,"Agaram et al., 2019",,2019,https://pubmed.ncbi.nlm.nih.gov/30720533
29758589,PubMed,"Dashti et al., 2018",,2018,https://pubmed.ncbi.nlm.nih.gov/29758589
19915490,PubMed,"Hasselblatt et al., 2009",,2009,https://pubmed.ncbi.nlm.nih.gov/19915490
26352987,PubMed,"Gessi et al., 2015",,2015,https://pubmed.ncbi.nlm.nih.gov/26352987
27380723,PubMed,"Johann et al., 2017",,2017,https://pubmed.ncbi.nlm.nih.gov/27380723
2170850,PubMed,"de Thé et al., 1990",,1990,https://pubmed.ncbi.nlm.nih.gov/2170850
2175343,PubMed,"Longo et al., 1990",,1990,https://pubmed.ncbi.nlm.nih.gov/2175343
31383960,PubMed,"Le Loarer et al., 2020",,2020,https://pubmed.ncbi.nlm.nih.gov/31383960
34873305,PubMed,"Wang et al., 2022",,2022,https://pubmed.ncbi.nlm.nih.gov/34873305
36169793,PubMed,"Cole et al., 2023",,2023,https://pubmed.ncbi.nlm.nih.gov/36169793
29472054,PubMed,"Raez et al., 2018",,2018,https://pubmed.ncbi.nlm.nih.gov/29472054
35399574,PubMed,"Di Federico et al., 2022",,2022,https://pubmed.ncbi.nlm.nih.gov/35399574
38525318,PubMed,"Lai et al., 2024",,2024,https://pubmed.ncbi.nlm.nih.gov/38525318
7780150,PubMed,"Romana et al., 1995",,1995,https://pubmed.ncbi.nlm.nih.gov/7780150
8609706,PubMed,"Shurtleff et al., 1995",,1995,https://pubmed.ncbi.nlm.nih.gov/8609706
27114462,PubMed,"de Rooij et al., 2016",,2016,https://pubmed.ncbi.nlm.nih.gov/27114462
25145343,PubMed,"Ostronoff et al., 2014",,2014,https://pubmed.ncbi.nlm.nih.gov/25145343
36815378,PubMed,"Bertrums et al., 2023",,2023,https://pubmed.ncbi.nlm.nih.gov/36815378
30282799,PubMed,"Wagener et al., 2018",,2018,https://pubmed.ncbi.nlm.nih.gov/30282799
29112016,PubMed,"Li et al., 2018",,2018,https://pubmed.ncbi.nlm.nih.gov/29112016
34472720,PubMed,"Yoshida et al., 2022",,2022,https://pubmed.ncbi.nlm.nih.gov/34472720
19962671,PubMed,"Li et al., 2009",,2009,https://pubmed.ncbi.nlm.nih.gov/19962671
24316981,PubMed,"Kleinman et al., 2014",,2014,https://pubmed.ncbi.nlm.nih.gov/24316981
31802000,PubMed,"Lambo et al., 2019",,2019,https://pubmed.ncbi.nlm.nih.gov/31802000
38302862,PubMed,"Long et al., 2024",,2024,https://pubmed.ncbi.nlm.nih.gov/38302862
32330662,PubMed,"Liu et al., 2020",,2020,https://pubmed.ncbi.nlm.nih.gov/32330662
24030742,PubMed,"Jaso et al., 2014",,2014,https://pubmed.ncbi.nlm.nih.gov/24030742
34196168,PubMed,"Niswander et al., 2021",,2021,https://pubmed.ncbi.nlm.nih.gov/34196168
26859458,PubMed,"Iacobucci et al., 2016",,2016,https://pubmed.ncbi.nlm.nih.gov/26859458
36672407,PubMed,"Tang et al., 2023",,2023,https://pubmed.ncbi.nlm.nih.gov/36672407
26815134,PubMed,"Baldazzi et al., 2016",,2016,https://pubmed.ncbi.nlm.nih.gov/26815134
32219447,PubMed,"Ottema et al., 2020",,2020,https://pubmed.ncbi.nlm.nih.gov/32219447
39302072,PubMed,"Csizmok et al., 2024",,2024,https://pubmed.ncbi.nlm.nih.gov/39302072
22323599,PubMed,"McCabe et al., 2012",,2012,https://pubmed.ncbi.nlm.nih.gov/22323599
29227476,PubMed,"Bolouri et al., 2018",,2018,https://pubmed.ncbi.nlm.nih.gov/29227476
38621200,PubMed,"van Weelderen et al., 2024",,2024,https://pubmed.ncbi.nlm.nih.gov/38621200
37019990,PubMed,"Meyer et al., 2023",,2023,https://pubmed.ncbi.nlm.nih.gov/37019990
16843106,PubMed,"Craver et al., 2006",,2006,https://pubmed.ncbi.nlm.nih.gov/16843106
21111450,PubMed,"Segura et al., 2011",,2011,https://pubmed.ncbi.nlm.nih.gov/21111450
10828883,PubMed,"Pérez-Losada et al., 2000",,2000,https://pubmed.ncbi.nlm.nih.gov/10828883
28637688,PubMed,"Trautmann et al., 2017",,2017,https://pubmed.ncbi.nlm.nih.gov/28637688
33692463,PubMed,"Hirabayashi et al., 2021",,2021,https://pubmed.ncbi.nlm.nih.gov/33692463
33988307,PubMed,"Janet et al., 2021",,2021,https://pubmed.ncbi.nlm.nih.gov/33988307
27262168,PubMed,"Scher et al., 2016",,2016,https://pubmed.ncbi.nlm.nih.gov/27262168
29955787,PubMed,"Scher et al., 2018",,2018,https://pubmed.ncbi.nlm.nih.gov/29955787
38687617,PubMed,"Han et al., 2024",,2024,https://pubmed.ncbi.nlm.nih.gov/38687617
27634205,PubMed,"Hirabayashi et al., 2017",,2017,https://pubmed.ncbi.nlm.nih.gov/27634205
38603651,PubMed,"Gong et al., 2024",,2024,https://pubmed.ncbi.nlm.nih.gov/38603651
28701730,PubMed,"Meyer et al., 2018",,2018,https://pubmed.ncbi.nlm.nih.gov/28701730
38686611,PubMed,"Aypar et al., 2024",,2024,https://pubmed.ncbi.nlm.nih.gov/38686611
28183331,PubMed,"Musolino et al., 2017",,2017,https://pubmed.ncbi.nlm.nih.gov/28183331
38354330,PubMed,"Calfa et al., 2024",,2024,https://pubmed.ncbi.nlm.nih.gov/38354330
32940689,PubMed,"O'Leary et al., 2021",,2021,https://pubmed.ncbi.nlm.nih.gov/32940689
32852708,PubMed,"Erber et al., 2020",,2020,https://pubmed.ncbi.nlm.nih.gov/32852708
33579347,PubMed,"Mouron et al., 2021",,2021,https://pubmed.ncbi.nlm.nih.gov/33579347
31371343,PubMed,"Drago et al., 2019",,2019,https://pubmed.ncbi.nlm.nih.gov/31371343
34593528,PubMed,"Sánchez-Guixé et al., 2022",,2022,https://pubmed.ncbi.nlm.nih.gov/34593528
40069402,PubMed,"Middleton et al., 2025",,2025,https://pubmed.ncbi.nlm.nih.gov/40069402
24963049,PubMed,"Sankar et al., 2014",,2014,https://pubmed.ncbi.nlm.nih.gov/24963049
28248815,PubMed,"Antonescu et al., 2017",,2017,https://pubmed.ncbi.nlm.nih.gov/28248815
33021523,PubMed,"Karanian et al., 2020",,2020,https://pubmed.ncbi.nlm.nih.gov/33021523
37245628,PubMed,"Papa et al., 2023",,2023,https://pubmed.ncbi.nlm.nih.gov/37245628
38178749,PubMed,"Yin et al., 2024",,2024,https://pubmed.ncbi.nlm.nih.gov/38178749
36895035,PubMed,"Schepke et al., 2023",,2023,https://pubmed.ncbi.nlm.nih.gov/36895035
39761483,PubMed,"Sands et al., 2025",,2025,https://pubmed.ncbi.nlm.nih.gov/39761483
39250535,PubMed,"Ahn et al., 2025",,2025,https://pubmed.ncbi.nlm.nih.gov/39250535
28404889,PubMed,"Luatti et al., 2017",,2017,https://pubmed.ncbi.nlm.nih.gov/28404889
40293180,PubMed,"Heymach et al., 2025",,2025,https://pubmed.ncbi.nlm.nih.gov/40293180
40845250,PubMed,"Wedam et al., 2025",,2025,https://pubmed.ncbi.nlm.nih.gov/40845250
38710951,PubMed,"Rodón et al., 2024",,2024,https://pubmed.ncbi.nlm.nih.gov/38710951
27418251,PubMed,"Morioka et al., 2016",,2016,https://pubmed.ncbi.nlm.nih.gov/27418251
34074656,PubMed,"Adib et al., 2021",,2021,https://pubmed.ncbi.nlm.nih.gov/34074656
32973082,PubMed,"Sootome et al., 2020",,2020,https://pubmed.ncbi.nlm.nih.gov/32973082
38461159,PubMed,"Zhang et al., 2024",,2024,https://pubmed.ncbi.nlm.nih.gov/38461159
30914635,PubMed,"Formisano et al., 2019",,2019,https://pubmed.ncbi.nlm.nih.gov/30914635
31548347,PubMed,"Jeong et al., 2020",,2020,https://pubmed.ncbi.nlm.nih.gov/31548347
34247201,PubMed,"Dai et al., 2021",,2021,https://pubmed.ncbi.nlm.nih.gov/34247201
39602630,PubMed,"Andre et al., 2024",,2024,https://pubmed.ncbi.nlm.nih.gov/39602630
39874977,PubMed,"André et al., 2025",,2025,https://pubmed.ncbi.nlm.nih.gov/39874977
28420319,PubMed,"Ludwig et al., 2017",,2017,https://pubmed.ncbi.nlm.nih.gov/28420319
39836945,PubMed,"D'Angelo et al., 2025",,2025,https://pubmed.ncbi.nlm.nih.gov/39836945
31038663,PubMed,"Schrock et al., 2019",,2019,https://pubmed.ncbi.nlm.nih.gov/31038663
30643254,PubMed,"Samstein et al., 2019",,2019,https://pubmed.ncbi.nlm.nih.gov/30643254
35708671,PubMed,"Ricciuti et al., 2022",,2022,https://pubmed.ncbi.nlm.nih.gov/35708671
30082870,PubMed,"Gandara et al., 2018",,2018,https://pubmed.ncbi.nlm.nih.gov/30082870
30785829,PubMed,"Ready et al., 2019",,2019,https://pubmed.ncbi.nlm.nih.gov/30785829
19737651,PubMed,"Bennour et al., 2009",,2009,https://pubmed.ncbi.nlm.nih.gov/19737651
30994538,PubMed,"Wang et al., 2019",,2019,https://pubmed.ncbi.nlm.nih.gov/30994538
19318479,PubMed,"Szuhai et al., 2009",,2009,https://pubmed.ncbi.nlm.nih.gov/19318479
30309915,PubMed,"Cristescu et al., 2018",,2018,https://pubmed.ncbi.nlm.nih.gov/30309915
40287412,PubMed,"Chen et al., 2025",,2025,https://pubmed.ncbi.nlm.nih.gov/40287412
40961426,PubMed,"Martling et al., 2025",,2025,https://pubmed.ncbi.nlm.nih.gov/40961426
29658845,PubMed,"Hellmann et al., 2018",,2018,https://pubmed.ncbi.nlm.nih.gov/29658845
40923280,PubMed,"Yang et al., 2025",,2025,https://pubmed.ncbi.nlm.nih.gov/40923280
37057124,PubMed,"He et al., 2023",,2023,https://pubmed.ncbi.nlm.nih.gov/37057124
25517951,PubMed,"Schoolmeester et al., 2015",,2015,https://pubmed.ncbi.nlm.nih.gov/25517951
40462401,PubMed,"Papke et al., 2025",,2025,https://pubmed.ncbi.nlm.nih.gov/40462401
32327700,PubMed,"Perret et al., 2020",,2020,https://pubmed.ncbi.nlm.nih.gov/32327700
25010205,PubMed,"Brohl et al., 2014",,2014,https://pubmed.ncbi.nlm.nih.gov/25010205
38335473,PubMed,"Arrillaga-Romany et al., 2024",,2024,https://pubmed.ncbi.nlm.nih.gov/38335473
41075874,PubMed,"Dehner et al., 2025",,2025,https://pubmed.ncbi.nlm.nih.gov/41075874
29515777,PubMed,"Romei et al., 2018",,2018,https://pubmed.ncbi.nlm.nih.gov/29515777
30816954,PubMed,"Wang et al., 2019",,2019,https://pubmed.ncbi.nlm.nih.gov/30816954
35452896,PubMed,"Whittle et al., 2022",,2022,https://pubmed.ncbi.nlm.nih.gov/35452896
23463663,PubMed,"Mosquera et al., 2013",,2013,https://pubmed.ncbi.nlm.nih.gov/23463663
31189996,PubMed,"Bridge et al., 2019",,2019,https://pubmed.ncbi.nlm.nih.gov/31189996
33012788,PubMed,"Michal et al., 2021",,2021,https://pubmed.ncbi.nlm.nih.gov/33012788
38043789,PubMed,"Dehner et al., 2024",,2024,https://pubmed.ncbi.nlm.nih.gov/38043789
27499898,PubMed,"Presneau et al., 2015",,2015,https://pubmed.ncbi.nlm.nih.gov/27499898
26457357,PubMed,"Cleven et al., 2015",,2015,https://pubmed.ncbi.nlm.nih.gov/26457357
31243110,PubMed,"Panagopoulos et al., 2019",,2019,https://pubmed.ncbi.nlm.nih.gov/31243110
28731043,PubMed,"Graham et al., 2017",,2017,https://pubmed.ncbi.nlm.nih.gov/28731043
36803776,PubMed,"Sugimoto et al., 2023",,2023,https://pubmed.ncbi.nlm.nih.gov/36803776
31287169,PubMed,"Castri et al., 2019",,2019,https://pubmed.ncbi.nlm.nih.gov/31287169
32271377,PubMed,"Rizvi et al., 2020",,2020,https://pubmed.ncbi.nlm.nih.gov/32271377
40169546,PubMed,"Xu et al., 2025",,2025,https://pubmed.ncbi.nlm.nih.gov/40169546
41100773,PubMed,"Al Baghdadi et al., 2025",,2025,https://pubmed.ncbi.nlm.nih.gov/41100773
40057687,PubMed,"Tan et al., 2025",,2025,https://pubmed.ncbi.nlm.nih.gov/40057687
30459475,PubMed,"Zhu et al., 2019",,2019,https://pubmed.ncbi.nlm.nih.gov/30459475
39255777,PubMed,"Xu et al., 2024",,2024,https://pubmed.ncbi.nlm.nih.gov/39255777
36240972,PubMed,"de Castro et al., 2023",,2023,https://pubmed.ncbi.nlm.nih.gov/36240972
35022522,PubMed,"Shirazi et al., 2022",,2022,https://pubmed.ncbi.nlm.nih.gov/35022522
17108110,PubMed,"Gujral et al., 2006",,2006,https://pubmed.ncbi.nlm.nih.gov/17108110
41104928,PubMed,"Le et al., 2025",,2025,https://pubmed.ncbi.nlm.nih.gov/41104928
32266142,PubMed,"Dai et al., 2020",,2020,https://pubmed.ncbi.nlm.nih.gov/32266142
36469101,PubMed,"Klubíčková et al., 2023",,2023,https://pubmed.ncbi.nlm.nih.gov/36469101
33355200,PubMed,"Si et al., 2021",,2021,https://pubmed.ncbi.nlm.nih.gov/33355200
36681091,PubMed,"Wang et al., 2023",,2023,https://pubmed.ncbi.nlm.nih.gov/36681091
33382123,PubMed,"Xu et al., 2021",,2021,https://pubmed.ncbi.nlm.nih.gov/33382123
37422156,PubMed,"Dehner et al., 2023",,2023,https://pubmed.ncbi.nlm.nih.gov/37422156
31094928,PubMed,"Haller et al., 2019",,2019,https://pubmed.ncbi.nlm.nih.gov/31094928
30219084,PubMed,"Segawa et al., 2018",,2018,https://pubmed.ncbi.nlm.nih.gov/30219084
11826187,PubMed,"Antonescu et al., 2002",,2002,https://pubmed.ncbi.nlm.nih.gov/11826187
39702796,PubMed,"Caye-Eude et al., 2025",,2025,https://pubmed.ncbi.nlm.nih.gov/39702796
36806911,PubMed,"Wildsmith et al., 2023",,2023,https://pubmed.ncbi.nlm.nih.gov/36806911
38422883,PubMed,"Bar et al., 2024",,2024,https://pubmed.ncbi.nlm.nih.gov/38422883
18094413,PubMed,"Rossi et al., 2007",,2007,https://pubmed.ncbi.nlm.nih.gov/18094413
39845329,PubMed,"Feng et al., 2024",,2024,https://pubmed.ncbi.nlm.nih.gov/39845329
17724745,PubMed,"Antonescu et al., 2007",,2007,https://pubmed.ncbi.nlm.nih.gov/17724745
30630978,PubMed,"Zaliova et al., 2019",,2019,https://pubmed.ncbi.nlm.nih.gov/30630978
19020546,PubMed,"Nebral et al., 2009",,2009,https://pubmed.ncbi.nlm.nih.gov/19020546
32087612,PubMed,"Butel et al., 2020",,2020,https://pubmed.ncbi.nlm.nih.gov/32087612
33949344,PubMed,"Cyrta et al., 2021",,2021,https://pubmed.ncbi.nlm.nih.gov/33949344
32668764,PubMed,"Nagy et al., 2020",,2020,https://pubmed.ncbi.nlm.nih.gov/32668764
40691143,PubMed,"Fennell et al., 2025",,2025,https://pubmed.ncbi.nlm.nih.gov/40691143
34980131,PubMed,"Jiang et al., 2022",,2022,https://pubmed.ncbi.nlm.nih.gov/34980131
20815032,PubMed,"Antonescu et al., 2010",,2010,https://pubmed.ncbi.nlm.nih.gov/20815032
38782103,PubMed,"Logan et al., 2024",,2024,https://pubmed.ncbi.nlm.nih.gov/38782103
21725291,PubMed,"Flucke et al., 2011",,2011,https://pubmed.ncbi.nlm.nih.gov/21725291
36190002,PubMed,"Du et al., 2022",,2022,https://pubmed.ncbi.nlm.nih.gov/36190002
38074875,PubMed,"Xiang et al., 2023",,2023,https://pubmed.ncbi.nlm.nih.gov/38074875
