nct_id,drug_name_raw,drug_name_normalized
NCT05176665,EMB-01,EMB-01
NCT06314997,panitumumab (EGFR inhibitors),PANITUMUMAB
NCT07155187,Telisotuzumab Adizutecan,TELISOTUZUMAB
NCT07257653,Cetuximab β；Fruquintinib；,CETUXIMAB
NCT07257653,Cetuximab β；Fruquintinib；,FRUQUINTINIB
NCT06186401,Cyclophosphamide (non-investigational),CYCLOPHOSPHAMIDE
NCT06186401,Fludarabine (non-investigational),FLUDARABINE
NCT03526835,MCLA-158 + Pembrolizumab,PEMBROLIZUMAB
NCT04494425,Trastuzumab deruxtecan,TRASTUZUMAB DERUXTECAN
NCT04494425,Capecitabine,CAPECITABINE
NCT04494425,Paclitaxel,PACLITAXEL
NCT04494425,Nab-Paclitaxel,NAB-PACLITAXEL
NCT03330847,Olaparib Continuous (28-Day cycle) 300 mg BD.,OLAPARIB
NCT03330847,Ceralasertib 160 mg OD + olaparib continuous 300 mg BD (28-day cycle).,CERALASERTIB
NCT03330847,Adavosertib 150 mg BD + olaparib 200 mg BD (21-day cycle).,ADAVOSERTIB
NCT04423185,Dacomitinib 45 MG,DACOMITINIB
NCT04423185,Alectinib 150 MG,ALECTINIB HYDROCHLORIDE
NCT04423185,Crizotinib 250 MG,CRIZOTINIB
NCT04423185,Pyrotinib 160/80 MG,PYROTINIB
NCT04423185,Imatinib 400 MG,IMATINIB
NCT04423185,Niraparib 200/300 MG,NIRAPARIB
NCT04423185,Palbociclib 125mg,PALBOCICLIB
NCT04423185,Vemurafenib 240 MG,VEMURAFENIB
NCT04423185,Sintilimab 100MG,SINTILIMAB
NCT04423185,Atezolizumab 1680 MG,ATEZOLIZUMAB
NCT05760612,Trastuzumab and neratinib,TRASTUZUMAB
NCT05760612,Trastuzumab and neratinib,NERATINIB MALEATE
NCT04743505,Osimertinib,OSIMERTINIB
NCT06788990,Ficerafusp alfa,FICERAFUSP ALFA
NCT06788990,Pembrolizumab (KEYTRUDA®),PEMBROLIZUMAB
NCT07183189,SHR-A2009 ; Aumolertinib,AUMOLERTINIB
NCT03911973,Gedatolisib,GEDATOLISIB
NCT03911973,Talazoparib,TALAZOPARIB
NCT04906395,Tamoxifen,TAMOXIFEN
NCT04906395,Letrozole Tablets,LETROZOLE
NCT04906395,Anastrozole Tablets,ANASTROZOLE
NCT04906395,Exemestane Tablets,EXEMESTANE
NCT04676477,Osimertinib,OSIMERTINIB
NCT06305754,Carboplatin,CARBOPLATIN
NCT06305754,Acetaminophen (or equivalent),ACETAMINOPHEN
NCT06305754,Dexamethasone (or equivalent),DEXAMETHASONE
NCT07005102,Telisotuzumab Adizutecan,TELISOTUZUMAB
NCT07005102,Osimertinib (Osi),OSIMERTINIB
NCT07005102,Cisplatin,CISPLATIN
NCT07005102,Carboplatin,CARBOPLATIN
NCT06517953,Icotinib,ICOTINIB
NCT06517953,Befotertinib,BEFOTERTINIB
NCT04117945,Cetuximab,CETUXIMAB
NCT04117945,Irinotecan,IRINOTECAN HYDROCHLORIDE
NCT04117945,Panitumumab,PANITUMUMAB
NCT04117945,Regorafenib,REGORAFENIB
NCT03767075,Atezolizumab,ATEZOLIZUMAB
NCT03767075,Futibatinib,FUTIBATINIB
NCT03767075,Amivantamab,AMIVANTAMAB
NCT05445791,Metformin Hydrochloride,METFORMIN HYDROCHLORIDE
NCT05047250,Atezolizumab,ATEZOLIZUMAB
NCT03332797,Palbociclib,PALBOCICLIB
NCT07585760,CM336 Plus Isatuximab,ISATUXIMAB
NCT07117890,sunvozertinib 300mg,SUNVOZERTINIB
NCT06239220,Cetuximab,CETUXIMAB
NCT06997068,Celecoxib,CELECOXIB
NCT06997068,Erlotinib Hydrochloride,ERLOTINIB HYDROCHLORIDE
NCT06997068,Methotrexate,METHOTREXATE
NCT06097962,Tislelizumab，atezolizumab or sugemalimab,TISLELIZUMAB
NCT06097962,Tislelizumab，atezolizumab or sugemalimab,ATEZOLIZUMAB
NCT06097962,Tislelizumab，atezolizumab or sugemalimab,SUGEMALIMAB
NCT06348134,Trastuzumab emtansine,TRASTUZUMAB
NCT06348134,Tamoxifen,TAMOXIFEN
NCT06348134,Letrozole,LETROZOLE
NCT04784715,Trastuzumab deruxtecan,TRASTUZUMAB DERUXTECAN
NCT04784715,Trastuzumab,TRASTUZUMAB
NCT07554521,Tislelizumab,TISLELIZUMAB
NCT07554521,Capecitabine,CAPECITABINE
NCT07554521,5-fluorouracil (5-FU),FLUOROURACIL
NCT07554521,Oxaliplatin,OXALIPLATIN
NCT03297606,Olaparib,OLAPARIB
NCT03297606,Dasatinib,DASATINIB
NCT03297606,Nivolumab plus Ipilimumab,NIVOLUMAB
NCT03297606,Nivolumab plus Ipilimumab,IPILIMUMAB
NCT03297606,Axitinib,AXITINIB
NCT03297606,Bosutinib,BOSUTINIB
NCT03297606,Crizotinib,CRIZOTINIB
NCT03297606,Palbociclib,PALBOCICLIB
NCT03297606,Sunitinib,SUNITINIB
NCT03297606,Temsirolimus,TEMSIROLIMUS
NCT03297606,Erlotinib,ERLOTINIB
NCT03297606,Trastuzumab plus Pertuzumab,TRASTUZUMAB
NCT03297606,Vemurafenib plus Cobimetinib,VEMURAFENIB
NCT03297606,Vemurafenib plus Cobimetinib,COBIMETINIB
NCT03297606,Vismodegib,VISMODEGIB
NCT03297606,Tucatinib,TUCATINIB
NCT04606771,Osimertinib + Savolitinib,OSIMERTINIB
NCT04606771,Osimertinib + Savolitinib,SAVOLITINIB
NCT05113251,Trastuzumab Deruxtecan,TRASTUZUMAB DERUXTECAN
NCT05113251,Paclitaxel,PACLITAXEL
NCT05113251,Trastuzumab,TRASTUZUMAB
NCT05113251,Doxorubicin,DOXORUBICIN HYDROCHLORIDE
NCT05113251,cyclophosphamide,CYCLOPHOSPHAMIDE
NCT06106802,Lazertinib,LAZERTINIB
NCT06106802,Tepotinib,TEPOTINIB
NCT06745908,Tislelizumab,TISLELIZUMAB
NCT03170960,atezolizumab,ATEZOLIZUMAB
NCT06702618,TQB3616 capsule+Fulvestrant Injection,FULVESTRANT
NCT05863195,Cetuximab,CETUXIMAB
NCT05863195,Floxuridine,FLOXURIDINE
NCT05863195,Fluorouracil,FLUOROURACIL
NCT05863195,Irinotecan,IRINOTECAN HYDROCHLORIDE
NCT05863195,Oxaliplatin,OXALIPLATIN
NCT05863195,Panitumumab,PANITUMUMAB
NCT07389265,Erbitux (Cetuximab),CETUXIMAB
NCT07389265,FOLFOX (Folinic acid + Fluorouracil + Oxaliplatin),FLUOROURACIL
NCT07389265,FOLFOX (Folinic acid + Fluorouracil + Oxaliplatin),OXALIPLATIN
NCT07389265,"FOLFIRI (5-Fluorouracil, Folinic acid, Irinotecan)",IRINOTECAN HYDROCHLORIDE
NCT05161195,Ribociclib,RIBOCICLIB
NCT05161195,Letrozole,LETROZOLE
NCT05161195,Anastrozole,ANASTROZOLE
NCT05161195,Tamoxifen,TAMOXIFEN
NCT05161195,Fulvestrant,FULVESTRANT
NCT06970639,Carboplatin Injection,CARBOPLATIN
NCT06970639,Cisplatin for injection,CISPLATIN
NCT06970639,Osimertinib Mesylate Tablets,OSIMERTINIB
NCT07100106,Giredestrant,GIREDESTRANT
NCT07100106,Abemaciclib,ABEMACICLIB
NCT05195619,Autologous dendritic cell vaccine loaded with personalized peptides (PEP-DC vaccine),VACCINE
NCT05195619,Low dose cyclophosphamide,CYCLOPHOSPHAMIDE
NCT02143466,Part A - AZD9291 in combination with continuous selumetinib (Asian subjects),SELUMETINIB SULFATE
NCT05308446,Cetuximab,CETUXIMAB
NCT05308446,Encorafenib,ENCORAFENIB
NCT05308446,Nivolumab,NIVOLUMAB
NCT06958627,pyrotinib,PYROTINIB
NCT05681780,Nivolumab,NIVOLUMAB
NCT05681780,Cyclophosphamide,CYCLOPHOSPHAMIDE
NCT05681780,Fludarabine,FLUDARABINE
NCT06014827,Osimertinib,OSIMERTINIB
NCT02193282,Erlotinib Hydrochloride,ERLOTINIB HYDROCHLORIDE
NCT05735080,Fulvestrant,FULVESTRANT
NCT05735080,Abemaciclib,ABEMACICLIB
NCT05017025,Aurora A Kinase Inhibitor LY3295668,LY3295668
NCT05017025,Osimertinib,OSIMERTINIB
NCT07295821,Osimertinib,OSIMERTINIB
NCT07340541,SERD* + abemaciclib,ABEMACICLIB
NCT07340541,SERD* + everolimus,EVEROLIMUS
NCT07340541,SERD* + everolimus or capecitabine,CAPECITABINE
NCT07340541,Antiandrogen,ANTI-ANDROGEN
NCT07459296,Sintilimab,SINTILIMAB
NCT07459296,Cisplatin,CISPLATIN
NCT07459296,Gemcitabine (GEM),GEMCITABINE
NCT06869473,Cetuximab/avelumab,CETUXIMAB
NCT06869473,Cetuximab/avelumab,AVELUMAB
NCT05236946,Tyrosine kinase inhibitor,TYROSINE KINASE INHIBITOR
NCT04185883,Sotorasib,SOTORASIB
NCT04185883,Trametinib,TRAMETINIB
NCT04185883,Afatinib,AFATINIB
NCT04185883,Pembrolizumab,PEMBROLIZUMAB
NCT04185883,Panitumumab,PANITUMUMAB
NCT04185883,"Carboplatin, pemetrexed, docetaxel, paclitaxel",CARBOPLATIN
NCT04185883,"Carboplatin, pemetrexed, docetaxel, paclitaxel",PACLITAXEL
NCT04185883,Atezolizumab,ATEZOLIZUMAB
NCT04185883,Palbociclib,PALBOCICLIB
NCT04185883,Everolimus,EVEROLIMUS
NCT07071337,Nab-paclitaxel,NAB-PACLITAXEL
NCT07071337,Paclitaxel,PACLITAXEL
NCT07071337,Capecitabine,CAPECITABINE
NCT06269133,Platinum-doublet chemotherapy,PLATINUM
NCT06589804,Cetuximab,CETUXIMAB
NCT06589804,Pembrolizumab,PEMBROLIZUMAB
NCT05029999,CDX-1140,CDX-1140
NCT05029999,CDX-301,CDX-301
NCT05908734,Cetrelimab,CETRELIMAB
NCT05908734,Amivantamab,AMIVANTAMAB
NCT05382728,Osimertinib,OSIMERTINIB
NCT03866499,Gefitinib,GEFITINIB
NCT02226276,fludeoxyglucose F 18,FLUDEOXYGLUCOSE F 18
NCT02226276,trastuzumab,TRASTUZUMAB
NCT02226276,copper Cu 64-DOTA-trastuzumab,COPPER
NCT02226276,ado-trastuzumab emtansine,ADO-TRASTUZUMAB EMTANSINE
NCT05901545,Panitumumab,PANITUMUMAB
NCT06394661,Serplulimab+NabPE,SERPLULIMAB
NCT03775486,Durvalumab,DURVALUMAB
NCT03775486,Olaparib,OLAPARIB
NCT03775486,Nab-paclitaxel+carboplatin,PACLITAXEL
NCT03775486,Nab-paclitaxel+carboplatin,CARBOPLATIN
NCT03775486,Gemcitabine+carboplatin,GEMCITABINE
NCT03775486,Gemcitabine+cisplatin,CISPLATIN
NCT06923527,Elacestrant,ELACESTRANT
NCT04591002,Osimertinib 80 MG,OSIMERTINIB
NCT02609776,Amivantamab,AMIVANTAMAB
NCT02609776,Lazertinib,LAZERTINIB
NCT02609776,Carboplatin,CARBOPLATIN
NCT05845671,Amivantamab 1050mg,AMIVANTAMAB
NCT05979818,Propranolol hydrochloride,PROPRANOLOL HYDROCHLORIDE
NCT05979818,Sintilimab,SINTILIMAB
NCT05261399,Savolitinib,SAVOLITINIB
NCT05261399,Osimertinib,OSIMERTINIB
NCT05261399,Cisplatin,CISPLATIN
NCT05261399,Carboplatin,CARBOPLATIN
NCT06303167,Osimertinib,OSIMERTINIB
NCT06452277,Sevabertinib,SEVABERTINIB
NCT06452277,Pembrolizumab,PEMBROLIZUMAB
NCT06452277,Cisplatin,CISPLATIN
NCT06452277,Carboplatin,CARBOPLATIN
NCT05910827,Cetuximab,CETUXIMAB
NCT06741085,osimertinib,OSIMERTINIB
NCT05526755,Osimertinib 80 mg/40 mg,OSIMERTINIB
NCT05103605,Osimertinib,OSIMERTINIB
NCT07274761,Sunvozertinib,SUNVOZERTINIB
NCT05201352,trifluridine/tipiracil + XB2001,TRIFLURIDINE
NCT05201352,trifluridine/tipiracil + XB2001,TIPIRACIL HYDROCHLORIDE
NCT04243616,Cemiplimab,CEMIPLIMAB
NCT04243616,Paclitaxel,PACLITAXEL
NCT04243616,Carboplatin (not mandatory),CARBOPLATIN
NCT04243616,Doxorubicin,DOXORUBICIN HYDROCHLORIDE
NCT04243616,Cyclophosphamide,CYCLOPHOSPHAMIDE
NCT04983121,Next-generation Site-specific human epidermal growth factor receptor 2 (HER2)-targeting Antibody-drug Conjugate (ARX788),ARX-788
NCT01972347,Dabrafenib,DABRAFENIB
NCT01972347,Trametinib,TRAMETINIB
NCT05912816,RC48 Combined With Tislelizumab,TISLELIZUMAB
NCT04762199,Osimertinib,OSIMERTINIB
NCT04964934,Anastrozole,ANASTROZOLE
NCT04964934,Letrozole,LETROZOLE
NCT04964934,Palbociclib,PALBOCICLIB
NCT04964934,Abemaciclib,ABEMACICLIB
NCT04964934,Ribociclib,RIBOCICLIB
NCT06415487,Cyclophosphamide,CYCLOPHOSPHAMIDE
NCT06415487,Fludarabine,FLUDARABINE
NCT06415487,Pembrolizumab,PEMBROLIZUMAB
NCT04576455,Giredestrant,GIREDESTRANT
NCT04576455,Fulvestrant or an Aromatase Inhibitor (Physician Choice),FULVESTRANT
NCT06048718,Trastuzumab-Deruxtecan (T-DXd),TRASTUZUMAB
NCT02827877,Copper Cu 64-DOTA-Trastuzumab,COPPER
NCT02827877,Copper Cu 64-DOTA-Trastuzumab,TRASTUZUMAB
NCT05870319,Carboplatin,CARBOPLATIN
NCT05870319,Cisplatin,CISPLATIN
NCT06592989,"sorafenib, gefitinib",SORAFENIB
NCT06592989,"sorafenib, gefitinib",GEFITINIB
NCT05751018,Pyrotinib,PYROTINIB
NCT01093612,copper Cu 64-DOTA-trastuzumab,COPPER
NCT01093612,copper Cu 64-DOTA-trastuzumab,TRASTUZUMAB
NCT04172259,Doxorubicin liposome,DOXORUBICIN LIPOSOME
NCT04172259,Cyclophosphamide,CYCLOPHOSPHAMIDE
NCT04172259,Trastuzumab,TRASTUZUMAB
NCT04172259,Epirubicin,EPIRUBICIN
NCT04172259,Paclitaxel,PACLITAXEL
NCT04545710,Abemaciclib,ABEMACICLIB
NCT04545710,Osimertinib,OSIMERTINIB
NCT06455072,Serplulimab,SERPLULIMAB
NCT04868877,Osimertinib,OSIMERTINIB
NCT07092202,Firmonertinib,FIRMONERTINIB
NCT03874026,Folfiri/Cetuximab,CETUXIMAB
NCT05299125,Amivantamab,AMIVANTAMAB
NCT05299125,Lazertinib,LAZERTINIB
NCT05374603,Savolitinib,SAVOLITINIB
NCT05374603,Durvalumab,DURVALUMAB
NCT03448042,Trastuzumab,TRASTUZUMAB
NCT03448042,Tocilizumab,TOCILIZUMAB
NCT05548127,Abemaciclib,ABEMACICLIB
NCT03769103,Osimertinib,OSIMERTINIB
NCT05351788,Carboplatin,CARBOPLATIN
NCT05351788,Cisplatin,CISPLATIN
NCT06035016,pyrotinib combined with Capecitabine,PYROTINIB
NCT06035016,pyrotinib combined with Capecitabine,CAPECITABINE
NCT04027647,Dacomitinib,DACOMITINIB
NCT05883852,carboplatin,CARBOPLATIN
NCT05883852,Trastuzumab,TRASTUZUMAB
NCT05883852,Epirubicin,EPIRUBICIN
NCT05883852,cyclophosphamide,CYCLOPHOSPHAMIDE
NCT04181060,Osimertinib,OSIMERTINIB
NCT04085887,Panitumumab-IRDye800,PANITUMUMAB
NCT03191149,Osimertinib,OSIMERTINIB
NCT06726148,ribociclib,RIBOCICLIB
NCT06726148,fulvestrant,FULVESTRANT
NCT07398326,anlotinib and sintilimab,ANLOTINIB
NCT07398326,anlotinib and sintilimab,SINTILIMAB
NCT05948813,Osimertinib,OSIMERTINIB
NCT06156527,Lazertinib,LAZERTINIB
NCT07461454,Capecitabine,CAPECITABINE
NCT07461454,Gemcitabine,GEMCITABINE
NCT07461454,Vinorelbine,VINORELBINE
NCT07461454,Sacituzumab govitecan,SACITUZUMAB GOVITECAN
NCT07503756,Capecitabine,CAPECITABINE
NCT07503756,Oxaliplatin,OXALIPLATIN
NCT05011487,Osimertinib,OSIMERTINIB
NCT05011487,Cisplatin,CISPLATIN
NCT04946968,Oral Dacomitinib,DACOMITINIB
NCT02496663,Necitumumab,NECITUMUMAB
NCT02496663,Osimertinib,OSIMERTINIB
NCT07493291,Palbociclib (Brand vs Generic) compartive,PALBOCICLIB
NCT05442060,Erlotinib (150 mg daily),ERLOTINIB
NCT07326566,silevertinib in combination with temozolomide,TEMOZOLOMIDE
NCT00902044,Fludarabine,FLUDARABINE
NCT00902044,Cyclophosphamide,CYCLOPHOSPHAMIDE
NCT06343064,Vebreltinib,VEBRELTINIB
NCT03391843,FOLFOXIRI+Cetuximab regimen,CETUXIMAB
NCT07087223,Vebreltinib combined with Furmonertinib,VEBRELTINIB
NCT04765059,Osimertinib (AZD9291) pemetrexed cisplatin or carboplatin,OSIMERTINIB
NCT04765059,Osimertinib (AZD9291) pemetrexed cisplatin or carboplatin,CISPLATIN
NCT04765059,Osimertinib (AZD9291) pemetrexed cisplatin or carboplatin,CARBOPLATIN
NCT07143045,zorifertinib,ZORIFERTINIB
NCT06083922,Cyclophosphamide,CYCLOPHOSPHAMIDE
NCT06083922,Bortezomib,BORTEZOMIB
NCT06083922,Dexamethasone,DEXAMETHASONE
NCT05063552,Atezolizumab,ATEZOLIZUMAB
NCT05063552,Carboplatin,CARBOPLATIN
NCT05063552,Cetuximab,CETUXIMAB
NCT05063552,Cisplatin,CISPLATIN
NCT03782207,Atezolizumab,ATEZOLIZUMAB
NCT06462092,Sacituzumab Govitecan,SACITUZUMAB GOVITECAN
NCT05293964,Palbociclib,PALBOCICLIB
NCT05293964,everolimus,EVEROLIMUS
NCT06084481,Itraconazole (ITZ),ITRACONAZOLE
NCT06426511,Toripalimab+Chemotherapy,TORIPALIMAB
NCT04335292,Osimertinib First-Line,OSIMERTINIB
NCT04335292,Platinum + Pemetrexed Chemotherapy Second-Line,PLATINUM
NCT07217028,Cetuximab (EGFR inhibitor),CETUXIMAB
NCT03993873,elzovantinib (TPX-0022),ELZOVANTINIB
NCT07375316,Osimertinib + Sacituzumab Tirumotecan,OSIMERTINIB
NCT03334617,Durvalumab,DURVALUMAB
NCT03334617,Danvatirsen,DANVATIRSEN
NCT03334617,Ceralasertib,CERALASERTIB
NCT03334617,Vistusertib,VISTUSERTIB
NCT03334617,Olaparib,OLAPARIB
NCT03334617,Oleclumab,OLECLUMAB
NCT03334617,Trastuzumab deruxtecan,TRASTUZUMAB DERUXTECAN
NCT03334617,Cediranib,CEDIRANIB
NCT06071013,"Nintedanib, gefitinib, erlotinib, afatinib, osimertinib",GEFITINIB
NCT06071013,"Nintedanib, gefitinib, erlotinib, afatinib, osimertinib",ERLOTINIB
NCT06071013,"Nintedanib, gefitinib, erlotinib, afatinib, osimertinib",AFATINIB
NCT06071013,"Nintedanib, gefitinib, erlotinib, afatinib, osimertinib",OSIMERTINIB
NCT03333343,trametinib,TRAMETINIB
NCT03333343,ribociclib,RIBOCICLIB
NCT03333343,LXH254,LXH254
NCT03333343,gefitinib,GEFITINIB
NCT06509126,Panitumumab,PANITUMUMAB
NCT06509126,Irinotecan,IRINOTECAN HYDROCHLORIDE
NCT06509126,5-fluorouracil,FLUOROURACIL
NCT04085315,Osimertinib,OSIMERTINIB
NCT04085315,Alisertib,ALISERTIB
NCT04481932,Trastuzumab combined with Pyrotinib and chemotherapy,TRASTUZUMAB
NCT04481932,Trastuzumab combined with Pyrotinib and chemotherapy,PYROTINIB
NCT06490536,Oxaliplatin,OXALIPLATIN
NCT06490536,Capecitabine,CAPECITABINE
NCT06490536,Fluorouracil,FLUOROURACIL
NCT06490536,Temozolomide,TEMOZOLOMIDE
NCT06490536,Irinotecan,IRINOTECAN HYDROCHLORIDE
NCT06490536,Nivolumab,NIVOLUMAB
NCT06490536,Ipilimumab,IPILIMUMAB
NCT06490536,Trastuzumab,TRASTUZUMAB
NCT06490536,Panitumumab,PANITUMUMAB
NCT05773092,Oral S-1 + Oral Osimertinib,OSIMERTINIB
NCT05910398,pyrotinib,PYROTINIB
NCT04285671,Necitumumab,NECITUMUMAB
NCT04285671,Osimertinib,OSIMERTINIB
NCT04285671,Trastuzumab,TRASTUZUMAB
NCT03065387,Everolimus,EVEROLIMUS
NCT03065387,Neratinib,NERATINIB
NCT03065387,Palbociclib,PALBOCICLIB
NCT03065387,Trametinib,TRAMETINIB
NCT05260671,Penpulimab combined with cetuximab,PENPULIMAB
NCT05260671,Penpulimab combined with cetuximab,CETUXIMAB
NCT05950945,Trastuzumab Deruxtecan,TRASTUZUMAB DERUXTECAN
NCT06139107,Abemaciclib,ABEMACICLIB
NCT06139107,Letrozole,LETROZOLE
NCT03087071,Panitumumab,PANITUMUMAB
NCT03087071,Trametinib,TRAMETINIB
NCT06055465,Sacituzumab Govitecan,SACITUZUMAB GOVITECAN
NCT06055465,Pembrolizumab,PEMBROLIZUMAB
NCT06278870,Pyrotinib,PYROTINIB
NCT06278870,trastuzumab,TRASTUZUMAB
NCT06304441,Osimertinib,OSIMERTINIB
NCT06238882,Nitroglycerin,NITROGLYCERIN
NCT07040072,Stapokibart and Finotonlimab,FINOTONLIMAB
NCT04639986,Capecitabine Oral Product,CAPECITABINE
NCT04639986,Gemcitabine Injection,GEMCITABINE
NCT04639986,Vinorelbine injection,VINORELBINE TARTRATE
NCT07480941,Cyclophosphamide,CYCLOPHOSPHAMIDE
NCT07480941,Fludarabine,FLUDARABINE
NCT04017650,Cetuximab,CETUXIMAB
NCT04017650,Encorafenib,ENCORAFENIB
NCT04017650,Nivolumab,NIVOLUMAB
NCT06670196,Osimertinib,OSIMERTINIB
NCT05107674,Paclitaxel,PACLITAXEL
NCT02306161,Cyclophosphamide,CYCLOPHOSPHAMIDE
NCT02306161,Doxorubicin,DOXORUBICIN HYDROCHLORIDE
NCT02306161,Etoposide,ETOPOSIDE
NCT02306161,Etoposide Phosphate,ETOPOSIDE PHOSPHATE
NCT02306161,Ganitumab,GANITUMAB
NCT02306161,Ifosfamide,IFOSFAMIDE
NCT02306161,Vincristine,VINCRISTINE
NCT02306161,Vincristine Sulfate,VINCRISTINE SULFATE
NCT06385483,Afatinib,AFATINIB
NCT06927986,Cisplatin,CISPLATIN
NCT06927986,Carboplatin,CARBOPLATIN
NCT07233499,Nebivolol 5 mg,NEBIVOLOL HYDROCHLORIDE
NCT05840211,Paclitaxel,PACLITAXEL
NCT05840211,Nab-paclitaxel,NAB-PACLITAXEL
NCT05840211,Capecitabine,CAPECITABINE
NCT03164616,Durvalumab,DURVALUMAB
NCT03164616,Tremelimumab,TREMELIMUMAB
NCT03164616,Abraxane + carboplatin,CARBOPLATIN
NCT03164616,Gemcitabine + cisplatin,GEMCITABINE
NCT03164616,Gemcitabine + cisplatin,CISPLATIN
NCT06222489,89Zr-Patritumab deruxtecan,PATRITUMAB
NCT05142189,Cemiplimab,CEMIPLIMAB
NCT05142189,Carboplatin,CARBOPLATIN
NCT05142189,Paclitaxel,PACLITAXEL
NCT05142189,Osimertinib,OSIMERTINIB
NCT05325632,Trastuzumab,TRASTUZUMAB
NCT05325632,Paclitaxel,PACLITAXEL
NCT02401685,Adjuvant therapy,ADJUVANT
NCT06956001,Firmonertinib Mesilate Tablets,FIRMONERTINIB
NCT06956001,Cisplatin for injection,CISPLATIN
NCT06956001,Carboplatin Injection,CARBOPLATIN
NCT06964906,Toripalimab,TORIPALIMAB
NCT06964906,nab-Paclitaxel (nab-P),PACLITAXEL
NCT06964906,Epirubicin (E),EPIRUBICIN
NCT06964906,Cyclophosphamide (C),CYCLOPHOSPHAMIDE
NCT02453620,Entinostat,ENTINOSTAT
NCT02453620,Ipilimumab,IPILIMUMAB
NCT02453620,Nivolumab,NIVOLUMAB
NCT04215146,Paclitaxel,PACLITAXEL
NCT04215146,Pelareorep,PELAREOREP
NCT04215146,Avelumab,AVELUMAB
NCT06668103,ABSK043 in combination with Firmonertinib,FIRMONERTINIB
NCT06755684,Befotertinib combined Bevacizumab,BEFOTERTINIB
NCT06755684,Befotertinib combined platinum-based double chemotherapy,PLATINUM
NCT07089641,Fludeoxyglucose F-18,FLUDEOXYGLUCOSE F 18
NCT02453282,MEDI4736 (Durvalumab),DURVALUMAB
NCT02453282,MEDI4736 (Durvalumab)+Tremelimumab,TREMELIMUMAB
NCT02453282,Paclitaxel + Carboplatin,PACLITAXEL
NCT02453282,Paclitaxel + Carboplatin,CARBOPLATIN
NCT02453282,Gemcitabine + Cisplatin,GEMCITABINE
NCT02453282,Gemcitabine + Cisplatin,CISPLATIN
NCT06648096,Afatinib,AFATINIB
NCT03667820,Osimertinib,OSIMERTINIB
NCT04619082,Tenofovir alafenamide,TENOFOVIR ALAFENAMIDE
NCT04739761,Trastuzumab Deruxtecan,TRASTUZUMAB DERUXTECAN
NCT00977470,Erlotinib,ERLOTINIB
NCT00977470,Hydroxychloroquine,HYDROXYCHLOROQUINE
NCT04772235,Repotrectinib,REPOTRECTINIB
NCT04772235,Osimertinib,OSIMERTINIB
NCT05334277,Furmonertinib/Pemetrexed/Carboplatin,CARBOPLATIN
NCT06868277,Rilvegostomig,RILVEGOSTOMIG
NCT06868277,Pembrolizumab,PEMBROLIZUMAB
NCT05624996,Carboplatin,CARBOPLATIN
NCT05624996,Cisplatin,CISPLATIN
NCT05624996,Durvalumab,DURVALUMAB
NCT05624996,Etoposide,ETOPOSIDE
NCT05624996,Nab-paclitaxel,NAB-PACLITAXEL
NCT05624996,Osimertinib,OSIMERTINIB
NCT05624996,Paclitaxel,PACLITAXEL
NCT03807778,Mobocertinib,MOBOCERTINIB
NCT05607550,platinum-based chemotherapy,PLATINUM
NCT05388669,Lazertinib,LAZERTINIB
NCT05388669,Amivantamab Subcutaneous and Co-Formulated with Recombinant Human Hyaluronidase (SC CF),AMIVANTAMAB
NCT03093922,Atezolizumab,ATEZOLIZUMAB
NCT03093922,Gemcitabine,GEMCITABINE
NCT03093922,Cisplatin,CISPLATIN
NCT06522919,Autologous Dendritic Cell (DC) Vaccine,VACCINE
NCT07492394,entinostat,ENTINOSTAT
NCT07492394,Dalpiciclib,DALPICICLIB
NCT07492394,Letrozole,LETROZOLE
NCT05469022,Neoadjuvant lazertinib,LAZERTINIB
NCT06515470,Fulvestrant,FULVESTRANT
NCT04456322,RT plus Nimotuzumab,NIMOTUZUMAB
NCT04456322,RT plus Cisplatin,CISPLATIN
NCT07581912,fulzerasib; cetuximab N01,FULZERASIB
NCT07581912,fulzerasib; cetuximab N01,CETUXIMAB
NCT06989112,Trastuzumab deruxtecan,TRASTUZUMAB DERUXTECAN
NCT06989112,Rilvegostomig,RILVEGOSTOMIG
NCT06989112,Pembrolizumab,PEMBROLIZUMAB
NCT06989112,Carboplatin,CARBOPLATIN
NCT06989112,Paclitaxel,PACLITAXEL
NCT05498428,Amivantamab,AMIVANTAMAB
NCT05498428,Lazertinib,LAZERTINIB
NCT05498428,Carboplatin,CARBOPLATIN
NCT05498428,Low Molecular Weight Heparin (LMWH),HEPARIN
NCT06428396,Belzutifan,BELZUTIFAN
NCT06428396,Fulvestrant,FULVESTRANT
NCT06428396,Everolimus,EVEROLIMUS
NCT06428396,Exemestane,EXEMESTANE
NCT06699212,Pembrolizumab,PEMBROLIZUMAB
NCT06699212,Carboplatin,CARBOPLATIN
NCT06699212,Cisplatin,CISPLATIN
NCT06699212,5-fluorouracil,FLUOROURACIL
NCT06699212,Paclitaxel,PACLITAXEL
NCT07405476,Zanidatamab,ZANIDATAMAB
NCT07137416,Pidnarulex,PIDNARULEX
NCT07137416,Trastuzumab Deruxtecan,TRASTUZUMAB DERUXTECAN
NCT07070440,Carboplatin,CARBOPLATIN
NCT02194738,Carboplatin,CARBOPLATIN
NCT02194738,Cisplatin,CISPLATIN
NCT02194738,Crizotinib,CRIZOTINIB
NCT02194738,Erlotinib,ERLOTINIB
NCT02194738,Gemcitabine Hydrochloride,GEMCITABINE
NCT02194738,Nivolumab,NIVOLUMAB
NCT02194738,Paclitaxel,PACLITAXEL
NCT02194738,Pembrolizumab,PEMBROLIZUMAB
NCT02194738,Pemetrexed Disodium,PEMETREXED DISODIUM
NCT03725059,Pembrolizumab (K),PEMBROLIZUMAB
NCT03725059,Paclitaxel (X),PACLITAXEL
NCT03725059,Doxorubicin (A),DOXORUBICIN HYDROCHLORIDE
NCT03725059,Epirubicin (E),EPIRUBICIN
NCT03725059,Cyclophosphamide (C),CYCLOPHOSPHAMIDE
NCT05306340,Giredestrant,GIREDESTRANT
NCT05306340,Exemestane,EXEMESTANE
NCT05306340,Fulvestrant,FULVESTRANT
NCT05306340,Tamoxifen,TAMOXIFEN
NCT05306340,Everolimus,EVEROLIMUS
NCT05306340,Dexamethasone Mouth Rinse,DEXAMETHASONE
NCT06561620,Befotertinib,BEFOTERTINIB
NCT07405801,Inavolisib,INAVOLISIB
NCT07405801,Ribociclib,RIBOCICLIB
NCT07405801,Fulvestrant,FULVESTRANT
NCT02411448,Ramucirumab,RAMUCIRUMAB
NCT02411448,Erlotinib,ERLOTINIB
NCT02411448,Gefitinib,GEFITINIB
NCT02411448,Osimertinib,OSIMERTINIB
NCT02800486,Intra-arterial Cetuximab,CETUXIMAB
NCT02800486,Intra-arterial Mannitol,MANNITOL
NCT03747120,Paclitaxel,PACLITAXEL
NCT03747120,Trastuzumab,TRASTUZUMAB
NCT03747120,Pembrolizumab,PEMBROLIZUMAB
NCT03804580,osimertinib,OSIMERTINIB
NCT02311933,Endoxifen Hydrochloride,ENDOXIFEN
NCT02311933,Tamoxifen Citrate,TAMOXIFEN CITRATE
NCT06635447,Capivasertib,CAPIVASERTIB
NCT06635447,Fulvestrant,FULVESTRANT
NCT04547504,Pembrolizumab,PEMBROLIZUMAB
NCT02157051,CD105/Yb-1/SOX2/CDH3/MDM2-polyepitope Plasmid DNA Vaccine,VACCINE
NCT07042295,Amivantamab and Recombinant Human Hyaluronidase,AMIVANTAMAB
NCT07042295,Cetuximab,CETUXIMAB
NCT03368729,Niraparib,NIRAPARIB
NCT03368729,Trastuzumab,TRASTUZUMAB
NCT05712902,Sunvozertinib,SUNVOZERTINIB
NCT06256328,Oxaliplatin,OXALIPLATIN
NCT06256328,Capecitabine,CAPECITABINE
NCT06256328,Nivolumab,NIVOLUMAB
NCT04988295,Lazertinib,LAZERTINIB
NCT04988295,Amivantamab,AMIVANTAMAB
NCT04988295,Carboplatin,CARBOPLATIN
NCT06827145,Vebreltinib,VEBRELTINIB
NCT06827145,Osimertinib,OSIMERTINIB
NCT06695845,Zanidatamab,ZANIDATAMAB
NCT06500208,"Adebrelimab combined with nab-paclitaxel, epirubicin and cyclophosphamide",PACLITAXEL
NCT06500208,"Adebrelimab combined with nab-paclitaxel, epirubicin and cyclophosphamide",EPIRUBICIN
NCT06500208,"Adebrelimab combined with nab-paclitaxel, epirubicin and cyclophosphamide",CYCLOPHOSPHAMIDE
NCT06429904,Nimotuzumab+ NALIRIFOX,NIMOTUZUMAB
NCT07029503,Eplerenone,EPLERENONE
NCT05801913,Multi-peptide CMV-Modified Vaccinia Ankara Vaccine,VACCINE
NCT06709859,Afatinib plus chemotherapy as conversion treatment,AFATINIB
NCT06268210,Lazertinib+Pemetrexed+Carboplatin,LAZERTINIB
NCT06268210,Lazertinib+Pemetrexed+Carboplatin,CARBOPLATIN
NCT05244213,Sintilimab,SINTILIMAB
NCT05244213,Carboplatin,CARBOPLATIN
NCT05244213,Nab paclitaxel,NAB-PACLITAXEL
NCT03831932,Osimertinib,OSIMERTINIB
NCT03831932,Telaglenastat Hydrochloride,TELAGLENASTAT
NCT05710406,Encorafenib,ENCORAFENIB
NCT05710406,Cetuximab,CETUXIMAB
NCT03909334,Osimertinib,OSIMERTINIB
NCT03909334,Ramucirumab,RAMUCIRUMAB
NCT06563999,Sunvozertinib,SUNVOZERTINIB
NCT06563999,Crizotinib,CRIZOTINIB
NCT06563999,Pralsetinib,PRALSETINIB
NCT06563999,Larotrectinib,LAROTRECTINIB
NCT06563999,Savolitinib,SAVOLITINIB
NCT06563999,Pyrotinib,PYROTINIB
NCT06563999,Dabrafenib+Trametinib,DABRAFENIB + TRAMETINIB
NCT06563999,Ensartinib,ENSARTINIB
NCT03919292,Neratinib,NERATINIB
NCT03919292,Divalproex Sodium,DIVALPROEX SODIUM
NCT06618287,Osimertinib,OSIMERTINIB
NCT06618287,Pembrolizumab,PEMBROLIZUMAB
NCT06618287,Nivolumab,NIVOLUMAB
NCT04129502,Cisplatin,CISPLATIN
NCT04129502,Carboplatin,CARBOPLATIN
NCT07076823,Canagliflozin,CANAGLIFLOZIN
NCT01810913,Atezolizumab,ATEZOLIZUMAB
NCT01810913,Cetuximab,CETUXIMAB
NCT01810913,Cisplatin,CISPLATIN
NCT05426486,ARX788,ARX-788
NCT05426486,Pyrotinib maleate,PYROTINIB
NCT05426486,Trastuzumab,TRASTUZUMAB
NCT05426486,Carboplatin,CARBOPLATIN
NCT05785741,Trastuzumab,TRASTUZUMAB
NCT05785741,Osimertinib,OSIMERTINIB
NCT05785741,capecitabine,CAPECITABINE
NCT05801029,Osimertinib,OSIMERTINIB
NCT05801029,Amivantamab,AMIVANTAMAB
NCT06901531,zolbetuximab,ZOLBETUXIMAB
NCT06901531,Pembrolizumab,PEMBROLIZUMAB
NCT06901531,Capecitabine,CAPECITABINE
NCT06901531,Oxaliplatin,OXALIPLATIN
NCT06901531,5-fluorouracil (5-FU),FLUOROURACIL
NCT05144854,Ipilimumab,IPILIMUMAB
NCT05144854,Oxaliplatin,OXALIPLATIN
NCT05144854,Capecitabine,CAPECITABINE
NCT07235566,MRG003 in combination with pucotenlimab,PUCOTENLIMAB
NCT02885753,Oxaliplatin intravenous,OXALIPLATIN
NCT02885753,Panitumumab,PANITUMUMAB
NCT02885753,Irinotecan,IRINOTECAN HYDROCHLORIDE
NCT06302621,Afatinib,AFATINIB
NCT06302621,Pemigatinib,PEMIGATINIB
NCT06574347,Vebreltinib,VEBRELTINIB
NCT06574347,Osimertinib,OSIMERTINIB
NCT06447987,Cetuximab,CETUXIMAB
NCT06447987,Cyclophosphamide,CYCLOPHOSPHAMIDE
NCT06447987,Fludarabine,FLUDARABINE
NCT07020221,Cetuximab,CETUXIMAB
NCT07020221,Carboplatin + Pemetrexed + Pembrolizumab,CARBOPLATIN
NCT07020221,Carboplatin + Pemetrexed + Pembrolizumab,PEMBROLIZUMAB
NCT07020221,Gemcitabine,GEMCITABINE
NCT07020221,Gemcitabine + Nab-paclitaxel,PACLITAXEL
NCT02955290,Nivolumab,NIVOLUMAB
NCT02955290,Pembrolizumab,PEMBROLIZUMAB
NCT02955290,Recombinant Human EGF-rP64K/Montanide ISA 51 Vaccine,EGF
NCT02955290,Recombinant Human EGF-rP64K/Montanide ISA 51 Vaccine,VACCINE
NCT07315113,Osimertinib,OSIMERTINIB
NCT07130916,Aumolertinib,AUMOLERTINIB
NCT06065748,Giredestrant,GIREDESTRANT
NCT06065748,Fulvestrant,FULVESTRANT
NCT06065748,Abemaciclib,ABEMACICLIB
NCT06065748,Palbociclib,PALBOCICLIB
NCT06065748,Ribociclib,RIBOCICLIB
NCT06538038,Osimertinib,OSIMERTINIB
NCT01730833,trastuzumab,TRASTUZUMAB
NCT01730833,paclitaxel albumin-stabilized nanoparticle formulation,PACLITAXEL
NCT04305496,Fulvestrant,FULVESTRANT
NCT04305496,Capivasertib,CAPIVASERTIB
NCT04995003,Pembrolizumab Injectable Product,PEMBROLIZUMAB
NCT04995003,Nivolumab Injectable Product,NIVOLUMAB
NCT06215976,Metformin Hydrochloride 500 MG,METFORMIN
NCT07100080,Carboplatin,CARBOPLATIN
NCT07100080,Cisplatin,CISPLATIN
NCT05816252,Pembrolizumab,PEMBROLIZUMAB
NCT05816252,Carboplatin,CARBOPLATIN
NCT05816252,Osimertinib,OSIMERTINIB
NCT03778229,osimertinib,OSIMERTINIB
NCT03778229,savolitinib,SAVOLITINIB
NCT06064877,Ficlatuzumab,FICLATUZUMAB
NCT06064877,Cetuximab,CETUXIMAB
NCT07413939,Tucatinib,TUCATINIB
NCT07413939,Trastuzumab,TRASTUZUMAB
NCT07413939,Capecitabine,CAPECITABINE
NCT06241807,Camrelizumab Plus Chemotherapy,CAMRELIZUMAB
NCT05747625,Panitumumab,PANITUMUMAB
NCT07008976,Trastuzumab Emtansine for Injection,TRASTUZUMAB
NCT05365178,Fulvestrant injection,FULVESTRANT
NCT02876107,Carboplatin,CARBOPLATIN
NCT02876107,Paclitaxel,PACLITAXEL
NCT02876107,Panitumumab,PANITUMUMAB
NCT05686434,Osimertinib,OSIMERTINIB
NCT05573555,Ribociclib,RIBOCICLIB
NCT03940703,Tepotinib,TEPOTINIB
NCT03940703,Osimertinib,OSIMERTINIB
NCT07571551,Toripalimab,TORIPALIMAB
NCT07571551,Lenvatinib,LENVATINIB
NCT06838273,Osimertinib,OSIMERTINIB
NCT05987956,Alectinib - Usual,ALECTINIB HYDROCHLORIDE
NCT03833154,Durvalumab,DURVALUMAB
NCT03833154,"(Osimertinib cohort, single-arm, open-label separate cohort)",OSIMERTINIB
NCT04305795,200 mg Pembrolizumab,PEMBROLIZUMAB
NCT04305795,350 mg Cemiplimab,CEMIPLIMAB
NCT07523529,Fludarabine,FLUDARABINE
NCT07523529,Cyclophosphamide,CYCLOPHOSPHAMIDE
NCT07322783,• Drug: Savolitinib • Drug: Osimertinib Mesylate Tablets,SAVOLITINIB
NCT07322783,• Drug: Savolitinib • Drug: Osimertinib Mesylate Tablets,OSIMERTINIB
NCT06758557,Paclitaxel,PACLITAXEL
NCT06758557,Carboplatin,CARBOPLATIN
NCT02747004,Abemaciclib,ABEMACICLIB
NCT02747004,Tamoxifen,TAMOXIFEN
NCT02747004,Prophylactic Loperamide,LOPERAMIDE
NCT06667076,Amivantamab,AMIVANTAMAB
NCT06667076,Lazertinib,LAZERTINIB
NCT06667076,Chemotherapy: Carboplatin,CARBOPLATIN
NCT02320435,Trastuzumab,TRASTUZUMAB
NCT06417008,Aumolertinib,AUMOLERTINIB
NCT06912087,Zanzalintinib,ZANZALINTINIB
NCT06912087,Cetuximab,CETUXIMAB
NCT06912087,Pembrolizumab,PEMBROLIZUMAB
NCT05777278,Savolitinib,SAVOLITINIB
NCT05283226,Paclitaxel,PACLITAXEL
NCT06194448,Osimertinib,OSIMERTINIB
NCT06194448,Cisplatin or Carboplatin; Pemetrexed or Paclitaxel,CISPLATIN
NCT06194448,Cisplatin or Carboplatin; Pemetrexed or Paclitaxel,CARBOPLATIN
NCT06194448,Cisplatin or Carboplatin; Pemetrexed or Paclitaxel,PACLITAXEL
NCT04563507,Letrozole 2.5Mg Tab,LETROZOLE
NCT04563507,Palbociclib 125mg,PALBOCICLIB
NCT04616183,Abemaciclib,ABEMACICLIB
NCT04616183,Cetuximab,CETUXIMAB
NCT06295432,DZD9008+AZD4205,AZD4205
NCT05521698,Bicalutamide,BICALUTAMIDE
NCT05980481,Trastuzumab,TRASTUZUMAB
NCT05980481,Toripalimab,TORIPALIMAB
NCT05980481,Oxaliplatin（130mg/m2 ）,OXALIPLATIN
NCT05980481,Capecitabine（1000mg/m2）,CAPECITABINE
NCT06058377,Cyclophosphamide,CYCLOPHOSPHAMIDE
NCT06058377,Doxorubicin,DOXORUBICIN HYDROCHLORIDE
NCT06058377,Durvalumab,DURVALUMAB
NCT06058377,Paclitaxel,PACLITAXEL
NCT04486833,osimertinib,OSIMERTINIB
NCT04486833,Platinum-Based Chemotherapy,PLATINUM
NCT06363734,Osimertinib plus Dalpiciclib,OSIMERTINIB
NCT06363734,Osimertinib plus Dalpiciclib,DALPICICLIB
NCT01327781,Endoxifen Hydrochloride,ENDOXIFEN
NCT04928846,Telisotuzumab Vedotin,TELISOTUZUMAB VEDOTIN
NCT02971501,Osimertinib,OSIMERTINIB
NCT04329065,pUMVC3-IGFBP2-HER2-IGF1R Plasmid DNA Vaccine,VACCINE
NCT04329065,Paclitaxel,PACLITAXEL
NCT04329065,Trastuzumab,TRASTUZUMAB
NCT04329065,Carboplatin,CARBOPLATIN
NCT05284539,"Pemetrexed, Cisplatin, Bevacizumab Plus Pembrolizumab",CISPLATIN
NCT05284539,"Pemetrexed, Cisplatin, Bevacizumab Plus Pembrolizumab",PEMBROLIZUMAB
NCT06731907,Pembrolizumab,PEMBROLIZUMAB
NCT06731907,Carboplatin,CARBOPLATIN
NCT06731907,Paclitaxel,PACLITAXEL
NCT06731907,Nab-paclitaxel,NAB-PACLITAXEL
NCT06630130,Trastuzumab deruxtecan,TRASTUZUMAB DERUXTECAN
NCT06630130,Capecitabine,CAPECITABINE
NCT06630130,Rilvegostomig,RILVEGOSTOMIG
NCT06714357,irinotecan,IRINOTECAN HYDROCHLORIDE
NCT06714357,panitumumab,PANITUMUMAB
NCT04787341,Regorafenib,REGORAFENIB
NCT04787341,Panitumumab,PANITUMUMAB
NCT04589845,Entrectinib,ENTRECTINIB
NCT04589845,Alectinib,ALECTINIB
NCT04589845,Atezolizumab,ATEZOLIZUMAB
NCT04589845,Ipatasertib,IPATASERTIB
NCT04589845,Trastuzumab emtansine,TRASTUZUMAB
NCT04589845,Inavolisib,INAVOLISIB
NCT04589845,Belvarafenib,BELVARAFENIB
NCT04589845,Pralsetinib,PRALSETINIB
NCT04589845,Divarasib,DIVARASIB
NCT04589845,Camonsertib,CAMONSERTIB
NCT06226857,Cetuximab,CETUXIMAB
NCT02299999,AZD4547,AZD-4547
NCT02299999,Selumetinib,SELUMETINIB
NCT02299999,Vandetanib,VANDETANIB
NCT02299999,Bicalutamide,BICALUTAMIDE
NCT02299999,Olaparib,OLAPARIB
NCT02299999,cyclophosphamide,CYCLOPHOSPHAMIDE
NCT02299999,Methotrexate,METHOTREXATE
NCT02299999,Platinum based chemotherapies,PLATINUM
NCT02299999,Mitomycin C,MITOMYCIN
NCT06967155,• Drug: Dabrafenib • Drug: Trametinib • Drug: Cetuximab • Drug: Рanitumumab • Drug: Oxaliplatin • Drug: Irinotecan • Drug: Leucovorin • Drug: 5-FU,DABRAFENIB
NCT06967155,• Drug: Dabrafenib • Drug: Trametinib • Drug: Cetuximab • Drug: Рanitumumab • Drug: Oxaliplatin • Drug: Irinotecan • Drug: Leucovorin • Drug: 5-FU,TRAMETINIB
NCT06967155,• Drug: Dabrafenib • Drug: Trametinib • Drug: Cetuximab • Drug: Рanitumumab • Drug: Oxaliplatin • Drug: Irinotecan • Drug: Leucovorin • Drug: 5-FU,CETUXIMAB
NCT06967155,• Drug: Dabrafenib • Drug: Trametinib • Drug: Cetuximab • Drug: Рanitumumab • Drug: Oxaliplatin • Drug: Irinotecan • Drug: Leucovorin • Drug: 5-FU,OXALIPLATIN
NCT06967155,• Drug: Dabrafenib • Drug: Trametinib • Drug: Cetuximab • Drug: Рanitumumab • Drug: Oxaliplatin • Drug: Irinotecan • Drug: Leucovorin • Drug: 5-FU,IRINOTECAN HYDROCHLORIDE
NCT02752685,Pembrolizumab,PEMBROLIZUMAB
NCT02752685,Nab-Paclitaxel,NAB-PACLITAXEL
NCT05432635,Multi-peptide CMV-Modified Vaccinia Ankara Vaccine,VACCINE
NCT03716180,Paclitaxel,PACLITAXEL
NCT03716180,Trastuzumab,TRASTUZUMAB
NCT05957510,Serplulimab,SERPLULIMAB
NCT03381274,Oleclumab,OLECLUMAB
NCT03381274,Osimertinib,OSIMERTINIB
NCT05498155,Neoadjuvant Olaparib monotherapy group,OLAPARIB
NCT05498155,Neoadjuvant combination therapy with olaparib plus durvalumab,DURVALUMAB
NCT03944772,Osimertinib,OSIMERTINIB
NCT03944772,Savolitinib,SAVOLITINIB
NCT03944772,Gefitinib,GEFITINIB
NCT03944772,Necitumumab,NECITUMUMAB
NCT03944772,Durvalumab,DURVALUMAB
NCT03944772,Carboplatin,CARBOPLATIN
NCT03944772,Alectinib,ALECTINIB
NCT03944772,Selpercatinib,SELPERCATINIB
NCT03944772,Selumetinib,SELUMETINIB
NCT03944772,Etoposide,ETOPOSIDE
NCT03944772,Cisplatin,CISPLATIN
NCT03944772,Datopotamab deruxtecan,DATOPOTAMAB DERUXTECAN
NCT06331169,Anlotinib,ANLOTINIB
NCT06331169,Trastuzumab deruxtecan,TRASTUZUMAB DERUXTECAN
NCT05579366,Carboplatin,CARBOPLATIN
NCT05579366,Pembrolizumab,PEMBROLIZUMAB
NCT05163249,Osimertinib,OSIMERTINIB
NCT05163249,Savolitinib,SAVOLITINIB
NCT07340398,Nab paclitaxel,NAB-PACLITAXEL
NCT07340398,Carboplatin,CARBOPLATIN
NCT07340398,Trastuzumab,TRASTUZUMAB
NCT07340398,Pyrotinib,PYROTINIB
NCT07181499,Befotertinib,BEFOTERTINIB
NCT07181499,Pemetrexed + Carboplatin,CARBOPLATIN
NCT05827614,Erlotinib,ERLOTINIB
NCT05827614,Futibatinib,FUTIBATINIB
NCT05502237,Zimberelimab,ZIMBERELIMAB
NCT05502237,Domvanalimab,DOMVANALIMAB
NCT05502237,Pembrolizumab,PEMBROLIZUMAB
NCT05502237,Carboplatin,CARBOPLATIN
NCT05502237,Cisplatin,CISPLATIN
NCT05502237,Paclitaxel,PACLITAXEL
NCT05502237,Nab-paclitaxel,NAB-PACLITAXEL
NCT07214662,Giredestrant,GIREDESTRANT
NCT07214662,Omeprazole,OMEPRAZOLE
NCT01553942,Afatinib,AFATINIB
NCT01553942,Cisplatin,CISPLATIN
NCT06829459,Osimertinib mesylate,OSIMERTINIB MESYLATE
NCT06829459,Cisplatin or carboplatin,CISPLATIN
NCT06829459,Cisplatin or carboplatin,CARBOPLATIN
NCT06830694,"Atezolizumab, Etoposide, Carboplatin, Tarlatamab",ATEZOLIZUMAB
NCT06830694,"Atezolizumab, Etoposide, Carboplatin, Tarlatamab",ETOPOSIDE
NCT06830694,"Atezolizumab, Etoposide, Carboplatin, Tarlatamab",CARBOPLATIN
NCT06830694,"Atezolizumab, Etoposide, Carboplatin, Tarlatamab",TARLATAMAB
NCT06447662,Gemcitabine,GEMCITABINE
NCT06447662,Nab-paclitaxel,NAB-PACLITAXEL
NCT06447662,Cetuximab,CETUXIMAB
NCT06447662,Fluorouracil,FLUOROURACIL
NCT06447662,Oxaliplatin,OXALIPLATIN
NCT06447662,Pembrolizumab,PEMBROLIZUMAB
NCT06447662,Cisplatin,CISPLATIN
NCT06447662,Paclitaxel,PACLITAXEL
NCT06447662,Carboplatin,CARBOPLATIN
NCT06447662,Sasanlimab,SASANLIMAB
NCT06358677,Topical Tretinoin,TRETINOIN
NCT05379595,Amivantamab IV,AMIVANTAMAB
NCT05379595,Fluorouracil,FLUOROURACIL
NCT05379595,Oxaliplatin,OXALIPLATIN
NCT05379595,Irinotecan,IRINOTECAN HYDROCHLORIDE
NCT06143553,Paclitaxel Polymeric Micelles for Injection,PACLITAXEL
NCT06143553,Capecitabine Tablets,CAPECITABINE
NCT06143553,Gemcitabine Hydrochloride for Injection,GEMCITABINE
NCT06143553,Vinorelbine Tartrate Injection,VINORELBINE TARTRATE
NCT04587128,Panitumumab,PANITUMUMAB
NCT04587128,Cetuximab,CETUXIMAB
NCT04587128,Irinotecan,IRINOTECAN HYDROCHLORIDE
NCT07102381,Zanidatamab,ZANIDATAMAB
NCT07102381,Paclitaxel,PACLITAXEL
NCT07102381,Carboplatin,CARBOPLATIN
NCT07102381,Trastuzumab,TRASTUZUMAB
NCT03433469,Osimertinib,OSIMERTINIB
NCT02542293,Durvalumab +Tremelimumab,DURVALUMAB
NCT02542293,Durvalumab +Tremelimumab,TREMELIMUMAB
NCT02542293,Paclitaxel + carboplatin,PACLITAXEL
NCT02542293,Paclitaxel + carboplatin,CARBOPLATIN
NCT02542293,Gemcitabine + cisplatin,GEMCITABINE
NCT02542293,Gemcitabine + cisplatin,CISPLATIN
NCT05271916,Dacomitinib+Anlotinib,DACOMITINIB
NCT05271916,Dacomitinib+Anlotinib,ANLOTINIB
NCT05704634,Cemiplimab,CEMIPLIMAB
NCT05704634,Kevzara (Sarilumab),SARILUMAB
NCT07264647,Tislelizumab,TISLELIZUMAB
NCT03410043,Osimertinib,OSIMERTINIB
NCT07464366,Pucotenlimab,PUCOTENLIMAB
NCT05625594,Cyclophosphamide,CYCLOPHOSPHAMIDE
NCT05625594,Fludarabine,FLUDARABINE
NCT06300424,Carboplatin,CARBOPLATIN
NCT06300424,Nab paclitaxel,NAB-PACLITAXEL
NCT05104788,Icotinib,ICOTINIB
NCT05104788,Cisplatin,CISPLATIN
NCT05104788,Carboplatin,CARBOPLATIN
NCT06771596,Nimotuzumab Injection,NIMOTUZUMAB
NCT07505173,Hippocampus-Protective Radiotherapy Combined With Osimertinib for Symptomatic Brain Metastases in EGFR-classic Mutated Lung Cancer,OSIMERTINIB
NCT06973096,Rituximab or Rituximab biosimilar,RITUXIMAB
NCT06973096,Fludarabine + Cyclophosphamide combination,FLUDARABINE
NCT06973096,Fludarabine + Cyclophosphamide combination,CYCLOPHOSPHAMIDE
NCT06517212,Tirzepatide,TIRZEPATIDE
NCT06293677,Dosage Adjustment Rules for Augmented Renal Clearance (DAR-ARC) for piperacillin-tazobactam and meropenem,TAZOBACTAM
NCT06984588,Toripalimab,TORIPALIMAB
NCT06984588,Pembrolizumab,PEMBROLIZUMAB
NCT06382948,Everolimus,EVEROLIMUS
NCT06382948,Elacestrant,ELACESTRANT
NCT06382948,Auxiliary Medicinal Product - Dexamethasone,DEXAMETHASONE
NCT02465060,Adavosertib,ADAVOSERTIB
NCT02465060,Afatinib,AFATINIB
NCT02465060,Afatinib Dimaleate,AFATINIB DIMALEATE
NCT02465060,Binimetinib,BINIMETINIB
NCT02465060,Capivasertib,CAPIVASERTIB
NCT02465060,Copanlisib,COPANLISIB
NCT02465060,Copanlisib Hydrochloride,COPANLISIB HYDROCHLORIDE
NCT02465060,Crizotinib,CRIZOTINIB
NCT02465060,Dabrafenib,DABRAFENIB
NCT02465060,Dasatinib,DASATINIB
NCT02465060,Defactinib,DEFACTINIB
NCT02465060,Erdafitinib,ERDAFITINIB
NCT02465060,Fexagratinib,FEXAGRATINIB
NCT02465060,Ipatasertib,IPATASERTIB
NCT02465060,Larotrectinib,LAROTRECTINIB
NCT02465060,Larotrectinib Sulfate,LAROTRECTINIB SULFATE
NCT02465060,Nivolumab,NIVOLUMAB
NCT02465060,Osimertinib,OSIMERTINIB
NCT02465060,Palbociclib,PALBOCICLIB
NCT02465060,PI3K-beta Inhibitor GSK2636771,GSK-2636771
NCT02465060,Relatlimab,RELATLIMAB
NCT02465060,Sapanisertib,SAPANISERTIB
NCT02465060,Sunitinib Malate,SUNITINIB
NCT02465060,Taselisib,TASELISIB
NCT02465060,Trametinib,TRAMETINIB
NCT02465060,Trastuzumab,TRASTUZUMAB
NCT02465060,Ulixertinib,ULIXERTINIB
NCT02465060,Vismodegib,VISMODEGIB
NCT06627647,Rilvegostomig,RILVEGOSTOMIG
NCT06627647,Pembrolizumab,PEMBROLIZUMAB
NCT06627647,Carboplatin,CARBOPLATIN
NCT06627647,Cisplatin,CISPLATIN
NCT07392658,Amivantamab,AMIVANTAMAB
NCT07318805,Fulvestrant,FULVESTRANT
NCT07318805,Cetuximab,CETUXIMAB
NCT07318805,Fluorouracil,FLUOROURACIL
NCT07318805,Oxaliplatin,OXALIPLATIN
NCT05717790,Nimotuzumab,NIMOTUZUMAB
NCT05717790,Gemcitabine,GEMCITABINE
NCT05717790,Cisplatin,CISPLATIN
NCT03820141,Durvalumab,DURVALUMAB
NCT03820141,Trastuzumab,TRASTUZUMAB
NCT06926413,Aumolertinib；midazolam,AUMOLERTINIB
NCT06926413,Aumolertinib；midazolam,MIDAZOLAM HYDROCHLORIDE
NCT05432518,Afatinib,AFATINIB
NCT05432518,Dasatinib,DASATINIB
NCT05432518,Palbociclib,PALBOCICLIB
NCT05432518,Everolimus,EVEROLIMUS
NCT05432518,Olaparib,OLAPARIB
NCT06383884,Patritumab Deruxtecan,PATRITUMAB DERUXTECAN
NCT07498478,Tinengotinib at the optimal dose combined with Fulvestrant,TINENGOTINIB
NCT07498478,Tinengotinib at the optimal dose combined with Fulvestrant,FULVESTRANT
NCT06105632,Fulvestrant,FULVESTRANT
NCT06105632,Everolimus,EVEROLIMUS
NCT06105632,Exemestane,EXEMESTANE
NCT04619004,Patritumab Deruxtecan (Fixed dose),PATRITUMAB
NCT06483555,Gemcitabine,GEMCITABINE
NCT06483555,Nab paclitaxel,NAB-PACLITAXEL
NCT06483555,Erlotinib,ERLOTINIB
NCT03178552,Alectinib,ALECTINIB
NCT03178552,Atezolizumab,ATEZOLIZUMAB
NCT03178552,Cisplatin,CISPLATIN
NCT03178552,Carboplatin,CARBOPLATIN
NCT03178552,Gemcitabine,GEMCITABINE
NCT03178552,Entrectinib,ENTRECTINIB
NCT03178552,Cobimetinib,COBIMETINIB
NCT03178552,Vemurafenib,VEMURAFENIB
NCT03178552,Divarasib,DIVARASIB
NCT06495164,Palbociclib,PALBOCICLIB
NCT06495164,Aromatase inhibitor,AROMATASE INHIBITOR
NCT06495164,Ribociclib,RIBOCICLIB
NCT06495164,Abemaciclib,ABEMACICLIB
NCT03787992,Gefitinib 250 mg,GEFITINIB
NCT04459065,IRDye800CW-nimotuzumab,NIMOTUZUMAB
NCT07060807,Patritumab deruxtecan,PATRITUMAB DERUXTECAN
NCT07060807,Paclitaxel,PACLITAXEL
NCT07060807,Nab-paclitaxel,NAB-PACLITAXEL
NCT07060807,Capecitabine,CAPECITABINE
NCT07060807,Liposomal doxorubicin,DOXORUBICIN HYDROCHLORIDE
NCT07060807,Trastuzumab deruxtecan,TRASTUZUMAB DERUXTECAN
NCT06047379,Ipilimumab,IPILIMUMAB
NCT06047379,Pembrolizumab,PEMBROLIZUMAB
NCT06047379,Nivolumab,NIVOLUMAB
NCT06047379,Regorafenib,REGORAFENIB
NCT06047379,Carboplatin,CARBOPLATIN
NCT06047379,Paclitaxel,PACLITAXEL
NCT06671379,platinum-based dual-agent chemotherapy,PLATINUM
NCT05020769,Osimertinib,OSIMERTINIB
NCT02315196,pegylated liposomal doxorubicin hydrochloride,DOXORUBICIN HYDROCHLORIDE
NCT02315196,epirubicin hydrochloride,EPIRUBICIN HYDROCHLORIDE
NCT02315196,carboplatin,CARBOPLATIN
NCT02315196,paclitaxel,PACLITAXEL
NCT04721977,Tucatinib,TUCATINIB
NCT04721977,Trastuzumab,TRASTUZUMAB
NCT04721977,Capecitabine,CAPECITABINE
NCT04415853,Irinotecan/Tegafur,IRINOTECAN HYDROCHLORIDE
NCT06361940,Aromatase inhibitors or tamoxifen,TAMOXIFEN
NCT07037680,Anlotinib,ANLOTINIB
NCT07288359,Fulvestrant,FULVESTRANT
NCT07288359,Letrozole,LETROZOLE
NCT06568939,Telisotuzumab Vedotin,TELISOTUZUMAB VEDOTIN
NCT03521154,Osimertinib 80mg/40mg,OSIMERTINIB
NCT01708954,Cabozantinib S-malate,CABOZANTINIB S-MALATE
NCT01708954,Erlotinib Hydrochloride,ERLOTINIB HYDROCHLORIDE
NCT06643416,Timolol 0.5% eye drops and betamethasone valerate 0.1% cream,TIMOLOL
NCT06643416,Timolol 0.5% eye drops and betamethasone valerate 0.1% cream,BETAMETHASONE
NCT04923906,Aumolertinib,AUMOLERTINIB
NCT04001777,Osimertinib Mesylate Tablets,OSIMERTINIB
NCT07003074,Docetaxel combined + Trastuzumab +Pertuzumab,TRASTUZUMAB
NCT01937117,Trastuzumab,TRASTUZUMAB
NCT02107703,Abemaciclib,ABEMACICLIB
NCT02107703,Fulvestrant,FULVESTRANT
NCT03040973,Capmatinib,CAPMATINIB
NCT03040973,Nazartinib,NAZARTINIB
NCT03040973,Gefitinib,GEFITINIB
NCT03040973,Osimertinib,OSIMERTINIB
NCT05586061,Tislelizumab,TISLELIZUMAB
NCT05117931,Amivantamab,AMIVANTAMAB
NCT04695925,Osimertinib,OSIMERTINIB
NCT04695925,Carboplatin,CARBOPLATIN
NCT01947023,Dabrafenib,DABRAFENIB
NCT01947023,Lapatinib,LAPATINIB
NCT05323955,Trastuzumab,TRASTUZUMAB
NCT05323955,Tucatinib,TUCATINIB
NCT07524452,Neoadjuvant and Adjuvant Becotatug Vedotin,ADJUVANT
NCT07524452,Adjuvant Cisplatin,CISPLATIN
NCT06355609,sunvozertinib in combination with Anlotinib,SUNVOZERTINIB
NCT06355609,sunvozertinib in combination with Anlotinib,ANLOTINIB
NCT06340568,Doxorubicin,DOXORUBICIN HYDROCHLORIDE
NCT06340568,Paclitaxel,PACLITAXEL
NCT04487080,Amivantamab,AMIVANTAMAB
NCT04487080,Osimertinib,OSIMERTINIB
NCT04487080,Lazertinib,LAZERTINIB
NCT06749886,Denosumab,DENOSUMAB
NCT06749886,tislelizumab,TISLELIZUMAB
NCT05536505,Adjuvant treatment for MRD positivity,ADJUVANT
NCT04410796,Osimertinib,OSIMERTINIB
NCT04410796,Carboplatin,CARBOPLATIN
NCT06542588,HLX07(anti EGFR antibody) and Serplulimab(anti PD-1 antibody),SERPLULIMAB
NCT05782361,Tepotinib,TEPOTINIB
NCT05782361,Pembrolizumab,PEMBROLIZUMAB
NCT05312398,Cetuximab,CETUXIMAB
NCT05312398,Irinotecan,IRINOTECAN HYDROCHLORIDE
NCT06440902,Cetuximab,CETUXIMAB
NCT06790693,Inavolisib,INAVOLISIB
NCT06790693,Letrozole,LETROZOLE
NCT02159495,cyclophosphamide,CYCLOPHOSPHAMIDE
NCT02159495,Fludarabine Phosphate,FLUDARABINE
NCT03586453,Osimertinib,OSIMERTINIB
NCT03974022,Sunvozertinib,SUNVOZERTINIB
NCT07005336,Sintilimab,SINTILIMAB
NCT07005336,Gemcitabine,GEMCITABINE
NCT07005336,Cisplatin Or Carboplatin,CISPLATIN
NCT07005336,Cisplatin Or Carboplatin,CARBOPLATIN
NCT07347600,Inavolisib,INAVOLISIB
NCT07347600,Palbociclib,PALBOCICLIB
NCT07347600,Fulvestrant,FULVESTRANT
NCT06257264,Fulvestrant,FULVESTRANT
NCT06947811,Palbociclib,PALBOCICLIB
NCT04626635,Cemiplimab,CEMIPLIMAB
NCT04626635,Platinum-based doublet chemotherapy,PLATINUM
NCT04626635,Trifluridine-tipiracil,TRIFLURIDINE
NCT04626635,Trifluridine-tipiracil,TIPIRACIL HYDROCHLORIDE
NCT04015778,Nivolumab,NIVOLUMAB
NCT04015778,carboplatin,CARBOPLATIN
NCT04015778,nab-paclitaxel,NAB-PACLITAXEL
NCT04015778,Chemotherapy (Cisplatin),CISPLATIN
NCT04981509,Atezolizumab,ATEZOLIZUMAB
NCT04981509,Erlotinib,ERLOTINIB
NCT07111520,Pembrolizumab,PEMBROLIZUMAB
NCT04686305,Durvalumab,DURVALUMAB
NCT04686305,Cisplatin,CISPLATIN
NCT04686305,Carboplatin,CARBOPLATIN
NCT04686305,Rilvegostomig,RILVEGOSTOMIG
NCT05212454,Capecitabine,CAPECITABINE
NCT06178445,SOC plus trastuzumab and pembrolizumab,TRASTUZUMAB
NCT06178445,SOC plus trastuzumab and pembrolizumab,PEMBROLIZUMAB
NCT06960395,Pembrolizumab,PEMBROLIZUMAB
NCT02491099,Afatinib,AFATINIB
NCT06391944,Osimertinib tablet,OSIMERTINIB
NCT06883630,RC148 plus Carboplatin and Paclitaxel/pemetrexed,CARBOPLATIN
NCT06883630,RC148 plus Carboplatin and Paclitaxel/pemetrexed,PACLITAXEL
NCT06802835,"Gemcitabine, Cisplatin",GEMCITABINE
NCT06802835,"Gemcitabine, Cisplatin",CISPLATIN
NCT06486142,Afatinib/Dacomitinib,AFATINIB
NCT06486142,Afatinib/Dacomitinib,DACOMITINIB
NCT06486142,Osimertinib,OSIMERTINIB
NCT07180082,Pyrotinib,PYROTINIB
NCT03567642,Osimertinib,OSIMERTINIB
NCT03567642,Platinum,PLATINUM
NCT03567642,Etoposide,ETOPOSIDE
NCT06269211,Toripalimab,TORIPALIMAB
NCT00999804,Lapatinib,LAPATINIB
NCT00999804,Letrozole,LETROZOLE
NCT00999804,Trastuzumab,TRASTUZUMAB
NCT06417814,Osimertinib,OSIMERTINIB
NCT06417814,Carboplatin,CARBOPLATIN
NCT06417814,Cisplatin,CISPLATIN
NCT04539496,XZP-3287;Letrozole;Anastrozole;Fulvestrant,LETROZOLE
NCT04539496,XZP-3287;Letrozole;Anastrozole;Fulvestrant,ANASTROZOLE
NCT04539496,XZP-3287;Letrozole;Anastrozole;Fulvestrant,FULVESTRANT
NCT07182682,sunvozertinib,SUNVOZERTINIB
NCT05258279,Pembrolizumab,PEMBROLIZUMAB
NCT05258279,Lenvatinib,LENVATINIB
NCT05258279,Carboplatin,CARBOPLATIN
NCT05078931,Pembrolizumab,PEMBROLIZUMAB
NCT05078931,Lenvatinib,LENVATINIB
NCT05546866,Osimertinib,OSIMERTINIB
NCT06905197,Sunvozertinib,SUNVOZERTINIB
NCT05533697,Pembrolizumab,PEMBROLIZUMAB
NCT05533697,Ipilimumab,IPILIMUMAB
NCT05533697,Nivolumab,NIVOLUMAB
NCT05120349,Osimertinib,OSIMERTINIB
NCT04325425,Cisplatin injection,CISPLATIN
NCT05007938,Icotinib,ICOTINIB
NCT05007938,Befotertinib,BEFOTERTINIB
NCT05748834,Tucatinib,TUCATINIB
NCT07128199,Cisplatin,CISPLATIN
NCT07128199,Carboplatin,CARBOPLATIN
NCT02221999,Paclitaxel,PACLITAXEL
NCT02221999,Cisplatin,CISPLATIN
NCT02221999,Letrozole,LETROZOLE
NCT03710421,Cyclophosphamide,CYCLOPHOSPHAMIDE
NCT03710421,Fludarabine,FLUDARABINE
NCT06770452,Nimotuzumab,NIMOTUZUMAB
NCT06770452,gemcitabine + nab-paclitaxel,GEMCITABINE
NCT06770452,gemcitabine + nab-paclitaxel,PACLITAXEL
NCT05668988,sunvozertinib,SUNVOZERTINIB
NCT05668988,Pemetrexed+carboplatin,CARBOPLATIN
NCT05563220,Elacestrant,ELACESTRANT
NCT05563220,Alpelisib,ALPELISIB
NCT05563220,Everolimus,EVEROLIMUS
NCT05563220,Ribociclib,RIBOCICLIB
NCT05563220,Palbociclib,PALBOCICLIB
NCT05563220,Capivasertib,CAPIVASERTIB
NCT05563220,Abemaciclib,ABEMACICLIB
NCT06745882,Cisplatin,CISPLATIN
NCT06745882,Carboplatin,CARBOPLATIN
NCT06745882,Pembrolizumab,PEMBROLIZUMAB
NCT06745882,Paclitaxel,PACLITAXEL
NCT06992739,Trilaciclib and Sacituzumab Tirumotecan,TRILACICLIB
NCT07065435,Pyrotinib,PYROTINIB
NCT04872985,Pyrotinib,PYROTINIB
NCT04872985,Epirubicin,EPIRUBICIN
NCT04872985,Doxorubicin Hydrochloride Liposome Injection,DOXORUBICIN HYDROCHLORIDE
NCT04872985,Cyclophosphamide,CYCLOPHOSPHAMIDE
NCT04872985,Nab paclitaxel,NAB-PACLITAXEL
NCT01723774,Anastrozole,ANASTROZOLE
NCT06362980,Osimertinib,OSIMERTINIB
NCT07222215,Capecitabine,CAPECITABINE
NCT07222215,Elacestrant,ELACESTRANT
NCT06934889,Temozolomide,TEMOZOLOMIDE
NCT02734290,Pembrolizumab,PEMBROLIZUMAB
NCT02734290,Paclitaxel,PACLITAXEL
NCT02734290,Capecitabine,CAPECITABINE
NCT05029882,Trifluridine/Tipiracil,TRIFLURIDINE
NCT05029882,Trifluridine/Tipiracil,TIPIRACIL HYDROCHLORIDE
NCT07077616,"Biological: personalized vaccine Based on genetic and transcriptional sequencing information, personalized peptide vaccines would be designed and produced;",VACCINE
NCT07154290,Sarilumab,SARILUMAB
NCT07084610,"Nivolumab 3 mg/kg + platinum-based chemotherapy (2 cycles, neoadjuvant)",NIVOLUMAB
NCT07084610,"Nivolumab 3 mg/kg + platinum-based chemotherapy (2 cycles, neoadjuvant)",PLATINUM
NCT06722911,Nimotuzumab,NIMOTUZUMAB
NCT06722911,AG,AG+
NCT02779751,Abemaciclib,ABEMACICLIB
NCT02779751,Pembrolizumab,PEMBROLIZUMAB
NCT02779751,Anastrozole,ANASTROZOLE
NCT04013542,Ipilimumab,IPILIMUMAB
NCT04013542,Nivolumab,NIVOLUMAB
NCT04538664,Amivantamab,AMIVANTAMAB
NCT04538664,Carboplatin,CARBOPLATIN
NCT05382364,Tucatinib,TUCATINIB
NCT04398914,Pyrotinib,PYROTINIB
NCT04398914,Trastuzumab,TRASTUZUMAB
NCT04398914,Nab-paclitaxel,NAB-PACLITAXEL
NCT04398914,T-DM1,T-DM1
NCT07431281,Rilvegostomig,RILVEGOSTOMIG
NCT07431281,Nivolumab,NIVOLUMAB
NCT07431281,Capecitabine,CAPECITABINE
NCT07431281,5-Fluorouracil,FLUOROURACIL
NCT07431281,Oxaliplatin,OXALIPLATIN
NCT07431281,Zolbetuximab,ZOLBETUXIMAB
NCT05126719,Capecitabine tablets,CAPECITABINE
NCT07058519,Osimertinib-based adaptive treatment,OSIMERTINIB
NCT06410651,Nimotuzumab with chemoradiotherapy,NIMOTUZUMAB
NCT01468896,Cetuximab,CETUXIMAB
NCT03424005,Capecitabine,CAPECITABINE
NCT03424005,Atezolizumab,ATEZOLIZUMAB
NCT03424005,Ipatasertib,IPATASERTIB
NCT03424005,Chemotherapy (Gemcitabine + Carboplatin or Eribulin),GEMCITABINE
NCT03424005,Chemotherapy (Gemcitabine + Carboplatin or Eribulin),CARBOPLATIN
NCT03424005,Selicrelumab,SELICRELUMAB
NCT03424005,Tocilizumab,TOCILIZUMAB
NCT03424005,Nab-Paclitaxel,NAB-PACLITAXEL
NCT03424005,Sacituzumab Govitecan,SACITUZUMAB GOVITECAN
NCT03424005,Abemaciclib,ABEMACICLIB
NCT03424005,Fulvestrant,FULVESTRANT
NCT03424005,Ribociclib (Dose #1),RIBOCICLIB
NCT03424005,Inavolisib (Dose #1),INAVOLISIB
NCT03424005,Trastuzumab Deruxtecan,TRASTUZUMAB DERUXTECAN
NCT03424005,Letrozole,LETROZOLE
NCT03424005,Empagliflozin,EMPAGLIFLOZIN
NCT03424005,Palbociclib,PALBOCICLIB
NCT03424005,Metformin,METFORMIN
NCT04035486,Osimertinib,OSIMERTINIB
NCT04035486,Pemetrexed/Carboplatin,CARBOPLATIN
NCT04035486,Pemetrexed/Cisplatin,CISPLATIN
NCT04225117,enfortumab vedotin,ENFORTUMAB VEDOTIN
NCT04225117,pembrolizumab,PEMBROLIZUMAB
NCT01785420,Trastuzumab,TRASTUZUMAB
NCT04802876,Spartalizumab,SPARTALIZUMAB
NCT04802876,Tislelizumab,TISLELIZUMAB
NCT05456256,Carboplatin,CARBOPLATIN
NCT02503722,Osimertinib,OSIMERTINIB
NCT02503722,Sapanisertib,SAPANISERTIB
NCT06902545,zolbetuximab,ZOLBETUXIMAB
NCT06429839,Nimotuzumab with chemoradiotherapy,NIMOTUZUMAB
NCT06781281,Serplulimab,SERPLULIMAB
NCT05786430,Lazertinib/Pemetrexed/Carboplatin,LAZERTINIB
NCT05786430,Lazertinib/Pemetrexed/Carboplatin,CARBOPLATIN
NCT06469944,Pembrolizumab,PEMBROLIZUMAB
NCT06469944,Capecitabine,CAPECITABINE
NCT06469944,Levoleucovorin,LEVOLEUCOVORIN
NCT06469944,5-Fluorouracil (5-FU),FLUOROURACIL
NCT06469944,Oxaliplatin,OXALIPLATIN
NCT06469944,Patritumab Deruxtecan,PATRITUMAB DERUXTECAN
NCT06987734,Neoadjuvant Sugemalimab + Chemotherapy Followed by Adjuvant Sugemalimab,SUGEMALIMAB
NCT06987734,Neoadjuvant Sugemalimab + Chemotherapy Followed by Adjuvant Sugemalimab,ADJUVANT
NCT04895358,pembrolizumab,PEMBROLIZUMAB
NCT04895358,paclitaxel,PACLITAXEL
NCT04895358,nab-paclitaxel,NAB-PACLITAXEL
NCT04895358,liposomal doxorubicin,DOXORUBICIN HYDROCHLORIDE
NCT04895358,capecitabine,CAPECITABINE
NCT04895358,normal saline,NORMAL SALINE
NCT07185997,Firmonertinib,FIRMONERTINIB
NCT05852990,Glutamine plus L. reuteri,GLUTAMINE
NCT03587740,T-DM1,T-DM1
NCT07379476,Osimertinib alone,OSIMERTINIB
NCT06959108,Pucotenlimab,PUCOTENLIMAB
NCT05983107,Everolimus,EVEROLIMUS
NCT05983107,Chidamide,CHIDAMIDE
NCT06382116,Pemetrexed+Cisplatin or Carboplatin,CISPLATIN
NCT06382116,Pemetrexed+Cisplatin or Carboplatin,CARBOPLATIN
NCT06982521,RLY-2608,RLY-2608
NCT06982521,Capivasertib,CAPIVASERTIB
NCT06982521,Fulvestrant,FULVESTRANT
NCT05296798,Giredestrant,GIREDESTRANT
NCT05296798,Paclitaxel,PACLITAXEL
NCT03701334,Ribociclib,RIBOCICLIB
NCT06660511,Disitamab Vedotin in Combination With Anlotinib Hydrochloride,ANLOTINIB
NCT04235114,50 mg 89Zr-DFO-Nimotuzumab,NIMOTUZUMAB
NCT04776655,Cetuximab,CETUXIMAB
NCT04776655,Irinotecan,IRINOTECAN HYDROCHLORIDE
NCT04776655,Calcium levofolinate,CALCIUM PHOSPHATE
NCT06195189,Sunvozertinib,SUNVOZERTINIB
NCT06926868,Nab-paclitaxel,NAB-PACLITAXEL
NCT06926868,Paclitaxel,PACLITAXEL
NCT06926868,Capecitabine,CAPECITABINE
NCT06926868,Carboplatin,CARBOPLATIN
NCT06926868,Gemcitabine,GEMCITABINE
NCT05845450,Trastuzumab deruxtecan,TRASTUZUMAB DERUXTECAN
NCT05845450,Durvalumab,DURVALUMAB
NCT05845450,Panitumumab,PANITUMUMAB
NCT05845450,Balstilimab,BALSTILIMAB
NCT05845450,Sotorasib,SOTORASIB
NCT05845450,Nivolumab,NIVOLUMAB
NCT05845450,Amivantamab,AMIVANTAMAB
NCT06863506,befotertinib,BEFOTERTINIB
NCT05525858,Alectinib,ALECTINIB
NCT05525858,Atezolizumab,ATEZOLIZUMAB
NCT05525858,Erlotinib,ERLOTINIB
NCT05525858,Trastuzumab + Pertuzumab,TRASTUZUMAB
NCT05525858,Vemurafenib,VEMURAFENIB
NCT05525858,Entrectinib,ENTRECTINIB
NCT05525858,Pralsetinib,PRALSETINIB
NCT06116682,Amivantamab,AMIVANTAMAB
NCT06735391,Osimertinib,OSIMERTINIB
NCT03003962,Durvalumab (MEDI4736),DURVALUMAB
NCT03003962,Paclitaxel + carboplatin,PACLITAXEL
NCT03003962,Paclitaxel + carboplatin,CARBOPLATIN
NCT03003962,Gemcitabine + cisplatin,GEMCITABINE
NCT03003962,Gemcitabine + cisplatin,CISPLATIN
NCT05319574,Tislelizumab,TISLELIZUMAB
NCT05528458,Osimertinib 80Mg Tab,OSIMERTINIB
NCT04585958,Olaparib,OLAPARIB
NCT04585958,Trastuzumab Deruxtecan,TRASTUZUMAB DERUXTECAN
NCT06120140,Amivantamab IV,AMIVANTAMAB
NCT06120140,Lazertinib,LAZERTINIB
NCT06120140,Minocycline,MINOCYCLINE
NCT06120140,Clindamycin,CLINDAMYCIN
NCT06120140,Chlorhexidine,CHLORHEXIDINE HYDROCHLORIDE
NCT06120140,Ruxolitinib,RUXOLITINIB
NCT06120140,Zinc gluconate,ZINC
NCT06120140,Propranolol,PROPRANOLOL HYDROCHLORIDE
NCT06120140,Timolol,TIMOLOL
NCT06120140,Clobetasol,CLOBETASOL
NCT06693024,neratinib,NERATINIB
NCT04429542,Pembrolizumab,PEMBROLIZUMAB
NCT04151342,Cancer treatment with tyrosine kinase inhibitors (TKIs) or other molecularly targeted therapeutic agents.,TYROSINE
NCT03418961,Carvedilol,CARVEDILOL
NCT06350097,Osimertinib,OSIMERTINIB
NCT06350097,Datopotamab Deruxtecan,DATOPOTAMAB DERUXTECAN
NCT04322890,Osimertinib,OSIMERTINIB
NCT04322890,Alectinib 150 MG,ALECTINIB HYDROCHLORIDE
NCT04322890,Crizotinib 250 MG,CRIZOTINIB
NCT04322890,"Savolitinib, Crizotinib.",SAVOLITINIB
NCT06369259,Defactinib,DEFACTINIB
NCT06369259,Cetuximab,CETUXIMAB
NCT06369259,Avutometinib,AVUTOMETINIB
NCT06604689,third-generation EGFR TKIs (Almonertinib/Furmonertinib/Osimertinib),OSIMERTINIB
NCT06864624,Sunvozertinib,SUNVOZERTINIB
NCT03997370,Carboplatin,CARBOPLATIN
NCT03997370,Iohexol,IOHEXOL
NCT05041127,Cetuximab,CETUXIMAB
NCT05894889,Pembrolizumab 200 mg IV infusion,PEMBROLIZUMAB
NCT07396324,Paclitaxel,PACLITAXEL
NCT07396324,Carboplatin,CARBOPLATIN
NCT07049055,Gemcitabine,GEMCITABINE
NCT07049055,Nab paclitaxel.,NAB-PACLITAXEL
NCT05166616,Osimertinib,OSIMERTINIB
NCT05166616,Triptolide Analog,TRIPTOLIDE
NCT05646862,Inavolisib,INAVOLISIB
NCT05646862,Fulvestrant,FULVESTRANT
NCT05646862,Alpelisib,ALPELISIB
NCT05646862,Bupropion,BUPROPION HYDROCHLORIDE
NCT05646862,Omeprazole,OMEPRAZOLE
NCT05646862,Midazolam,MIDAZOLAM HYDROCHLORIDE
NCT04248829,Lazertinib 240 mg/160 mg,LAZERTINIB
NCT04248829,Gefitinib 250 mg,GEFITINIB
NCT05601973,Amivantamab,AMIVANTAMAB
NCT05601973,Lazertinib,LAZERTINIB
NCT05663866,Dexamethasone,DEXAMETHASONE
NCT05663866,Methotrexate,METHOTREXATE
NCT05663866,Amivantamab,AMIVANTAMAB
NCT05663866,Lazertinib,LAZERTINIB
NCT02513394,Palbociclib,PALBOCICLIB
NCT02513394,Standard Adjuvant Endocrine Therapy,ADJUVANT
NCT05286437,Oral Lenvatinib + Intravenous (IV) Pembrolizumab + Oral Letrozole,LENVATINIB
NCT05286437,Oral Lenvatinib + Intravenous (IV) Pembrolizumab + Oral Letrozole,PEMBROLIZUMAB
NCT05286437,Oral Lenvatinib + Intravenous (IV) Pembrolizumab + Oral Letrozole,LETROZOLE
NCT05262400,PF-07104091 + PF-07220060 + fulvestrant dose expansion,FULVESTRANT
NCT05262400,PF-07104091 + PF-07220060 + letrozole dose expansion,LETROZOLE
NCT07448116,Ensartinib,ENSARTINIB
NCT04620239,padeliporfin VTP,PADELIPORFIN
NCT05901428,Carboplatin,CARBOPLATIN
NCT05901428,Epirubicin,EPIRUBICIN
NCT05901428,Cyclophosphamide,CYCLOPHOSPHAMIDE
NCT04862663,Capivasertib,CAPIVASERTIB
NCT04862663,Fulvestrant,FULVESTRANT
NCT04862663,Palbociclib,PALBOCICLIB
NCT04862663,Ribociclib,RIBOCICLIB
NCT04862663,Abemaciclib,ABEMACICLIB
NCT06756932,Fulvestrant,FULVESTRANT
NCT02861898,Intra-arterial Cetuximab,CETUXIMAB
NCT02861898,Intra-arterial Mannitol,MANNITOL
NCT04143607,Gefitinib,GEFITINIB
NCT01273610,Lapatinib,LAPATINIB
NCT01273610,Trastuzumab,TRASTUZUMAB
NCT06282575,Zanidatamab,ZANIDATAMAB
NCT06282575,Cisplatin,CISPLATIN
NCT06282575,Gemcitabine,GEMCITABINE
NCT06282575,Pembrolizumab,PEMBROLIZUMAB
NCT06282575,Durvalumab,DURVALUMAB
NCT07063212,Sacituzumab Govitecan,SACITUZUMAB GOVITECAN
NCT07063212,Cetuximab,CETUXIMAB
NCT04920708,Ipatasertib 300mg,IPATASERTIB
NCT04920708,Fulvestrant 500g,FULVESTRANT
NCT04920708,Palbociclib 75mg-125mg,PALBOCICLIB
NCT07043725,Trastuzumab injection and Pertuzumab Injection and Docetaxel Injection and Carboplatin Injection,TRASTUZUMAB
NCT07043725,Trastuzumab injection and Pertuzumab Injection and Docetaxel Injection and Carboplatin Injection,CARBOPLATIN
NCT04077463,Lazertinib,LAZERTINIB
NCT04077463,Amivantamab,AMIVANTAMAB
NCT04077463,Carboplatin,CARBOPLATIN
NCT07070232,Itraconazole,ITRACONAZOLE
NCT07070232,Paroxetine,PAROXETINE HYDROCHLORIDE
NCT03529110,Trastuzumab deruxtecan (T-DXd),TRASTUZUMAB
NCT05089916,Osimertinib,OSIMERTINIB
NCT05687266,Datopotamab deruxtecan,DATOPOTAMAB DERUXTECAN
NCT05687266,Durvalumab,DURVALUMAB
NCT05687266,Carboplatin,CARBOPLATIN
NCT05687266,Pembrolizumab,PEMBROLIZUMAB
NCT05687266,Cisplatin,CISPLATIN
NCT05687266,Paclitaxel,PACLITAXEL
NCT06760637,letrozole,LETROZOLE
NCT06760637,abemaciclib,ABEMACICLIB
NCT06760637,palbociclib,PALBOCICLIB
NCT06760637,ribociclib,RIBOCICLIB
NCT06816992,ORIC-114 Dose 1 + amivantamab,AMIVANTAMAB
NCT07557004,SH3765+Fulvestrant,FULVESTRANT
NCT04553133,PF-07104091 + palbociclib + fulvestrant,PALBOCICLIB
NCT04553133,PF-07104091 + palbociclib + fulvestrant,FULVESTRANT
NCT04553133,PF-07104091 + palbociclib + letrozole,LETROZOLE
NCT05215548,Afatinib,AFATINIB
NCT04351555,Osimertinib,OSIMERTINIB
NCT04351555,Cisplatin,CISPLATIN
NCT04351555,Carboplatin,CARBOPLATIN
NCT05310643,Nivolumab,NIVOLUMAB
NCT05310643,Ipilimumab,IPILIMUMAB
NCT04141644,Ipilimumab,IPILIMUMAB
NCT04141644,Osimertinib,OSIMERTINIB
NCT03983993,Niraparib,NIRAPARIB
NCT03983993,Panitumumab,PANITUMUMAB
NCT07329322,Osimertinib,OSIMERTINIB
NCT06241456,Fludarabine,FLUDARABINE
NCT06241456,Cyclophosphamide,CYCLOPHOSPHAMIDE
NCT06241456,Bendamustine,BENDAMUSTINE
NCT06241456,Cisplatin,CISPLATIN
NCT06241456,Cetuximab,CETUXIMAB
NCT07492641,Letrozole,LETROZOLE
NCT07492641,Abemaciclib,ABEMACICLIB
NCT07492641,Palbociclib,PALBOCICLIB
NCT07492641,Ribociclib,RIBOCICLIB
NCT03168880,Paclitaxel + Carboplatin,PACLITAXEL
NCT03168880,Paclitaxel + Carboplatin,CARBOPLATIN
NCT05487391,Vinorelbine Tartrate,VINORELBINE TARTRATE
NCT05487391,Paclitaxel,PACLITAXEL
NCT05487391,Cisplatin,CISPLATIN
NCT05487391,Carboplatin,CARBOPLATIN
NCT07323641,Osimertinib,OSIMERTINIB
NCT07323641,Telisotuzumab Vedotin,TELISOTUZUMAB VEDOTIN
NCT05868226,Fam-Trastuzumab Deruxtecan-Nxki,FAM-TRASTUZUMAB DERUXTECAN-NXKI
NCT05868226,Zanidatamab,ZANIDATAMAB
NCT05868226,Tucatinib,TUCATINIB
NCT04485013,pembrolizumab,PEMBROLIZUMAB
NCT04485013,cetuximab,CETUXIMAB
NCT04223024,CCRT+Nimotuzumab,NIMOTUZUMAB
NCT06784791,Amivantamab Intravenous,AMIVANTAMAB
NCT06784791,Carboplatin/Pemetrexed,CARBOPLATIN
NCT06369285,Alisertib,ALISERTIB
NCT05015608,Savolitinib + Osimertinib,SAVOLITINIB
NCT05015608,Savolitinib + Osimertinib,OSIMERTINIB
NCT05015608,Pemetrexed + Cisplatin /Carboplatin,CISPLATIN
NCT05015608,Pemetrexed + Cisplatin /Carboplatin,CARBOPLATIN
NCT05748093,Cobicistat,COBICISTAT
NCT07174336,Ribociclib,RIBOCICLIB
NCT07174336,Palbociclib,PALBOCICLIB
NCT07174336,Abemaciclib,ABEMACICLIB
NCT07174336,Anastrozole,ANASTROZOLE
NCT07174336,Letrozole,LETROZOLE
NCT07174336,Exemestane,EXEMESTANE
NCT07174336,Fulvestrant,FULVESTRANT
NCT06018337,Capecitabine,CAPECITABINE
NCT06018337,Paclitaxel,PACLITAXEL
NCT06018337,Nab-paclitaxel,NAB-PACLITAXEL
NCT07062965,Fulvestrant,FULVESTRANT
NCT07062965,Everolimus,EVEROLIMUS
NCT07062965,Exemestane,EXEMESTANE
NCT02763566,Abemaciclib,ABEMACICLIB
NCT02763566,Anastrozole,ANASTROZOLE
NCT02763566,Letrozole,LETROZOLE
NCT02763566,Fulvestrant,FULVESTRANT
NCT05841472,"Camrelizumab (SHR-1210), Pemetrexed, and Carboplatin",CAMRELIZUMAB
NCT05841472,"Camrelizumab (SHR-1210), Pemetrexed, and Carboplatin",CARBOPLATIN
NCT05642572,Capmatinib,CAPMATINIB
NCT05642572,Osimertinib,OSIMERTINIB
NCT05642572,Ramucirumab,RAMUCIRUMAB
NCT03611738,Ceritinib,CERITINIB
NCT05586100,Toripalimab+cetuximab,TORIPALIMAB
NCT05586100,Toripalimab+cetuximab,CETUXIMAB
NCT02128906,Cisplatin,CISPLATIN
NCT02128906,Cetuximab,CETUXIMAB
NCT04590664,Verteporfin,VERTEPORFIN
NCT07105592,Nimotuzumab+Adebrelimab+Chemotherapy,NIMOTUZUMAB
NCT05694936,Sodium Valproate,SODIUM VALPROATE
NCT05694936,Panitumumab,PANITUMUMAB
NCT05694936,Cetuximab,CETUXIMAB
NCT07395336,elacestrant and exemestane,ELACESTRANT
NCT07395336,elacestrant and exemestane,EXEMESTANE
NCT07551336,Cyclophosphamide,CYCLOPHOSPHAMIDE
NCT07551336,Fludarabine,FLUDARABINE
NCT06876714,Trastuzumab (Herceptin),TRASTUZUMAB
NCT05358249,trametinib,TRAMETINIB
NCT05358249,Ribociclib,RIBOCICLIB
NCT05358249,cetuximab,CETUXIMAB
NCT05281406,Osimertinib,OSIMERTINIB
NCT05281406,Cisplatin,CISPLATIN
NCT05281406,Carboplatin,CARBOPLATIN
NCT04504071,Dacomitinib,DACOMITINIB
NCT05898399,Olaparib,OLAPARIB
NCT00045201,Erlotinib Hydrochloride,ERLOTINIB HYDROCHLORIDE
NCT00045201,Irinotecan Hydrochloride,IRINOTECAN HYDROCHLORIDE
NCT07079475,Sunvozertinib,SUNVOZERTINIB
NCT07079475,Osimertinib,OSIMERTINIB
NCT07506109,Ipilimumab N01,IPILIMUMAB
NCT07506109,Sintilimab,SINTILIMAB
NCT07506109,Cetuximab,CETUXIMAB
NCT07506109,Dabrafenib,DABRAFENIB
NCT05607004,(Z)-endoxifen,ENDOXIFEN
NCT06843967,Mirdametinib,MIRDAMETINIB
NCT06843967,Palbociclib,PALBOCICLIB
NCT07491211,Osimertinib,OSIMERTINIB
NCT06734533,"Anlotinib+eribulin/nab-paclitaxel/etoposide/capecitabine/pembrolizumab/ sintilimab/ fulvestrant, etc",ANLOTINIB
NCT06734533,"Anlotinib+eribulin/nab-paclitaxel/etoposide/capecitabine/pembrolizumab/ sintilimab/ fulvestrant, etc",PACLITAXEL
NCT06734533,"Anlotinib+eribulin/nab-paclitaxel/etoposide/capecitabine/pembrolizumab/ sintilimab/ fulvestrant, etc",ETOPOSIDE
NCT06734533,"Anlotinib+eribulin/nab-paclitaxel/etoposide/capecitabine/pembrolizumab/ sintilimab/ fulvestrant, etc",CAPECITABINE
NCT06734533,"Anlotinib+eribulin/nab-paclitaxel/etoposide/capecitabine/pembrolizumab/ sintilimab/ fulvestrant, etc",PEMBROLIZUMAB
NCT06734533,"Anlotinib+eribulin/nab-paclitaxel/etoposide/capecitabine/pembrolizumab/ sintilimab/ fulvestrant, etc",SINTILIMAB
NCT06734533,"Anlotinib+eribulin/nab-paclitaxel/etoposide/capecitabine/pembrolizumab/ sintilimab/ fulvestrant, etc",FULVESTRANT
NCT07206498,Osimertinib (Tagrisso®),OSIMERTINIB
NCT07227233,"A CDK4/6 inhibitor different from the first that the participant had received, plus fulvestrant.",FULVESTRANT
NCT06383728,Osimertinib,OSIMERTINIB
NCT03122717,Gefitinib,GEFITINIB
NCT03122717,Osimertinib,OSIMERTINIB
NCT05401110,Osimertinib,OSIMERTINIB
NCT05401110,Carotuximab,CAROTUXIMAB
NCT06621563,HS-20117 combined Platinum-containing chemotherapy,PLATINUM
NCT05169567,Abemaciclib,ABEMACICLIB
NCT05169567,Fulvestrant,FULVESTRANT
NCT07535437,Osimertinib,OSIMERTINIB
NCT06102928,Combined therapy of anlotinib and aumolertinib,ANLOTINIB
NCT06102928,Combined therapy of anlotinib and aumolertinib,AUMOLERTINIB
NCT06976944,Pembrolizumab,PEMBROLIZUMAB
NCT06976944,Paclitaxel,PACLITAXEL
NCT03734029,Trastuzumab deruxtecan (DS-8201a),TRASTUZUMAB
NCT03734029,Capecitabine,CAPECITABINE
NCT03734029,Gemcitabine,GEMCITABINE
NCT03734029,Paclitaxel,PACLITAXEL
NCT03734029,Nab-paclitaxel,NAB-PACLITAXEL
NCT01750073,Cyclophosphamide,CYCLOPHOSPHAMIDE
NCT01750073,Doxorubicin Hydrochloride,DOXORUBICIN HYDROCHLORIDE
NCT01750073,Paclitaxel,PACLITAXEL
NCT01750073,Trastuzumab,TRASTUZUMAB
NCT04595266,LIVERPEARLS-Irinotecan,IRINOTECAN HYDROCHLORIDE
NCT07104266,Celecoxib (Celebrex),CELECOXIB
NCT02153580,Bendamustine Hydrochloride,BENDAMUSTINE HYDROCHLORIDE
NCT02153580,Cyclophosphamide,CYCLOPHOSPHAMIDE
NCT02153580,Etoposide,ETOPOSIDE
NCT02153580,Fludarabine Phosphate,FLUDARABINE
NCT02493582,Apatinib,APATINIB
NCT04780568,Osimertinib,OSIMERTINIB
NCT06554613,Olanzapine,OLANZAPINE
NCT06554613,Nivolumab,NIVOLUMAB
NCT06249854,Pembrolizumab,PEMBROLIZUMAB
NCT04909073,Afatinib,AFATINIB
NCT05985954,Cetuximab,CETUXIMAB
NCT05985954,Ulixertinib,ULIXERTINIB
NCT05985954,Encorafenib,ENCORAFENIB
NCT07054190,Inavolisib,INAVOLISIB
NCT07054190,Ribociclib,RIBOCICLIB
NCT07054190,Letrozole,LETROZOLE
NCT04961996,Giredestrant,GIREDESTRANT
NCT06202261,Paclitaxel for injection (albumin-bound),PACLITAXEL
NCT06202261,Fulvestrant injection,FULVESTRANT
NCT06202261,Capecitabine tablets,CAPECITABINE
NCT06202261,Vinorelbine tartrate injection,VINORELBINE TARTRATE
NCT06202261,gemcitabine hydrochloride for injection,GEMCITABINE
NCT07180160,Fulvestrant,FULVESTRANT
NCT05338970,Patritumab Deruxtecan,PATRITUMAB DERUXTECAN
NCT05338970,Platinum-based chemotherapy,PLATINUM
NCT06348927,sunvozertinib in combination with Anlotinib,SUNVOZERTINIB
NCT06348927,sunvozertinib in combination with Anlotinib,ANLOTINIB
NCT03392246,Osimertinib,OSIMERTINIB
NCT03392246,Selumetinib,SELUMETINIB
NCT02029001,Nilotinib (400 mg BID),NILOTINIB
NCT02029001,Everolimus (10 mg QD),EVEROLIMUS
NCT02029001,Sorafenib (400 mg BID),SORAFENIB
NCT02029001,Lapatinib (1500 mg QD),LAPATINIB
NCT02029001,Pazopanib (800 mg QD),PAZOPANIB
NCT02029001,Olaparib (300 mg BID),OLAPARIB
NCT02029001,Durvalumab + Tremelimumab,DURVALUMAB
NCT02029001,Durvalumab + Tremelimumab,TREMELIMUMAB
NCT04768426,Capecitabine,CAPECITABINE
NCT04633239,Abemaciclib,ABEMACICLIB
NCT04633239,Olaparib,OLAPARIB
NCT06533384,"As per the germline BRCA1/2 mutation status, the selection of either Fuzuloparib or capecitabine in combination with Camrelizumab is made for adjuvant therapy.",CAPECITABINE
NCT06533384,"As per the germline BRCA1/2 mutation status, the selection of either Fuzuloparib or capecitabine in combination with Camrelizumab is made for adjuvant therapy.",CAMRELIZUMAB
NCT06533384,"As per the germline BRCA1/2 mutation status, the selection of either Fuzuloparib or capecitabine in combination with Camrelizumab is made for adjuvant therapy.",ADJUVANT
NCT01434316,Dinaciclib,DINACICLIB
NCT01434316,Veliparib,VELIPARIB
NCT05358639,Olaparib tablet,OLAPARIB
NCT05358639,Navitoclax,NAVITOCLAX
NCT06377267,Olaparib,OLAPARIB
NCT07156253,SYN818 and Olaparib will be administered,OLAPARIB
NCT05568212,Durvalumab,DURVALUMAB
NCT05568212,Olaparib tablet,OLAPARIB
NCT05568212,Platinum doublet chemotherapy,PLATINUM
NCT05694715,Niraparib,NIRAPARIB
NCT05694715,Irinotecan,IRINOTECAN HYDROCHLORIDE
NCT03943173,Olaparib,OLAPARIB
NCT02393794,Romidepsin,ROMIDEPSIN
NCT02393794,Cisplatin,CISPLATIN
NCT02393794,Nivolumab,NIVOLUMAB
NCT07542002,"Irinotecan liposome, 5-fluorouracil/leucovorin, and oxaliplatin, with or without adadelimab.",IRINOTECAN HYDROCHLORIDE
NCT07542002,"Irinotecan liposome, 5-fluorouracil/leucovorin, and oxaliplatin, with or without adadelimab.",FLUOROURACIL
NCT07542002,"Irinotecan liposome, 5-fluorouracil/leucovorin, and oxaliplatin, with or without adadelimab.",OXALIPLATIN
NCT06033092,Tamoxifen 10 mg Tablet,TAMOXIFEN
NCT03786796,Olaparib,OLAPARIB
NCT04038502,Carboplatin,CARBOPLATIN
NCT04038502,Olaparib,OLAPARIB
NCT06488378,Axatilimab,AXATILIMAB
NCT06488378,Olaparib,OLAPARIB
NCT05806515,Carboplatin,CARBOPLATIN
NCT03967938,Olaparib Oral Capsule,OLAPARIB
NCT02571725,Olaparib,OLAPARIB
NCT02571725,Tremelimumab,TREMELIMUMAB
NCT02000089,Secretin,SECRETIN
NCT04890613,CX-5461,CX-5461
NCT03740893,Olaparib,OLAPARIB
NCT03740893,Durvalumab,DURVALUMAB
NCT03337087,Fluorouracil,FLUOROURACIL
NCT03337087,Irinotecan Sucrosofate,IRINOTECAN SUCROSOFATE
NCT03337087,Leucovorin Calcium,LEUCOVORIN CALCIUM
NCT03337087,Rucaparib,RUCAPARIB
NCT04858334,Olaparib,OLAPARIB
NCT06735326,Paclitaxel,PACLITAXEL
NCT06735326,Carboplatin,CARBOPLATIN
NCT03964532,Talazoparib,TALAZOPARIB
NCT03964532,Avelumab,AVELUMAB
NCT02693535,Palbociclib,PALBOCICLIB
NCT02693535,Sunitinib,SUNITINIB
NCT02693535,Temsirolimus,TEMSIROLIMUS
NCT02693535,Trastuzumab and Pertuzumab,TRASTUZUMAB
NCT02693535,Vemurafenib and Cobimetinib,VEMURAFENIB
NCT02693535,Vemurafenib and Cobimetinib,COBIMETINIB
NCT02693535,Regorafenib,REGORAFENIB
NCT02693535,Olaparib,OLAPARIB
NCT02693535,Nivolumab and Ipilimumab,NIVOLUMAB
NCT02693535,Nivolumab and Ipilimumab,IPILIMUMAB
NCT02693535,Abemaciclib,ABEMACICLIB
NCT02693535,Talazoparib,TALAZOPARIB
NCT02693535,Atezolizumab and Talazoparib,ATEZOLIZUMAB
NCT02693535,Tucatinib plus Trastuzumab Subcutaneous (SC),TUCATINIB
NCT02693535,Futibatinib,FUTIBATINIB
NCT02693535,Dabrafenib plus Trametinib,DABRAFENIB
NCT02693535,Dabrafenib plus Trametinib,TRAMETINIB
NCT06201234,Olaparib + Elacestrant,OLAPARIB
NCT06201234,Olaparib + Elacestrant,ELACESTRANT
NCT01874353,Olaparib 300mg tablets,OLAPARIB
NCT01638546,Temozolomide,TEMOZOLOMIDE
NCT01638546,Veliparib,VELIPARIB
NCT06115499,Nab paclitaxel,NAB-PACLITAXEL
NCT06115499,Gemcitabine,GEMCITABINE
NCT06115499,Cisplatin,CISPLATIN
NCT04892693,Talazoparib Oral Capsule,TALAZOPARIB
NCT01646034,"carboplatin, thiotepa, and cyclophosphamide",CARBOPLATIN
NCT01646034,"carboplatin, thiotepa, and cyclophosphamide",THIOTEPA
NCT01646034,"carboplatin, thiotepa, and cyclophosphamide",CYCLOPHOSPHAMIDE
NCT01646034,"chemotherapy (docetaxel, doxorubicin, cyclofosfamide, carboplatin, paclitaxel, gemcitabine)",DOXORUBICIN HYDROCHLORIDE
NCT01646034,"chemotherapy (docetaxel, doxorubicin, cyclofosfamide, carboplatin, paclitaxel, gemcitabine)",PACLITAXEL
NCT01646034,"chemotherapy (docetaxel, doxorubicin, cyclofosfamide, carboplatin, paclitaxel, gemcitabine)",GEMCITABINE
NCT05457257,olaparib,OLAPARIB
NCT05457257,enzalutamide,ENZALUTAMIDE
NCT05457257,abiraterone acetate,ABIRATERONE ACETATE
NCT05457257,Prednisone,PREDNISONE
NCT03990896,Talazoparib,TALAZOPARIB
NCT05327010,BET Bromodomain Inhibitor ZEN-3694,BET BROMODOMAIN INHIBITOR ZEN-3694
NCT05327010,Talazoparib,TALAZOPARIB
NCT06580314,Olaparib,OLAPARIB
NCT06212583,niraparib/abiraterone acetate,NIRAPARIB
NCT06212583,niraparib/abiraterone acetate,ACETATE
NCT03344965,Olaparib,OLAPARIB
NCT04548752,Olaparib,OLAPARIB
NCT04548752,Pembrolizumab,PEMBROLIZUMAB
NCT05078671,Olaparib,OLAPARIB
NCT05078671,Cobicistat,COBICISTAT
NCT03742895,Olaparib,OLAPARIB
NCT06022029,Cemiplimab,CEMIPLIMAB
NCT01905046,metformin hydrochloride,METFORMIN HYDROCHLORIDE
NCT05933265,Olaparib,OLAPARIB
NCT05933265,Nivolumab & Ipilimumab,NIVOLUMAB
NCT05933265,Nivolumab & Ipilimumab,IPILIMUMAB
NCT04439227,Adavosertib,ADAVOSERTIB
NCT02849496,Atezolizumab,ATEZOLIZUMAB
NCT02849496,Olaparib,OLAPARIB
NCT01898117,Carbo/cyclo + atezolizumab,ATEZOLIZUMAB
NCT01898117,Paclitaxel,PACLITAXEL
NCT00080756,therapeutic estradiol,ESTRADIOL PHOSPHATE
NCT00080756,deslorelin,DESLORELIN
NCT00080756,therapeutic testosterone,TESTOSTERONE
NCT02286687,Talazoparib,TALAZOPARIB
NCT05659914,olaparib+durvalumab,OLAPARIB
NCT05659914,olaparib+durvalumab,DURVALUMAB
NCT05033756,Pembrolizumab Injection [Keytruda],PEMBROLIZUMAB
NCT05033756,Olaparib Oral Tablet [Lynparza],OLAPARIB
NCT06324240,Ipilimumab,IPILIMUMAB
NCT06324240,Pembrolizumab,PEMBROLIZUMAB
NCT06324240,Vaccine Therapy,VACCINE
NCT02810743,ddAC-CP-Olaparib,OLAPARIB
NCT06279364,Paclitaxel,PACLITAXEL
NCT06279364,Nab-paclitaxel,NAB-PACLITAXEL
NCT06279364,Capecitabine,CAPECITABINE
NCT06279364,Carboplatin,CARBOPLATIN
NCT04150042,Melphalan,MELPHALAN
NCT05498272,Olaparib,OLAPARIB
NCT03012321,Olaparib,OLAPARIB
NCT03012321,Abiraterone Acetate,ABIRATERONE ACETATE
NCT03012321,Prednisone,PREDNISONE
NCT04090567,Cediranib,CEDIRANIB
NCT04090567,Ceralasertib,CERALASERTIB
NCT04090567,Olaparib,OLAPARIB
NCT06783140,Nab paclitaxel,NAB-PACLITAXEL
NCT06783140,Gemcitabine,GEMCITABINE
NCT06783140,Cisplatin,CISPLATIN
NCT03586661,Copanlisib,COPANLISIB
NCT03586661,Niraparib,NIRAPARIB
NCT04520074,"Etoposide, Cyclophosphamide, Carboplatin/Cisplatin",ETOPOSIDE
NCT04520074,"Etoposide, Cyclophosphamide, Carboplatin/Cisplatin",CYCLOPHOSPHAMIDE
NCT04520074,"Etoposide, Cyclophosphamide, Carboplatin/Cisplatin",CARBOPLATIN
NCT04520074,"Etoposide, Cyclophosphamide, Carboplatin/Cisplatin",CISPLATIN
NCT06981377,"Analysis of cell free DNA, and extracellular vesicles (EVs) and EV-associated molecular components (including RNA, DNA, proteins)",PROTEIN S
NCT05379972,Pembrolizumab,PEMBROLIZUMAB
NCT05379972,Olaparib,OLAPARIB
NCT06193525,Talazoparib,TALAZOPARIB
NCT04711109,Denosumab,DENOSUMAB
NCT03155620,Ensartinib,ENSARTINIB
NCT03155620,Erdafitinib,ERDAFITINIB
NCT03155620,Ivosidenib,IVOSIDENIB
NCT03155620,Larotrectinib Sulfate,LAROTRECTINIB SULFATE
NCT03155620,Olaparib,OLAPARIB
NCT03155620,Palbociclib,PALBOCICLIB
NCT03155620,Samotolisib,SAMOTOLISIB
NCT03155620,Selpercatinib,SELPERCATINIB
NCT03155620,Selumetinib Sulfate,SELUMETINIB SULFATE
NCT03155620,Tazemetostat,TAZEMETOSTAT
NCT03155620,Tipifarnib,TIPIFARNIB
NCT03155620,Ulixertinib,ULIXERTINIB
NCT03155620,Vemurafenib,VEMURAFENIB
NCT04335669,"epirubicin, cyclophosphamide, paclitaxel, carboplatin, pembrolizumab",EPIRUBICIN
NCT04335669,"epirubicin, cyclophosphamide, paclitaxel, carboplatin, pembrolizumab",CYCLOPHOSPHAMIDE
NCT04335669,"epirubicin, cyclophosphamide, paclitaxel, carboplatin, pembrolizumab",PACLITAXEL
NCT04335669,"epirubicin, cyclophosphamide, paclitaxel, carboplatin, pembrolizumab",CARBOPLATIN
NCT04335669,"epirubicin, cyclophosphamide, paclitaxel, carboplatin, pembrolizumab",PEMBROLIZUMAB
NCT04335669,"epirubicin, cyclophosphamide, capecitabine, paclitaxel, carboplatin, pembrolizumab",CAPECITABINE
NCT05787587,Pembrolizumab,PEMBROLIZUMAB
NCT06401980,Darolutamide,DAROLUTAMIDE
NCT06195306,Tamoxifen,TAMOXIFEN
NCT06470347,A Real-World Study of Pyrrolitinib Maleate Tablets for HER-2-Positive Early or Locally Advanced Breast Cancer After Adjuvant Trastuzumab Therapy,ADJUVANT
NCT06470347,A Real-World Study of Pyrrolitinib Maleate Tablets for HER-2-Positive Early or Locally Advanced Breast Cancer After Adjuvant Trastuzumab Therapy,TRASTUZUMAB
NCT02032823,Olaparib,OLAPARIB
NCT06380751,Saruparib (AZD5305),SARUPARIB
NCT06380751,Camizestrant,CAMIZESTRANT
NCT06380751,Abemaciclib,ABEMACICLIB
NCT06380751,Ribociclib,RIBOCICLIB
NCT06380751,Palbociclib,PALBOCICLIB
NCT06380751,Fulvestrant,FULVESTRANT
NCT06380751,Letrozole,LETROZOLE
NCT06380751,Anastrozole,ANASTROZOLE
NCT06380751,Exemestane,EXEMESTANE
NCT05367440,Enzalutamide,ENZALUTAMIDE
NCT05367440,Abiraterone Acetate,ABIRATERONE ACETATE
NCT05367440,Darolutamide,DAROLUTAMIDE
NCT05367440,Apalutamide,APALUTAMIDE
NCT04584255,Niraparib,NIRAPARIB
NCT04584255,Dostarlimab,DOSTARLIMAB
NCT02208375,Capivasertib,CAPIVASERTIB
NCT02208375,Olaparib,OLAPARIB
NCT02208375,Vistusertib,VISTUSERTIB
NCT03414684,Carboplatin,CARBOPLATIN
NCT03414684,Nivolumab,NIVOLUMAB
NCT06177171,Olaparib,OLAPARIB
NCT03428802,Pembrolizumab,PEMBROLIZUMAB
NCT05485766,Pembrolizumab,PEMBROLIZUMAB
NCT05485766,Paclitaxel,PACLITAXEL
NCT05485766,Carboplatin,CARBOPLATIN
NCT05485766,Olaparib,OLAPARIB
NCT04045691,Encorafenib,ENCORAFENIB
NCT04045691,Binimetinib,BINIMETINIB
NCT06249282,Carfilzomib,CARFILZOMIB
NCT06249282,Sotorasib,SOTORASIB
NCT07240766,HRS-4642+AG+Nimotuzumab,NIMOTUZUMAB
NCT07044336,Doxorubicin,DOXORUBICIN HYDROCHLORIDE
NCT07044336,Paclitaxel,PACLITAXEL
NCT02152631,Abemaciclib,ABEMACICLIB
NCT02152631,Erlotinib,ERLOTINIB
NCT06736717,Onvansertib,ONVANSERTIB
NCT04449874,Atezolizumab,ATEZOLIZUMAB
NCT04449874,Cetuximab,CETUXIMAB
NCT04449874,Erlotinib,ERLOTINIB
NCT04449874,Inavolisib,INAVOLISIB
NCT06582771,Sotorasib,SOTORASIB
NCT05398094,Sotorasib,SOTORASIB
NCT04230759,Durvalumab,DURVALUMAB
NCT06315010,Repotrectinib,REPOTRECTINIB
NCT06158841,Carfilzomib,CARFILZOMIB
NCT06158841,Pomalidomide,POMALIDOMIDE
NCT06158841,Elotuzumab,ELOTUZUMAB
NCT06158841,Selinexor,SELINEXOR
NCT06158841,Bortezomib,BORTEZOMIB
NCT06158841,Dexamethasone,DEXAMETHASONE
NCT07349537,cetuximab,CETUXIMAB
NCT06758401,Pembrolizumab,PEMBROLIZUMAB
NCT06088290,Lurbinectedin,LURBINECTEDIN
NCT06088290,Doxorubicin,DOXORUBICIN HYDROCHLORIDE
NCT07204340,TLN-372 in combination with cetuximab,CETUXIMAB
NCT07204340,TLN-372 in combination with pembrolizumab,PEMBROLIZUMAB
NCT06179160,Cetuximab,CETUXIMAB
NCT06179160,Retifanlimab,RETIFANLIMAB
NCT05549297,Tebentafusp,TEBENTAFUSP
NCT05549297,Tebentafusp with Pembrolizumab,PEMBROLIZUMAB
NCT06211036,Tarlatamab,TARLATAMAB
NCT06211036,Durvalumab,DURVALUMAB
NCT02246621,Abemaciclib,ABEMACICLIB
NCT02246621,Anastrozole,ANASTROZOLE
NCT02246621,Letrozole,LETROZOLE
NCT03206671,Rituximab window,RITUXIMAB
NCT03206671,Cyclophosphamide,CYCLOPHOSPHAMIDE
NCT03206671,Cytarabine,CYTARABINE
NCT03206671,Dexamethasone,DEXAMETHASONE
NCT03206671,Doxorubicin hydrochloride,DOXORUBICIN HYDROCHLORIDE
NCT03206671,Vindesine Sulfate,VINDESINE SULFATE
NCT03206671,Etoposide,ETOPOSIDE
NCT03206671,Ifosfamide,IFOSFAMIDE
NCT03206671,Methotrexate,METHOTREXATE
NCT03206671,Prednisolone,PREDNISOLONE
NCT03206671,Vincristine,VINCRISTINE
NCT06343402,Pembrolizumab,PEMBROLIZUMAB
NCT06008093,Durvalumab,DURVALUMAB
NCT06008093,Tremelimumab,TREMELIMUMAB
NCT06008093,Pembrolizumab,PEMBROLIZUMAB
NCT06008093,Carboplatin,CARBOPLATIN
NCT06008093,Cisplatin,CISPLATIN
NCT06782932,Balstilimab,BALSTILIMAB
NCT06782932,Cyclophosphamide,CYCLOPHOSPHAMIDE
NCT06782932,GVAX,GVAX
NCT05853575,Adagrasib,ADAGRASIB
NCT06097364,Odronextamab,ODRONEXTAMAB
NCT06097364,Rituximab,RITUXIMAB
NCT06097364,Cyclophosphamide,CYCLOPHOSPHAMIDE
NCT06097364,Doxorubicin,DOXORUBICIN HYDROCHLORIDE
NCT06097364,Vincristine,VINCRISTINE
NCT06097364,Prednisone/Prenisolone,PREDNISONE
NCT06496373,Fixed neoantigen tumor vaccine,VACCINE
NCT06496373,PD-1 inhibitor,PD1 INHIBITOR
NCT04931342,Ipatasertib,IPATASERTIB
NCT04931342,Cobimetinib,COBIMETINIB
NCT04931342,Trastuzumab Emtansine,TRASTUZUMAB
NCT04931342,Atezolizumab,ATEZOLIZUMAB
NCT04931342,Paclitaxel,PACLITAXEL
NCT04931342,Giredestrant,GIREDESTRANT
NCT04931342,Abemaciclib,ABEMACICLIB
NCT04931342,Inavolisib,INAVOLISIB
NCT04931342,Palbociclib,PALBOCICLIB
NCT04931342,Letrozole,LETROZOLE
NCT04931342,Olaparib,OLAPARIB
NCT04931342,Cyclophosphamide,CYCLOPHOSPHAMIDE
NCT04625270,avutometinib (VS-6766),AVUTOMETINIB
NCT04625270,avutometinib (VS-6766) and defactinib,DEFACTINIB
NCT04102098,Atezolizumab,ATEZOLIZUMAB
NCT06720987,Cetuximab,CETUXIMAB
NCT04027309,Gilteritinib,GILTERITINIB
NCT04027309,Midostaurin,MIDOSTAURIN
NCT07129993,Carboplatin,CARBOPLATIN
NCT07129993,Cisplatin,CISPLATIN
NCT07129993,Gemcitabine,GEMCITABINE
NCT06890598,Pembrolizumab,PEMBROLIZUMAB
NCT06890598,Durvalumab,DURVALUMAB
NCT07397338,Carboplatin/Cisplatin + Pemetrexed (Dose Expansion Only),CARBOPLATIN
NCT07397338,Carboplatin/Cisplatin + Pemetrexed (Dose Expansion Only),CISPLATIN
NCT07397338,cetuximab (Cohort C2 Only),CETUXIMAB
NCT04204837,Nivolumab,NIVOLUMAB
NCT04204837,Nivolumab plus Relatlimab,RELATLIMAB
NCT06497556,Divarasib,DIVARASIB
NCT06497556,Sotorasib,SOTORASIB
NCT06497556,Adagrasib,ADAGRASIB
NCT04099251,Nivolumab,NIVOLUMAB
NCT06412198,Cetuximab,CETUXIMAB
NCT06412198,Cemiplimab,CEMIPLIMAB
NCT06412198,Adagrasib,ADAGRASIB
NCT07012031,Sotorasib,SOTORASIB
NCT07012031,Trastuzumab Deruxtecan,TRASTUZUMAB DERUXTECAN
NCT06662786,Amivantamab,AMIVANTAMAB
NCT06662786,Cetuximab,CETUXIMAB
NCT06662786,5-fluorouracil,FLUOROURACIL
NCT06662786,Leucovorin calcium/Levoleucovorin,CALCIUM PHOSPHATE
NCT06662786,Leucovorin calcium/Levoleucovorin,LEVOLEUCOVORIN
NCT06662786,Oxaliplatin,OXALIPLATIN
NCT06662786,Irinotecan Hydrochloride,IRINOTECAN HYDROCHLORIDE
NCT01081262,Capecitabine,CAPECITABINE
NCT01081262,Carboplatin,CARBOPLATIN
NCT01081262,Oxaliplatin,OXALIPLATIN
NCT01081262,Paclitaxel,PACLITAXEL
NCT06015724,KRAS vaccine,VACCINE
NCT06015724,Nivolumab,NIVOLUMAB
NCT05740566,Tarlatamab,TARLATAMAB
NCT05740566,Lurbinectedin,LURBINECTEDIN
NCT05740566,Topotecan,TOPOTECAN HYDROCHLORIDE
NCT05740566,Amrubicin,AMRUBICIN
NCT06807619,Sotorasib,SOTORASIB
NCT07213804,Paclitaxel,PACLITAXEL
NCT07213804,Topotecan,TOPOTECAN HYDROCHLORIDE
NCT07213804,Gemcitabine,GEMCITABINE
NCT07213804,Pegylated liposomal doxorubicin (PLD),DOXORUBICIN HYDROCHLORIDE
NCT07213804,Carboplatin,CARBOPLATIN
NCT07174908,anti-PD-1 monoclonal antibody in combination with platinum and pemetrexed,PLATINUM
NCT07492342,fulzerasib,FULZERASIB
NCT06841159,Sintilimab,SINTILIMAB
NCT05504278,Cetuximab,CETUXIMAB
NCT05504278,Carboplatin,CARBOPLATIN
NCT05504278,Sintilimab,SINTILIMAB
NCT05504278,cis-platinum,PLATINUM
NCT05074810,avutometinib and sotorasib,AVUTOMETINIB
NCT05074810,avutometinib and sotorasib,SOTORASIB
NCT05074810,avutometinib and sotorasib and defactinib,DEFACTINIB
NCT07455617,Sintilimab injection,SINTILIMAB
NCT06229340,Leflunomide,LEFLUNOMIDE
NCT06229340,The combination of MEK inhibitor + hydroxychloroquine( plaquenil) ± bevacizumab,HYDROXYCHLOROQUINE SULFATE
NCT05654623,Fulvestrant,FULVESTRANT
NCT05118854,Cisplatin,CISPLATIN
NCT05118854,Carboplatin,CARBOPLATIN
NCT05375994,avutometinib (VS-6766) and adagrasib,AVUTOMETINIB
NCT05375994,avutometinib (VS-6766) and adagrasib,ADAGRASIB
NCT05945732,Trastuzumab deruxtecan,TRASTUZUMAB DERUXTECAN
NCT05327894,Blinatumomab,BLINATUMOMAB
NCT05816499,Cadonilimab,CADONILIMAB
NCT05816499,Anlotinib,ANLOTINIB
NCT03470922,Relatlimab,RELATLIMAB
NCT03470922,Nivolumab,NIVOLUMAB
NCT02227251,Selinexor,SELINEXOR
NCT06659042,Tislelizumab,TISLELIZUMAB
NCT06659042,Cisplatin,CISPLATIN
NCT06659042,Carboplatin,CARBOPLATIN
NCT06659042,Pemetrexed Disodium,PEMETREXED DISODIUM
NCT04613596,Adagrasib,ADAGRASIB
NCT04613596,Pembrolizumab,PEMBROLIZUMAB
NCT04803994,Atezolizumab,ATEZOLIZUMAB
NCT04956640,Pembrolizumab,PEMBROLIZUMAB
NCT04956640,Cetuximab,CETUXIMAB
NCT04956640,Cisplatin,CISPLATIN
NCT04956640,Carboplatin,CARBOPLATIN
NCT04657991,Encorafenib,ENCORAFENIB
NCT04657991,Binimetinib,BINIMETINIB
NCT04657991,Pembrolizumab,PEMBROLIZUMAB
NCT03820830,Palbociclib 125mg,PALBOCICLIB
NCT06739395,Olaparib tablet,OLAPARIB
NCT06739395,Temozolomide capsule,TEMOZOLOMIDE
NCT06739395,Anlotinib,ANLOTINIB
NCT06739395,Trametinib tablet,TRAMETINIB
NCT06739395,Dabrafenib,DABRAFENIB
NCT06739395,Vebreltinib Enteric Capsules,VEBRELTINIB
NCT06739395,Alpelisib Pill,ALPELISIB
NCT06739395,Lenvatinib Capsules,LENVATINIB
NCT06739395,Pazopanib Pill,PAZOPANIB
NCT06739395,Palbociclib Pill,PALBOCICLIB
NCT06739395,Chidamide,CHIDAMIDE
NCT06750094,Amivantamab,AMIVANTAMAB
NCT06750094,Cetuximab,CETUXIMAB
NCT06750094,5-fluorouracil,FLUOROURACIL
NCT06750094,Leucovorin calcium/Levoleucovorin,CALCIUM PHOSPHATE
NCT06750094,Leucovorin calcium/Levoleucovorin,LEVOLEUCOVORIN
NCT06750094,Irinotecan,IRINOTECAN HYDROCHLORIDE
NCT04929223,Inavolisib,INAVOLISIB
NCT04929223,Cetuximab,CETUXIMAB
NCT04929223,Atezolizumab,ATEZOLIZUMAB
NCT04929223,Tiragolumab,TIRAGOLUMAB
NCT04929223,SY-5609,SY-5609
NCT04929223,Divarasib,DIVARASIB
NCT07252739,Pembrolizumab,PEMBROLIZUMAB
NCT07252739,Cetuximab,CETUXIMAB
NCT07252739,Carboplatin,CARBOPLATIN
NCT01933932,Selumetinib,SELUMETINIB
NCT06136624,Abiraterone acetate,ABIRATERONE ACETATE
NCT06136624,Enzalutamide,ENZALUTAMIDE
NCT06136624,Hydrocortisone,HYDROCORTISONE PHOSPHATE
NCT06136624,Fludrocortisone acetate,FLUDROCORTISONE ACETATE
NCT06136624,Prednisone,PREDNISONE
NCT06136624,Dexamethasone,DEXAMETHASONE
NCT06998940,Fluorouracil,FLUOROURACIL
NCT06998940,Gemcitabine,GEMCITABINE
NCT06998940,Irinotecan,IRINOTECAN HYDROCHLORIDE
NCT06998940,Irinotecan Sucrosofate,IRINOTECAN SUCROSOFATE
NCT06998940,Nab-paclitaxel,NAB-PACLITAXEL
NCT06998940,Panitumumab,PANITUMUMAB
NCT04599140,Nivolumab,NIVOLUMAB
NCT02365597,Erdafitinib,ERDAFITINIB
NCT02365597,Midazolam,MIDAZOLAM HYDROCHLORIDE
NCT02365597,Metformin,METFORMIN
NCT06043713,Bendamustine,BENDAMUSTINE
NCT06043713,Cyclophosphamide,CYCLOPHOSPHAMIDE
NCT06043713,Fludarabine,FLUDARABINE
NCT05983159,Alpelisib,ALPELISIB
NCT05983159,Mirdametinib,MIRDAMETINIB
NCT05382559,Cetuximab,CETUXIMAB
NCT05382559,Oxaliplatin,OXALIPLATIN
NCT05382559,Fluorouracil,FLUOROURACIL
NCT05382559,Irinotecan,IRINOTECAN HYDROCHLORIDE
NCT05382559,Nanoparticle albumin-bound-paclitaxel,PACLITAXEL
NCT05382559,Gemcitabine,GEMCITABINE
NCT05382559,Pembrolizumab,PEMBROLIZUMAB
NCT05382559,Cisplatin,CISPLATIN
NCT05382559,Carboplatin,CARBOPLATIN
NCT06943755,Zanzalintinib,ZANZALINTINIB
NCT06943755,Everolimus,EVEROLIMUS
NCT06625320,Gemcitabine,GEMCITABINE
NCT06625320,nab-paclitaxel,NAB-PACLITAXEL
NCT06625320,Irinotecan,IRINOTECAN HYDROCHLORIDE
NCT06625320,5-fluorouracil,FLUOROURACIL
NCT06625320,Oxaliplatin,OXALIPLATIN
NCT05501886,Gedatolisib,GEDATOLISIB
NCT05501886,Palbociclib,PALBOCICLIB
NCT05501886,Fulvestrant,FULVESTRANT
NCT05501886,Alpelisib,ALPELISIB
NCT03873402,Nivolumab,NIVOLUMAB
NCT03873402,Ipilimumab,IPILIMUMAB
NCT07183865,Irinotecan Hydrochloride Liposome,IRINOTECAN HYDROCHLORIDE
NCT03528694,Durvalumab (MEDI4736),DURVALUMAB
NCT06818812,Cetuximab,CETUXIMAB
NCT06577532,Toripalimab,TORIPALIMAB
NCT05625399,Nivolumab + Relatlimab,NIVOLUMAB
NCT05625399,Nivolumab + Relatlimab,RELATLIMAB
NCT04699188,tislelizumab,TISLELIZUMAB
NCT05224141,Pembrolizumab/Vibostolimab Co-Formulation,PEMBROLIZUMAB
NCT05224141,Pembrolizumab/Vibostolimab Co-Formulation,VIBOSTOLIMAB
NCT05224141,Etoposide,ETOPOSIDE
NCT05224141,Cisplatin,CISPLATIN
NCT05224141,Atezolizumab,ATEZOLIZUMAB
NCT05224141,Carboplatin,CARBOPLATIN
NCT04008030,Ipilimumab,IPILIMUMAB
NCT04008030,Oxaliplatin,OXALIPLATIN
NCT04008030,Fluorouracil,FLUOROURACIL
NCT04008030,Irinotecan,IRINOTECAN HYDROCHLORIDE
NCT04008030,Cetuximab,CETUXIMAB
NCT04008030,Nivolumab,NIVOLUMAB
NCT04595565,Capecitabine,CAPECITABINE
NCT04595565,Carboplatin,CARBOPLATIN
NCT04595565,Cisplatin,CISPLATIN
NCT04595565,Sacituzumab govitecan,SACITUZUMAB GOVITECAN
NCT02642042,Trametinib,TRAMETINIB
NCT06190951,cemiplimab,CEMIPLIMAB
NCT06190951,Fixed Dose Combination (FDC) cemiplimab+fianlimab,FIANLIMAB
NCT06467357,Gemcitabine,GEMCITABINE
NCT06467357,Cisplatin,CISPLATIN
NCT06467357,Durvalumab,DURVALUMAB
NCT06467357,Trastuzumab deruxtecan,TRASTUZUMAB DERUXTECAN
NCT06467357,Rilvegostomig,RILVEGOSTOMIG
NCT06428500,Cetuximab,CETUXIMAB
NCT04892173,Cetuximab,CETUXIMAB
NCT06835569,cetuximab,CETUXIMAB
NCT04534205,Pembrolizumab,PEMBROLIZUMAB
NCT06011772,Recombinant Human EGF-rP64K/Montanide ISA 51 Vaccine,EGF
NCT06011772,Recombinant Human EGF-rP64K/Montanide ISA 51 Vaccine,VACCINE
NCT06011772,Oxaliplatin,OXALIPLATIN
NCT06011772,Fluorouracil,FLUOROURACIL
NCT06011772,Irinotecan,IRINOTECAN HYDROCHLORIDE
NCT06011772,Cetuximab,CETUXIMAB
NCT05673187,Adagrasib,ADAGRASIB
NCT05789082,Divarasib,DIVARASIB
NCT05789082,Pembrolizumab,PEMBROLIZUMAB
NCT05789082,Carboplatin,CARBOPLATIN
NCT05789082,Cisplatin,CISPLATIN
NCT05254184,Pooled Mutant KRAS-Targeted Long Peptide Vaccine 0.3mg each; 1.8mg total peptides,VACCINE
NCT05180799,Nivolumab,NIVOLUMAB
NCT05180799,Pembrolizumab,PEMBROLIZUMAB
NCT06952504,Pembrolizumab,PEMBROLIZUMAB
NCT06952504,Carboplatin,CARBOPLATIN
NCT06952504,Paclitaxel,PACLITAXEL
NCT07005128,Tarlatamab,TARLATAMAB
NCT07005128,Durvalumab,DURVALUMAB
NCT07005128,Carboplatin,CARBOPLATIN
NCT07005128,Etoposide,ETOPOSIDE
NCT06091865,Odronextamab,ODRONEXTAMAB
NCT06091865,Rituximab,RITUXIMAB
NCT06091865,Cyclophosphamide,CYCLOPHOSPHAMIDE
NCT06091865,Doxorubicin,DOXORUBICIN HYDROCHLORIDE
NCT06091865,Vincristine,VINCRISTINE
NCT06091865,Prednisone/Prednisolone,PREDNISONE
NCT06091865,Prednisone/Prednisolone,PREDNISOLONE PHOSPHATE
NCT07198841,IBI351 combined with cetuximab β,CETUXIMAB
NCT06830720,ribociclib + AI ± LHRH,RIBOCICLIB
NCT06830720,abemaciclib + ET ± LHRH,ABEMACICLIB
NCT05417789,Emactuzumab,EMACTUZUMAB
NCT03948035,Elotuzumab,ELOTUZUMAB
NCT03948035,Carfilzomib,CARFILZOMIB
NCT03948035,Lenalidomide,LENALIDOMIDE
NCT03948035,Dexamethasone,DEXAMETHASONE
NCT04146298,Cyclophosphamide,CYCLOPHOSPHAMIDE
NCT04146298,Fludarabine,FLUDARABINE
NCT04146298,Anti-PD-1 monoclonal antibody,ANTI-PD1 MONOCLONAL ANTIBODY
NCT07004244,KRAS-mutated mRNA vaccine,VACCINE
NCT07004244,TORIPALIMAB,TORIPALIMAB
NCT07004244,Pemetrexed+carboplatin,CARBOPLATIN
NCT03875820,Defactinib,DEFACTINIB
NCT02066220,Radiotherapy without Carboplatin,CARBOPLATIN
NCT05111626,Bemarituzumab,BEMARITUZUMAB
NCT05111626,Nivolumab,NIVOLUMAB
NCT06731478,Trastuzumab Deruxtecan,TRASTUZUMAB DERUXTECAN
NCT06731478,pembrolizumab,PEMBROLIZUMAB
NCT06731478,Trastuzumab,TRASTUZUMAB
NCT04586231,Belzutifan,BELZUTIFAN
NCT04586231,Lenvatinib,LENVATINIB
NCT06106308,Onvansertib,ONVANSERTIB
NCT07300150,Cetuximab,CETUXIMAB
NCT04994717,Blinatumomab,BLINATUMOMAB
NCT05514054,Imlunestrant,IMLUNESTRANT
NCT05514054,Tamoxifen,TAMOXIFEN
NCT05514054,Anastrozole,ANASTROZOLE
NCT05514054,Letrozole,LETROZOLE
NCT05514054,Exemestane,EXEMESTANE
NCT04039607,Nivolumab,NIVOLUMAB
NCT04039607,Ipilimumab,IPILIMUMAB
NCT04039607,Sorafenib,SORAFENIB
NCT04039607,lenvatinib,LENVATINIB
NCT07288034,Adagrasib,ADAGRASIB
NCT07288034,Anti-PD-L1 Monoclonal Antibody,ANTI-PD-L1 MONOCLONAL ANTIBODY
NCT07288034,Anti-PD1 Monoclonal Antibody,ANTI-PD1 MONOCLONAL ANTIBODY
NCT07288034,Durvalumab,DURVALUMAB
NCT07288034,Tremelimumab,TREMELIMUMAB
NCT06385678,Pemetrexed Disodium for Injection、Cisplatin Injection、Carboplatin for Injection,CISPLATIN
NCT06385678,Pemetrexed Disodium for Injection、Cisplatin Injection、Carboplatin for Injection,CARBOPLATIN
NCT06385678,Cetuximab Solution for Infusion,CETUXIMAB
NCT05067283,Pembrolizumab,PEMBROLIZUMAB
NCT05067283,carboplatin,CARBOPLATIN
NCT05067283,cetuximab,CETUXIMAB
NCT05067283,oxaliplatin,OXALIPLATIN
NCT05067283,5-fluorouracil,FLUOROURACIL
NCT06525428,standard systemic therapy combined with high/low-dose radiotherapy plus toripalimab,TORIPALIMAB
NCT05554367,Binimetinib,BINIMETINIB
NCT05554367,Palbociclib,PALBOCICLIB
NCT07535112,Cetuximab,CETUXIMAB
NCT06619236,Paclitaxel,PACLITAXEL
NCT06619236,Topotecan,TOPOTECAN HYDROCHLORIDE
NCT06619236,Pegylated liposomal doxorubicin (PLD),DOXORUBICIN HYDROCHLORIDE
NCT06619236,Gemcitabine,GEMCITABINE
NCT05609578,Adagrasib oral dose of 400 mg twice daily tablets,ADAGRASIB
NCT05609578,Pembrolizumab,PEMBROLIZUMAB
NCT05609578,Cisplatin/Carboplatin,CISPLATIN
NCT05609578,Cisplatin/Carboplatin,CARBOPLATIN
NCT06120491,Saruparib,SARUPARIB
NCT06120491,Abiraterone Acetate,ABIRATERONE ACETATE
NCT06120491,Darolutamide,DAROLUTAMIDE
NCT06120491,Enzalutamide,ENZALUTAMIDE
NCT06715124,Cetuximab,CETUXIMAB
NCT05815173,Sotorasib,SOTORASIB
NCT05815173,Ladarixin,LADARIXIN
NCT03600883,sotorasib,SOTORASIB
NCT03600883,Midazolam,MIDAZOLAM HYDROCHLORIDE
NCT04625647,Sotorasib,SOTORASIB
NCT05874414,GNS561 + Trametinib,TRAMETINIB
NCT03486873,Pembrolizumab,PEMBROLIZUMAB
NCT03486873,Lenvatinib,LENVATINIB
NCT03486873,Olaparib,OLAPARIB
NCT03486873,MK-4280,MK-4280
NCT04634877,Pembrolizumab,PEMBROLIZUMAB
NCT04634877,Carboplatin,CARBOPLATIN
NCT04634877,Paclitaxel,PACLITAXEL
NCT04634877,Cisplatin,CISPLATIN
NCT04877522,Asciminib single agent,ASCIMINIB HYDROCHLORIDE
NCT04877522,Imatinib,IMATINIB
NCT04877522,Nilotinib,NILOTINIB
NCT04877522,Bosutinib,BOSUTINIB
NCT04877522,Dasatinib,DASATINIB
NCT04043494,Cyclophosphamide,CYCLOPHOSPHAMIDE
NCT04043494,Cytarabine,CYTARABINE
NCT04043494,Dexamethasone,DEXAMETHASONE
NCT04043494,Daunorubicin,DAUNORUBICIN HYDROCHLORIDE
NCT04043494,Doxorubicin,DOXORUBICIN HYDROCHLORIDE
NCT04043494,Ifosfamide,IFOSFAMIDE
NCT04043494,6-Mercaptopurine,MERCAPTOPURINE
NCT04043494,Methotrexate,METHOTREXATE
NCT04043494,PEG asparaginase,ASPARAGINASE
NCT04043494,Prednisone,PREDNISONE
NCT04043494,Prednisolone,PREDNISOLONE
NCT04043494,Thioguanine,THIOGUANINE
NCT04043494,Vincristine,VINCRISTINE
NCT04043494,Vindesine,VINDESINE
NCT05920356,Sotorasib,SOTORASIB
NCT05920356,Pembrolizumab,PEMBROLIZUMAB
NCT06962254,Imatinib,IMATINIB
NCT06962254,Trametinib,TRAMETINIB
NCT06112314,Nivolumab,NIVOLUMAB
NCT06112314,Nivolumab + Relatlimab,RELATLIMAB
NCT06162221,Pembrolizumab,PEMBROLIZUMAB
NCT06162221,Cisplatin,CISPLATIN
NCT06162221,Carboplatin,CARBOPLATIN
NCT06585488,Tislelizumab,TISLELIZUMAB
NCT06585488,Cetuximab,CETUXIMAB
NCT06319820,Gemcitabine,GEMCITABINE
NCT04493853,Capivasertib,CAPIVASERTIB
NCT04493853,Abiraterone Acetate,ABIRATERONE ACETATE
NCT06411691,KRAS Vaccine with Poly-ICLC adjuvant,VACCINE
NCT06411691,KRAS Vaccine with Poly-ICLC adjuvant,ADJUVANT
NCT06411691,Balstilimab,BALSTILIMAB
NCT04117087,KRAS peptide vaccine,VACCINE
NCT04117087,Nivolumab,NIVOLUMAB
NCT04117087,Ipilimumab,IPILIMUMAB
NCT04468984,Navitoclax,NAVITOCLAX
NCT04468984,Ruxolitinib,RUXOLITINIB
NCT06345729,Pembrolizumab,PEMBROLIZUMAB
NCT06952803,Saruparib,SARUPARIB
NCT06952803,Abiraterone + Prednisolone/Prednisone,PREDNISOLONE PHOSPHATE
NCT06952803,Abiraterone + Prednisolone/Prednisone,PREDNISONE
NCT03897127,Cytarabine,CYTARABINE
NCT03897127,Daunorubicin,DAUNORUBICIN HYDROCHLORIDE
NCT03897127,CPX-351,CPX
NCT04111978,Letrozole 2.5mg,LETROZOLE
NCT05628038,Capecitabine,CAPECITABINE
NCT05628038,Oxaliplatin,OXALIPLATIN
NCT05628038,Irinotecan,IRINOTECAN HYDROCHLORIDE
NCT05628038,Raltitrexed,RALTITREXED
NCT05628038,Cetuximab,CETUXIMAB
NCT07223047,Gemcitabine,GEMCITABINE
NCT07223047,Nab-Paclitaxel,NAB-PACLITAXEL
NCT07223047,Cetuximab,CETUXIMAB
NCT07223047,Pembrolizumab,PEMBROLIZUMAB
NCT05887492,Pembrolizumab,PEMBROLIZUMAB
NCT05276973,Carboplatin,CARBOPLATIN
NCT05276973,Ipatasertib,IPATASERTIB
NCT05276973,Paclitaxel,PACLITAXEL
NCT06026410,Adagrasib,ADAGRASIB
NCT06253520,Aldesleukin,ALDESLEUKIN
NCT06253520,Fludarabine,FLUDARABINE
NCT06253520,Cyclophosphamide,CYCLOPHOSPHAMIDE
NCT05786924,Cetuximab,CETUXIMAB
NCT05786924,Panitumumab,PANITUMUMAB
NCT05786924,Gemcitabine,GEMCITABINE
NCT05786924,Nab-paclitaxel,NAB-PACLITAXEL
NCT04674683,HBI-8000 in combination with nivolumab,NIVOLUMAB
NCT05959356,Cetuximab + Envafolimab + mFOLFOXIRI,CETUXIMAB
NCT05959356,Cetuximab + Envafolimab + mFOLFOXIRI,ENVAFOLIMAB
NCT05876754,Ivosidenib Oral Tablet,IVOSIDENIB
NCT06578559,Cetuximab,CETUXIMAB
NCT06578559,Encorafenib,ENCORAFENIB
NCT05194995,Cetuximab,CETUXIMAB
NCT06227377,Cetuximab,CETUXIMAB
NCT06697301,Pembrolizumab (KEYTRUDA® ),PEMBROLIZUMAB
NCT04680052,tafasitamab,TAFASITAMAB
NCT04680052,rituximab,RITUXIMAB
NCT04680052,lenalidomide,LENALIDOMIDE
NCT07227025,Amivantamab,AMIVANTAMAB
NCT07094204,panitumumab,PANITUMUMAB
NCT07094113,Pembrolizumab,PEMBROLIZUMAB
NCT07094113,Panitumumab,PANITUMUMAB
NCT02079740,Navitoclax,NAVITOCLAX
NCT02079740,Trametinib,TRAMETINIB
NCT06898385,Fludarabine,FLUDARABINE
NCT06898385,Cyclophosphamide,CYCLOPHOSPHAMIDE
NCT03643276,Blinatumomab,BLINATUMOMAB
NCT03643276,Bortezomib,BORTEZOMIB
NCT03643276,Cyclophosphamide,CYCLOPHOSPHAMIDE
NCT03643276,Cytarabine,CYTARABINE
NCT03643276,Daunorubicin,DAUNORUBICIN HYDROCHLORIDE
NCT03643276,Dexamethasone,DEXAMETHASONE
NCT03643276,Doxorubicin,DOXORUBICIN HYDROCHLORIDE
NCT03643276,Etoposide,ETOPOSIDE
NCT03643276,Fludarabine Phosphate,FLUDARABINE
NCT03643276,Ifosfamide,IFOSFAMIDE
NCT03643276,6-Mercaptopurine,MERCAPTOPURINE
NCT03643276,Methotrexate,METHOTREXATE
NCT03643276,Pegaspargase,PEGASPARGASE
NCT03643276,Prednisolone,PREDNISOLONE
NCT03643276,Vincristine,VINCRISTINE
NCT03643276,Vindesine,VINDESINE
NCT06691984,Enzalutamide,ENZALUTAMIDE
NCT06691984,Cabazitaxel,CABAZITAXEL
NCT04608318,Ibrutinib,IBRUTINIB
NCT04608318,Venetoclax,VENETOCLAX
NCT04608318,Obinutuzumab,OBINUTUZUMAB
NCT05722327,Irinotecan,IRINOTECAN HYDROCHLORIDE
NCT05722327,Cetuximab,CETUXIMAB
NCT05774951,Camizestrant,CAMIZESTRANT
NCT05774951,Tamoxifen,TAMOXIFEN
NCT05774951,Anastrozole,ANASTROZOLE
NCT05774951,Letrozole,LETROZOLE
NCT05774951,Exemestane,EXEMESTANE
NCT06804824,Sotorasib,SOTORASIB
NCT06804824,Trametinib,TRAMETINIB
NCT01949129,Thiotepa,THIOTEPA
NCT01949129,Fludarabine,FLUDARABINE
NCT01949129,Busulfan,BUSULFAN
NCT01949129,Cyclophosphamide,CYCLOPHOSPHAMIDE
NCT05176483,Zanzalintinib,ZANZALINTINIB
NCT05176483,Nivolumab,NIVOLUMAB
NCT05176483,Ipilimumab,IPILIMUMAB
NCT05176483,Nivolumab + Relatlimab,RELATLIMAB
NCT03091257,Dabrafenib,DABRAFENIB
NCT03091257,Trametinib,TRAMETINIB
NCT06336902,Balstilimab,BALSTILIMAB
NCT05410145,Pembrolizumab,PEMBROLIZUMAB
NCT05410145,Cisplatin,CISPLATIN
NCT05410145,Carboplatin,CARBOPLATIN
NCT05410145,Cetuximab,CETUXIMAB
NCT06625775,Trastuzumab,TRASTUZUMAB
NCT06625775,Fulvestrant,FULVESTRANT
NCT06625775,Ribociclib,RIBOCICLIB
NCT03190941,Cyclophosphamide,CYCLOPHOSPHAMIDE
NCT03190941,Fludarabine,FLUDARABINE
NCT03190941,Aldesleukin,ALDESLEUKIN
NCT06119581,Pembrolizumab,PEMBROLIZUMAB
NCT06119581,Cisplatin,CISPLATIN
NCT06119581,Carboplatin,CARBOPLATIN
NCT05797831,Navtemadlin,NAVTEMADLIN
NCT04439175,Taselisib,TASELISIB
NCT05669482,avutometinib (VS-6766) and defactinib in combination with gemcitabine and nab-paclitaxel,AVUTOMETINIB
NCT05669482,avutometinib (VS-6766) and defactinib in combination with gemcitabine and nab-paclitaxel,DEFACTINIB
NCT05669482,avutometinib (VS-6766) and defactinib in combination with gemcitabine and nab-paclitaxel,GEMCITABINE
NCT05669482,avutometinib (VS-6766) and defactinib in combination with gemcitabine and nab-paclitaxel,PACLITAXEL
NCT07015190,Darovasertib,DAROVASERTIB
NCT04975997,Dexamethasone,DEXAMETHASONE
NCT04975997,Bortezomib,BORTEZOMIB
NCT04975997,Iberdomide,IBERDOMIDE
NCT06917079,Pembrolizumab,PEMBROLIZUMAB
NCT06917079,Platinum chemotherapy (cisplatin or carboplatin),PLATINUM
NCT06917079,Platinum chemotherapy (cisplatin or carboplatin),CISPLATIN
NCT06917079,Platinum chemotherapy (cisplatin or carboplatin),CARBOPLATIN
NCT06917079,Cetuximab,CETUXIMAB
NCT06917079,Gemcitabine,GEMCITABINE
NCT06917079,Nab-paclitaxel,NAB-PACLITAXEL
NCT04111458,Trametinib,TRAMETINIB
NCT07286149,Patritumab deruxtecan,PATRITUMAB DERUXTECAN
NCT07286149,Cetuximab,CETUXIMAB
NCT04975308,Imlunestrant,IMLUNESTRANT
NCT04975308,Exemestane,EXEMESTANE
NCT04975308,Fulvestrant,FULVESTRANT
NCT04975308,Abemaciclib,ABEMACICLIB
NCT03383458,Nivolumab,NIVOLUMAB
NCT03899155,Nivolumab,NIVOLUMAB
NCT03899155,Ipilimumab,IPILIMUMAB
NCT03899155,Trametinib,TRAMETINIB
NCT03899155,Relatlimab,RELATLIMAB
NCT03899155,Capecitabine,CAPECITABINE
NCT03899155,Temozolomide,TEMOZOLOMIDE
NCT03899155,Rucaparib,RUCAPARIB
NCT03899155,Fluorouracil,FLUOROURACIL
NCT03899155,Oxaliplatin,OXALIPLATIN
NCT03899155,Enzalutamide,ENZALUTAMIDE
NCT03899155,Sunitinib,SUNITINIB
NCT03899155,Pembrolizumab,PEMBROLIZUMAB
NCT03319940,Tarlatamab,TARLATAMAB
NCT03319940,Pembrolizumab,PEMBROLIZUMAB
NCT01704716,Vincristine,VINCRISTINE
NCT01704716,Aldesleukin,ALDESLEUKIN
NCT01704716,Carboplatin,CARBOPLATIN
NCT01704716,Etoposide,ETOPOSIDE
NCT01704716,Cisplatin,CISPLATIN
NCT01704716,Cyclophosphamide,CYCLOPHOSPHAMIDE
NCT01704716,Doxorubicin,DOXORUBICIN HYDROCHLORIDE
NCT01704716,Busulfan,BUSULFAN
NCT01704716,Melphalan,MELPHALAN
NCT06997497,Oxaliplatin,OXALIPLATIN
NCT06997497,Leucovorin/levofolinate calcium,CALCIUM PHOSPHATE
NCT06997497,5-Fluorouracil,FLUOROURACIL
NCT06997497,Cetuximab,CETUXIMAB
NCT06793813,cadonilimab，bevacizumab，docetaxel,CADONILIMAB
NCT06586515,Cetuximab,CETUXIMAB
NCT06586515,Gemcitabine,GEMCITABINE
NCT06586515,nab-paclitaxel,NAB-PACLITAXEL
NCT06586515,Oxaliplatin,OXALIPLATIN
NCT06586515,Irinotecan,IRINOTECAN HYDROCHLORIDE
NCT06586515,5-fluorouracil,FLUOROURACIL
NCT05585320,IMM-1-104 + modified Gemcitabine/nab-Paclitaxel (Treatment Group B),GEMCITABINE
NCT05585320,IMM-1-104 + modified Gemcitabine/nab-Paclitaxel (Treatment Group B),PACLITAXEL
NCT05585320,IMM-1-104 + dabrafenib (Treatment Group D),DABRAFENIB
NCT05585320,IMM-1-104 + pembrolizumab (Treatment Group E),PEMBROLIZUMAB
NCT03755791,Sorafenib,SORAFENIB
NCT03755791,Atezolizumab,ATEZOLIZUMAB
NCT06726265,carboplatin plus paclitaxel,CARBOPLATIN
NCT06726265,carboplatin plus paclitaxel,PACLITAXEL
NCT06726265,cisplatin or carboplatin + pemetrexed,CISPLATIN
NCT06726265,pembrolizumab (KEYTRUDA®),PEMBROLIZUMAB
NCT07415031,Adagrasib,ADAGRASIB
NCT07415031,Pembrolizumab,PEMBROLIZUMAB
NCT07415031,Cetuximab,CETUXIMAB
NCT07415031,Irinotecan,IRINOTECAN HYDROCHLORIDE
NCT07415031,Oxaliplatin,OXALIPLATIN
NCT07415031,Fluorouracil,FLUOROURACIL
NCT03737643,Durvalumab,DURVALUMAB
NCT03737643,Olaparib,OLAPARIB
NCT03737643,Carboplatin+Paclitaxel,CARBOPLATIN
NCT03737643,Carboplatin+Paclitaxel,PACLITAXEL
NCT07190248,Pembrolizumab (+) Berahyaluronidase alfa,PEMBROLIZUMAB
NCT07190248,Cisplatin,CISPLATIN
NCT07190248,Carboplatin,CARBOPLATIN
NCT02394834,"oxaliplatin (OXA), levofolinate calcium (l-LV), 5-FU, panitumumab",OXALIPLATIN
NCT02394834,"oxaliplatin (OXA), levofolinate calcium (l-LV), 5-FU, panitumumab",CALCIUM PHOSPHATE
NCT02394834,"oxaliplatin (OXA), levofolinate calcium (l-LV), 5-FU, panitumumab",PANITUMUMAB
NCT07491445,gemcitabine,GEMCITABINE
NCT07491445,nab-paclitaxel,NAB-PACLITAXEL
NCT05638295,Panitumumab,PANITUMUMAB
NCT05638295,Sotorasib,SOTORASIB
NCT06333951,Carboplatin,CARBOPLATIN
NCT06333951,Paclitaxel,PACLITAXEL
NCT06333951,Pembrolizumab,PEMBROLIZUMAB
NCT06333951,Sotorasib,SOTORASIB
NCT06793215,Divarasib,DIVARASIB
NCT06793215,Pembrolizumab,PEMBROLIZUMAB
NCT06793215,Carboplatin,CARBOPLATIN
NCT06793215,Cisplatin,CISPLATIN
NCT04960709,Durvalumab,DURVALUMAB
NCT04960709,Tremelimumab,TREMELIMUMAB
NCT04960709,Enfortumab Vedotin,ENFORTUMAB VEDOTIN
NCT05631899,Cyclophosphamide,CYCLOPHOSPHAMIDE
NCT05631899,Anti-CTLA4 Monoclonal Antibody,ANTI-CTLA-4 MONOCLONAL ANTIBODY
NCT06607185,Cetuximab,CETUXIMAB
NCT06607185,Nab paclitaxel,NAB-PACLITAXEL
NCT06607185,Gemcitabine,GEMCITABINE
NCT06607185,Oxaliplatin,OXALIPLATIN
NCT06607185,Irinotecan,IRINOTECAN HYDROCHLORIDE
NCT06607185,Carboplatin,CARBOPLATIN
NCT06607185,Cisplatin,CISPLATIN
NCT06607185,Pembrolizumab,PEMBROLIZUMAB
NCT04641247,Niraparib,NIRAPARIB
NCT04973163,Midazolam,MIDAZOLAM HYDROCHLORIDE
NCT06459180,Topotecan,TOPOTECAN HYDROCHLORIDE
NCT06459180,Vinorelbine,VINORELBINE
NCT06459180,Gemcitabine,GEMCITABINE
NCT06459180,Irinotecan,IRINOTECAN HYDROCHLORIDE
NCT01356290,Thalidomide,THALIDOMIDE
NCT01356290,Celecoxib,CELECOXIB
NCT01356290,Fenofibric acid,FENOFIBRIC ACID
NCT01356290,Etoposide,ETOPOSIDE
NCT01356290,Cyclophosphamide,CYCLOPHOSPHAMIDE
NCT01356290,Etoposide phosphate,ETOPOSIDE PHOSPHATE
NCT01356290,Cytarabine,CYTARABINE
NCT01356290,Temozolomide (TMZ),TEMOZOLOMIDE
NCT01356290,Irinotecan,IRINOTECAN HYDROCHLORIDE
NCT05631249,Sotorasib 120Mg Tab,SOTORASIB
NCT06117774,Tarlatamab,TARLATAMAB
NCT05132582,Tucatinib,TUCATINIB
NCT05132582,Trastuzumab,TRASTUZUMAB
NCT06419946,Temozolomide,TEMOZOLOMIDE
NCT06419946,Lomustine,LOMUSTINE
NCT04340882,Pembrolizumab,PEMBROLIZUMAB
NCT04340882,Ramucirumab,RAMUCIRUMAB
NCT03785249,Pembrolizumab,PEMBROLIZUMAB
NCT03785249,Cetuximab,CETUXIMAB
NCT03785249,Afatinib,AFATINIB
NCT03994796,Abemaciclib,ABEMACICLIB
NCT03994796,PI3K Inhibitor paxalisib,PAXALISIB
NCT03994796,Entrectinib,ENTRECTINIB
NCT03994796,Adagrasib,ADAGRASIB
NCT06248606,Adagrasib,ADAGRASIB
NCT07209111,Cetuximab,CETUXIMAB
NCT07172919,Sotorasib,SOTORASIB
NCT07172919,Panitumumab,PANITUMUMAB
NCT04923893,Bortezomib,BORTEZOMIB
NCT04923893,Dexamethasone,DEXAMETHASONE
NCT04923893,Lenalidomide,LENALIDOMIDE
NCT04923893,Cyclophosphamide,CYCLOPHOSPHAMIDE
NCT04923893,Fludarabine,FLUDARABINE
NCT05270044,Encorafenib and Binimetinib,ENCORAFENIB
NCT05270044,Encorafenib and Binimetinib,BINIMETINIB
NCT03800134,Durvalumab,DURVALUMAB
NCT03800134,Carboplatin,CARBOPLATIN
NCT03800134,Cisplatin,CISPLATIN
NCT03800134,Paclitaxel,PACLITAXEL
NCT03800134,Gemcitabine,GEMCITABINE
NCT03390504,Erdafitinib,ERDAFITINIB
NCT03390504,Vinflunine,VINFLUNINE
NCT03390504,Pembrolizumab,PEMBROLIZUMAB
NCT03844048,Venetoclax,VENETOCLAX
NCT04302025,Alectinib,ALECTINIB
NCT04302025,Entrectinib,ENTRECTINIB
NCT04302025,Vemurafenib,VEMURAFENIB
NCT04302025,Cobimetinib,COBIMETINIB
NCT04302025,Pralsetinib,PRALSETINIB
NCT04302025,Atezolizumab,ATEZOLIZUMAB
NCT04302025,Divarasib,DIVARASIB
NCT01946204,Apalutamide,APALUTAMIDE
NCT05661201,Doxorubicin,DOXORUBICIN HYDROCHLORIDE
NCT06646276,BMS-986489 (BMS-986012+Nivolumab),NIVOLUMAB
NCT06646276,Atezolizumab,ATEZOLIZUMAB
NCT06646276,Carboplatin,CARBOPLATIN
NCT06646276,Etoposide,ETOPOSIDE
NCT04585035,"D-1553 in combination with Drug: pembrolizumab, Drug:KEYTRUDA® , Drug: cetuximab, Drug: other",PEMBROLIZUMAB
NCT04585035,"D-1553 in combination with Drug: pembrolizumab, Drug:KEYTRUDA® , Drug: cetuximab, Drug: other",CETUXIMAB
NCT06252649,Sotorasib,SOTORASIB
NCT06252649,Panitumumab,PANITUMUMAB
NCT06252649,Bevacizumab-awwb,BEVACIZUMAB-AWWB
NCT06949982,Regorafenib (BAY 73-4506),REGORAFENIB
NCT06445062,cetuximab,CETUXIMAB
NCT06445062,gemcitabine,GEMCITABINE
NCT06445062,nab-paclitaxel,NAB-PACLITAXEL
NCT05661188,Atezolizumab plus Tiraglolumab,ATEZOLIZUMAB
NCT05952557,Camizestrant,CAMIZESTRANT
NCT05952557,Tamoxifen,TAMOXIFEN
NCT05952557,Anastrozole,ANASTROZOLE
NCT05952557,Letrozole,LETROZOLE
NCT05952557,Exemestane,EXEMESTANE
NCT05952557,Abemaciclib,ABEMACICLIB
NCT05352672,Fianlimab,FIANLIMAB
NCT05352672,Cemiplimab,CEMIPLIMAB
NCT05352672,Pembrolizumab,PEMBROLIZUMAB
NCT04833114,Polatuzumab Vedotin,POLATUZUMAB VEDOTIN
NCT04833114,Ifosfamide,IFOSFAMIDE
NCT04833114,Carboplatin,CARBOPLATIN
NCT04833114,Etoposide,ETOPOSIDE
NCT04793958,Cetuximab,CETUXIMAB
NCT06072781,avutometinib,AVUTOMETINIB
NCT06072781,Defactinib,DEFACTINIB
NCT06072781,Pegylated liposomal doxorubicin,DOXORUBICIN HYDROCHLORIDE
NCT06072781,Paclitaxel,PACLITAXEL
NCT06072781,Letrozole,LETROZOLE
NCT06072781,Anastrozole,ANASTROZOLE
NCT03869892,Trifluridine/tipiracil hydrochloride (S95005),TRIFLURIDINE
NCT03869892,Trifluridine/tipiracil hydrochloride (S95005),TIPIRACIL HYDROCHLORIDE
NCT03869892,Capecitabine,CAPECITABINE
NCT03155997,Abemaciclib,ABEMACICLIB
NCT03155997,Standard Adjuvant Endocrine Therapy,ADJUVANT
NCT03765918,Pembrolizumab 200 mg,PEMBROLIZUMAB
NCT03765918,Cisplatin 100 mg/m^2,CISPLATIN
NCT04623775,Nivolumab,NIVOLUMAB
NCT04623775,Relatlimab,RELATLIMAB
NCT04623775,Carboplatin,CARBOPLATIN
NCT04623775,Cisplatin,CISPLATIN
NCT04623775,Paclitaxel,PACLITAXEL
NCT04623775,Nab-Paclitaxel,NAB-PACLITAXEL
NCT03225664,Pembrolizumab,PEMBROLIZUMAB
NCT03225664,Trametinib,TRAMETINIB
NCT06875310,Adagrasib,ADAGRASIB
NCT06875310,Pembrolizumab,PEMBROLIZUMAB
NCT06875310,Carboplatin,CARBOPLATIN
NCT06875310,Cisplatin,CISPLATIN
NCT04116541,Ribociclib,RIBOCICLIB
NCT04116541,Alectinib,ALECTINIB
NCT04116541,Regorafenib,REGORAFENIB
NCT04116541,Trametinib,TRAMETINIB
NCT04116541,Dabrafenib,DABRAFENIB
NCT04116541,Avapritinib,AVAPRITINIB
NCT07409272,Oxaliplatin,OXALIPLATIN
NCT07409272,Irinotecan,IRINOTECAN HYDROCHLORIDE
NCT07409272,fluorouracil,FLUOROURACIL
NCT06682572,Avutometinib (VS-6766) + Defactinib (VS-6063),AVUTOMETINIB
NCT06682572,Avutometinib (VS-6766) + Defactinib (VS-6063),DEFACTINIB
NCT04092673,Sotorasib,SOTORASIB
NCT04092673,Fulvestrant,FULVESTRANT
NCT04092673,Abemaciclib,ABEMACICLIB
NCT04092673,Trastuzumab,TRASTUZUMAB
NCT07247110,Pembrolizumab,PEMBROLIZUMAB
NCT07247110,Cetuximab,CETUXIMAB
NCT06416410,Tislelizumab,TISLELIZUMAB
NCT06416410,Carboplatin,CARBOPLATIN
NCT06946927,Carboplatin,CARBOPLATIN
NCT03126916,Busulfan,BUSULFAN
NCT03126916,Carboplatin,CARBOPLATIN
NCT03126916,Cisplatin,CISPLATIN
NCT03126916,Cyclophosphamide,CYCLOPHOSPHAMIDE
NCT03126916,Dexrazoxane Hydrochloride,DEXRAZOXANE
NCT03126916,Dinutuximab,DINUTUXIMAB
NCT03126916,Doxorubicin Hydrochloride,DOXORUBICIN HYDROCHLORIDE
NCT03126916,Etoposide Phosphate,ETOPOSIDE PHOSPHATE
NCT03126916,Iobenguane I-123,IOBENGUANE I-123
NCT03126916,Iobenguane I-131,IOBENGUANE I-131
NCT03126916,Isotretinoin,ISOTRETINOIN
NCT03126916,Lorlatinib,LORLATINIB
NCT03126916,Melphalan Hydrochloride,MELPHALAN HYDROCHLORIDE
NCT03126916,Sargramostim,SARGRAMOSTIM
NCT03126916,Thiotepa,THIOTEPA
NCT03126916,Topotecan Hydrochloride,TOPOTECAN HYDROCHLORIDE
NCT03126916,Vincristine Sulfate,VINCRISTINE SULFATE
NCT03917043,APG-2449,APG-2449
NCT02650401,Entrectinib,ENTRECTINIB
NCT06550336,Chidamide,CHIDAMIDE
NCT02568267,Entrectinib,ENTRECTINIB
NCT05170204,Alectinib,ALECTINIB
NCT05170204,Entrectinib,ENTRECTINIB
NCT05170204,Durvalumab,DURVALUMAB
NCT06225427,Gilteritinib,GILTERITINIB
NCT06765109,Alectinib,ALECTINIB
NCT02767804,X-396 (ensartinib),ENSARTINIB
NCT02767804,crizotinib,CRIZOTINIB
NCT02321501,Ceritinib,CERITINIB
NCT02321501,Everolimus,EVEROLIMUS
NCT03194893,Alectinib,ALECTINIB
NCT03194893,Crizotinib,CRIZOTINIB
NCT04318938,Brigatinib,BRIGATINIB
NCT04318938,Tyrosine kinase inhibitor,TYROSINE KINASE INHIBITOR
NCT05525338,Alectinib,ALECTINIB
NCT06834373,Golcadomide,GOLCADOMIDE
NCT06834373,Rituximab,RITUXIMAB
NCT03753685,X-396(Ensartinib) Capsule,ENSARTINIB
NCT06532149,Alectinib,ALECTINIB
NCT06532149,Brigatinib,BRIGATINIB
NCT06532149,Lorlatinib 100 mg,LORLATINIB
NCT06532149,Osimertinib,OSIMERTINIB
NCT06532149,Sotorasib,SOTORASIB
NCT06532149,Dabrafenib,DABRAFENIB
NCT06532149,Trametinib,TRAMETINIB
NCT06532149,Selpercatinib,SELPERCATINIB
NCT06532149,Pembrolizumab,PEMBROLIZUMAB
NCT06532149,Cemiplimab,CEMIPLIMAB
NCT06532149,Nivolumab,NIVOLUMAB
NCT06532149,Carboplatin,CARBOPLATIN
NCT06532149,Paclitaxel,PACLITAXEL
NCT05713006,Alectinib Oral Product,ALECTINIB HYDROCHLORIDE
NCT05507541,Ontorpacept,ONTORPACEPT
NCT05507541,Pembrolizumab,PEMBROLIZUMAB
NCT04231877,Polatuzumab Vedotin,POLATUZUMAB VEDOTIN
NCT04231877,Rituximab,RITUXIMAB
NCT04231877,Prednisone,PREDNISONE
NCT04231877,Etoposide,ETOPOSIDE
NCT04231877,Doxorubicin,DOXORUBICIN HYDROCHLORIDE
NCT04231877,Cyclophosphamide,CYCLOPHOSPHAMIDE
NCT04231877,Glofitamab,GLOFITAMAB
NCT07556549,Lorlatinib,LORLATINIB
NCT07415005,Lorlatinib,LORLATINIB
NCT03456076,Cisplatin,CISPLATIN
NCT03456076,Vinorelbine,VINORELBINE
NCT03456076,Gemcitabine,GEMCITABINE
NCT03456076,Carboplatin,CARBOPLATIN
NCT07207278,"Patients with specific TIME subtype and ALK fusion mutations (confirmed via RNA-seq and OncoKB annotation) will receive tyrosine kinase inhibitors (TKIs, e.g., alectinib or crizotinib) as first-line",TYROSINE
NCT07207278,"Patients with specific TIME subtype and ALK fusion mutations (confirmed via RNA-seq and OncoKB annotation) will receive tyrosine kinase inhibitors (TKIs, e.g., alectinib or crizotinib) as first-line",ALECTINIB HYDROCHLORIDE
NCT07207278,"Patients with specific TIME subtype and ALK fusion mutations (confirmed via RNA-seq and OncoKB annotation) will receive tyrosine kinase inhibitors (TKIs, e.g., alectinib or crizotinib) as first-line",CRIZOTINIB
NCT03202940,Alectinib,ALECTINIB
NCT03202940,Cobimetinib,COBIMETINIB
NCT05722886,Alectinib,ALECTINIB
NCT05722886,Atezolizumab,ATEZOLIZUMAB
NCT05722886,Entrectinib,ENTRECTINIB
NCT05722886,Trastuzumab in combination with pertuzumab,TRASTUZUMAB
NCT05722886,Vemurafenib in combination with cobimetinib,VEMURAFENIB
NCT05722886,Vemurafenib in combination with cobimetinib,COBIMETINIB
NCT05722886,Capmatinib,CAPMATINIB
NCT05498064,Ensartinib,ENSARTINIB
NCT04621188,Lorlatinib,LORLATINIB
NCT03420508,Ensartinib,ENSARTINIB
NCT07013565,Vinblastine (Velban),VINBLASTINE
NCT07013565,Brentuximab vedotin (Adcetris),BRENTUXIMAB
NCT07013565,Nivolumab (Opdivo),NIVOLUMAB
NCT07001384,Alectinib,ALECTINIB
NCT07001384,Duvelisib,DUVELISIB
NCT02838420,Alectinib,ALECTINIB
NCT02838420,Crizotinib,CRIZOTINIB
NCT05950139,Peptide vaccine,VACCINE
NCT06007937,Lorlatinib,LORLATINIB
NCT06007937,Ramucirumab,RAMUCIRUMAB
NCT02978625,Nivolumab,NIVOLUMAB
NCT02978625,Talimogene Laherparepvec,TALIMOGENE LAHERPAREPVEC
NCT02393625,Ceritinib (LDK378),CERITINIB
NCT02393625,Nivolumab,NIVOLUMAB
NCT07374614,Iruplinalkib tablets,IRUPLINALKIB
NCT04774718,Alectinib,ALECTINIB
NCT06333899,Lorlatinib,LORLATINIB
NCT07300514,golidocitinib,GOLIDOCITINIB
NCT04094610,Oral repotrectinib (TPX-0005),REPOTRECTINIB
NCT07567352,lorlatinib,LORLATINIB
NCT05160922,crizotinib,CRIZOTINIB
NCT07354061,Ensartinib + Chemotherapy,ENSARTINIB
NCT06410040,Lorlatinib,LORLATINIB
NCT05004116,Repotrectinib,REPOTRECTINIB
NCT05004116,Irinotecan and temozolomide,IRINOTECAN HYDROCHLORIDE
NCT05004116,Irinotecan and temozolomide,TEMOZOLOMIDE
NCT05721950,Brigatinib,BRIGATINIB
NCT05200481,Brigatinib 180 MG,BRIGATINIB
NCT05200481,Carboplatin,CARBOPLATIN
NCT03703050,Nivolumab cohort 1,NIVOLUMAB
NCT03707938,Brigatinib,BRIGATINIB
NCT06282874,Lorlatinib,LORLATINIB
NCT06678555,Lorlatinib,LORLATINIB
NCT06172296,Carboplatin,CARBOPLATIN
NCT06172296,Cisplatin,CISPLATIN
NCT06172296,Cyclophosphamide,CYCLOPHOSPHAMIDE
NCT06172296,Dinutuximab,DINUTUXIMAB
NCT06172296,Doxorubicin,DOXORUBICIN HYDROCHLORIDE
NCT06172296,Etoposide,ETOPOSIDE
NCT06172296,Irinotecan,IRINOTECAN HYDROCHLORIDE
NCT06172296,Isotretinoin,ISOTRETINOIN
NCT06172296,Melphalan,MELPHALAN
NCT06172296,Temozolomide,TEMOZOLOMIDE
NCT06172296,Thiotepa,THIOTEPA
NCT06172296,Topotecan,TOPOTECAN HYDROCHLORIDE
NCT06172296,Vincristine,VINCRISTINE
NCT05770037,Alectinib,ALECTINIB
NCT04084717,Crizotinib,CRIZOTINIB
NCT06569420,Drug: Crizotinib,CRIZOTINIB
NCT05159245,Alectinib,ALECTINIB
NCT05159245,Cobimetinib,COBIMETINIB
NCT05159245,Vismodegib,VISMODEGIB
NCT05159245,Trastuzumab+Pertuzumab,TRASTUZUMAB
NCT05159245,Entrectinib,ENTRECTINIB
NCT05159245,Atezolizumab,ATEZOLIZUMAB
NCT05159245,Vemurafenib,VEMURAFENIB
NCT05159245,Regorafenib,REGORAFENIB
NCT05159245,Apalutamide,APALUTAMIDE
NCT05159245,Abemaciclib,ABEMACICLIB
NCT05159245,Tepotinib,TEPOTINIB
NCT05159245,Dabrafenib,DABRAFENIB
NCT05159245,Trametinib,TRAMETINIB
NCT05159245,Dabrafenib+Trametinib,DABRAFENIB + TRAMETINIB
NCT05159245,Pemigatinib,PEMIGATINIB
NCT04439266,Crizotinib,CRIZOTINIB
NCT07140016,gilteritinib,GILTERITINIB
NCT03093116,Oral repotrectinib (TPX-0005),REPOTRECTINIB
NCT05014464,Crizotinib,CRIZOTINIB
NCT05740943,Lorlatinib,LORLATINIB
NCT06487078,Lorlatinib,LORLATINIB
NCT03213652,Ensartinib,ENSARTINIB
NCT06862869,Alectinib,ALECTINIB
NCT05341583,Ensartinib,ENSARTINIB
NCT05491811,Ensartinib,ENSARTINIB
NCT05063565,Durvalumab (Imfinzi) immunotherapy,DURVALUMAB
NCT05063565,Tremelimumab immunotherapy,TREMELIMUMAB
NCT02584933,ceritinib,CERITINIB
NCT04925609,Brigatinib,BRIGATINIB
NCT06361589,Lorlatinib,LORLATINIB
NCT05015010,Alectinib,ALECTINIB
NCT04223596,Brigatinib,BRIGATINIB
NCT03113500,Brentuximab Vedotin,BRENTUXIMAB VEDOTIN
NCT03113500,Cyclophosphamide,CYCLOPHOSPHAMIDE
NCT03113500,Doxorubicin,DOXORUBICIN HYDROCHLORIDE
NCT03113500,Etoposide,ETOPOSIDE
NCT03113500,Etoposide Phosphate,ETOPOSIDE PHOSPHATE
NCT03113500,Prednisone,PREDNISONE
NCT05987644,Alectinib,ALECTINIB
NCT02201992,Crizotinib,CRIZOTINIB
NCT03052608,Lorlatinib,LORLATINIB
NCT03052608,Crizotinib,CRIZOTINIB
NCT05144997,Lorlatinib,LORLATINIB
NCT06082635,Crizotinib,CRIZOTINIB
NCT04127110,Lorlatinib,LORLATINIB
NCT04227028,Brigatinib,BRIGATINIB
NCT05991895,Iruplinalkib,IRUPLINALKIB
NCT06362369,Ipilimumab,IPILIMUMAB
NCT06362369,Nivolumab,NIVOLUMAB
NCT03038672,Nivolumab,NIVOLUMAB
NCT03038672,Varlilumab,VARLILUMAB
NCT04837716,Carboplatin,CARBOPLATIN
NCT04837716,Ensartinib,ENSARTINIB
NCT05241028,Ensartinib,ENSARTINIB
NCT06378892,Lorlatinib,LORLATINIB
NCT05266846,Pembrolizumab injection,PEMBROLIZUMAB
NCT05742425,Serplulimab Combined With FOLFIRI and Bevacizumab,SERPLULIMAB
NCT03340506,dabrafenib,DABRAFENIB
NCT03340506,trametinib,TRAMETINIB
NCT06280495,Oxaliplatin,OXALIPLATIN
NCT06280495,Fluorouracil,FLUOROURACIL
NCT06280495,Serplulimab,SERPLULIMAB
NCT05195632,Encorafenib,ENCORAFENIB
NCT05195632,Binimetinib,BINIMETINIB
NCT06275919,Regorafenib 40 MG Oral Tablet,REGORAFENIB
NCT04526782,Encorafenib 75 MG,ENCORAFENIB
NCT04526782,Binimetinib 15 MG,BINIMETINIB
NCT06550453,Pabolizumab+ bevacizumab and CapeOX (bevacizumab + oxaliplatin + capecitabine),OXALIPLATIN
NCT06550453,Pabolizumab+ bevacizumab and CapeOX (bevacizumab + oxaliplatin + capecitabine),CAPECITABINE
NCT06148402,Fruquintinib plus camrelizumab and capecitabine,FRUQUINTINIB
NCT06148402,Fruquintinib plus camrelizumab and capecitabine,CAMRELIZUMAB
NCT06148402,Fruquintinib plus camrelizumab and capecitabine,CAPECITABINE
NCT02997228,Atezolizumab,ATEZOLIZUMAB
NCT02997228,Fluorouracil,FLUOROURACIL
NCT02997228,Oxaliplatin,OXALIPLATIN
NCT05525273,Oral dabrafenib and trametinib,DABRAFENIB
NCT05525273,Oral dabrafenib and trametinib,TRAMETINIB
NCT02671435,Monalizumab,MONALIZUMAB
NCT02671435,Durvalumab,DURVALUMAB
NCT02671435,Cetuximab,CETUXIMAB
NCT05527795,Frequency and duration of response to adjuvant immunotherapy according to clinical features,ADJUVANT
NCT03919071,Dabrafenib Mesylate,DABRAFENIB
NCT03919071,Trametinib Dimethyl Sulfoxide,TRAMETINIB DIMETHYL SULFOXIDE
NCT04544111,Trametinib,TRAMETINIB
NCT04544111,Dabrafenib,DABRAFENIB
NCT03224767,Vemurafenib,VEMURAFENIB
NCT03224767,Cobimetinib,COBIMETINIB
NCT02721459,Vemurafenib,VEMURAFENIB
NCT02721459,Cobimetinib,COBIMETINIB
NCT02152995,Iodine I 124,IODINE
NCT02152995,Iodine I-131,IODINE I-131
NCT02152995,Trametinib,TRAMETINIB
NCT06763029,Irinotecan liposomes combined with cetuximab + vermofenib,IRINOTECAN HYDROCHLORIDE
NCT06763029,Irinotecan liposomes combined with cetuximab + vermofenib,CETUXIMAB
NCT06653517,Dabrafenib,DABRAFENIB
NCT06653517,Trametinib,TRAMETINIB
NCT00338377,Cyclophosphamide,CYCLOPHOSPHAMIDE
NCT00338377,Fludarabine,FLUDARABINE
NCT06666348,Mirdametinib,MIRDAMETINIB
NCT06887088,Encorafenib + Binimetinib,ENCORAFENIB + BINIMETINIB
NCT06887088,cemiplimab+fianlimab,CEMIPLIMAB
NCT06887088,cemiplimab+fianlimab,FIANLIMAB
NCT04439292,Dabrafenib Mesylate,DABRAFENIB
NCT04439292,Trametinib Dimethyl Sulfoxide,TRAMETINIB DIMETHYL SULFOXIDE
NCT04074096,Binimetinib Oral Tablet,BINIMETINIB
NCT04074096,Encorafenib Oral Capsule,ENCORAFENIB
NCT04074096,Pembrolizumab,PEMBROLIZUMAB
NCT05768178,Vemurafenib,VEMURAFENIB
NCT05768178,Cobimetinib,COBIMETINIB
NCT06079333,dabrafenib/trametinib,DABRAFENIB + TRAMETINIB
NCT01989585,Dabrafenib,DABRAFENIB
NCT01989585,Navitoclax,NAVITOCLAX
NCT01989585,Trametinib,TRAMETINIB
NCT06440850,Cobimetinib,COBIMETINIB
NCT06440850,Iodine I-131,IODINE I-131
NCT06440850,Recombinant Thyrotropin Alfa,THYROTROPIN
NCT06440850,Vemurafenib,VEMURAFENIB
NCT06902376,Cemiplimab,CEMIPLIMAB
NCT07419932,Multitarget Tyrosine Kinase Inhibitors,TYROSINE
NCT07419932,BRAF inhibitor dabrafenib and MEK inhibitor trametinib,DABRAFENIB
NCT07419932,BRAF inhibitor dabrafenib and MEK inhibitor trametinib,TRAMETINIB
NCT06703398,"dacarbazine, temozolomide, paclitaxel ,platinum or cisplatin",DACARBAZINE
NCT06703398,"dacarbazine, temozolomide, paclitaxel ,platinum or cisplatin",TEMOZOLOMIDE
NCT06703398,"dacarbazine, temozolomide, paclitaxel ,platinum or cisplatin",PACLITAXEL
NCT06703398,"dacarbazine, temozolomide, paclitaxel ,platinum or cisplatin",PLATINUM
NCT06703398,"dacarbazine, temozolomide, paclitaxel ,platinum or cisplatin",CISPLATIN
NCT03181100,Atezolizumab,ATEZOLIZUMAB
NCT03181100,Cobimetinib,COBIMETINIB
NCT03181100,Nab-paclitaxel,NAB-PACLITAXEL
NCT03181100,Paclitaxel,PACLITAXEL
NCT03181100,Vemurafenib,VEMURAFENIB
NCT06279351,Thalidomide+cetuximab+FOLFOX/FOLFIRI,THALIDOMIDE
NCT06279351,Thalidomide+cetuximab+FOLFOX/FOLFIRI,CETUXIMAB
NCT05180825,Trametinib,TRAMETINIB
NCT05180825,Vinblastine,VINBLASTINE
NCT05985109,regorafenib,REGORAFENIB
NCT05691504,Cobimetinib,COBIMETINIB
NCT05691504,Pelcitoclax,PELCITOCLAX
NCT06965114,Cladribine,CLADRIBINE
NCT06965114,Rituximab,RITUXIMAB
NCT06965114,Tovorafenib,TOVORAFENIB
NCT03839342,Binimetinib,BINIMETINIB
NCT03839342,Encorafenib,ENCORAFENIB
NCT06776757,Sintilimab+Cetuximab+Chemotherapy (mFOLFOX6/FOLFIRI/CAPEOX/CAPIRI),SINTILIMAB
NCT06776757,Sintilimab+Cetuximab+Chemotherapy (mFOLFOX6/FOLFIRI/CAPEOX/CAPIRI),CETUXIMAB
NCT03975231,Dabrafenib,DABRAFENIB
NCT03975231,Trametinib,TRAMETINIB
NCT05800340,Toripalimab,TORIPALIMAB
NCT05800340,Nab paclitaxel,NAB-PACLITAXEL
NCT05800340,Carboplatin,CARBOPLATIN
NCT07092670,Dabrafenib + Trametinib,DABRAFENIB + TRAMETINIB
NCT07092670,Pembrolizumab,PEMBROLIZUMAB
NCT07092670,Nivolumab,NIVOLUMAB
NCT04238624,Dabrafenib,DABRAFENIB
NCT04238624,Trametinib,TRAMETINIB
NCT04741997,Encorafenib Pill,ENCORAFENIB
NCT04741997,Binimetinib Pill,BINIMETINIB
NCT04741997,Nivolumab,NIVOLUMAB
NCT06411600,Encorafenib,ENCORAFENIB
NCT06411600,Cetuximab,CETUXIMAB
NCT02523040,Lenalidomide,LENALIDOMIDE
NCT06547203,Cetuximab,CETUXIMAB
NCT06547203,Toripalimab,TORIPALIMAB
NCT06547203,Irinotecan,IRINOTECAN HYDROCHLORIDE
NCT07150247,5-Fluorouracil,FLUOROURACIL
NCT07150247,Irinotecan (drug),IRINOTECAN HYDROCHLORIDE
NCT07012954,"Cetuximab (Erbitux, C225)",CETUXIMAB
NCT07012954,trifluridine/tipiracil,TRIFLURIDINE
NCT07012954,trifluridine/tipiracil,TIPIRACIL HYDROCHLORIDE
NCT03363217,Trametinib,TRAMETINIB
NCT06475989,Dabrafenib,DABRAFENIB
NCT06475989,Trametinib,TRAMETINIB
NCT06400225,Ulixertinib,ULIXERTINIB
NCT02304809,Vemurafenib,VEMURAFENIB
NCT06906822,enfortumab vedotin,ENFORTUMAB VEDOTIN
NCT06906822,pembrolizumab,PEMBROLIZUMAB
NCT01709292,Vemurafenib (All Groups),VEMURAFENIB
NCT05022030,mCapOX plus cetuximab,CETUXIMAB
NCT06008119,Tunlametinib plus Vemurafenib,TUNLAMETINIB
NCT06008119,Tunlametinib plus Vemurafenib,VEMURAFENIB
NCT06008119,Doublets Chemotherapy ± Bevacizumab or Doublets Chemotherapy ± Cetuximab,CETUXIMAB
NCT04079179,Cobimetinib,COBIMETINIB
NCT03235245,Nivolumab + Ipilimumab,NIVOLUMAB
NCT03235245,Nivolumab + Ipilimumab,IPILIMUMAB
NCT03235245,Encorafenib + Binimetinib,ENCORAFENIB + BINIMETINIB
NCT04625907,Irinotecan,IRINOTECAN HYDROCHLORIDE
NCT04625907,Doxorubicin,DOXORUBICIN HYDROCHLORIDE
NCT04625907,Ifosfamide,IFOSFAMIDE
NCT04625907,Vincristine,VINCRISTINE
NCT04625907,Vinorelbine,VINORELBINE
NCT04625907,Cyclophosphamide,CYCLOPHOSPHAMIDE
NCT04625907,Temozolomide,TEMOZOLOMIDE
NCT04625907,Regorafenib,REGORAFENIB
NCT06978400,mFOLFOX6 + dabrafenib and cetuximab or panitumumab in the first line of therapy,DABRAFENIB
NCT06978400,mFOLFOX6 + dabrafenib and cetuximab or panitumumab in the first line of therapy,CETUXIMAB
NCT06978400,mFOLFOX6 + dabrafenib and cetuximab or panitumumab in the first line of therapy,PANITUMUMAB
NCT06908031,Cetuximab,CETUXIMAB
NCT05217446,Encorafenib,ENCORAFENIB
NCT05217446,Cetuximab,CETUXIMAB
NCT05217446,Pembrolizumab,PEMBROLIZUMAB
NCT05503797,Plixorafenib,PLIXORAFENIB
NCT06321081,"irinotecan, cetuximab, envafolimab",IRINOTECAN HYDROCHLORIDE
NCT06321081,"irinotecan, cetuximab, envafolimab",CETUXIMAB
NCT06321081,"irinotecan, cetuximab, envafolimab",ENVAFOLIMAB
NCT02840409,Vinblastine,VINBLASTINE
NCT04439279,Trametinib Dimethyl Sulfoxide,TRAMETINIB DIMETHYL SULFOXIDE
NCT04557956,Dabrafenib Mesylate,DABRAFENIB
NCT04557956,Tazemetostat Hydrobromide,TAZEMETOSTAT HYDROBROMIDE
NCT04557956,Trametinib Dimethyl Sulfoxide,TRAMETINIB DIMETHYL SULFOXIDE
NCT03803553,Nivolumab Protocol,NIVOLUMAB
NCT03803553,Encorafenib/Binimetinib/Cetuximab Protocol,ENCORAFENIB
NCT03803553,Encorafenib/Binimetinib/Cetuximab Protocol,BINIMETINIB
NCT03803553,Encorafenib/Binimetinib/Cetuximab Protocol,CETUXIMAB
NCT03803553,Trastuzumab + Pertuzumab,TRASTUZUMAB
NCT05121038,Panitumumab,PANITUMUMAB
NCT04940052,Dabrafenib,DABRAFENIB
NCT04940052,Trametinib,TRAMETINIB
NCT04417621,LXH254,LXH254
NCT04417621,Trametinib,TRAMETINIB
NCT04417621,Ribociclib,RIBOCICLIB
NCT05706779,Encorafenib Oral Capsule + Cetuximab,ENCORAFENIB
NCT05706779,Encorafenib Oral Capsule + Cetuximab,CETUXIMAB
NCT04854668,Anlotinib hydrochloride capsule,ANLOTINIB
NCT04854668,Oxaliplatin,OXALIPLATIN
NCT04854668,Capecitabine,CAPECITABINE
NCT05355701,binimetinib,BINIMETINIB
NCT05355701,cetuximab,CETUXIMAB
NCT05355701,midazolam,MIDAZOLAM HYDROCHLORIDE
NCT05355701,fluorouracil,FLUOROURACIL
NCT05355701,oxaliplatin,OXALIPLATIN
NCT01089101,Selumetinib,SELUMETINIB
NCT07110246,Dabrafenib,DABRAFENIB
NCT07110246,Trametinib,TRAMETINIB
NCT06599619,"Single agent, adjuvant anti-PD1 therapy",ADJUVANT
NCT03543969,Encorafenib,ENCORAFENIB
NCT03543969,Binimetinib,BINIMETINIB
NCT03543969,Nivolumab,NIVOLUMAB
NCT06374602,Pembrolizumab + Lenvatinib,PEMBROLIZUMAB
NCT06374602,Pembrolizumab + Lenvatinib,LENVATINIB
NCT02196181,Dabrafenib Mesylate,DABRAFENIB
NCT02196181,Trametinib Dimethyl Sulfoxide,TRAMETINIB DIMETHYL SULFOXIDE
NCT06195228,dabrafenib plus trametinib with or without PD-1 antibody,DABRAFENIB
NCT06195228,dabrafenib plus trametinib with or without PD-1 antibody,TRAMETINIB
NCT06195228,entrectinib or larotrectinib with or without anti-PD-1 antibdoy,ENTRECTINIB
NCT06195228,entrectinib or larotrectinib with or without anti-PD-1 antibdoy,LAROTRECTINIB SULFATE
NCT06195228,pralsetinib or selpercatinib with or without anti-PD-1 antibdoy,PRALSETINIB
NCT06195228,pralsetinib or selpercatinib with or without anti-PD-1 antibdoy,SELPERCATINIB
NCT06195228,anlotinib or anlotinib plus anti-PD-1 antibody,ANLOTINIB
NCT06195228,lenvatinib plus anti-PD-1 antibody,LENVATINIB
NCT06159478,Binimetinib 15 MG,BINIMETINIB
NCT05576896,Hydroxychloroquine in Combination With Encorafenib and Cetuximab or Panitumumab,HYDROXYCHLOROQUINE SULFATE
NCT05576896,Hydroxychloroquine in Combination With Encorafenib and Cetuximab or Panitumumab,ENCORAFENIB
NCT05576896,Hydroxychloroquine in Combination With Encorafenib and Cetuximab or Panitumumab,CETUXIMAB
NCT05576896,Hydroxychloroquine in Combination With Encorafenib and Cetuximab or Panitumumab,PANITUMUMAB
NCT04673955,Encorafenib,ENCORAFENIB
NCT04673955,Cetuximab,CETUXIMAB
NCT04949113,Neoadjuvant ipilimumab + nivolumab,IPILIMUMAB
NCT04949113,Neoadjuvant ipilimumab + nivolumab,NIVOLUMAB
NCT04949113,Adjuvant nivolumab,ADJUVANT
NCT04511013,Binimetinib,BINIMETINIB
NCT04511013,Encorafenib,ENCORAFENIB
NCT04511013,Ipilimumab,IPILIMUMAB
NCT04511013,Nivolumab,NIVOLUMAB
NCT07210632,Nivolumab,NIVOLUMAB
NCT04061980,Binimetinib,BINIMETINIB
NCT04061980,Encorafenib,ENCORAFENIB
NCT04061980,Nivolumab,NIVOLUMAB
NCT03410875,Vemurafenib,VEMURAFENIB
NCT03410875,Obinutuzumab,OBINUTUZUMAB
NCT06610682,Plixorafenib,PLIXORAFENIB
NCT06610682,Retifanlimab,RETIFANLIMAB
NCT02231775,Dabrafenib,DABRAFENIB
NCT02231775,Trametinib,TRAMETINIB
NCT03563729,Pembrolizumab Injection [Keytruda],PEMBROLIZUMAB
NCT03563729,Ipilimumab Injection [Yervoy],IPILIMUMAB
NCT03563729,Nivolumab Injection [Opdivo],NIVOLUMAB
NCT03563729,Encorafenib,ENCORAFENIB
NCT03563729,Binimetinib,BINIMETINIB
NCT03563729,Dabrafenib,DABRAFENIB
NCT03563729,Trametinib,TRAMETINIB
NCT06194929,Defactinib,DEFACTINIB
NCT06194929,Avutometinib,AVUTOMETINIB
NCT06194929,Encorafenib,ENCORAFENIB
NCT02455245,Carboplatin and Vincristine,CARBOPLATIN
NCT02455245,Carboplatin and Vincristine,VINCRISTINE SULFATE
NCT04913285,KIN-2787 and binimetinib,BINIMETINIB
NCT03175432,Atezolizumab,ATEZOLIZUMAB
NCT03175432,Cobimetinib,COBIMETINIB
NCT03600701,Atezolizumab,ATEZOLIZUMAB
NCT03600701,Cobimetinib,COBIMETINIB
NCT02224781,Dabrafenib Mesylate,DABRAFENIB
NCT02224781,Ipilimumab,IPILIMUMAB
NCT02224781,Nivolumab,NIVOLUMAB
NCT02224781,Trametinib Dimethyl Sulfoxide,TRAMETINIB DIMETHYL SULFOXIDE
NCT05512208,Avutometinib (VS-6766) + defactinib,AVUTOMETINIB
NCT05512208,Avutometinib (VS-6766) + defactinib,DEFACTINIB
NCT04576117,Selumetinib Sulfate,SELUMETINIB SULFATE
NCT04576117,Vinblastine Sulfate,VINBLASTINE SULFATE
NCT06603376,FOLFIRI + Vemurafenib + Cetuximab,VEMURAFENIB
NCT06603376,FOLFIRI + Vemurafenib + Cetuximab,CETUXIMAB
NCT04666272,dabrafenib,DABRAFENIB
NCT04666272,trametinib,TRAMETINIB
NCT04166409,Carboplatin,CARBOPLATIN
NCT04166409,Selumetinib Sulfate,SELUMETINIB SULFATE
NCT04166409,Vincristine Sulfate,VINCRISTINE SULFATE
NCT04722575,Cobimetinib 20 MG Oral Tablet,COBIMETINIB
NCT04722575,Vemurafenib 240 Mg Oral Capsule,VEMURAFENIB
NCT04722575,Atezolizumab 1200 MG in 20 ML Injection,ATEZOLIZUMAB
NCT05727904,Lifileucel plus Pembrolizumab,PEMBROLIZUMAB
NCT04324112,binimetinib,BINIMETINIB
NCT04324112,Encorafenib,ENCORAFENIB
NCT04903119,Nilotinib 100mg,NILOTINIB
NCT04903119,Dabrafenib,DABRAFENIB
NCT04903119,Trametinib,TRAMETINIB
NCT04903119,Encorafenib,ENCORAFENIB
NCT04903119,Binimetinib,BINIMETINIB
NCT07441707,Tovorafenib,TOVORAFENIB
NCT06362694,Dabrafenib + Trametinib,DABRAFENIB + TRAMETINIB
NCT04675710,Dabrafenib,DABRAFENIB
NCT04675710,Pembrolizumab,PEMBROLIZUMAB
NCT04675710,Trametinib,TRAMETINIB
NCT06381570,Tovorafenib,TOVORAFENIB
NCT06381570,Vinblastine,VINBLASTINE
NCT04201457,Dabrafenib,DABRAFENIB
NCT04201457,Trametinib,TRAMETINIB
NCT04201457,Hydroxychloroquine,HYDROXYCHLOROQUINE
NCT02910700,Binimetinib,BINIMETINIB
NCT02910700,Dabrafenib,DABRAFENIB
NCT02910700,Encorafenib,ENCORAFENIB
NCT02910700,Nivolumab,NIVOLUMAB
NCT02910700,Trametinib,TRAMETINIB
NCT04607421,Encorafenib,ENCORAFENIB
NCT04607421,Cetuximab,CETUXIMAB
NCT04607421,Oxaliplatin,OXALIPLATIN
NCT04607421,Irinotecan,IRINOTECAN HYDROCHLORIDE
NCT04607421,Capecitabine,CAPECITABINE
NCT06712875,Trametinib and Nivolumab,TRAMETINIB
NCT06712875,Trametinib and Nivolumab,NIVOLUMAB
NCT06712875,"Dabrafenib, trametinib, nivolumab",DABRAFENIB
NCT06784648,pembrolizumab (KEYTRUDA®),PEMBROLIZUMAB
NCT06784648,"Ipilimumab (YervoyTM, 50 mg/10 mL solution)",IPILIMUMAB
NCT07022457,Encorafenib + Binimetinib,ENCORAFENIB + BINIMETINIB
NCT04322383,binimetinib,BINIMETINIB
NCT04687631,mFOLFOXIRI plus Cetuximab,CETUXIMAB
NCT06640166,encorafenib + cetuximab + FOLFIRI,ENCORAFENIB
NCT06640166,encorafenib + cetuximab + FOLFIRI,CETUXIMAB
NCT07285590,Pirtobrutinib and rituximab,PIRTOBRUTINIB
NCT07285590,Pirtobrutinib and rituximab,RITUXIMAB
NCT07460362,Glofitamab,GLOFITAMAB
NCT07460362,Lenalidomide,LENALIDOMIDE
NCT03611868,Phase 1b: APG-115+pembrolizumab,PEMBROLIZUMAB
NCT06456463,Venetoclax,VENETOCLAX
NCT06456463,Azacitidine,AZACITIDINE
NCT07191431,Selinexor+Orelabrutinib+Methotrexate/Thiotepa/Temozolomide,SELINEXOR
NCT07191431,Selinexor+Orelabrutinib+Methotrexate/Thiotepa/Temozolomide,ORELABRUTINIB
NCT07191431,Selinexor+Orelabrutinib+Methotrexate/Thiotepa/Temozolomide,METHOTREXATE
NCT07191431,Selinexor+Orelabrutinib+Methotrexate/Thiotepa/Temozolomide,THIOTEPA
NCT07191431,Selinexor+Orelabrutinib+Methotrexate/Thiotepa/Temozolomide,TEMOZOLOMIDE
NCT03836261,Acalabrutinib,ACALABRUTINIB
NCT03836261,Venetoclax,VENETOCLAX
NCT03836261,Obinutuzumab,OBINUTUZUMAB
NCT06635681,Daunorubicin,DAUNORUBICIN HYDROCHLORIDE
NCT06635681,Cytarabine,CYTARABINE
NCT06635681,Venetoclax,VENETOCLAX
NCT06635681,Azacitidine,AZACITIDINE
NCT07240194,Glofitamab,GLOFITAMAB
NCT07240194,PD-1 Inhibitor,PD1 INHIBITOR
NCT07240194,Lenalidomide,LENALIDOMIDE
NCT07240194,Obinutuzumab,OBINUTUZUMAB
NCT05735717,Fludarabine,FLUDARABINE
NCT05735717,Busulfan,BUSULFAN
NCT05735717,Melphalan,MELPHALAN
NCT05735717,Rituximab,RITUXIMAB
NCT05735717,Levetiracetam,LEVETIRACETAM
NCT05735717,Cyclophosphamide,CYCLOPHOSPHAMIDE
NCT06701357,CR-CHOP + Orelabrutinib,ORELABRUTINIB
NCT06701357,CR-CHOP + decitabine,DECITABINE
NCT07564453,Blinatumomab,BLINATUMOMAB
NCT06504199,Obinutuzumab,OBINUTUZUMAB
NCT06504199,Zanubrutinib,ZANUBRUTINIB
NCT06504199,Lenalidomide,LENALIDOMIDE
NCT06504199,Cytarabine,CYTARABINE
NCT01898494,cisplatin,CISPLATIN
NCT01898494,carboplatin,CARBOPLATIN
NCT07342478,Pirtobrutinib,PIRTOBRUTINIB
NCT02734537,Cisplatin,CISPLATIN
NCT06517511,Selinexor Oral Tablet [Xpovio],SELINEXOR
NCT02432963,Modified Vaccinia Virus Ankara Vaccine Expressing p53,VACCINE
NCT02432963,Pembrolizumab,PEMBROLIZUMAB
NCT07108530,Consolidation Therapy Options: MA or Intermediate-Dose Cytarabine Regimen,CYTARABINE HYDROCHLORIDE
NCT07094464,Maintenance Therapy with Selinexor and Azacitidine,SELINEXOR
NCT07094464,Maintenance Therapy with Selinexor and Azacitidine,AZACITIDINE
NCT03580928,Venetoclax,VENETOCLAX
NCT03580928,Obinutuzumab,OBINUTUZUMAB
NCT03580928,Acalabrutinib,ACALABRUTINIB
NCT02965950,Cyclophosphamide,CYCLOPHOSPHAMIDE
NCT06413992,Camrelizumab,CAMRELIZUMAB
NCT06413992,paclitaxel (albumin bound),PACLITAXEL
NCT06413992,Carboplatin injection,CARBOPLATIN
NCT06088030,Arsenic trioxide,ARSENIC TRIOXIDE
NCT05180695,Pazopanib,PAZOPANIB
NCT02624973,Neoadjuvant tamoxifen + goserelin (premenopausal women),TAMOXIFEN
NCT02624973,Neoadjuvant letrozole (postmenopausal women),LETROZOLE
NCT02624973,Neoadjuvant endocrine therapy + palbociclib (if lack of response to endocrine therapy alone),PALBOCICLIB
NCT02624973,Neoadjuvant docetaxel + cyclophosphamide,CYCLOPHOSPHAMIDE
NCT02624973,Neoadjuvant docetaxel + trastuzumab + pertuzumab,TRASTUZUMAB
NCT02624973,Neoadjuvant olaparib,OLAPARIB
NCT02624973,Adjuvant trastuzumab,ADJUVANT
NCT02624973,Adjuvant Epirubicin+ Cyclophosphamide,EPIRUBICIN
NCT05611931,Selinexor,SELINEXOR
NCT06311227,Venetoclax,VENETOCLAX
NCT03013998,Samalizumab (BAML-16-001-S1),SAMALIZUMAB
NCT03013998,Daunorubicin (BAML-16-001-S1),DAUNORUBICIN HYDROCHLORIDE
NCT03013998,Cytarabine (BAML-16-001-S1),CYTARABINE HYDROCHLORIDE
NCT03013998,Azacitidine (BAML-16-001-S2),AZACITIDINE
NCT03013998,Entospletinib (BAML-16-001-S4),ENTOSPLETINIB
NCT03013998,Decitabine (BAML-16-001-S5),DECITABINE
NCT03013998,Pevonedistat (BAML-16-001-S9),PEVONEDISTAT
NCT03013998,Gilteritinib (BAML-16-001-S8 Group 1),GILTERITINIB
NCT03013998,Venetoclax (BAML-16-001-S10),VENETOCLAX
NCT03013998,AZD5991 (BAML-16-001-S18),AZD5991
NCT03013998,ficlatuzumab (BAML-16-001-S24),FICLATUZUMAB
NCT03641313,Berzosertib,BERZOSERTIB
NCT03641313,Irinotecan,IRINOTECAN HYDROCHLORIDE
NCT06005870,Zanubrutinib plus RCHOP,ZANUBRUTINIB
NCT07209449,Abemaciclib,ABEMACICLIB
NCT07209449,Elacestrant,ELACESTRANT
NCT06686108,Azacitidine (AZA) Days 1 - 5,AZACITIDINE
NCT06686108,Decitabine (DAC),DECITABINE
NCT06686108,Venetoclax,VENETOCLAX
NCT04855695,Acalabrutinib,ACALABRUTINIB
NCT04855695,Venetoclax,VENETOCLAX
NCT04855695,Obinutuzumab,OBINUTUZUMAB
NCT06496308,Orelabrutinib,ORELABRUTINIB
NCT06496308,Bendamustine,BENDAMUSTINE
NCT06496308,Rituximab,RITUXIMAB
NCT06496308,Venetoclax,VENETOCLAX
NCT04585750,pembrolizumab,PEMBROLIZUMAB
NCT03336333,Zanubrutinib,ZANUBRUTINIB
NCT03336333,Bendamustine,BENDAMUSTINE
NCT03336333,Rituximab,RITUXIMAB
NCT03336333,Venetoclax,VENETOCLAX
NCT04234061,ibrutinib and Tisagenlecleucel,IBRUTINIB
NCT04234061,ibrutinib and Tisagenlecleucel,TISAGENLECLEUCEL
NCT02340117,nab-paclitaxel,NAB-PACLITAXEL
NCT02340117,Gemcitabine,GEMCITABINE
NCT03903835,Enzalutamide Oral Capsule,ENZALUTAMIDE
NCT03903835,Carboplatin,CARBOPLATIN
NCT03903835,Cabazitaxel 60 mg Solution for Injection,CABAZITAXEL
NCT03903835,Radium Chloride Ra-223,RADIUM CHLORIDE RA-223
NCT03903835,Niraparib plus Abiraterone acetate plus Prednisone,NIRAPARIB
NCT03903835,Niraparib plus Abiraterone acetate plus Prednisone,ACETATE
NCT03903835,Niraparib plus Abiraterone acetate plus Prednisone,PREDNISONE
NCT03903835,Capivasertib plus Docetaxel,CAPIVASERTIB
NCT03903835,Apalutamide,APALUTAMIDE
NCT03903835,Darolutamide,DAROLUTAMIDE
NCT03850574,Tuspetinib,TUSPETINIB
NCT03850574,Venetoclax Oral Tablet,VENETOCLAX
NCT03850574,Azacitidine for Intravenous Infusion,AZACITIDINE
NCT06366347,Abemaciclib,ABEMACICLIB
NCT06366347,Letrozole,LETROZOLE
NCT06366347,Pembrolizumab,PEMBROLIZUMAB
NCT04147533,Imatinib withdrawal,IMATINIB
NCT04147533,Dasatinib,DASATINIB
NCT04147533,Nilotinib,NILOTINIB
NCT06644183,Roginolisib,ROGINOLISIB
NCT06644183,Venetoclax,VENETOCLAX
NCT06644183,Rituximab,RITUXIMAB
NCT04678401,Fludarabine,FLUDARABINE
NCT04678401,Thiotepa,THIOTEPA
NCT04678401,Cyclophosphamide,CYCLOPHOSPHAMIDE
NCT04678401,Melphalan,MELPHALAN
NCT07372625,metformin hydrochloride 500 mg tablet,METFORMIN
NCT07372625,rosuvastatin 10 mg tablet,ROSUVASTATIN
NCT07372625,repaglinide 0.5 mg tablet,REPAGLINIDE
NCT07372625,midazolam hydrochloride syrup,MIDAZOLAM HYDROCHLORIDE
NCT06158399,Azacitidine in combination with R-CHOP,AZACITIDINE
NCT07008638,Bortezomib,BORTEZOMIB
NCT07008638,CPX-351,CPX
NCT06904066,aldesleukin,ALDESLEUKIN
NCT06904066,cyclophosphamide,CYCLOPHOSPHAMIDE
NCT06904066,fludarabine phosphate,FLUDARABINE
NCT05624554,Nemtabrutinib,NEMTABRUTINIB
NCT05624554,Fludarabine,FLUDARABINE
NCT05624554,Cyclophosphamide,CYCLOPHOSPHAMIDE
NCT05624554,Bendamustine,BENDAMUSTINE
NCT05624554,Rituximab,RITUXIMAB
NCT05214183,Acalabrutinib-rituximab in patients with untreated mantle cell lymphoma,ACALABRUTINIB MALEATE
NCT05214183,Acalabrutinib-rituximab in patients with untreated mantle cell lymphoma,RITUXIMAB
NCT06136351,Zanubrutinib,ZANUBRUTINIB
NCT06136351,Rituximab,RITUXIMAB
NCT07198074,Carboplatin,CARBOPLATIN
NCT07198074,Paclitaxel,PACLITAXEL
NCT07198074,Pembrolizumab,PEMBROLIZUMAB
NCT05396859,Decitabine and Cedazuridine,DECITABINE AND CEDAZURIDINE
NCT05396859,Entrectinib,ENTRECTINIB
NCT06972641,Decitabine,DECITABINE
NCT06972641,Sorafenib (BAY-43-9006)，giritinib,SORAFENIB
NCT06972641,Venetoclax;Selenisol,VENETOCLAX
NCT04322318,Carboplatin,CARBOPLATIN
NCT04322318,Cyclophosphamide,CYCLOPHOSPHAMIDE
NCT04322318,Doxorubicin,DOXORUBICIN HYDROCHLORIDE
NCT04322318,Etoposide,ETOPOSIDE
NCT04322318,Ifosfamide,IFOSFAMIDE
NCT04322318,Irinotecan,IRINOTECAN HYDROCHLORIDE
NCT04322318,Topotecan,TOPOTECAN HYDROCHLORIDE
NCT04322318,Vincristine,VINCRISTINE
NCT03781986,APG-115,APG115
NCT03781986,Carboplatin,CARBOPLATIN
NCT03226301,Ibrutinib + Venetoclax 15 cycles,IBRUTINIB
NCT03226301,Ibrutinib + Venetoclax 15 cycles,VENETOCLAX
NCT06795009,Zanzalintinib,ZANZALINTINIB
NCT06795009,Paclitaxel,PACLITAXEL
NCT05197192,Obinutuzumab,OBINUTUZUMAB
NCT05197192,Venetoclax,VENETOCLAX
NCT05197192,Acalabrutinib,ACALABRUTINIB
NCT02567422,Berzosertib,BERZOSERTIB
NCT02567422,Cisplatin,CISPLATIN
NCT02101775,Adavosertib,ADAVOSERTIB
NCT02101775,Gemcitabine Hydrochloride,GEMCITABINE
NCT05631886,Cyclophosphamide,CYCLOPHOSPHAMIDE
NCT05631886,Anti-CTLA4 Monoclonal Antibody,ANTI-CTLA-4 MONOCLONAL ANTIBODY
NCT07499271,Orelabrutinib,ORELABRUTINIB
NCT06811116,Cabozantinib S-malate,CABOZANTINIB S-MALATE
NCT06811116,Sapanisertib,SAPANISERTIB
NCT06986174,Pacritinib,PACRITINIB
NCT03734198,Ibrutinib,IBRUTINIB
NCT04767984,Atorvastatin Calcium,CALCIUM PHOSPHATE
NCT04776525,Ifosfamide,IFOSFAMIDE
NCT04776525,Doxorubicin,DOXORUBICIN HYDROCHLORIDE
NCT04704661,Ceralasertib,CERALASERTIB
NCT04704661,Trastuzumab Deruxtecan,TRASTUZUMAB DERUXTECAN
NCT06894979,ATM Kinase Inhibitor AZD1390,AZD1390
NCT06107868,RP-6306,RP-6306
NCT06107868,Carboplatin,CARBOPLATIN
NCT06107868,Paclitaxel,PACLITAXEL
NCT06417736,Megestrol Acetate 40 MG,ACETATE
NCT07017816,Nivolumab,NIVOLUMAB
NCT05304585,Cyclophosphamide,CYCLOPHOSPHAMIDE
NCT05304585,Dactinomycin,DACTINOMYCIN
NCT05304585,Vincristine,VINCRISTINE
NCT04994132,Cyclophosphamide,CYCLOPHOSPHAMIDE
NCT04994132,Dactinomycin,DACTINOMYCIN
NCT04994132,Vincristine Sulfate,VINCRISTINE SULFATE
NCT04994132,Vinorelbine Tartrate,VINORELBINE TARTRATE
NCT06125522,Samuraciclib,SAMURACICLIB
NCT06560528,combination with Disitamab Vedotin and with Tislelizumab and Capecitabine,TISLELIZUMAB
NCT06560528,combination with Disitamab Vedotin and with Tislelizumab and Capecitabine,CAPECITABINE
NCT07038369,ATV-1601 + Fulvestrant,FULVESTRANT
NCT06930859,Ribociclib,RIBOCICLIB
NCT06930859,Letrozole,LETROZOLE
NCT06930859,Anastrozole,ANASTROZOLE
NCT04646759,Fulvestrant combined with Pyrotinib,FULVESTRANT
NCT04646759,Fulvestrant combined with Pyrotinib,PYROTINIB
NCT04646759,Capecitabine combined with Pyrotinib,CAPECITABINE
NCT07095023,Paclitaxel oral solution plus Subcutaneous Pertuzumab/Trastuzumab,PACLITAXEL
NCT07095023,Paclitaxel oral solution plus Subcutaneous Pertuzumab/Trastuzumab,TRASTUZUMAB
NCT04879329,pembrolizumab,PEMBROLIZUMAB
NCT03870919,Palbociclib,PALBOCICLIB
NCT06259929,Abemaciclib 150 MG + Giredestrant 30 MG,ABEMACICLIB
NCT06259929,Abemaciclib 150 MG + Giredestrant 30 MG,GIREDESTRANT
NCT07407465,Trastuzumab-Deruxtecan (T-DXd),TRASTUZUMAB
NCT07407465,Capecitabine,CAPECITABINE
NCT04569747,Pertuzumab+TRASTUZUMAB,PERTUZUMAB + TRASTUZUMAB
NCT04569747,ADJUVANT ENDOCRINE THERAPY,ADJUVANT
NCT04915755,Niraparib,NIRAPARIB
NCT02326974,T-DM1,T-DM1
NCT06516289,Famitinib,FAMITINIB
NCT06516289,Camrelizumab,CAMRELIZUMAB
NCT04288089,"Palbociclib (75, 100, 125 milligram [mg])",PALBOCICLIB
NCT06914440,Toripalimab,TORIPALIMAB
NCT06914440,Adjuvant Chemotherapy,ADJUVANT
NCT06151574,zongertinib,ZONGERTINIB
NCT06151574,pembrolizumab,PEMBROLIZUMAB
NCT06151574,cisplatin,CISPLATIN
NCT06151574,carboplatin,CARBOPLATIN
NCT06643585,Trastuzumab-Deruxtecan,TRASTUZUMAB DERUXTECAN
NCT05048797,Trastuzumab Deruxtecan,TRASTUZUMAB DERUXTECAN
NCT05048797,Cisplatin,CISPLATIN
NCT05048797,Carboplatin,CARBOPLATIN
NCT05048797,Pembrolizumab,PEMBROLIZUMAB
NCT05256225,Carboplatin,CARBOPLATIN
NCT05256225,Hyaluronidase-zzxf/Pertuzumab/Trastuzumab,TRASTUZUMAB
NCT05256225,Paclitaxel,PACLITAXEL
NCT04899908,AGuIX gadolinium-based nanoparticles,GADOLINIUM
NCT04965064,Capecitabine and Neratinib.,CAPECITABINE
NCT04965064,Capecitabine and Neratinib.,NERATINIB MALEATE
NCT06899126,Trastuzumab Deruxtecan,TRASTUZUMAB DERUXTECAN
NCT06899126,pembrolizumab,PEMBROLIZUMAB
NCT04290793,Pyrotinib,PYROTINIB
NCT04290793,Epirubicin,EPIRUBICIN
NCT04290793,Cyclophosphamide,CYCLOPHOSPHAMIDE
NCT04290793,Trastuzumab,TRASTUZUMAB
NCT05673928,Trastuzumab emtansine,TRASTUZUMAB
NCT05673928,Tucatinib,TUCATINIB
NCT04305834,Abemaciclib,ABEMACICLIB
NCT05795101,Trastuzumab deruxtecan,TRASTUZUMAB DERUXTECAN
NCT05795101,Durvalumab,DURVALUMAB
NCT06846437,Trastuzumab emtansine (T-DM1),TRASTUZUMAB
NCT04639219,Trastuzumab deruxtecan,TRASTUZUMAB DERUXTECAN
NCT05650879,Fam-Trastuzumab Deruxtecan-Nxki,FAM-TRASTUZUMAB DERUXTECAN-NXKI
NCT05650879,Trastuzumab emtansine,TRASTUZUMAB
NCT06486883,"Trastuzumab deruxtecan (T-DXd, DS-8201a)",TRASTUZUMAB
NCT05919108,Neratinib,NERATINIB
NCT07194005,Sintilimab,SINTILIMAB
NCT07194005,Oxaliplatin,OXALIPLATIN
NCT03324425,Simvastatin 80mg,SIMVASTATIN
NCT06172127,Trastuzumab deruxtecan,TRASTUZUMAB DERUXTECAN
NCT05564377,Alpelisib,ALPELISIB
NCT05564377,Binimetinib,BINIMETINIB
NCT05564377,Fluorouracil,FLUOROURACIL
NCT05564377,Fulvestrant,FULVESTRANT
NCT05564377,Ipatasertib,IPATASERTIB
NCT05564377,Neratinib Maleate,NERATINIB MALEATE
NCT05564377,Nilotinib Hydrochloride Monohydrate,NILOTINIB HYDROCHLORIDE MONOHYDRATE
NCT05564377,Olaparib,OLAPARIB
NCT05564377,Oxaliplatin,OXALIPLATIN
NCT05564377,Paclitaxel,PACLITAXEL
NCT05564377,Palbociclib,PALBOCICLIB
NCT05564377,Panitumumab,PANITUMUMAB
NCT05564377,Selumetinib Sulfate,SELUMETINIB SULFATE
NCT05564377,Sotorasib,SOTORASIB
NCT05894824,"T-Dxd(Trastuzmab deruxtecan), Ramucirumab",RAMUCIRUMAB
NCT06001762,Abemaciclib,ABEMACICLIB
NCT06001762,Tamoxifen,TAMOXIFEN
NCT06001762,Anastrozole,ANASTROZOLE
NCT06001762,Letrozole,LETROZOLE
NCT06001762,Exemestane,EXEMESTANE
NCT04053322,Durvalumab,DURVALUMAB
NCT04053322,Olaparib,OLAPARIB
NCT04053322,Fulvestrant,FULVESTRANT
NCT06954480,Durvalumab,DURVALUMAB
NCT03632941,Pembrolizumab,PEMBROLIZUMAB
NCT03571633,Trastuzumab + Paclitaxel,TRASTUZUMAB
NCT03571633,Trastuzumab + Paclitaxel,PACLITAXEL
NCT02942355,anastrozole,ANASTROZOLE
NCT02942355,Palbociclib,PALBOCICLIB
NCT05508906,Ribociclib,RIBOCICLIB
NCT05508906,Alpelisib,ALPELISIB
NCT05508906,Everolimus,EVEROLIMUS
NCT05982093,Elacestrant,ELACESTRANT
NCT05982093,Triptorelin,TRIPTORELIN
NCT05982093,Tamoxifen 20 mg,TAMOXIFEN
NCT03616587,AZD9833 with palbociclib,PALBOCICLIB
NCT03616587,AZD9833 with everolimus,EVEROLIMUS
NCT03616587,AZD9833 with abemaciclib,ABEMACICLIB
NCT03616587,AZD9833 with capivasertib,CAPIVASERTIB
NCT03616587,AZD9833 with ribociclib,RIBOCICLIB
NCT03616587,AZD9833 with anastrozole,ANASTROZOLE
NCT07213557,standard nivolumab and oxaliplatin- based chemotherapy,NIVOLUMAB
NCT07213557,standard nivolumab and oxaliplatin- based chemotherapy,OXALIPLATIN
NCT07213557,simvastatin in combination with standard nivolumab and oxaliplatin-based chemotherapy,SIMVASTATIN
NCT05190094,Combination of Palbociclib and aromatase inhibitor (Letrozole or Anastrozole),PALBOCICLIB
NCT05190094,Combination of Palbociclib and aromatase inhibitor (Letrozole or Anastrozole),LETROZOLE
NCT05190094,Combination of Palbociclib and aromatase inhibitor (Letrozole or Anastrozole),ANASTROZOLE
NCT06316531,T-DM1,T-DM1
NCT06178159,Toripalimab,TORIPALIMAB
NCT06992882,Capecitabine,CAPECITABINE
NCT06992882,Paclitaxel,PACLITAXEL
NCT06636591,Device: Multimodal Tumor Thermal Therapy System Drug: Camrelizumab Drug: Nab paclitaxel Drug: Carboplatin,CAMRELIZUMAB
NCT06636591,Device: Multimodal Tumor Thermal Therapy System Drug: Camrelizumab Drug: Nab paclitaxel Drug: Carboplatin,PACLITAXEL
NCT06636591,Device: Multimodal Tumor Thermal Therapy System Drug: Camrelizumab Drug: Nab paclitaxel Drug: Carboplatin,CARBOPLATIN
NCT07309770,Trastuzumab Rezetecan,TRASTUZUMAB
NCT05452213,Ribociclib,RIBOCICLIB
NCT03304080,Anastrozole,ANASTROZOLE
NCT03304080,Palbociclib,PALBOCICLIB
NCT03304080,Trastuzumab,TRASTUZUMAB
NCT06754059,Pyrotinib,PYROTINIB
NCT05535413,UTD1 combined with capecitabine,CAPECITABINE
NCT05076682,Choline,CHOLINE
NCT05076682,Efavirenz,EFAVIRENZ
NCT05076682,SHR-1316,SHR-1316
NCT05076682,Theophylline,THEOPHYLLINE
NCT06587789,Ribociclib,RIBOCICLIB
NCT05909397,Palbociclib,PALBOCICLIB
NCT05909397,Letrozole,LETROZOLE
NCT05090358,Alpelisib,ALPELISIB
NCT05090358,Fulvestrant,FULVESTRANT
NCT05090358,Canagliflozin,CANAGLIFLOZIN
NCT07407920,Pembrolizumab,PEMBROLIZUMAB
NCT07407920,Trastuzumab,TRASTUZUMAB
NCT07276880,Neoadjuvant Pembrolizumab,PEMBROLIZUMAB
NCT04360941,Palbociclib,PALBOCICLIB
NCT04360941,Avelumab,AVELUMAB
NCT04193059,Paclitaxel,PACLITAXEL
NCT04193059,Carboplatin,CARBOPLATIN
NCT04193059,Epirubicin,EPIRUBICIN
NCT04193059,Cyclophosphamide,CYCLOPHOSPHAMIDE
NCT04193059,Trastuzumab,TRASTUZUMAB
NCT06719362,Pembrolizumab,PEMBROLIZUMAB
NCT04042701,Trastuzumab deruxtecan (DS-8201a),TRASTUZUMAB
NCT04042701,Pembrolizumab,PEMBROLIZUMAB
NCT07467330,dalpiciclib + capecitabine + endocrine therapy,DALPICICLIB
NCT07467330,dalpiciclib + capecitabine + endocrine therapy,CAPECITABINE
NCT03161353,Carboplatin,CARBOPLATIN
NCT03161353,Letrozole,LETROZOLE
NCT03161353,Tamoxifen,TAMOXIFEN
NCT04421963,Olaparib,OLAPARIB
NCT06834672,paclitaxel/Gemcitabine/Liposomal doxorubicin,PACLITAXEL
NCT06834672,paclitaxel/Gemcitabine/Liposomal doxorubicin,GEMCITABINE
NCT06834672,paclitaxel/Gemcitabine/Liposomal doxorubicin,DOXORUBICIN HYDROCHLORIDE
NCT07368998,Inavolisib,INAVOLISIB
NCT07368998,Fulvestrant,FULVESTRANT
NCT04993014,Trastuzumab,TRASTUZUMAB
NCT06383767,"Eribulin, capecitabine, gemcitabine or vinorelbine (Treatment of Physician's Choice)",CAPECITABINE
NCT06383767,"Eribulin, capecitabine, gemcitabine or vinorelbine (Treatment of Physician's Choice)",GEMCITABINE
NCT06383767,"Eribulin, capecitabine, gemcitabine or vinorelbine (Treatment of Physician's Choice)",VINORELBINE TARTRATE
NCT05715931,Toripalimab,TORIPALIMAB
NCT05715931,Trastuzumab,TRASTUZUMAB
NCT05715931,"5-FU, leucovorin, docetaxel, oxaliplatin (FLOT)",OXALIPLATIN
NCT06819007,Trastuzumab Deruxtecan,TRASTUZUMAB DERUXTECAN
NCT03417544,ATEZOLIZUMAB,ATEZOLIZUMAB
NCT03417544,TRASTUZUMAB,TRASTUZUMAB
NCT07235176,QLS1304 tablet+Fulvestrant or QLC1401,FULVESTRANT
NCT06832202,Trastuzumab Deruxtecan,TRASTUZUMAB DERUXTECAN
NCT04055493,Ribociclib 200Mg Oral Tablet,RIBOCICLIB
NCT06177041,Oxaliplatin,OXALIPLATIN
NCT06177041,Capecitabine,CAPECITABINE
NCT07506057,Trastuzumab+Serplulimab,TRASTUZUMAB
NCT07506057,Trastuzumab+Serplulimab,SERPLULIMAB
NCT04138719,Nab-paclitaxel + Carboplatin,PACLITAXEL
NCT04138719,Nab-paclitaxel + Carboplatin,CARBOPLATIN
NCT04138719,Nab-paclitaxel + Epirubicin,EPIRUBICIN
NCT05190445,Cinrebafusp alfa (PRS-343) in combination with ramucirumab and paclitaxel,RAMUCIRUMAB
NCT05190445,Cinrebafusp alfa (PRS-343) in combination with ramucirumab and paclitaxel,PACLITAXEL
NCT05190445,Cinrebafusp alfa (PRS-343) in combination with tucatinib,TUCATINIB
NCT05257395,XZP-3287+ Letrozole/Anastrozole,LETROZOLE
NCT05257395,XZP-3287+ Letrozole/Anastrozole,ANASTROZOLE
NCT06970912,Dalpiciclib + Aromatase Inhibitor with ctDNA-Guided Therapy,DALPICICLIB
NCT02625441,Trastuzumab,TRASTUZUMAB
NCT01272037,Anastrozole,ANASTROZOLE
NCT01272037,Exemestane,EXEMESTANE
NCT01272037,Letrozole,LETROZOLE
NCT01272037,Tamoxifen Citrate,TAMOXIFEN CITRATE
NCT07287995,Pembrolizumab,PEMBROLIZUMAB
NCT07287995,Enfortumab Vedotin,ENFORTUMAB VEDOTIN
NCT07287995,Carboplatin,CARBOPLATIN
NCT03366844,Pembrolizumab,PEMBROLIZUMAB
NCT05786716,Trastuzumab,TRASTUZUMAB
NCT03941730,Therapeutic Estradiol,ESTRADIOL PHOSPHATE
NCT00070564,cyclophosphamide,CYCLOPHOSPHAMIDE
NCT00070564,doxorubicin hydrochloride,DOXORUBICIN HYDROCHLORIDE
NCT00070564,paclitaxel,PACLITAXEL
NCT05996107,Ribociclib,RIBOCICLIB
NCT05216432,RLY-2608,RLY-2608
NCT05216432,Fulvestrant,FULVESTRANT
NCT05216432,Palbociclib 125mg,PALBOCICLIB
NCT05216432,Ribociclib 400mg,RIBOCICLIB
NCT05573126,Elacestrant,ELACESTRANT
NCT05573126,Everolimus,EVEROLIMUS
NCT05573126,Abemaciclib,ABEMACICLIB
NCT05573126,Fulvestrant,FULVESTRANT
NCT05573126,Exemestane,EXEMESTANE
NCT07047365,Trastuzumab+ chemotherapy,TRASTUZUMAB
NCT07334119,MT-304 + Nivolumab,NIVOLUMAB
NCT04620187,Ado-trastuzumab (T) emtansine (T-DM1),TRASTUZUMAB
NCT07386938,Trastuzumab,TRASTUZUMAB
NCT05816655,Fulvestrant plus AI plus ribociclib,FULVESTRANT
NCT05816655,Fulvestrant plus AI plus ribociclib,RIBOCICLIB
NCT06718933,Pyrotinib,PYROTINIB
NCT05759546,Dalpiciclib,DALPICICLIB
NCT05759546,Fulvestrant/AI,FULVESTRANT
NCT04115306,fulvestrant,FULVESTRANT
NCT06791070,Disitamab Vedotin combined with Toripalimab,TORIPALIMAB
NCT07207070,Dalpiciclib,DALPICICLIB
NCT07207070,Fulvestrant 50 Mg/mL Intramuscular Solution,FULVESTRANT
NCT06957886,"Capecitabine, Eribulin, Gemcitabine, Paclitaxel, or Albumin paclitaxel",CAPECITABINE
NCT06957886,"Capecitabine, Eribulin, Gemcitabine, Paclitaxel, or Albumin paclitaxel",GEMCITABINE
NCT06957886,"Capecitabine, Eribulin, Gemcitabine, Paclitaxel, or Albumin paclitaxel",PACLITAXEL
NCT05761470,Camrelizumab,CAMRELIZUMAB
NCT05761470,Nab-paclitaxel,NAB-PACLITAXEL
NCT06235931,Darcilide +AI (letrozole/anastrozole/Exemestane) + pyrrotinib,LETROZOLE
NCT06235931,Darcilide +AI (letrozole/anastrozole/Exemestane) + pyrrotinib,ANASTROZOLE
NCT06235931,Darcilide +AI (letrozole/anastrozole/Exemestane) + pyrrotinib,EXEMESTANE
NCT06298084,Patritumab deruxtecan,PATRITUMAB DERUXTECAN
NCT06298084,Olaparib,OLAPARIB
NCT07053085,"Trastuzumab, Pertuzumab, Paclitaxel, or a combination of these drugs",TRASTUZUMAB
NCT07053085,"Trastuzumab, Pertuzumab, Paclitaxel, or a combination of these drugs",PACLITAXEL
NCT04759248,Atezolizumab + Trastuzumab + Vinorelbine,ATEZOLIZUMAB
NCT04759248,Atezolizumab + Trastuzumab + Vinorelbine,TRASTUZUMAB
NCT04759248,Atezolizumab + Trastuzumab + Vinorelbine,VINORELBINE TARTRATE
NCT04647916,Sacituzumab Govitecan,SACITUZUMAB GOVITECAN
NCT04616248,Poly ICLC,POLY ICLC
NCT04616248,Recombinant Flt3 Ligand,RECOMBINANT FLT3 LIGAND
NCT04616248,Pembrolizumab,PEMBROLIZUMAB
NCT04616248,Tocilizumab,TOCILIZUMAB
NCT03213041,Carboplatin,CARBOPLATIN
NCT03213041,Pembrolizumab,PEMBROLIZUMAB
NCT05383196,Onvansertib,ONVANSERTIB
NCT05383196,Paclitaxel,PACLITAXEL
NCT07112053,CD105/Yb-1/SOX2/CDH3/MDM2-polyepitope Plasmid DNA Vaccine,VACCINE
NCT07112053,Capecitabine,CAPECITABINE
NCT07112053,Abemaciclib,ABEMACICLIB
NCT01351909,Cyclophosphamide,CYCLOPHOSPHAMIDE
NCT01351909,Veliparib,VELIPARIB
NCT07151911,"abemaciclib, olaparib and endocrine therapy",ABEMACICLIB
NCT07151911,"abemaciclib, olaparib and endocrine therapy",OLAPARIB
NCT07070466,5-Fluorouracil,FLUOROURACIL
NCT07070466,Oxaliplatin,OXALIPLATIN
NCT06042569,Cyclophosphamide,CYCLOPHOSPHAMIDE
NCT06324357,Zongertinib,ZONGERTINIB
NCT06324357,Trastuzumab deruxtecan,TRASTUZUMAB DERUXTECAN
NCT06324357,Trastuzumab emtansine,TRASTUZUMAB
NCT06324357,Capecitabine,CAPECITABINE
NCT06324357,zanidatamab,ZANIDATAMAB
NCT06063018,RC48 + Tislelizumab,TISLELIZUMAB
NCT07014410,pyrotinib dalpiciclib letrozole,PYROTINIB
NCT07014410,pyrotinib dalpiciclib letrozole,DALPICICLIB
NCT07014410,pyrotinib dalpiciclib letrozole,LETROZOLE
NCT06364410,Azenosertib,AZENOSERTIB
NCT06364410,Trastuzumab Deruxtecan,TRASTUZUMAB DERUXTECAN
NCT06247995,Capecitabine,CAPECITABINE
NCT05143229,Alpelisib,ALPELISIB
NCT05143229,Sacituzumab govitecan,SACITUZUMAB GOVITECAN
NCT05891093,Anastrozole,ANASTROZOLE
NCT05891093,Letrozole,LETROZOLE
NCT05891093,Exemestane,EXEMESTANE
NCT05891093,Tamoxifen,TAMOXIFEN
NCT05891093,Toremifene,TOREMIFENE
NCT05891093,Abemaciclib,ABEMACICLIB
NCT05861271,Capecitabine，Pyrotinib,CAPECITABINE
NCT05861271,Capecitabine，Pyrotinib,PYROTINIB
NCT04579380,tucatinib,TUCATINIB
NCT04579380,trastuzumab,TRASTUZUMAB
NCT04579380,fulvestrant,FULVESTRANT
NCT01872260,Letrozole,LETROZOLE
NCT06953882,Ribociclib 400mg,RIBOCICLIB
NCT06953882,Letrozole 2.5mg,LETROZOLE
NCT06953882,Adjuvant chemotherapy,ADJUVANT
NCT02623972,Adriamycin,ADRIAMYCIN
NCT02623972,Cyclophosphamide,CYCLOPHOSPHAMIDE
NCT03983954,"Obinutuzumab, naptumomab estafenatox and durvalumab",OBINUTUZUMAB
NCT03983954,"Obinutuzumab, naptumomab estafenatox and durvalumab",DURVALUMAB
NCT06176261,Datopotamab Deruxtecan,DATOPOTAMAB DERUXTECAN
NCT07198724,Elacestrant,ELACESTRANT
NCT07198724,Trastuzumab Deruxtecan,TRASTUZUMAB DERUXTECAN
NCT03804944,Pembrolizumab (200mg IV for 30 minutes,PEMBROLIZUMAB
NCT03804944,CDX-301,CDX-301
NCT05159193,pegylated liposomal doxorubicin (PLD),DOXORUBICIN HYDROCHLORIDE
NCT05159193,cyclophosphamide (C),CYCLOPHOSPHAMIDE
NCT05159193,trastuzumab (H),TRASTUZUMAB
NCT05159193,carboplatin (Cb),CARBOPLATIN
NCT07159451,Elacestrant,ELACESTRANT
NCT05095207,Abemaciclib,ABEMACICLIB
NCT05095207,Bicalutamide,BICALUTAMIDE
NCT04622319,T-DM1,T-DM1
NCT04588545,Trastuzumab,TRASTUZUMAB
NCT05205200,SHR-1316,SHR-1316
NCT05205200,Nab paclitaxel,NAB-PACLITAXEL
NCT04248452,Capecitabine,CAPECITABINE
NCT04248452,Fluorouracil,FLUOROURACIL
NCT04248452,Leucovorin Calcium,LEUCOVORIN CALCIUM
NCT04248452,Oxaliplatin,OXALIPLATIN
NCT04886804,zongertinib,ZONGERTINIB
NCT04430738,tucatinib,TUCATINIB
NCT04430738,trastuzumab,TRASTUZUMAB
NCT04430738,oxaliplatin,OXALIPLATIN
NCT04430738,fluorouracil,FLUOROURACIL
NCT04430738,capecitabine,CAPECITABINE
NCT04430738,pembrolizumab,PEMBROLIZUMAB
NCT06196697,Cadonilimab,CADONILIMAB
NCT06187506,Bacillus Calmette Guerin Vaccine,VACCINE
NCT01791478,letrozole,LETROZOLE
NCT06162559,Tucatinib,TUCATINIB
NCT06162559,Trastuzumab,TRASTUZUMAB
NCT05376878,Copper Cu 64-DOTA-Trastuzumab,COPPER
NCT05376878,Copper Cu 64-DOTA-Trastuzumab,TRASTUZUMAB
NCT05376878,Trastuzumab Deruxtecan,TRASTUZUMAB DERUXTECAN
NCT03609047,Palbociclib,PALBOCICLIB
NCT03609047,Docetaxel / cyclophosphamide,CYCLOPHOSPHAMIDE
NCT03609047,doxorubicin/cyclophosphamide,DOXORUBICIN HYDROCHLORIDE
NCT03609047,epirubicin/cyclophosphamide,EPIRUBICIN
NCT03609047,paclitaxel,PACLITAXEL
NCT06312176,Pembrolizumab,PEMBROLIZUMAB
NCT06312176,Paclitaxel,PACLITAXEL
NCT06312176,Nab-paclitaxel,NAB-PACLITAXEL
NCT06312176,Capecitabine,CAPECITABINE
NCT06312176,Liposomal doxorubicin,DOXORUBICIN HYDROCHLORIDE
NCT03975647,tucatinib,TUCATINIB
NCT03975647,T-DM1,T-DM1
NCT04158362,Paclitaxel injection,PACLITAXEL
NCT04158362,Capecitabine tablets,CAPECITABINE
NCT04158362,Letrozole 2.5mg,LETROZOLE
NCT04158362,Anastrozole 1mg,ANASTROZOLE
NCT04158362,Fulvestrant Prefilled Syringe,FULVESTRANT
NCT04158362,Abemaciclib,ABEMACICLIB
NCT07007559,Evorpacept (ALX148),EVORPACEPT
NCT07007559,Trastuzumab,TRASTUZUMAB
NCT07007559,Paclitaxel,PACLITAXEL
NCT07007559,Capecitabine,CAPECITABINE
NCT07007559,Gemcitabine,GEMCITABINE
NCT07007559,Vinorelbine,VINORELBINE
NCT05464810,Letrozole,LETROZOLE
NCT05464810,Simvastatin,SIMVASTATIN
NCT05362760,Abemaciclib + Aromatase Inhibitor,ABEMACICLIB
NCT05362760,Abemaciclib + Fulvestrant,FULVESTRANT
NCT06656624,Ribociclib combined with AI±OFS,RIBOCICLIB
NCT05296746,Ribociclib (neoadjuvant),RIBOCICLIB
NCT05296746,Chemotherapy (adjuvant),ADJUVANT
NCT06439693,Nab-Paclitaxel,NAB-PACLITAXEL
NCT06439693,Paclitaxel,PACLITAXEL
NCT06439693,T-DM1,T-DM1
NCT06439693,Trastuzumab Deruxtecan,TRASTUZUMAB DERUXTECAN
NCT06439693,Trastuzumab Subcutaneous Subcutaneous,TRASTUZUMAB
NCT06439693,Tucatinib,TUCATINIB
NCT07025889,Sintilimab,SINTILIMAB
NCT07025889,Oxaliplatin,OXALIPLATIN
NCT05482568,SHR-A1811 & Pyrotinib/SHR-A1811 & SHR-1316,PYROTINIB
NCT05978648,Trilaciclib,TRILACICLIB
NCT05978648,Epirubicin,EPIRUBICIN
NCT05978648,Cyclophosphamide,CYCLOPHOSPHAMIDE
NCT05978648,Paclitaxel,PACLITAXEL
NCT05978648,Carboplatin,CARBOPLATIN
NCT05978648,Trastuzumab,TRASTUZUMAB
NCT07377643,Trastuzumab,TRASTUZUMAB
NCT07377643,Paclitaxel,PACLITAXEL
NCT05274048,Neratinib Pill,NERATINIB MALEATE
NCT05274048,Fam-Trastuzumab Deruxtecan-Nxki (TDxD),TRASTUZUMAB
NCT06974604,Dexamethasone oral,DEXAMETHASONE
NCT07190443,Endocrine therapy + Abemaciclib,ABEMACICLIB
NCT07190443,"Endocrine Therapy (ET): letrozole, anastrozole, exemestane, tamoxifen",LETROZOLE
NCT07190443,"Endocrine Therapy (ET): letrozole, anastrozole, exemestane, tamoxifen",ANASTROZOLE
NCT07190443,"Endocrine Therapy (ET): letrozole, anastrozole, exemestane, tamoxifen",EXEMESTANE
NCT07190443,"Endocrine Therapy (ET): letrozole, anastrozole, exemestane, tamoxifen",TAMOXIFEN
NCT06998108,Fulvestrant Injection,FULVESTRANT
NCT05677490,Fluorouracil,FLUOROURACIL
NCT05677490,Leucovorin Calcium,LEUCOVORIN CALCIUM
NCT05677490,Oxaliplatin,OXALIPLATIN
NCT05677490,Irinotecan,IRINOTECAN HYDROCHLORIDE
NCT05677490,Nivolumab,NIVOLUMAB
NCT07311577,RC48+Carboplatin+Bevacizumab,CARBOPLATIN
NCT05747794,eftilagimod alpha,EFTILAGIMOD ALPHA
NCT05747794,Paclitaxel,PACLITAXEL
NCT07264816,Pembrolizumab,PEMBROLIZUMAB
NCT04660435,Thymidine kinase activity,THYMIDINE
NCT05696626,Lasofoxifene in combination with abemaciclib,LASOFOXIFENE
NCT05696626,Lasofoxifene in combination with abemaciclib,ABEMACICLIB
NCT05696626,Fulvestrant in combination with abemaciclib,FULVESTRANT
NCT07022483,Trastuzumab Deruxtecan,TRASTUZUMAB DERUXTECAN
NCT07037199,Trastuzumab rezetecan + CDK4/6 inhibitors + endocrine therapy,TRASTUZUMAB
NCT02264678,Administration of ceralasertib,CERALASERTIB
NCT02264678,Administration of ceralasertib in combination with olaparib,OLAPARIB
NCT02264678,Administation of ceralasertib in combination with durvalumab,DURVALUMAB
NCT02264678,Administration of ceralasertib in combination with carboplatin,CARBOPLATIN
NCT06998407,Fulvestrant,FULVESTRANT
NCT06998407,Letrozole,LETROZOLE
NCT01525966,carboplatin,CARBOPLATIN
NCT01525966,paclitaxel albumin-stabilized nanoparticle formulation,PACLITAXEL
NCT03379428,Trastuzumab,TRASTUZUMAB
NCT03379428,Ibrutinib 560 mg,IBRUTINIB
NCT03982485,Apatinib,APATINIB
NCT03982485,Paclitaxel,PACLITAXEL
NCT03982485,Cisplatin,CISPLATIN
NCT06525766,Capecitabine,CAPECITABINE
NCT06313086,trastuzumab emtansine,TRASTUZUMAB
NCT05063786,Trastuzumab,TRASTUZUMAB
NCT05063786,Alpelisib,ALPELISIB
NCT05063786,Fulvestrant,FULVESTRANT
NCT05063786,Vinorelbine,VINORELBINE
NCT05063786,Capecitabine,CAPECITABINE
NCT07164976,Ribociclib 400mg,RIBOCICLIB
NCT05230810,Alpelisib,ALPELISIB
NCT05230810,Tucatinib,TUCATINIB
NCT05230810,Fulvestrant,FULVESTRANT
NCT06747338,KN026,KN-026
NCT06747338,Trastuzumab,TRASTUZUMAB
NCT06747338,Carboplatin,CARBOPLATIN
NCT06015048,SHR-A1811 combined with Pyrotinib.,PYROTINIB
NCT04802759,Giredestrant,GIREDESTRANT
NCT04802759,Abemaciclib,ABEMACICLIB
NCT04802759,Ipatasertib,IPATASERTIB
NCT04802759,Inavolisib,INAVOLISIB
NCT04802759,Ribociclib,RIBOCICLIB
NCT04802759,Everolimus,EVEROLIMUS
NCT04802759,Samuraciclib,SAMURACICLIB
NCT04802759,Palbociclib,PALBOCICLIB
NCT04802759,Atezolizumab,ATEZOLIZUMAB
NCT02295059,omega 3 fatty acids,OMEGA-3 FATTY ACIDS
NCT05918094,Experimental dose: modified XELOX + sintilimab,SINTILIMAB
NCT05420467,Carboplatin,CARBOPLATIN
NCT05420467,Trastuzumab,TRASTUZUMAB
NCT05420467,Nab paclitaxel,NAB-PACLITAXEL
NCT05420467,Epirubicin,EPIRUBICIN
NCT05420467,Cyclophosphamide,CYCLOPHOSPHAMIDE
NCT06993844,ETX-636 dose escalation in combination with fulvestrant,FULVESTRANT
NCT04771871,Epirubicin,EPIRUBICIN
NCT04771871,Cyclophosphamide,CYCLOPHOSPHAMIDE
NCT04771871,Paclitaxel,PACLITAXEL
NCT04771871,Carboplatin,CARBOPLATIN
NCT06784193,Fulvestrant,FULVESTRANT
NCT05480384,Nivolumab,NIVOLUMAB
NCT05480384,Trastuzumab deruxtecan,TRASTUZUMAB DERUXTECAN
NCT04524000,Alpelisib,ALPELISIB
NCT04524000,Fulvestrant,FULVESTRANT
NCT05150652,Anastrozole 1mg,ANASTROZOLE
NCT05150652,Letrozole 2.5mg,LETROZOLE
NCT05150652,Exemestane 25 mg,EXEMESTANE
NCT05150652,Tamoxifen,TAMOXIFEN
NCT07540533,Toripalimab,TORIPALIMAB
NCT06680921,Everolimus (Afinitor®),EVEROLIMUS
NCT06680921,Exemestane tablets,EXEMESTANE
NCT06680921,Fulvestrant injection,FULVESTRANT
NCT05918328,Albumin paclitaxel+trastuzumab+pyrrolitinib,PACLITAXEL
NCT05918328,Albumin paclitaxel+trastuzumab+pyrrolitinib,TRASTUZUMAB
NCT05918328,Docetaxel+Carboplatin+trastuzumab+Parstuzumab,CARBOPLATIN
NCT06649331,Famitinib,FAMITINIB
NCT06649331,Trastuzumab (or biosimilar),TRASTUZUMAB
NCT06072612,Cyclophosphamide,CYCLOPHOSPHAMIDE
NCT06072612,Retifanlimab,RETIFANLIMAB
NCT05183828,Letrozole,LETROZOLE
NCT05953350,600mg bid dose of hydroxychloroquine combined with three predefined dose groups of palbociclib,HYDROXYCHLOROQUINE SULFATE
NCT05953350,600mg bid dose of hydroxychloroquine combined with three predefined dose groups of palbociclib,PALBOCICLIB
NCT06730373,Sintilimab,SINTILIMAB
NCT06730373,Trastuzumab,TRASTUZUMAB
NCT06730373,Oxaliplatin,OXALIPLATIN
NCT06730373,Capecitabine,CAPECITABINE
NCT06730373,Cisplatin,CISPLATIN
NCT04383275,capecitabine and trastuzumab,CAPECITABINE
NCT04383275,capecitabine and trastuzumab,TRASTUZUMAB
NCT06773312,BC001+Sintilimab+XELOX,SINTILIMAB
NCT07340164,Platinum Based Chemotherapy,PLATINUM
NCT04214288,Fulvestrant,FULVESTRANT
NCT05041842,Tucatinib,TUCATINIB
NCT05041842,Trastuzumab,TRASTUZUMAB
NCT05041842,Pertuzumab/ Trastuzumab,PERTUZUMAB + TRASTUZUMAB
NCT05467891,Ribociclib,RIBOCICLIB
NCT05467891,Fulvestrant,FULVESTRANT
NCT05467891,Anastrozole,ANASTROZOLE
NCT05467891,Letrozole,LETROZOLE
NCT05467891,Exemestane,EXEMESTANE
NCT06551220,Trastuzumab Deruxtecan,TRASTUZUMAB DERUXTECAN
NCT05749588,A2: SHR-A1811 with Camrelizumab with famitinib,CAMRELIZUMAB
NCT05749588,A2: SHR-A1811 with Camrelizumab with famitinib,FAMITINIB
NCT05749588,E2: SHR-A1811 with everolimus,EVEROLIMUS
NCT07540572,Fulvestrant injection,FULVESTRANT
NCT06846996,Trastuzumab deruxtecan (T-DXd),TRASTUZUMAB
NCT04303988,SHR-1316,SHR-1316
NCT04303988,Cisplatin/Carboplatin,CISPLATIN
NCT04303988,Cisplatin/Carboplatin,CARBOPLATIN
NCT05633979,Trastuzumab deruxtecan,TRASTUZUMAB DERUXTECAN
NCT05633979,Valemetostat,VALEMETOSTAT
NCT05002127,Evorpacept (ALX148),EVORPACEPT
NCT05002127,Trastuzumab,TRASTUZUMAB
NCT05002127,Ramucirumab,RAMUCIRUMAB
NCT05002127,Paclitaxel,PACLITAXEL
NCT06705127,TORIPALIMAB INJECTION(JS001 ),TORIPALIMAB
NCT07108127,Trastuzumab biosimilars and pertuzumab biosimilars plus XELOX,TRASTUZUMAB
NCT04348747,Anti-HER2/HER3 Dendritic Cell Vaccine,VACCINE
NCT04348747,Pembrolizumab,PEMBROLIZUMAB
NCT04482309,Trastuzumab deruxtecan,TRASTUZUMAB DERUXTECAN
NCT07396454,Radiotherapy Combined with Anlotinib and a Microtubule Inhibitor,ANLOTINIB
NCT06927180,Albumin-Paclitaxel,PACLITAXEL
NCT06927180,Carboplatin,CARBOPLATIN
NCT06927180,Trastuzumab,TRASTUZUMAB
NCT04762979,Alpelisib,ALPELISIB
NCT04762979,Fulvestrant,FULVESTRANT
NCT04762979,Aromatase inhibitor,AROMATASE INHIBITOR
NCT05020860,Paclitaxel,PACLITAXEL
NCT05020860,Carboplatin,CARBOPLATIN
NCT05020860,Trastuzumab,TRASTUZUMAB
NCT05020860,Doxorubicin,DOXORUBICIN HYDROCHLORIDE
NCT05020860,Cyclophosphamide,CYCLOPHOSPHAMIDE
NCT05020860,Pembrolizumab,PEMBROLIZUMAB
NCT06710990,Ritonavir,RITONAVIR
NCT06710990,Itraconazole,ITRACONAZOLE
NCT05458674,Tucatinib,TUCATINIB
NCT05458674,Trastuzumab,TRASTUZUMAB
NCT05837455,Anastrozole,ANASTROZOLE
NCT02535221,Epirubicin+CTX+5-Fu,EPIRUBICIN
NCT04443348,Pembrolizumab,PEMBROLIZUMAB
NCT04443348,Paclitaxel,PACLITAXEL
NCT04443348,Carboplatin,CARBOPLATIN
NCT04443348,Cyclophosphamide,CYCLOPHOSPHAMIDE
NCT04443348,Doxorubicin,DOXORUBICIN HYDROCHLORIDE
NCT04443348,Capecitabine,CAPECITABINE
NCT03595592,Trastuzumab,TRASTUZUMAB
NCT03595592,Carboplatin,CARBOPLATIN
NCT03595592,Paclitaxel,PACLITAXEL
NCT03595592,Doxorubicin,DOXORUBICIN HYDROCHLORIDE
NCT03595592,Cyclophosphamide,CYCLOPHOSPHAMIDE
NCT03595592,Atezolizumab,ATEZOLIZUMAB
NCT06158919,Fruquintinib、Nivolumab、Sintilimab、Oxaliplatin、Teysuno、Capecitabine,FRUQUINTINIB
NCT06158919,Fruquintinib、Nivolumab、Sintilimab、Oxaliplatin、Teysuno、Capecitabine,NIVOLUMAB
NCT06158919,Fruquintinib、Nivolumab、Sintilimab、Oxaliplatin、Teysuno、Capecitabine,SINTILIMAB
NCT06158919,Fruquintinib、Nivolumab、Sintilimab、Oxaliplatin、Teysuno、Capecitabine,OXALIPLATIN
NCT06158919,Fruquintinib、Nivolumab、Sintilimab、Oxaliplatin、Teysuno、Capecitabine,CAPECITABINE
NCT06732336,89Zr-trastuzumab,TRASTUZUMAB
NCT05275777,Doxorubicin,DOXORUBICIN HYDROCHLORIDE
NCT05275777,Cyclophosphamide,CYCLOPHOSPHAMIDE
NCT05275777,Paclitaxel,PACLITAXEL
NCT04550494,Talazoparib,TALAZOPARIB
NCT04439110,Trastuzumab Emtansine,TRASTUZUMAB
NCT04923542,Abemaciclib,ABEMACICLIB
NCT02712723,Letrozole,LETROZOLE
NCT02712723,Ribociclib,RIBOCICLIB
NCT06860529,Serplulimab,SERPLULIMAB
NCT06860529,Epirubicin,EPIRUBICIN
NCT06860529,Albumin Paclitaxel,PACLITAXEL
NCT05594095,Famitinib,FAMITINIB
NCT05594095,Dalpiciclib,DALPICICLIB
NCT05594095,Everolimus,EVEROLIMUS
NCT05594095,Aromatase Inhibitors or Fulvestrant,FULVESTRANT
NCT05594095,Sorafenib,SORAFENIB
NCT05594095,Apatinib,APATINIB
NCT06458413,Utidelone Capsule Plus Capecitabine,CAPECITABINE
NCT07358182,Trastuzumab-rezetecan Treatment Group,TRASTUZUMAB
NCT06570031,letrozole,LETROZOLE
NCT06570031,Palbociclib,PALBOCICLIB
NCT06570031,abemaciclib,ABEMACICLIB
NCT07057427,Nab paclitaxel,NAB-PACLITAXEL
NCT07057427,Docetaxel and Carboplatin,CARBOPLATIN
NCT07057427,Trastuzumab + Pertuzumab,TRASTUZUMAB
NCT05754853,Paclitaxel Injection,PACLITAXEL
NCT05754853,Gemcitabine Hydrochloride for Injection,GEMCITABINE
NCT05463601,dalpiciclib,DALPICICLIB
NCT05463601,"exemestane, fulvestrant, letrozole, tamoxifen",EXEMESTANE
NCT05463601,"exemestane, fulvestrant, letrozole, tamoxifen",FULVESTRANT
NCT05463601,"exemestane, fulvestrant, letrozole, tamoxifen",LETROZOLE
NCT05463601,"exemestane, fulvestrant, letrozole, tamoxifen",TAMOXIFEN
NCT05530057,Eribulin Mesylate,ERIBULIN MESYLATE
NCT03568422,Paclitaxel,PACLITAXEL
NCT05512364,Elacestrant,ELACESTRANT
NCT05512364,Tamoxifen,TAMOXIFEN
NCT05512364,Letrozole 2.5mg,LETROZOLE
NCT05512364,Anastrozole 1mg,ANASTROZOLE
NCT05512364,Exemestane 25 MG,EXEMESTANE
NCT06144944,"Pyrotinib, epirubicin or doxorubicin, cyclophosphamide, paclitaxel",PYROTINIB
NCT06144944,"Pyrotinib, epirubicin or doxorubicin, cyclophosphamide, paclitaxel",EPIRUBICIN
NCT06144944,"Pyrotinib, epirubicin or doxorubicin, cyclophosphamide, paclitaxel",DOXORUBICIN HYDROCHLORIDE
NCT06144944,"Pyrotinib, epirubicin or doxorubicin, cyclophosphamide, paclitaxel",CYCLOPHOSPHAMIDE
NCT06144944,"Pyrotinib, epirubicin or doxorubicin, cyclophosphamide, paclitaxel",PACLITAXEL
NCT04757363,regorafenib,REGORAFENIB
NCT04757363,nivolumab,NIVOLUMAB
NCT04757363,FOLFOX chemotherapy with oxaliplatin,OXALIPLATIN
NCT03272334,HER2 BATs with Pembrolizumab,PEMBROLIZUMAB
NCT06169371,Abemaciclib,ABEMACICLIB
NCT05769010,Pyrotinib,PYROTINIB
NCT06441890,Paclitaxel,PACLITAXEL
NCT06441890,Nab-paclitaxel,NAB-PACLITAXEL
NCT06441890,Trastuzumab,TRASTUZUMAB
NCT01251874,Carboplatin,CARBOPLATIN
NCT01251874,Veliparib,VELIPARIB
NCT07441460,KN026,KN-026
NCT07441460,Trastuzumab,TRASTUZUMAB
NCT07441460,Epirubicin,EPIRUBICIN
NCT07441460,Doxorubicin,DOXORUBICIN HYDROCHLORIDE
NCT07441460,Cyclophosphamide,CYCLOPHOSPHAMIDE
NCT07441460,Carboplatin,CARBOPLATIN
NCT06749860,Disitamab Vedotin + tislelizumab + bevacizumab,TISLELIZUMAB
NCT06210776,Trastuzumab deruxtecan,TRASTUZUMAB DERUXTECAN
NCT05165225,Pyrotinib + epirubicin and cyclophosphamide followed by docetaxel treatment,PYROTINIB
NCT05165225,Pyrotinib + epirubicin and cyclophosphamide followed by docetaxel treatment,EPIRUBICIN
NCT05165225,Pyrotinib + epirubicin and cyclophosphamide followed by docetaxel treatment,CYCLOPHOSPHAMIDE
NCT06188520,Camizestrant,CAMIZESTRANT
NCT06188520,Ribociclib,RIBOCICLIB
NCT06188520,Palbociclib,PALBOCICLIB
NCT06188520,Abemaciclib,ABEMACICLIB
NCT06016387,Tucatinib 150 MG,TUCATINIB
NCT06016387,Trastuzumab,TRASTUZUMAB
NCT06016387,Capecitabine,CAPECITABINE
NCT03879577,Tamoxifen,TAMOXIFEN
NCT03879577,Letrozole,LETROZOLE
NCT03377387,Capecitabine,CAPECITABINE
NCT03377387,Neratinib,NERATINIB
NCT05482893,Paclitaxel,PACLITAXEL
NCT05482893,Gemcitabine,GEMCITABINE
NCT05482893,KEYTRUDA® (pembrolizumab),PEMBROLIZUMAB
NCT05482893,Oxaliplatin,OXALIPLATIN
NCT05482893,Fluorouracil,FLUOROURACIL
NCT05482893,Capecitabine,CAPECITABINE
NCT02912949,zenocutuzumab (MCLA-128),ZENOCUTUZUMAB
NCT02411656,Pembrolizumab,PEMBROLIZUMAB
NCT04553770,Anastrozole,ANASTROZOLE
NCT04553770,Trastuzumab Deruxtecan,TRASTUZUMAB DERUXTECAN
NCT04333706,Capecitabine,CAPECITABINE
NCT04333706,Sarilumab 150mg or 200 mg plus Capecitabine,SARILUMAB
NCT04266249,Nab-paclitaxel,NAB-PACLITAXEL
NCT04266249,Paclitaxel,PACLITAXEL
NCT04266249,Trastuzumab,TRASTUZUMAB
NCT04997993,Leflunomide,LEFLUNOMIDE
NCT04090398,Paclitaxel,PACLITAXEL
NCT00310180,Anastrozole,ANASTROZOLE
NCT00310180,Exemestane,EXEMESTANE
NCT00310180,Letrozole,LETROZOLE
NCT00310180,Tamoxifen Citrate,TAMOXIFEN CITRATE
NCT04486352,Atezolizumab - 28 Day Cycle,ATEZOLIZUMAB
NCT04486352,Ipatasertib,IPATASERTIB
NCT04486352,Talazoparib,TALAZOPARIB
NCT04486352,Trastuzumab emtansine,TRASTUZUMAB
NCT04486352,Tiragolumab,TIRAGOLUMAB
NCT04486352,Inavolisib,INAVOLISIB
NCT04486352,Letrozole,LETROZOLE
NCT04486352,Giredestrant,GIREDESTRANT
NCT04486352,Abemaciclib,ABEMACICLIB
NCT06954961,Fulvestrant,FULVESTRANT
NCT06271837,Trastuzumab deruxtecan,TRASTUZUMAB DERUXTECAN
NCT05203445,Olaparib,OLAPARIB
NCT05203445,Pembrolizumab,PEMBROLIZUMAB
NCT03393845,Pembrolizumab,PEMBROLIZUMAB
NCT03393845,Fulvestrant,FULVESTRANT
NCT02488967,Carboplatin,CARBOPLATIN
NCT02488967,Cyclophosphamide,CYCLOPHOSPHAMIDE
NCT02488967,Doxorubicin Hydrochloride,DOXORUBICIN HYDROCHLORIDE
NCT02488967,Paclitaxel,PACLITAXEL
NCT07002177,Palbociclib 125mg,PALBOCICLIB
NCT07002177,Ribociclib 200Mg Oral Tablet,RIBOCICLIB
NCT07002177,Abemaciclib 150 MG,ABEMACICLIB
NCT07002177,Everolimus 10 mg,EVEROLIMUS
NCT05981001,Cyclophosphamide,CYCLOPHOSPHAMIDE
NCT05981001,Fludarabine,FLUDARABINE
NCT05981001,Camrelizumab,CAMRELIZUMAB
NCT05981001,Nab-paclitaxel,NAB-PACLITAXEL
NCT05981001,Gemcitabine,GEMCITABINE
NCT05981001,Carboplatin,CARBOPLATIN
NCT07124000,Trastuzumab deruxtecan,TRASTUZUMAB DERUXTECAN
NCT05879926,Adjuvant Chemotherapy + Ovarian Function Suppression,ADJUVANT
NCT05152147,Zanidatamab,ZANIDATAMAB
NCT05152147,Tislelizumab,TISLELIZUMAB
NCT05152147,Trastuzumab,TRASTUZUMAB
NCT05152147,Capecitabine,CAPECITABINE
NCT05152147,Oxaliplatin,OXALIPLATIN
NCT05152147,Cisplatin,CISPLATIN
NCT05152147,5-Fluorouracil,FLUOROURACIL
NCT05870579,Ribociclib,RIBOCICLIB
NCT05870579,Fulvestrant,FULVESTRANT
NCT05697146,ribociclib + ET,RIBOCICLIB
NCT01042379,AMG 386 with or without Trastuzumab,TRASTUZUMAB
NCT01042379,AMG 479 (Ganitumab) plus Metformin,GANITUMAB
NCT01042379,AMG 479 (Ganitumab) plus Metformin,METFORMIN
NCT01042379,Ganetespib,GANETESPIB
NCT01042379,Neratinib,NERATINIB
NCT01042379,Pembrolizumab - 4 cycle,PEMBROLIZUMAB
NCT01042379,Talazoparib plus Irinotecan,TALAZOPARIB
NCT01042379,Talazoparib plus Irinotecan,IRINOTECAN HYDROCHLORIDE
NCT01042379,Patritumab and Trastuzumab,PATRITUMAB
NCT01042379,Durvalumab plus Olaparib,DURVALUMAB
NCT01042379,Durvalumab plus Olaparib,OLAPARIB
NCT01042379,Tucatinib plus trastuzumab and pertuzumab,TUCATINIB
NCT01042379,Cemiplimab,CEMIPLIMAB
NCT01042379,Trilaciclib with or without trastuzumab + pertuzumab,TRILACICLIB
NCT01042379,Oral Paclitaxel + Encequidar + Dostarlimab (TSR-042) + Carboplatin with or without trastuzumab,PACLITAXEL
NCT01042379,Oral Paclitaxel + Encequidar + Dostarlimab (TSR-042) + Carboplatin with or without trastuzumab,ENCEQUIDAR
NCT01042379,Oral Paclitaxel + Encequidar + Dostarlimab (TSR-042) + Carboplatin with or without trastuzumab,DOSTARLIMAB
NCT01042379,Oral Paclitaxel + Encequidar + Dostarlimab (TSR-042) + Carboplatin with or without trastuzumab,CARBOPLATIN
NCT01042379,Amcenestrant,AMCENESTRANT
NCT01042379,Amcenestrant + Abemaciclib,ABEMACICLIB
NCT01042379,Amcenestrant + Letrozole,LETROZOLE
NCT01042379,ARX788,ARX-788
NCT01042379,Datopotamab deruxtecan,DATOPOTAMAB DERUXTECAN
NCT01042379,Zanidatamab,ZANIDATAMAB
NCT01042379,Lasofoxifene,LASOFOXIFENE
NCT01042379,Z-endoxifen,ENDOXIFEN
NCT01042379,Rilvegostomig + TDXd,RILVEGOSTOMIG
NCT01042379,Dan222 + Niraparib,NIRAPARIB
NCT01042379,Sarilumab + Cemiplimab + Paclitaxel,SARILUMAB
NCT04683679,Pembrolizumab,PEMBROLIZUMAB
NCT04683679,Olaparib,OLAPARIB
NCT01805271,Everolimus,EVEROLIMUS
NCT07428044,Trastuzumab Deruxtecan,TRASTUZUMAB DERUXTECAN
NCT06492616,Elacestrant,ELACESTRANT
NCT06492616,Anastrozole,ANASTROZOLE
NCT06492616,Letrozole,LETROZOLE
NCT06492616,Exemestane,EXEMESTANE
NCT06492616,Tamoxifen,TAMOXIFEN
NCT05417594,AZD9574,AZD9574
NCT05417594,Temozolomide (TMZ),TEMOZOLOMIDE
NCT05417594,Trastuzumab Deruxtecan (T-DXd),TRASTUZUMAB
NCT04886531,Neratinib,NERATINIB
NCT04886531,Letrozole (L) or Anastrozole (A),LETROZOLE
NCT04886531,Letrozole (L) or Anastrozole (A),ANASTROZOLE
NCT04886531,Trastuzumab,TRASTUZUMAB
NCT05933395,Fulvestrant,FULVESTRANT
NCT05933395,Neratinib,NERATINIB
NCT05933395,Alpelisib,ALPELISIB
NCT05933395,Everolimus,EVEROLIMUS
NCT05933395,Abemaciclib,ABEMACICLIB
NCT04565054,Abemaciclib 50 MG; 150mg 1-0-1 per os,ABEMACICLIB
NCT07030569,Trastuzumab deruxtecan (DS-8201a),TRASTUZUMAB
NCT05427383,KN026/Placbo Injection,KN-026
NCT05427383,Paclitaxel Injection,PACLITAXEL
NCT05427383,Irinotecan Injection,IRINOTECAN HYDROCHLORIDE
NCT06179303,Abemaciclib,ABEMACICLIB
NCT06179303,Anastrozole,ANASTROZOLE
NCT06179303,Exemestane,EXEMESTANE
NCT06179303,Fludeoxyglucose F-18,FLUDEOXYGLUCOSE F 18
NCT06179303,Fulvestrant,FULVESTRANT
NCT06179303,Gonadotropin-releasing Hormone Analog,GONADOTROPIN-RELEASING HORMONE ANALOG
NCT06179303,Letrozole,LETROZOLE
NCT06179303,Tamoxifen,TAMOXIFEN
NCT06179303,Therapeutic Estradiol,ESTRADIOL PHOSPHATE
NCT07285941,RC48 + Carboplatin,CARBOPLATIN
NCT05838066,Recombinant Humanized Bispecific antibody against HER2，KN026,KN-026
NCT05838066,Trastuzumab,TRASTUZUMAB
NCT06123494,Ramucirumab / Paclitaxel/ Docetaxel/ Irinotecan,RAMUCIRUMAB
NCT06123494,Ramucirumab / Paclitaxel/ Docetaxel/ Irinotecan,PACLITAXEL
NCT06123494,Ramucirumab / Paclitaxel/ Docetaxel/ Irinotecan,IRINOTECAN HYDROCHLORIDE
NCT06253195,Fulvestrant,FULVESTRANT
NCT06253195,Letrozole,LETROZOLE
NCT05143970,IPH5301 ALONE OR IN COMBINATION WITH CHEMOTHERAPY AND TRASTUZUMAB,TRASTUZUMAB
NCT05063136,Capecitabine+endocrine therapy,CAPECITABINE
NCT05704829,Trastuzumab deruxtecan,TRASTUZUMAB DERUXTECAN
NCT02675829,ado-trastuzumab emtansine,ADO-TRASTUZUMAB EMTANSINE
NCT04767594,Palbociclib + endocrine therapy,PALBOCICLIB
NCT07334431,fruquintinib＋trastuzumab + XELOX,FRUQUINTINIB
NCT07334431,fruquintinib＋trastuzumab + XELOX,TRASTUZUMAB
NCT06383559,Lenvatinib and Sintilimab,LENVATINIB
NCT06383559,Lenvatinib and Sintilimab,SINTILIMAB
NCT01953588,fulvestrant,FULVESTRANT
NCT01953588,anastrozole,ANASTROZOLE
NCT06992024,Electroacupuncture Combined With Paclitaxel Protein-bound and PD-1 Antibody,PACLITAXEL
NCT04126525,Pyrotinib,PYROTINIB
NCT05993234,Trastuzumab deruxtecan,TRASTUZUMAB DERUXTECAN
NCT03179904,Anastrozole,ANASTROZOLE
NCT03179904,Denifanstat,DENIFANSTAT
NCT03179904,Exemestane,EXEMESTANE
NCT03179904,Fulvestrant,FULVESTRANT
NCT03179904,Letrozole,LETROZOLE
NCT03179904,Paclitaxel,PACLITAXEL
NCT03179904,Trastuzumab,TRASTUZUMAB
NCT06797635,Patritumab deruxtecan,PATRITUMAB DERUXTECAN
NCT06797635,Pembrolizumab,PEMBROLIZUMAB
NCT06797635,Paclitaxel,PACLITAXEL
NCT06797635,Carboplatin,CARBOPLATIN
NCT06797635,Doxorubicin hydrochloride,DOXORUBICIN HYDROCHLORIDE
NCT06797635,Epirubicin hydrochloride,EPIRUBICIN HYDROCHLORIDE
NCT06797635,Cyclophosphamide,CYCLOPHOSPHAMIDE
NCT06797635,Capecitabine,CAPECITABINE
NCT06797635,Olaparib,OLAPARIB
NCT07383818,Neoadjuvant therapy combined with Trastuzumab Rezetecan and Toripalimab,TRASTUZUMAB
NCT07383818,Neoadjuvant therapy combined with Trastuzumab Rezetecan and Toripalimab,TORIPALIMAB
NCT05215106,Durvalumab,DURVALUMAB
NCT04544189,Alpelisib,ALPELISIB
NCT04544189,Fulvestrant,FULVESTRANT
NCT06892093,Loperamide,LOPERAMIDE
NCT06343948,Vinorelbine,VINORELBINE
NCT06343948,Gemcitabine,GEMCITABINE
NCT06343948,Capecitabine,CAPECITABINE
NCT05069038,Palbociclib 125mg,PALBOCICLIB
NCT05759572,Apatinib,APATINIB
NCT05759572,Dalpiciclib,DALPICICLIB
NCT05759572,Fulvestrant/AI,FULVESTRANT
NCT05681650,Albumin-bound paclitaxel,PACLITAXEL
NCT05681650,Cyclophosphamide,CYCLOPHOSPHAMIDE
NCT05681650,Fludarabine,FLUDARABINE
NCT05569811,Patritumab deruxtecan,PATRITUMAB DERUXTECAN
NCT05569811,Letrozole,LETROZOLE
NCT06328738,Trastuzumab,TRASTUZUMAB
NCT06328738,5-Fluorouracil,FLUOROURACIL
NCT06328738,Oxaliplatin,OXALIPLATIN
NCT06328738,Capecitabine,CAPECITABINE
NCT06328738,paclitaxel,PACLITAXEL
NCT06276868,Dalcilib+letrozole+HP treatment group,LETROZOLE
NCT05388149,Neratinib,NERATINIB
NCT07233252,Nab-paclitaxel,NAB-PACLITAXEL
NCT07233252,Tislelizumab,TISLELIZUMAB
NCT07402473,Trastuzumab,TRASTUZUMAB
NCT07402473,Carboplatin,CARBOPLATIN
NCT04584853,Abemaciclib,ABEMACICLIB
NCT04584853,"Endocrine therapy (letrozole, anastrozole, exemestane or tamoxifen)",LETROZOLE
NCT04584853,"Endocrine therapy (letrozole, anastrozole, exemestane or tamoxifen)",ANASTROZOLE
NCT04584853,"Endocrine therapy (letrozole, anastrozole, exemestane or tamoxifen)",EXEMESTANE
NCT04584853,"Endocrine therapy (letrozole, anastrozole, exemestane or tamoxifen)",TAMOXIFEN
NCT07178795,Pembrolizumab,PEMBROLIZUMAB
NCT07178795,Carboplatin,CARBOPLATIN
NCT07178795,Cisplatin,CISPLATIN
NCT07176312,Zanidatamab,ZANIDATAMAB
NCT07176312,Pembrolizumab,PEMBROLIZUMAB
NCT06764940,Utidelone in combination with capecitabine,CAPECITABINE
NCT03561740,capecitabine,CAPECITABINE
NCT06832904,pyrotinib and trastuzumab in combinition with neoadjuvant chemotherapy,PYROTINIB
NCT06832904,pyrotinib and trastuzumab in combinition with neoadjuvant chemotherapy,TRASTUZUMAB
NCT06757634,Arm A: Gedatolisib + Palbociclib + Fulvestrant,GEDATOLISIB
NCT06757634,Arm A: Gedatolisib + Palbociclib + Fulvestrant,PALBOCICLIB
NCT06757634,Arm A: Gedatolisib + Palbociclib + Fulvestrant,FULVESTRANT
NCT06757634,Arm B: Ribociclib + Fulvestrant,RIBOCICLIB
NCT06757634,Arm C: Gedatolisib + Palbociclib + Letrozole,LETROZOLE
NCT03315364,Oral paclitaxel,PACLITAXEL
NCT06239467,Fulvestrant,FULVESTRANT
NCT06239467,Trastuzumab,TRASTUZUMAB
NCT06239467,Tucatinib,TUCATINIB
NCT06239467,Ribociclib,RIBOCICLIB
NCT06532006,Pembrolizumab,PEMBROLIZUMAB
NCT06532006,Trastuzumab,TRASTUZUMAB
NCT06532006,Oxaliplatin,OXALIPLATIN
NCT06532006,Capecitabine,CAPECITABINE
NCT06856200,Sirolimus (albumin - bound),SIROLIMUS
NCT06856200,Palbociclib,PALBOCICLIB
NCT06856200,Fulvestrant,FULVESTRANT
NCT05246514,Trastuzumab deruxtecan,TRASTUZUMAB DERUXTECAN
NCT06157892,tucatinib,TUCATINIB
NCT06589830,Trastuzumab,TRASTUZUMAB
NCT04704934,Trastuzumab deruxtecan,TRASTUZUMAB DERUXTECAN
NCT04704934,Ramucirumab,RAMUCIRUMAB
NCT04704934,Paclitaxel,PACLITAXEL
NCT06125834,Trastuzumab Emtansine (T-DM1),TRASTUZUMAB
NCT03624543,CFI-400945,CFI-400945
NCT06123338,Pembrolizumab,PEMBROLIZUMAB
NCT06123338,Trastuzumab,TRASTUZUMAB
NCT06123338,Oxaliplatin,OXALIPLATIN
NCT06123338,Capecitabine,CAPECITABINE
NCT06123338,5-Fluorouracil,FLUOROURACIL
NCT05238922,Palbociclib,PALBOCICLIB
NCT05238922,Olaparib,OLAPARIB
NCT05238922,Paclitaxel,PACLITAXEL
NCT05238922,Ribociclib,RIBOCICLIB
NCT05238922,Fulvestrant,FULVESTRANT
NCT05640830,"trastuzumab, bevacizumab with paclitaxel (triple combination)",TRASTUZUMAB
NCT05640830,"trastuzumab, bevacizumab with paclitaxel (triple combination)",PACLITAXEL
NCT04650581,Ipatasertib,IPATASERTIB
NCT04650581,Fulvestrant,FULVESTRANT
NCT02062489,Tamoxifen,TAMOXIFEN
NCT06558682,Disitamab Vedotin and Cisplatin,CISPLATIN
NCT06544577,ELacestrant,ELACESTRANT
NCT05075512,"anlotinib, fulvestrant",ANLOTINIB
NCT05075512,"anlotinib, fulvestrant",FULVESTRANT
NCT05319873,Carboplatin,CARBOPLATIN
NCT05319873,Fulvestrant,FULVESTRANT
NCT05319873,Ribociclib,RIBOCICLIB
NCT05319873,Trastuzumab,TRASTUZUMAB
NCT05319873,Tucatinib,TUCATINIB
NCT03321045,[89Zr]-Df-Trastuzumab,TRASTUZUMAB
NCT04389632,pembrolizumab,PEMBROLIZUMAB
NCT04389632,cisplatin,CISPLATIN
NCT04389632,carboplatin,CARBOPLATIN
NCT05894239,Inavolisib,INAVOLISIB
NCT04294628,Trastuzumab Deruxtecan,TRASTUZUMAB DERUXTECAN
NCT06121700,Anti-PD-1 monoclonal antibody,ANTI-PD1 MONOCLONAL ANTIBODY
NCT06121700,Trastuzumab,TRASTUZUMAB
NCT07009184,[111In]In-DOTA-TCO-trastuzumab,TRASTUZUMAB
NCT06035679,Pyrotinib and Trastuzumab,PYROTINIB
NCT06035679,Pyrotinib and Trastuzumab,TRASTUZUMAB
NCT06968585,T-DM1,T-DM1
NCT06244485,Valemetostat tosylate,VALEMETOSTAT
NCT04425018,Paclitaxel,PACLITAXEL
NCT04425018,Margetuximab,MARGETUXIMAB
NCT04425018,Trastuzumab,TRASTUZUMAB
NCT05104866,Capecitabine,CAPECITABINE
NCT05104866,Gemcitabine,GEMCITABINE
NCT05104866,Vinorelbine,VINORELBINE
NCT05727410,"nivolumab, docetaxel, cisplatin Group",NIVOLUMAB
NCT05727410,"nivolumab, docetaxel, cisplatin Group",CISPLATIN
NCT06001086,"Disitamb Vedotin ,pyrotinib",PYROTINIB
NCT02947685,palbociclib,PALBOCICLIB
NCT02947685,trastuzumab,TRASTUZUMAB
NCT02947685,letrozole,LETROZOLE
NCT02947685,Anastrozole,ANASTROZOLE
NCT02947685,Exemestane,EXEMESTANE
NCT02947685,Fulvestrant,FULVESTRANT
NCT04985266,Palbociclib 125Mg Tab,PALBOCICLIB
NCT04985266,Fulvestrant injection,FULVESTRANT
NCT04985266,Tamoxifen,TAMOXIFEN
NCT04985266,Letrozole,LETROZOLE
NCT04985266,Exemestane,EXEMESTANE
NCT04985266,Anastrozole,ANASTROZOLE
NCT06112379,Durvalumab,DURVALUMAB
NCT06112379,Pembrolizumab,PEMBROLIZUMAB
NCT06112379,Doxorubicin,DOXORUBICIN HYDROCHLORIDE
NCT06112379,Epirubicin,EPIRUBICIN
NCT06112379,Cyclophosphamide,CYCLOPHOSPHAMIDE
NCT06112379,Paclitaxel,PACLITAXEL
NCT06112379,Carboplatin,CARBOPLATIN
NCT06112379,Capecitabine,CAPECITABINE
NCT06112379,Olaparib,OLAPARIB
NCT05035836,Zanidatamab,ZANIDATAMAB
NCT05035836,Letrozole,LETROZOLE
NCT05035836,Tamoxifen,TAMOXIFEN
NCT04572295,Fulvestrant,FULVESTRANT
NCT04572295,Exemestane,EXEMESTANE
NCT05900895,Olaparib,OLAPARIB
NCT05900895,17b-estradiol,ESTRADIOL PHOSPHATE
NCT05266105,Palbociclib,PALBOCICLIB
NCT02993198,Carvedilol,CARVEDILOL
NCT02792114,Cyclophosphamide,CYCLOPHOSPHAMIDE
NCT05563766,Itraconazole,ITRACONAZOLE
NCT06301438,dalpiciclib,DALPICICLIB
NCT07220135,Carboplatin,CARBOPLATIN
NCT07220135,Trastuzumab (or biosimilar),TRASTUZUMAB
NCT06313983,Hemay022+AI,HEMAY-022
NCT06313983,Lapatinib+Capecitabine,LAPATINIB
NCT06313983,Lapatinib+Capecitabine,CAPECITABINE
NCT05187182,Nivolumab,NIVOLUMAB
NCT05187182,Pembrolizumab,PEMBROLIZUMAB
NCT05187182,Trastuzumab,TRASTUZUMAB
NCT03201861,"Paclitaxel, Cisplatin",PACLITAXEL
NCT03201861,"Paclitaxel, Cisplatin",CISPLATIN
NCT06770296,Pyrotinib low dose group,PYROTINIB
NCT04448886,Pembrolizumab,PEMBROLIZUMAB
NCT04448886,Sacituzumab Govitecan,SACITUZUMAB GOVITECAN
NCT05943379,RC48-ADC in Combination with gemcitabine,GEMCITABINE
NCT04873362,Atezolizumab,ATEZOLIZUMAB
NCT04873362,Trastuzumab Emtansine,TRASTUZUMAB
NCT03650894,Nivolumab,NIVOLUMAB
NCT03650894,Ipilimumab,IPILIMUMAB
NCT03650894,Bicalutamide,BICALUTAMIDE
NCT03939897,Abemaciclib,ABEMACICLIB
NCT03939897,Copanlisib Hydrochloride,COPANLISIB HYDROCHLORIDE
NCT03939897,Fulvestrant,FULVESTRANT
NCT05292742,Pyrotinib+Trastuzumab+Capecitabine,PYROTINIB
NCT05292742,Pyrotinib+Trastuzumab+Capecitabine,TRASTUZUMAB
NCT05292742,Pyrotinib+Trastuzumab+Capecitabine,CAPECITABINE
NCT06102824,Capecitabine,CAPECITABINE
NCT06102824,Gemcitabine,GEMCITABINE
NCT06102824,Vinorelbine,VINORELBINE
NCT06102824,Carboplatin,CARBOPLATIN
NCT06102824,Trastuzumab deruxtecan,TRASTUZUMAB DERUXTECAN
NCT06102824,Sacituzumab govitecan,SACITUZUMAB GOVITECAN
NCT07459673,fam-trastuzumab deruxtecan-nxki (T-DXd),TRASTUZUMAB
NCT03383978,Ezabenlimab,EZABENLIMAB
NCT06062498,"elacestrant, palbociclib, abemaciclib, ribociclib",ELACESTRANT
NCT06062498,"elacestrant, palbociclib, abemaciclib, ribociclib",PALBOCICLIB
NCT06062498,"elacestrant, palbociclib, abemaciclib, ribociclib",ABEMACICLIB
NCT06062498,"elacestrant, palbociclib, abemaciclib, ribociclib",RIBOCICLIB
NCT07062263,Trastuzumab,TRASTUZUMAB
NCT07330544,entinostat,ENTINOSTAT
NCT07330544,Fulvestrant,FULVESTRANT
NCT07330544,Anlotinib,ANLOTINIB
NCT06389006,Toripalimab,TORIPALIMAB
NCT06389006,Epirubicin,EPIRUBICIN
NCT06389006,Cyclophosphamide,CYCLOPHOSPHAMIDE
NCT06100874,Sacituzumab Govitecan,SACITUZUMAB GOVITECAN
NCT06100874,Trastuzumab,TRASTUZUMAB
NCT05420454,Carboplatin,CARBOPLATIN
NCT05420454,Trastuzumab,TRASTUZUMAB
NCT05420454,Nab paclitaxel,NAB-PACLITAXEL
NCT05420454,Epirubicin,EPIRUBICIN
NCT05420454,Cyclophosphamide,CYCLOPHOSPHAMIDE
NCT07196774,Trastuzumab Injection,TRASTUZUMAB
NCT07196774,Carboplatin for Injection,CARBOPLATIN
NCT07551362,Fludarabine,FLUDARABINE
NCT07551362,Cyclophosphamide,CYCLOPHOSPHAMIDE
NCT04144023,Multi-epitope HER2 Peptide Vaccine H2NVAC,VACCINE
NCT05392608,Alpelisib 150 MG Oral Tablet [Piqray],ALPELISIB
NCT05392608,Fulvestrant,FULVESTRANT
NCT05081609,Pembrolizumab,PEMBROLIZUMAB
NCT05081609,Trastuzumab,TRASTUZUMAB
NCT04711252,Anastrozole,ANASTROZOLE
NCT04711252,Palbociclib,PALBOCICLIB
NCT06650332,cadonilimab,CADONILIMAB
NCT06650332,Trastuzumab,TRASTUZUMAB
NCT06595563,Trastuzumab emtansine,TRASTUZUMAB
NCT06949410,HER2 Vaccine,VACCINE
NCT07520760,Eribulin in Combination with Anlotinib,ANLOTINIB
NCT02678182,Capecitabine,CAPECITABINE
NCT02678182,MEDI4736 (Durvalumab),DURVALUMAB
NCT02678182,Trastuzumab,TRASTUZUMAB
NCT02678182,Rucaparib,RUCAPARIB
NCT02678182,Ramucirumab,RAMUCIRUMAB
NCT06429761,Trastuzumab deruxtecan,TRASTUZUMAB DERUXTECAN
NCT06121570,Doxorubicin,DOXORUBICIN HYDROCHLORIDE
NCT06121570,Epirubicin,EPIRUBICIN
NCT06121570,Cyclophosphamide,CYCLOPHOSPHAMIDE
NCT06121570,Fludarabine,FLUDARABINE
NCT06121570,Nab-paclitaxel,NAB-PACLITAXEL
NCT04680442,Trastuzumab,TRASTUZUMAB
NCT05228951,"Pyrotinib maleate, dalpiciclib, Trastuzumab, letrozole",PYROTINIB
NCT05228951,"Pyrotinib maleate, dalpiciclib, Trastuzumab, letrozole",DALPICICLIB
NCT05228951,"Pyrotinib maleate, dalpiciclib, Trastuzumab, letrozole",TRASTUZUMAB
NCT05228951,"Pyrotinib maleate, dalpiciclib, Trastuzumab, letrozole",LETROZOLE
NCT02744053,Technetium Tc-99m Sestamibi,TECHNETIUM TC 99M SESTAMIBI
NCT06057610,Trastuzumab Injection；Pertuzumab Injection ； Docetaxel Injection,TRASTUZUMAB
NCT04457596,Trastuzumab Emtansine,TRASTUZUMAB
NCT04457596,Tucatinib,TUCATINIB
NCT06374459,Capecitabine,CAPECITABINE
NCT06374459,Denosumab,DENOSUMAB
NCT06254690,Pyrotinib dose escalation,PYROTINIB
NCT05356741,pembrolizumab,PEMBROLIZUMAB
NCT07193394,Tucatinib (ONT-380),TUCATINIB
NCT07193394,Trastuzumab (Herceptin),TRASTUZUMAB
NCT06430437,PD-1/PD-L1 inhibitors、Pemetrexed/ Paclitaxel、Carboplatin/ Cisplatin,PACLITAXEL
NCT06430437,PD-1/PD-L1 inhibitors、Pemetrexed/ Paclitaxel、Carboplatin/ Cisplatin,CARBOPLATIN
NCT06430437,PD-1/PD-L1 inhibitors、Pemetrexed/ Paclitaxel、Carboplatin/ Cisplatin,CISPLATIN
NCT02955394,Enzalutamide,ENZALUTAMIDE
NCT02955394,Fulvestrant,FULVESTRANT
NCT06665178,Sacituzumab Govitecan,SACITUZUMAB GOVITECAN
NCT04052555,Berzosertib,BERZOSERTIB
NCT03283384,Letrozole,LETROZOLE
NCT03283384,Ribociclib plus letrozole,RIBOCICLIB
NCT07492628,Cyclophosphamide,CYCLOPHOSPHAMIDE
NCT07492628,Fludarabine,FLUDARABINE
NCT06568692,PCS6422 and capecitabine,CAPECITABINE
NCT07109726,Fulvestrant injection,FULVESTRANT
NCT04576143,Epirubicin,EPIRUBICIN
NCT04576143,Paclitaxel,PACLITAXEL
NCT05955170,Tucatinib in Combination of Oral VP16 and trastuzumab,TUCATINIB
NCT05955170,Tucatinib in Combination of Oral VP16 and trastuzumab,TRASTUZUMAB
NCT06435429,Zanidatamab,ZANIDATAMAB
NCT06435429,Trastuzumab,TRASTUZUMAB
NCT06435429,Vinorelbine,VINORELBINE
NCT06435429,Gemcitabine,GEMCITABINE
NCT06435429,Capecitabine,CAPECITABINE
NCT07281833,Capivasertib,CAPIVASERTIB
NCT07242352,Elacestrant,ELACESTRANT
NCT07315750,Tislelizumab,TISLELIZUMAB
NCT07315750,CAPOX (oxaliplatin/capecitabine),OXALIPLATIN
NCT07315750,CAPOX (oxaliplatin/capecitabine),CAPECITABINE
NCT07315750,Trastuzumab,TRASTUZUMAB
NCT07315750,Pembrolizumab,PEMBROLIZUMAB
NCT04159142,Nab-paclitaxel + Carboplatin,PACLITAXEL
NCT04159142,Nab-paclitaxel + Carboplatin,CARBOPLATIN
NCT04159142,Nab-paclitaxel + Capecitabine,CAPECITABINE
NCT05601440,RP-6306,RP-6306
NCT05601440,Gemcitabine,GEMCITABINE
NCT05601440,Niraparib,NIRAPARIB
NCT05601440,Fulvestrant,FULVESTRANT
NCT05601440,CFI-400945,CFI-400945
NCT05601440,Sacituzumab govitecan,SACITUZUMAB GOVITECAN
NCT04819243,"Pabociclib, Endocrine(or ET + CDK4/6 inhibitors), Talazoparib, Atezolizumab",TALAZOPARIB
NCT04819243,"Pabociclib, Endocrine(or ET + CDK4/6 inhibitors), Talazoparib, Atezolizumab",ATEZOLIZUMAB
NCT07393425,Trastuzumab Deruxtecan,TRASTUZUMAB DERUXTECAN
NCT07393425,Trastuzumab (or biosimilar),TRASTUZUMAB
NCT07393425,Pyrotinib 320mg,PYROTINIB
NCT06217185,Pyrotinib,PYROTINIB
NCT06217185,Trastuzumab,TRASTUZUMAB
NCT06217185,Capecitabine,CAPECITABINE
NCT05981014,Doxorubicin,DOXORUBICIN HYDROCHLORIDE
NCT05981014,Epirubicin,EPIRUBICIN
NCT05981014,Cyclophosphamide,CYCLOPHOSPHAMIDE
NCT05981014,Fludarabine,FLUDARABINE
NCT05981014,Nab-paclitaxel,NAB-PACLITAXEL
NCT06109467,Neratinib,NERATINIB
NCT06109467,Trastuzumab,TRASTUZUMAB
NCT06109467,Oxaliplatin,OXALIPLATIN
NCT06109467,5-Fluorouracil + leucovorin,FLUOROURACIL
NCT06109467,Pembrolizumab,PEMBROLIZUMAB
NCT05077449,XZP-3287+Fulvestrant,FULVESTRANT
NCT06221748,Cadonilimab Injection,CADONILIMAB
NCT06221748,Paclitaxel Injection,PACLITAXEL
NCT03900884,Venetoclax,VENETOCLAX
NCT03900884,Palbociclib,PALBOCICLIB
NCT03900884,Letrozole,LETROZOLE
NCT05827081,Ribociclib,RIBOCICLIB
NCT05827081,Letrozole,LETROZOLE
NCT05827081,Exemestane,EXEMESTANE
NCT06905301,Ribociclib,RIBOCICLIB
NCT06905301,Letrozole,LETROZOLE
NCT06905301,Anastrozole,ANASTROZOLE
NCT05378464,Dendritic Cell (DC1) Vaccine,VACCINE
NCT05378464,Trastuzumab,TRASTUZUMAB
NCT05378464,Pepinemab,PEPINEMAB
NCT04561362,Pembrolizumab,PEMBROLIZUMAB
NCT02957968,Doxorubicin,DOXORUBICIN HYDROCHLORIDE
NCT02957968,Cyclophosphamide,CYCLOPHOSPHAMIDE
NCT02957968,Paclitaxel,PACLITAXEL
NCT02957968,Carboplatin,CARBOPLATIN
NCT02957968,Decitabine,DECITABINE
NCT02957968,Pembrolizumab,PEMBROLIZUMAB
NCT06468280,Trastuzumab,TRASTUZUMAB
NCT06468280,Zolbetuximab,ZOLBETUXIMAB
NCT03944434,Ribociclib,RIBOCICLIB
NCT06058988,Trastuzumab deruxtecan,TRASTUZUMAB DERUXTECAN
NCT05856383,Inetetamab Combined With Pyrotinib and Vinorelbine,PYROTINIB
NCT05856383,Inetetamab Combined With Pyrotinib and Vinorelbine,VINORELBINE TARTRATE
NCT06418594,Apatinib,APATINIB
NCT06418594,Etoposide,ETOPOSIDE
NCT06167694,HRS-8080; Dalpiciclib Isethionate Tablets,DALPICICLIB
NCT02344472,Trastuzumab,TRASTUZUMAB
NCT02344472,Capecitabine,CAPECITABINE
NCT02344472,Paclitaxel,PACLITAXEL
NCT02344472,Vinorelbine,VINORELBINE
NCT02344472,Exemestane,EXEMESTANE
NCT02344472,Letrozole,LETROZOLE
NCT02344472,Anastrozole,ANASTROZOLE
NCT02344472,Fulvestrant,FULVESTRANT
NCT02344472,Ribociclib,RIBOCICLIB
NCT02344472,nab-Paclitaxel,NAB-PACLITAXEL
NCT04893109,trastuzumab-emtansine,TRASTUZUMAB
NCT04893109,Paclitaxel,PACLITAXEL
NCT06079983,Capecitabine tablets,CAPECITABINE
NCT06079983,Gemcitabine hydrochloride for injection,GEMCITABINE
NCT06079983,Vinorelbine tartrate injection,VINORELBINE TARTRATE
NCT06079983,Paclitaxel for injection (albumin-bound type),PACLITAXEL
NCT07421141,Paclitaxel,PACLITAXEL
NCT07421141,trastuzumab,TRASTUZUMAB
NCT07421141,carboplatin,CARBOPLATIN
NCT07421141,Adjuvant Systemic Therapy,ADJUVANT
NCT06942234,Capecitabine,CAPECITABINE
NCT06942234,Paclitaxel (albumin bound),PACLITAXEL
NCT06942234,Pembrolizumab,PEMBROLIZUMAB
NCT05768139,STX-478,STX-478
NCT05768139,Fulvestrant,FULVESTRANT
NCT05768139,Ribociclib,RIBOCICLIB
NCT05768139,Palbociclib,PALBOCICLIB
NCT05768139,Letrozole,LETROZOLE
NCT05768139,Anastrozole,ANASTROZOLE
NCT05768139,Exemestane,EXEMESTANE
NCT05768139,Tamoxifen,TAMOXIFEN
NCT05768139,Abemaciclib,ABEMACICLIB
NCT05768139,Imlunestrant,IMLUNESTRANT
NCT05768139,Metformin,METFORMIN
NCT04546009,Giredestrant,GIREDESTRANT
NCT04546009,Letrozole,LETROZOLE
NCT04546009,Palbociclib,PALBOCICLIB
NCT03989089,Pembrolizumab,PEMBROLIZUMAB
NCT07287917,Fulvestrant,FULVESTRANT
NCT07287917,Capivasertib,CAPIVASERTIB
NCT07287917,Pembrolizumab,PEMBROLIZUMAB
NCT04208178,Alpelisib,ALPELISIB
NCT04208178,Trastuzumab,TRASTUZUMAB
NCT06227117,Toripalimab （18weeks）,TORIPALIMAB
NCT06227117,Carboplatin,CARBOPLATIN
NCT06227117,Sequential Epirubicin,EPIRUBICIN
NCT06145308,"Cohort 3 (AR-positive, leuprolide + bicalutamide + abiraterone)",BICALUTAMIDE
NCT06145308,Albumin-paclitaxel + platinum,PACLITAXEL
NCT06145308,Albumin-paclitaxel + platinum,PLATINUM
NCT06145308,Albumin-paclitaxel + carboplatin + apatinib + camrelizumab,CARBOPLATIN
NCT06145308,Albumin-paclitaxel + carboplatin + apatinib + camrelizumab,APATINIB
NCT06145308,Albumin-paclitaxel + carboplatin + apatinib + camrelizumab,CAMRELIZUMAB
NCT06145308,albumin-bound paclitaxel+trastuzumab+pyrotinib,TRASTUZUMAB
NCT06145308,albumin-bound paclitaxel+trastuzumab+pyrotinib,PYROTINIB
NCT06145308,cadonilimab,CADONILIMAB
NCT06145308,CDK4/6 inhibitor+AI or fulvestrant,FULVESTRANT
NCT06145308,alpelisib+fulvestrant,ALPELISIB + FULVESTRANT
NCT06145308,enfortumab vedotin,ENFORTUMAB VEDOTIN
NCT06145308,vebecotutamab ±lenvatinib,LENVATINIB
NCT06820255,Platinum + Gemcitabine,PLATINUM
NCT06820255,Platinum + Gemcitabine,GEMCITABINE
NCT06820255,Avelumab first-line maintenance,AVELUMAB
NCT07241793,Trastuzumab Rezetecan,TRASTUZUMAB
NCT03425838,Fulvestrant,FULVESTRANT
NCT05582499,Dalpiciclib,DALPICICLIB
NCT05582499,Pyrotinib,PYROTINIB
NCT05582499,SHR-1316,SHR-1316
NCT05582499,Camrelizumab,CAMRELIZUMAB
NCT05582499,Trastuzumab,TRASTUZUMAB
NCT05582499,Letrozole,LETROZOLE
NCT05582499,Nab paclitaxel,NAB-PACLITAXEL
NCT05582499,Carboplatin,CARBOPLATIN
NCT05582499,Epirubicin,EPIRUBICIN
NCT05582499,Cyclophosphamide,CYCLOPHOSPHAMIDE
NCT05582499,Apatinib,APATINIB
NCT05582499,Famitinib,FAMITINIB
NCT05582499,Anlotinib,ANLOTINIB
NCT05582499,paclitaxel,PACLITAXEL
NCT04144569,PD-1 Combined With Pyrotinib,PYROTINIB
NCT05306041,Inavolisib,INAVOLISIB
NCT06420973,RC48+carboplatin±bevacizumab,CARBOPLATIN
NCT06875128,"Melphalan/HDS followed by Physician's choice of SOC (eribulin, vinorelbine, or capecitabine)",MELPHALAN HYDROCHLORIDE
NCT06875128,"Melphalan/HDS followed by Physician's choice of SOC (eribulin, vinorelbine, or capecitabine)",VINORELBINE TARTRATE
NCT06875128,"Melphalan/HDS followed by Physician's choice of SOC (eribulin, vinorelbine, or capecitabine)",CAPECITABINE
NCT06977893,Neoadjuvant Chemotherapy in Combination with Toripalimab,TORIPALIMAB
NCT03653507,zolbetuximab,ZOLBETUXIMAB
NCT03653507,oxaliplatin,OXALIPLATIN
NCT03653507,capecitabine,CAPECITABINE
NCT06686394,Patritumab deruxtecan,PATRITUMAB DERUXTECAN
NCT06686394,Trastuzumab,TRASTUZUMAB
NCT06686394,Tucatinib,TUCATINIB
NCT07085767,Ribociclib,RIBOCICLIB
NCT07085767,Letrozole,LETROZOLE
NCT06349044,Anti-PD-1 monoclonal antibody,ANTI-PD1 MONOCLONAL ANTIBODY
NCT06349044,Oxaliplatin and Capecitabine,OXALIPLATIN
NCT06349044,Oxaliplatin and Capecitabine,CAPECITABINE
NCT06349044,Gemcitabine and Cisplatin,GEMCITABINE
NCT06349044,Gemcitabine and Cisplatin,CISPLATIN
NCT07117630,Fulvestrant,FULVESTRANT
NCT07117630,N-Acetylcysteine (NAC) Treatment,ACETYLCYSTEINE
NCT05098210,Neoantigen Peptide Vaccine,VACCINE
NCT05098210,Nivolumab,NIVOLUMAB
NCT05098210,Poly ICLC,POLY ICLC
NCT03917082,Tamoxifen Citrate,TAMOXIFEN CITRATE
NCT06734182,Envafolimab injections+intravenous Disitamab Vedotin+carboplatin,ENVAFOLIMAB
NCT06734182,Envafolimab injections+intravenous Disitamab Vedotin+carboplatin,CARBOPLATIN
NCT06727227,trastuzumab deruxtecan,TRASTUZUMAB DERUXTECAN
NCT06612814,Dalpiciclib,DALPICICLIB
NCT06612814,Fulvestrant/AI,FULVESTRANT
NCT06255392,Apatinib Mesylate,APATINIB
NCT06255392,Capecitabine tablets,CAPECITABINE
NCT06255392,Vinorelbine Tartrate Oral,VINORELBINE TARTRATE
NCT06255392,Gemcitabine Hydrochloride,GEMCITABINE
NCT06255392,Paclitaxel-albumin,PACLITAXEL
NCT05809752,Dendritic Cell Vaccine,DENDRITIC CELL VACCINE
NCT06830889,T-DM1,T-DM1
NCT06000917,"pyrotinib,Trastuzumab，carboplatin，Albumin paclitaxel",PYROTINIB
NCT06000917,"pyrotinib,Trastuzumab，carboplatin，Albumin paclitaxel",TRASTUZUMAB
NCT06000917,"pyrotinib,Trastuzumab，carboplatin，Albumin paclitaxel",CARBOPLATIN
NCT06000917,"pyrotinib,Trastuzumab，carboplatin，Albumin paclitaxel",PACLITAXEL
NCT05728268,dose-dense nab-paclitaxel followed by EC,PACLITAXEL
NCT01674140,anastrozole,ANASTROZOLE
NCT01674140,everolimus,EVEROLIMUS
NCT01674140,exemestane,EXEMESTANE
NCT01674140,goserelin acetate,GOSERELIN ACETATE
NCT01674140,letrozole,LETROZOLE
NCT01674140,leuprolide acetate,LEUPROLIDE ACETATE
NCT01674140,tamoxifen citrate,TAMOXIFEN CITRATE
NCT05188313,Trastuzumab,TRASTUZUMAB
NCT05188313,Paclitaxel,PACLITAXEL
NCT05188313,Carboplatin,CARBOPLATIN
NCT07400523,Ribociclib plus aromatase inhibitor,RIBOCICLIB
NCT07400523,Aromatase inhibitor,AROMATASE INHIBITOR
NCT06611813,Neoadjuvant Chemotherapy in Combination with Toripalimab,TORIPALIMAB
NCT06341894,Dalpiciclib,DALPICICLIB
NCT06797531,ribociclib,RIBOCICLIB
NCT03789110,Nivolumab,NIVOLUMAB
NCT03789110,Ipilimumab,IPILIMUMAB
NCT06136897,Trastuzumab,TRASTUZUMAB
NCT06966700,Pembrolizumab,PEMBROLIZUMAB
NCT06966700,Rescue Medication,MEDICATION
NCT06966700,Carboplatin,CARBOPLATIN
NCT06966700,Paclitaxel,PACLITAXEL
NCT06966700,Doxorubicin,DOXORUBICIN HYDROCHLORIDE
NCT06966700,Epirubicin,EPIRUBICIN
NCT06966700,Cyclophosphamide,CYCLOPHOSPHAMIDE
NCT06966700,Capecitabine,CAPECITABINE
NCT06966700,Olaparib,OLAPARIB
NCT05524584,Fulvestrant,FULVESTRANT
NCT05524584,Anastrozole,ANASTROZOLE
NCT05524584,Abemaciclib,ABEMACICLIB
NCT03384914,DC1 Vaccine,VACCINE
NCT04851613,Afuresertib,AFURESERTIB
NCT03515798,Pembrolizumab Injection,PEMBROLIZUMAB
NCT03515798,neoadjuvant EC-paclitaxel chemotherapy,PACLITAXEL
NCT06377852,Palbociclib 125mg,PALBOCICLIB
NCT06377852,Ribociclib 600mg,RIBOCICLIB
NCT05424835,Pyrotinib in combination with Capecitabine.,PYROTINIB
NCT05424835,Pyrotinib in combination with Capecitabine.,CAPECITABINE
NCT05965479,Trastuzumab deruxtecan,TRASTUZUMAB DERUXTECAN
NCT05766410,Palbociclib,PALBOCICLIB
NCT05766410,Ribociclib,RIBOCICLIB
NCT05766410,Abemaciclib,ABEMACICLIB
NCT05766410,Letrozole,LETROZOLE
NCT05824975,doxorubicin,DOXORUBICIN HYDROCHLORIDE
NCT05824975,paclitaxel,PACLITAXEL
NCT05824975,trastuzumab deruxtecan (T-DXd),TRASTUZUMAB
NCT05824975,pembrolizumab,PEMBROLIZUMAB
NCT04661150,Atezolizumab,ATEZOLIZUMAB
NCT04661150,Trastuzumab,TRASTUZUMAB
NCT04661150,Capecitabine,CAPECITABINE
NCT04661150,Oxaliplatin,OXALIPLATIN
NCT05038735,Alpelisib,ALPELISIB
NCT05038735,Fulvestrant,FULVESTRANT
NCT04567420,Palbociclib,PALBOCICLIB
NCT04567420,Fulvestrant,FULVESTRANT
NCT04567420,Adjuvant Therapy,ADJUVANT
NCT06691035,Elacestrant,ELACESTRANT
NCT05889390,Paclitaxel,PACLITAXEL
NCT05889390,Carboplatin,CARBOPLATIN
NCT05889390,Cyclophosphamide/Doxorubicin,CYCLOPHOSPHAMIDE
NCT05889390,Cyclophosphamide/Doxorubicin,DOXORUBICIN HYDROCHLORIDE
NCT04884282,Nivolumab,NIVOLUMAB
NCT05023967,Extended Release Metformin Hydrochloride,METFORMIN
NCT07192068,Zanidatamab,ZANIDATAMAB
NCT05150691,Ritonavir,RITONAVIR
NCT05150691,Itraconazole,ITRACONAZOLE
NCT04254263,pyrotinib,PYROTINIB
NCT03900637,Leuprorelin acetate,ACETATE
NCT03900637,Letrozole,LETROZOLE
NCT05608252,Abemaciclib,ABEMACICLIB
NCT05608252,Fulvestrant,FULVESTRANT
NCT05867251,Palbociclib,PALBOCICLIB
NCT05867251,Fulvestrant,FULVESTRANT
NCT05867251,Letrozole,LETROZOLE
NCT05867251,Ribociclib,RIBOCICLIB
NCT05867251,Abemaciclib,ABEMACICLIB
NCT05867251,Carboplatin,CARBOPLATIN
NCT04439136,Afatinib Dimaleate,AFATINIB DIMALEATE
NCT05826964,mTOR inhibitor + Selective estrogen receptor modulator,ESTROGEN
NCT04547907,Nab-paclitaxel+ trastuzumab+ patuzumab,PACLITAXEL
NCT04547907,Nab-paclitaxel+ trastuzumab+ patuzumab,TRASTUZUMAB
NCT04547907,Docetaxel+ carboplatin+ trastuzumab + patuzumab,CARBOPLATIN
NCT05222971,Durvalumab,DURVALUMAB
NCT05222971,Olaparib,OLAPARIB
NCT05252988,Neratinib,NERATINIB
NCT05252988,Loperamide,LOPERAMIDE
NCT05252988,Colesevelam,COLESEVELAM HYDROCHLORIDE
NCT05861830,The combination of Dalpiciclib with physician-selected endocrine therapy,DALPICICLIB
NCT06581432,Zongertinib,ZONGERTINIB
NCT06764875,Rilvegostomig,RILVEGOSTOMIG
NCT06764875,Trastuzumab deruxtecan,TRASTUZUMAB DERUXTECAN
NCT06764875,Trastuzumab,TRASTUZUMAB
NCT06764875,Pembrolizumab,PEMBROLIZUMAB
NCT06764875,5-fluorouracil,FLUOROURACIL
NCT06764875,Capecitabine,CAPECITABINE
NCT06764875,Cisplatin,CISPLATIN
NCT06764875,Oxaliplatin,OXALIPLATIN
NCT03879629,Carvedilol,CARVEDILOL
NCT05770531,Sacituzumab Govitecan,SACITUZUMAB GOVITECAN
NCT06548919,Chemotherapy Prednisone,PREDNISONE
NCT04895761,Letrozole 2.5mg,LETROZOLE
NCT04895761,Cyclophosphamide 50mg,CYCLOPHOSPHAMIDE
NCT06236269,Sacituzumab Govitecan,SACITUZUMAB GOVITECAN
NCT06774222,Fruquintinib,FRUQUINTINIB
NCT02445391,Capecitabine,CAPECITABINE
NCT02445391,Carboplatin,CARBOPLATIN
NCT02445391,Cisplatin,CISPLATIN
NCT07335081,pyrotinib,PYROTINIB
NCT07335081,trastuzumab,TRASTUZUMAB
NCT06805812,Palbociclib,PALBOCICLIB
NCT06805812,Ribociclib,RIBOCICLIB
NCT06805812,Abemaciclib,ABEMACICLIB
NCT05288777,T-DM1,T-DM1
NCT05288777,Capecitabine,CAPECITABINE
NCT06913777,Targeted therapy agents: SNF2 -adebrelimab + famitinib; SNF3 -fluzoparib; SNF4 -apatinib,FAMITINIB
NCT06913777,Targeted therapy agents: SNF2 -adebrelimab + famitinib; SNF3 -fluzoparib; SNF4 -apatinib,APATINIB
NCT06155383,Capecitabine,CAPECITABINE
NCT06155383,oxaliplatin,OXALIPLATIN
NCT06155383,Toripalimab,TORIPALIMAB
NCT06518837,Tirzepatide,TIRZEPATIDE
NCT00616967,carboplatin,CARBOPLATIN
NCT00616967,paclitaxel albumin-stabilized nanoparticle formulation,PACLITAXEL
NCT00616967,vorinostat,VORINOSTAT
NCT05710328,Fludeoxyglucose F-18,FLUDEOXYGLUCOSE F 18
NCT06149130,dalpiciclib,DALPICICLIB
NCT06311214,Enfortumab Vedotin,ENFORTUMAB VEDOTIN
NCT06311214,Sacituzumab Govitecan,SACITUZUMAB GOVITECAN
NCT06311214,Trastuzumab Deruxtecan,TRASTUZUMAB DERUXTECAN
NCT05800275,Tucatinib Oral Tablet,TUCATINIB
NCT05800275,Capecitabine tablets,CAPECITABINE
NCT05800275,Trastuzumab Injection,TRASTUZUMAB
NCT05708235,Giredestrant,GIREDESTRANT
NCT05708235,Abemaciclib,ABEMACICLIB
NCT05708235,Inavolisib,INAVOLISIB
NCT07263425,Intrathecal Administration of Thiotepa in Combination with Trastuzumab via the Ommaya Reservoir,THIOTEPA
NCT07263425,Intrathecal Administration of Thiotepa in Combination with Trastuzumab via the Ommaya Reservoir,TRASTUZUMAB
NCT05635487,Pyrotinib,PYROTINIB
NCT02204098,Mammaglobin-A DNA Vaccine,VACCINE
NCT05034887,Trastuzumab Deruxtecan (T-DXd) monotherapy,TRASTUZUMAB
NCT05034887,"T-DXd, Durvalumab and Capecitabine Combination",DURVALUMAB
NCT05034887,"T-DXd, Durvalumab and Capecitabine Combination",CAPECITABINE
NCT05851014,GB491 combined with Letrozole,LETROZOLE
NCT02436993,Carboplatin,CARBOPLATIN
NCT02436993,Paclitaxel,PACLITAXEL
NCT02436993,Trastuzumab,TRASTUZUMAB
NCT07581834,Dalpiciclib 125mg,DALPICICLIB
NCT07581834,"Endocrine Therapy (ET): letrozole, anastrozole, exemestane, tamoxifen",LETROZOLE
NCT07581834,"Endocrine Therapy (ET): letrozole, anastrozole, exemestane, tamoxifen",ANASTROZOLE
NCT07581834,"Endocrine Therapy (ET): letrozole, anastrozole, exemestane, tamoxifen",EXEMESTANE
NCT07581834,"Endocrine Therapy (ET): letrozole, anastrozole, exemestane, tamoxifen",TAMOXIFEN
NCT07019363,"Endocrine Therapy (Tamoxifen, Anastrozol, Letrozole, Exemestane)",TAMOXIFEN
NCT07019363,"Endocrine Therapy (Tamoxifen, Anastrozol, Letrozole, Exemestane)",LETROZOLE
NCT07019363,"Endocrine Therapy (Tamoxifen, Anastrozol, Letrozole, Exemestane)",EXEMESTANE
NCT03546686,Pembrolizumab,PEMBROLIZUMAB
NCT03546686,Ipilimumab,IPILIMUMAB
NCT03546686,Nivolumab,NIVOLUMAB
NCT04654208,palbociclib,PALBOCICLIB
NCT06167317,Sacituzumab Govitecan,SACITUZUMAB GOVITECAN
NCT06126640,Trastuzumab Emtansine,TRASTUZUMAB
NCT02115282,Entinostat,ENTINOSTAT
NCT02115282,Exemestane,EXEMESTANE
NCT02115282,Goserelin Acetate,GOSERELIN ACETATE
NCT04733118,Trastuzumab and Pertuzumab (FDC SC) and T-DM1,TRASTUZUMAB
NCT05672524,Trastuzumab,TRASTUZUMAB
NCT05672524,Tucatinib,TUCATINIB
NCT06126276,Neratinib Maleate,NERATINIB MALEATE
NCT06126276,Palbociclib,PALBOCICLIB
NCT06008925,Recombinant Human IL12/15-PDL1B Oncolytic HSV-1 Injection (Vero Cell)),IL-12
NCT06008925,Nivolumab Injection,NIVOLUMAB
NCT06957379,Letrozole,LETROZOLE
NCT06957379,Anastrozole,ANASTROZOLE
NCT06957379,Exemestane,EXEMESTANE
NCT06957379,Fulvestrant,FULVESTRANT
NCT06957379,Sirolimus for Injection (Albumin-bound),SIROLIMUS
NCT03504397,zolbetuximab,ZOLBETUXIMAB
NCT03504397,oxaliplatin,OXALIPLATIN
NCT03504397,fluorouracil,FLUOROURACIL
NCT06769425,HS-10502+ Apatinib,APATINIB
NCT06769425,HS-10502 + Platinum + Bevacizumab,PLATINUM
NCT06769425,HS-10502 + nab-paclitaxel or Docetaxel or Irinotecan,PACLITAXEL
NCT06769425,HS-10502 + nab-paclitaxel or Docetaxel or Irinotecan,IRINOTECAN HYDROCHLORIDE
NCT06723990,Adjuvant standard treatment for HER2+,ADJUVANT
NCT07387874,Trastuzumab Rezetecan,TRASTUZUMAB
NCT00494182,Carboplatin,CARBOPLATIN
NCT00494182,Paclitaxel,PACLITAXEL
NCT00494182,Sorafenib,SORAFENIB
NCT06508216,Durvalumab,DURVALUMAB
NCT04852887,"Endocrine Therapy (Tamoxifen, Anastrozol, Letrozole, Exemestane)",TAMOXIFEN
NCT04852887,"Endocrine Therapy (Tamoxifen, Anastrozol, Letrozole, Exemestane)",LETROZOLE
NCT04852887,"Endocrine Therapy (Tamoxifen, Anastrozol, Letrozole, Exemestane)",EXEMESTANE
NCT04263298,Fulvestrant,FULVESTRANT
NCT04263298,Capecitabine Oral Product,CAPECITABINE
NCT04928261,Trastuzumab,TRASTUZUMAB
NCT07296705,Zanidatamab,ZANIDATAMAB
NCT07296705,Tislelizumab,TISLELIZUMAB
NCT07296705,Cisplatin,CISPLATIN
NCT07296705,Gemcitabine,GEMCITABINE
NCT07296705,Nab-paclitaxel,NAB-PACLITAXEL
NCT06023758,KN026,KN-026
NCT06778031,SHR-1316,SHR-1316
NCT07497386,Trastuzumab Rezetecan for Injection,TRASTUZUMAB
NCT06234137,Carboplatin,CARBOPLATIN
NCT06234137,Pyrotinib,PYROTINIB
NCT05465031,Sacubitril-valsartan,SACUBITRIL/VALSARTAN
NCT07432295,Nivolumab,NIVOLUMAB
NCT07432295,Oxaliplatin,OXALIPLATIN
NCT07432295,Capecitabine,CAPECITABINE
NCT05710666,trastuzumab deruxtecan (T-DXd) (IV),TRASTUZUMAB
NCT06026657,Gemcitabine,GEMCITABINE
NCT06026657,Naxitamab,NAXITAMAB
NCT06075953,Tamoxifen,TAMOXIFEN
NCT06075953,Exemestane,EXEMESTANE
NCT06075953,Letrozole,LETROZOLE
NCT06075953,Testosterone + Anastrazole,TESTOSTERONE
NCT06075953,Elacestrant,ELACESTRANT
NCT06075953,Z-endoxifen,ENDOXIFEN
NCT06190600,"neoadjuvant treatment (doxorubicin, cyclophosphamide, paclitaxel, trastuzumab, pertuzumab)",DOXORUBICIN HYDROCHLORIDE
NCT06190600,"neoadjuvant treatment (doxorubicin, cyclophosphamide, paclitaxel, trastuzumab, pertuzumab)",CYCLOPHOSPHAMIDE
NCT06190600,"neoadjuvant treatment (doxorubicin, cyclophosphamide, paclitaxel, trastuzumab, pertuzumab)",PACLITAXEL
NCT06190600,"neoadjuvant treatment (doxorubicin, cyclophosphamide, paclitaxel, trastuzumab, pertuzumab)",TRASTUZUMAB
NCT05749900,Trastuzumab+Nivolumab+Gemcitabine+Cisplatin,TRASTUZUMAB
NCT05749900,Trastuzumab+Nivolumab+Gemcitabine+Cisplatin,NIVOLUMAB
NCT05749900,Trastuzumab+Nivolumab+Gemcitabine+Cisplatin,GEMCITABINE
NCT05749900,Trastuzumab+Nivolumab+Gemcitabine+Cisplatin,CISPLATIN
NCT07558733,Serabelisib,SERABELISIB
NCT07558733,Sapanisertib,SAPANISERTIB
NCT07558733,Fulvestrant,FULVESTRANT
NCT04829604,ARX788,ARX-788
NCT03125928,Atezolizumab,ATEZOLIZUMAB
NCT03125928,Paclitaxel,PACLITAXEL
NCT03125928,Trastuzumab,TRASTUZUMAB
NCT05625087,Alpelisib,ALPELISIB
NCT05625087,Ribociclib,RIBOCICLIB
NCT02547987,Carboplatin,CARBOPLATIN
NCT03147287,Palbociclib,PALBOCICLIB
NCT03147287,Fulvestrant,FULVESTRANT
NCT03147287,Avelumab,AVELUMAB
NCT06121557,Cyclophosphamide,CYCLOPHOSPHAMIDE
NCT06121557,Fludarabine,FLUDARABINE
NCT06121557,Camrelizumab,CAMRELIZUMAB
NCT05890287,Chidamide,CHIDAMIDE
NCT04191499,Inavolisib,INAVOLISIB
NCT04191499,Palbociclib,PALBOCICLIB
NCT04191499,Fulvestrant,FULVESTRANT
NCT06663787,Trastuzumab (Herceptin),TRASTUZUMAB
NCT05207709,Ribociclib + Letrozole OR Fulvestrant,RIBOCICLIB
NCT05207709,Ribociclib + Letrozole OR Fulvestrant,LETROZOLE
NCT05207709,Ribociclib + Letrozole OR Fulvestrant,FULVESTRANT
NCT05207709,Palbociclib + Letrozole OR Fulvestrant,PALBOCICLIB
NCT05207709,Paclitaxel +/- Tislelizumab,PACLITAXEL
NCT05207709,Paclitaxel +/- Tislelizumab,TISLELIZUMAB
NCT07117851,Disitamab Vedotin combined with Bicalutamide,BICALUTAMIDE
NCT06533826,Trastuzumab Deruxtecan,TRASTUZUMAB DERUXTECAN
NCT06533826,Datopotamab Deruxtecan,DATOPOTAMAB DERUXTECAN
NCT06110793,Lenvatinib,LENVATINIB
NCT06110793,Fulvestrant,FULVESTRANT
NCT04293393,Doxorubicin,DOXORUBICIN HYDROCHLORIDE
NCT04293393,Cyclophosphamide,CYCLOPHOSPHAMIDE
NCT04293393,Letrozole,LETROZOLE
NCT04293393,Abemaciclib,ABEMACICLIB
NCT05892068,Tucatinib,TUCATINIB
NCT05251714,Fulvestrant,FULVESTRANT
NCT06085755,Trastuzumab deruxtecan,TRASTUZUMAB DERUXTECAN
NCT06085755,Afatinib,AFATINIB
NCT05302284,Toripalimab,TORIPALIMAB
NCT05302284,Gemcitabine,GEMCITABINE
NCT05302284,Cisplatin,CISPLATIN
NCT05302284,Carboplatin,CARBOPLATIN
NCT06341621,3-year abemaciclib without chemo,ABEMACICLIB
NCT03414658,Vinorelbine,VINORELBINE
NCT03414658,Trastuzumab,TRASTUZUMAB
NCT03414658,Avelumab,AVELUMAB
NCT03414658,Utomilumab,UTOMILUMAB
NCT05181033,Lenvatinib + Letrozole,LENVATINIB
NCT05181033,Lenvatinib + Letrozole,LETROZOLE
NCT05181033,Fulvestrant,FULVESTRANT
NCT05982678,Trastuzumab deruxtecan,TRASTUZUMAB DERUXTECAN
NCT06642545,Toripalimab,TORIPALIMAB
NCT07203729,Trastuzumab Rezetecan,TRASTUZUMAB
NCT05455619,Evexomostat,EVEXOMOSTAT
NCT06016738,Fulvestrant,FULVESTRANT
NCT06016738,Anastrozole,ANASTROZOLE
NCT06016738,Letrozole,LETROZOLE
NCT06016738,Exemestane,EXEMESTANE
NCT06874933,Neoadjuvant Chemotherapy in Combination with Anlotinib and Benmelstobart,ANLOTINIB
NCT05900206,Trastuzumab deruxtecan,TRASTUZUMAB DERUXTECAN
NCT05900206,Paclitaxel,PACLITAXEL
NCT05900206,Carboplatin,CARBOPLATIN
NCT05900206,Trastuzumab,TRASTUZUMAB
NCT05900206,Ribociclib,RIBOCICLIB
NCT05900206,Letrozole,LETROZOLE
NCT05900206,Epirubicin,EPIRUBICIN
NCT05900206,Cyclophosphamide,CYCLOPHOSPHAMIDE
NCT06263543,Sacituzumab govitecan,SACITUZUMAB GOVITECAN
NCT07371910,Apatinib,APATINIB
NCT06471673,Bria-OTS regimen and CPI (tislelizumab),TISLELIZUMAB
NCT05638594,Pyrotinib,PYROTINIB
NCT05638594,Trastuzumab,TRASTUZUMAB
NCT05638594,Dalpiciclib,DALPICICLIB
NCT05638594,Letrozole,LETROZOLE
NCT05638594,Carboplatin,CARBOPLATIN
NCT06253494,AdHER2DC vaccine,VACCINE
NCT06253494,Pembrolizumab,PEMBROLIZUMAB
NCT06253494,Lenvatinib,LENVATINIB
NCT06253494,PATHWAY HER2 (4B5) assay,4B5
NCT06155396,Zimberelimab,ZIMBERELIMAB
NCT04606446,Fulvestrant,FULVESTRANT
NCT04606446,Letrozole,LETROZOLE
NCT04606446,Palbociclib,PALBOCICLIB
NCT05305924,Fulvestrant Run-In,FULVESTRANT
NCT06081959,Capecitabine,CAPECITABINE
NCT06081959,Gemcitabine,GEMCITABINE
NCT06081959,Vinorelbine,VINORELBINE
NCT05386108,Elacestrant,ELACESTRANT
NCT05386108,Abemaciclib,ABEMACICLIB
NCT04495296,Oxaliplatin,OXALIPLATIN
NCT04495296,Capecitabine,CAPECITABINE
NCT04495296,Paclitaxel,PACLITAXEL
NCT04495296,Gemcitabine,GEMCITABINE
NCT04495296,Cisplatin,CISPLATIN
NCT04495296,Nivolumab,NIVOLUMAB
NCT07100600,Trastuzumab Rezetecan,TRASTUZUMAB
NCT07237256,Chemotherapy followed by endocrine therapy and ribociclib treatment,RIBOCICLIB
NCT06107673,Dalpiciclib,DALPICICLIB
NCT06107673,Aromatase inhibitor,AROMATASE INHIBITOR
NCT06107673,Epirubicin Hydrochloride Injection,EPIRUBICIN
NCT06107673,Cyclophosphamide injection,CYCLOPHOSPHAMIDE
NCT05408845,Trastuzumab,TRASTUZUMAB
NCT05408845,Trastuzumab Deruxtecan,TRASTUZUMAB DERUXTECAN
NCT02568839,docetaxel + trastuzumab sc + pertuzumab,TRASTUZUMAB
NCT05949541,Everolimus 10 mg,EVEROLIMUS
NCT05949541,Aromatase inhibitor and Fulvestrant combined with CDK4/6 inhibitors,FULVESTRANT
NCT06764186,Fulvestrant,FULVESTRANT
NCT06764186,Capivasertib,CAPIVASERTIB
NCT05253651,tucatinib,TUCATINIB
NCT05253651,trastuzumab,TRASTUZUMAB
NCT05253651,cetuximab,CETUXIMAB
NCT05253651,oxaliplatin,OXALIPLATIN
NCT05253651,levoleucovorin,LEVOLEUCOVORIN
NCT05253651,fluorouracil,FLUOROURACIL
NCT06148506,Ribociclib,RIBOCICLIB
NCT06750484,Trastuzumab Deruxtecan,TRASTUZUMAB DERUXTECAN
NCT05596409,Elacestrant,ELACESTRANT
NCT00877500,Ixabepilone,IXABEPILONE
NCT04568616,Letrozole 2.5mg,LETROZOLE
NCT04540692,Docetaxel or Paclitaxel,PACLITAXEL
NCT04540692,Cyclophosphamide + Doxorrubicin,CYCLOPHOSPHAMIDE
NCT06268652,Gemcitabine,GEMCITABINE
NCT06268652,Capecitabine,CAPECITABINE
NCT06268652,Vinorelbine,VINORELBINE
NCT05975749,Serplulimab,SERPLULIMAB
NCT05780567,"TQB3616 capsules, Letrozole, Anastrozole, Tamoxifen",LETROZOLE
NCT05780567,"TQB3616 capsules, Letrozole, Anastrozole, Tamoxifen",ANASTROZOLE
NCT05780567,"TQB3616 capsules, Letrozole, Anastrozole, Tamoxifen",TAMOXIFEN
NCT04282031,Fulvestrant,FULVESTRANT
NCT04282031,Letrozole,LETROZOLE
NCT05911295,pembrolizumab,PEMBROLIZUMAB
NCT05911295,gemcitabine,GEMCITABINE
NCT05911295,cisplatin,CISPLATIN
NCT05911295,carboplatin,CARBOPLATIN
NCT06265428,T-DM1,T-DM1
NCT04230109,Sacituzumab Govitecan,SACITUZUMAB GOVITECAN
NCT04230109,Pembrolizumab,PEMBROLIZUMAB
NCT05834764,Pyrotinib,PYROTINIB
NCT07029399,Fulvestrant,FULVESTRANT
NCT07029399,Letrozole,LETROZOLE
NCT06272799,T-DM1 adjuvant,ADJUVANT
NCT05837806,tislelizumab+disitamab-vedotin,TISLELIZUMAB
NCT07408089,Fulvestrant,FULVESTRANT
NCT07285382,Dalpiciclib 125mg,DALPICICLIB
NCT07285382,Letrozole 2.5mg,LETROZOLE
NCT06447623,Apatinib,APATINIB
NCT06447623,Aromatase inhibitor and Fulvestrant,FULVESTRANT
NCT05671822,SHR-A1811 and capecitabine,CAPECITABINE
NCT05671822,"SHR-A1811, SHR-1316, capecitabine,and oxaliplatin",OXALIPLATIN
NCT06207734,Continuation of CDK4/6 inhibitor Palbociclib,PALBOCICLIB
NCT06207734,Continuation of CDK4/6 inhibitor Abemaciclib,ABEMACICLIB
NCT06245356,Oxaliplatin,OXALIPLATIN
NCT06245356,Panitumumab,PANITUMUMAB
NCT06245356,Trastuzumab,TRASTUZUMAB
NCT06245356,Nivolumab,NIVOLUMAB
NCT05476796,Trifluridine/Tipiracil,TRIFLURIDINE
NCT05476796,Trifluridine/Tipiracil,TIPIRACIL HYDROCHLORIDE
NCT05476796,Oxaliplatin,OXALIPLATIN
NCT05476796,Nivolumab,NIVOLUMAB
NCT05683418,Fulvestrant,FULVESTRANT
NCT05683418,Palbociclib,PALBOCICLIB
NCT05683418,Ribociclib,RIBOCICLIB
NCT05957757,Tislelizumab,TISLELIZUMAB
NCT07369505,Exemestane 25 MG,EXEMESTANE
NCT07195695,Zongertinib,ZONGERTINIB
NCT07195695,Pembrolizumab,PEMBROLIZUMAB
NCT07195695,Atezolizumab,ATEZOLIZUMAB
NCT07195695,Durvalumab,DURVALUMAB
NCT07195695,Nivolumab,NIVOLUMAB
NCT04538742,Trastuzumab deruxtecan,TRASTUZUMAB DERUXTECAN
NCT04538742,Durvalumab,DURVALUMAB
NCT04538742,Paclitaxel,PACLITAXEL
NCT04538742,Tucatinib,TUCATINIB
NCT04379596,Fluorouracil (5-FU),FLUOROURACIL
NCT04379596,Capecitabine,CAPECITABINE
NCT04379596,Durvalumab,DURVALUMAB
NCT04379596,Oxaliplatin,OXALIPLATIN
NCT04379596,Trastuzumab,TRASTUZUMAB
NCT04379596,Trastuzumab deruxtecan,TRASTUZUMAB DERUXTECAN
NCT04379596,Cisplatin,CISPLATIN
NCT04379596,Pembrolizumab,PEMBROLIZUMAB
NCT04379596,Rilvegostomig,RILVEGOSTOMIG
NCT06120283,Fulvestrant,FULVESTRANT
NCT06120283,Letrozole,LETROZOLE
NCT06120283,Elacestrant,ELACESTRANT
NCT04556773,Trastuzumab deruxtecan,TRASTUZUMAB DERUXTECAN
NCT04556773,Durvalumab,DURVALUMAB
NCT04556773,Paclitaxel,PACLITAXEL
NCT04556773,Capivasertib,CAPIVASERTIB
NCT04556773,Anastrozole,ANASTROZOLE
NCT04556773,Fulvestrant,FULVESTRANT
NCT04556773,Capecitabine,CAPECITABINE
NCT06678269,Abemaciclib,ABEMACICLIB
NCT02422641,High-dose Methotrexate (8 gm/m2; HD-MTX),METHOTREXATE
NCT05181462,Carboplatin,CARBOPLATIN
NCT05181462,Gemcitabine,GEMCITABINE
NCT02738866,Palbociclib,PALBOCICLIB
NCT02738866,Fulvestrant,FULVESTRANT
NCT05814354,Capecitabine/Eribulin/Gemcitabine/Paclitaxel/Nab-paclitaxel,CAPECITABINE
NCT05814354,Capecitabine/Eribulin/Gemcitabine/Paclitaxel/Nab-paclitaxel,GEMCITABINE
NCT05814354,Capecitabine/Eribulin/Gemcitabine/Paclitaxel/Nab-paclitaxel,PACLITAXEL
NCT06277024,Combination of Cardonizumab with Lenvatinib and SOX regimen,LENVATINIB
NCT03742102,Durvalumab,DURVALUMAB
NCT03742102,Capivasertib,CAPIVASERTIB
NCT03742102,Oleclumab,OLECLUMAB
NCT03742102,Paclitaxel,PACLITAXEL
NCT03742102,Trastuzumab deruxtecan,TRASTUZUMAB DERUXTECAN
NCT03742102,Datopotamab deruxtecan,DATOPOTAMAB DERUXTECAN
NCT03485209,pembrolizumab,PEMBROLIZUMAB
NCT03485209,carboplatin,CARBOPLATIN
NCT03485209,cisplatin,CISPLATIN
NCT06756061,Prednisone + Jakavi(ruxolitinib),PREDNISONE
NCT06756061,Prednisone + Jakavi(ruxolitinib),RUXOLITINIB
NCT07002203,Personalized Neoantigen Peptide Vaccine,VACCINE
NCT04478292,"Cisplatin, 5-Fluorouracil, Vincristine, Doxorubicin-Group C",CISPLATIN
NCT04478292,"Cisplatin, 5-Fluorouracil, Vincristine, Doxorubicin-Group C",FLUOROURACIL
NCT04478292,"Cisplatin, 5-Fluorouracil, Vincristine, Doxorubicin-Group C",VINCRISTINE SULFATE
NCT04478292,"Cisplatin, 5-Fluorouracil, Vincristine, Doxorubicin-Group C",DOXORUBICIN HYDROCHLORIDE
NCT04478292,"Consolidation (Carboplatin, Doxorubicin) -Group D1",CARBOPLATIN
NCT04478292,Consolidation (Carboplatin +Doxorubicin/Vincristine + Irinotecan)-Group D2,IRINOTECAN HYDROCHLORIDE
NCT04325828,Apalutamide,APALUTAMIDE
NCT02379377,Carbon C 11 Acetate,ACETATE
NCT06663137,NDV01 intravesical controlled release formulation of gemcitabine and docetaxel,GEMCITABINE
NCT06348719,Collection of adjuvant treatments,ADJUVANT
NCT05113537,Abemaciclib,ABEMACICLIB
NCT04194944,Selpercatinib,SELPERCATINIB
NCT04194944,Carboplatin,CARBOPLATIN
NCT04194944,Cisplatin,CISPLATIN
NCT04194944,Pembrolizumab,PEMBROLIZUMAB
NCT05097911,Atezolizumab,ATEZOLIZUMAB
NCT02864992,Tepotinib,TEPOTINIB
NCT04920149,Mesalamine,MESALAMINE
NCT05485948,Ropeginterferon alfa-2b,ROPEGINTERFERON ALFA-2B
NCT02332850,Isatuximab,ISATUXIMAB
NCT02332850,Carfilzomib,CARFILZOMIB
NCT02332850,Dexamethasone,DEXAMETHASONE
NCT06536010,Venetoclax 100 mg d1，200 mg d2，400 mg d3-28；,VENETOCLAX
NCT06495125,Avutometinib,AVUTOMETINIB
NCT06495125,Defactinib,DEFACTINIB
NCT06495125,Nivolumab,NIVOLUMAB
NCT05595590,Tislelizumab,TISLELIZUMAB
NCT05263050,Nivolumab,NIVOLUMAB
NCT05833724,Chidamide,CHIDAMIDE
NCT06911255,Tremelimumab Plus Durvalumab (MEDI4736),TREMELIMUMAB
NCT06911255,Tremelimumab Plus Durvalumab (MEDI4736),DURVALUMAB
NCT07042685,Fruquintinib Combined With Chemotherapy,FRUQUINTINIB
NCT07055477,Cyclophosphamide,CYCLOPHOSPHAMIDE
NCT07055477,Fludarabine,FLUDARABINE
NCT05929495,Metformin,METFORMIN
NCT07093554,Talquetamab,TALQUETAMAB
NCT07093554,Ciltacabtagene Autoleucel,CILTACABTAGENE AUTOLEUCEL
NCT03152318,Cyclophosphamide,CYCLOPHOSPHAMIDE
NCT05836571,Ipilimumab,IPILIMUMAB
NCT05836571,Nivolumab,NIVOLUMAB
NCT02974647,Ruxolitinib,RUXOLITINIB
NCT03947385,Binimetinib,BINIMETINIB
NCT03947385,Crizotinib,CRIZOTINIB
NCT06630260,Avutometinib,AVUTOMETINIB
NCT06630260,Defactinib,DEFACTINIB
NCT06630260,Temozolomide,TEMOZOLOMIDE
NCT07128641,Odronextamab,ODRONEXTAMAB
NCT05489237,IDRX-42,IDRX-42
NCT06141369,individualized mRNA neoantigen vaccine (mRNA-0523-L001),VACCINE
NCT06534762,Mirabegron,MIRABEGRON
NCT05964361,IL15-transpresenting WT1-targeted Dendritic Cell Vaccine,IL-15
NCT05964361,IL15-transpresenting WT1-targeted Dendritic Cell Vaccine,VACCINE
NCT07199296,Orelabrutinib,ORELABRUTINIB
NCT07199296,Rituximab (R),RITUXIMAB
NCT07199296,"BEAM (carmustine (BCNU), etoposide, cytarabine, melphalan)",CARMUSTINE
NCT07199296,"BEAM (carmustine (BCNU), etoposide, cytarabine, melphalan)",ETOPOSIDE
NCT07199296,"BEAM (carmustine (BCNU), etoposide, cytarabine, melphalan)",CYTARABINE HYDROCHLORIDE
NCT07199296,"BEAM (carmustine (BCNU), etoposide, cytarabine, melphalan)",MELPHALAN HYDROCHLORIDE
NCT04071457,Lenalidomide,LENALIDOMIDE
NCT04170283,Zanubrutinib,ZANUBRUTINIB
NCT04170283,Tislelizumab,TISLELIZUMAB
NCT06709495,Temozolomide,TEMOZOLOMIDE
NCT06709495,Vincristine,VINCRISTINE
NCT04915248,Bortezomib,BORTEZOMIB
NCT04915248,Dexamethasone,DEXAMETHASONE
NCT05957367,Ripretinib,RIPRETINIB
NCT06145412,Cisplatin,CISPLATIN
NCT05342194,Toripalimab,TORIPALIMAB
NCT05342194,Lenvatinib mesylate capsules,LENVATINIB
NCT05342194,Oxaliplatin for injection,OXALIPLATIN
NCT05342194,Gemcitabine hydrochloride,GEMCITABINE
NCT05342194,Cisplatin,CISPLATIN
NCT05944237,HTL0039732 Capsules and atezolizumab infusion,ATEZOLIZUMAB
NCT07139873,Bendamustine,BENDAMUSTINE
NCT07139873,Idelalisib,IDELALISIB
NCT07139873,Rituximab,RITUXIMAB
NCT04576156,Imetelstat,IMETELSTAT
NCT06728410,Pemigatinib,PEMIGATINIB
NCT06728410,Durvalumab,DURVALUMAB
NCT04743661,Irinotecan,IRINOTECAN HYDROCHLORIDE
NCT04743661,Temozolomide,TEMOZOLOMIDE
NCT04743661,Omburtamab I-131,OMBURTAMAB I-131
NCT04743661,Liothyronine,LIOTHYRONINE
NCT04743661,Dexamethasone,DEXAMETHASONE
NCT06985485,Blinatumomab and Inotuzumab Ozogamicin,BLINATUMOMAB
NCT06985485,Blinatumomab and Inotuzumab Ozogamicin,INOTUZUMAB
NCT07510308,Low Dose MSH2-/- tumor cell vaccine,VACCINE
NCT03180034,Diphtheria Toxoid/Tetanus Toxoid/Acellular Pertussis Vaccine Adsorbed,VACCINE
NCT06643221,Isoproterenol,ISOPROTERENOL
NCT06643221,Bisoprolol Fumarate Tablet 10 mg,BISOPROLOL
NCT06643221,"Nadolol (1 x 80 mg) Tablets (Invamed, Inc)",NADOLOL
NCT06643221,Carvedilol 50 mg,CARVEDILOL
NCT06643221,Roflumilast 500 Mcg Oral Tablet,ROFLUMILAST
NCT03504644,Venetoclax,VENETOCLAX
NCT03504644,Vincristine Liposomal,VINCRISTINE SULFATE
NCT03766126,CART123 cells; cyclophosphamide; fludarabine,CYCLOPHOSPHAMIDE
NCT03766126,CART123 cells; cyclophosphamide; fludarabine,FLUDARABINE
NCT04302324,Clarithromycin,CLARITHROMYCIN
NCT04302324,Pomalidomide,POMALIDOMIDE
NCT04302324,Dexamethasone,DEXAMETHASONE
NCT06285370,Mogamulizumab,MOGAMULIZUMAB
NCT06090266,Cemiplimab,CEMIPLIMAB
NCT06045975,Durvalumab/Tremelimumab in neoadjuvant and Durvalumab in adjuvant setting,DURVALUMAB
NCT06045975,Durvalumab/Tremelimumab in neoadjuvant and Durvalumab in adjuvant setting,TREMELIMUMAB
NCT06045975,Durvalumab/Tremelimumab in neoadjuvant and Durvalumab in adjuvant setting,ADJUVANT
NCT03696784,Bendamustine,BENDAMUSTINE
NCT03696784,Fludarabine,FLUDARABINE
NCT03696784,Cyclophosphamide,CYCLOPHOSPHAMIDE
NCT03539536,Telisotuzumab vedotin,TELISOTUZUMAB VEDOTIN
NCT07153887,Vebreltinib,VEBRELTINIB
NCT05241093,HYML-122; cytarabine,CYTARABINE HYDROCHLORIDE
NCT06889649,TORIPALIMAB INJECTION(JS001 ),TORIPALIMAB
NCT06889649,Axitinib (VEGF-TKI),AXITINIB
NCT06627244,Tebentafusp,TEBENTAFUSP
NCT05774899,Abemaciclib,ABEMACICLIB
NCT05774899,Lenvatinib,LENVATINIB
NCT05848687,Dexamethasone,DEXAMETHASONE
NCT05848687,Mitoxantrone,MITOXANTRONE
NCT05848687,PEG asparaginase,ASPARAGINASE
NCT05848687,Bortezomib,BORTEZOMIB
NCT05848687,Vorinostat,VORINOSTAT
NCT05848687,Mercaptopurine,MERCAPTOPURINE
NCT05848687,Methotrexate,METHOTREXATE
NCT05848687,Blinatumomab,BLINATUMOMAB
NCT05848687,Ziftomenib,ZIFTOMENIB
NCT03162536,Nemtabrutinib,NEMTABRUTINIB
NCT05972135,Talquetamab,TALQUETAMAB
NCT05972135,Tocilizumab,TOCILIZUMAB
NCT05972135,Oral Dexamethasone,DEXAMETHASONE
NCT05583708,Pembrolizumab,PEMBROLIZUMAB
NCT05583708,Lutetium Lu 177 dotatate,LUTETIUM LU 177 DOTATATE
NCT00602641,Lenalidomide,LENALIDOMIDE
NCT00602641,Melphalan,MELPHALAN
NCT00602641,Prednisone,PREDNISONE
NCT00602641,Thalidomide,THALIDOMIDE
NCT01169337,Lenalidomide,LENALIDOMIDE
NCT06532812,Fludarabine,FLUDARABINE
NCT06532812,Pembrolizumab,PEMBROLIZUMAB
NCT06362707,Fasudil,FASUDIL
NCT06863272,Enzalutamide,ENZALUTAMIDE
NCT06863272,Rescue Medication,MEDICATION
NCT03521830,Nivolumab,NIVOLUMAB
NCT03521830,Ipilimumab,IPILIMUMAB
NCT03521830,Relatlimab,RELATLIMAB
NCT05053802,Microwave ablation plus Camrelizumab,CAMRELIZUMAB
NCT04847453,Dexamethasone,DEXAMETHASONE
NCT04847453,Ixazomib Citrate,IXAZOMIB CITRATE
NCT04847453,Venetoclax,VENETOCLAX
NCT07374029,DC/AML Fusion Vaccine,VACCINE
NCT07374029,Decitabine,DECITABINE
NCT07374029,Venetoclax,VENETOCLAX
NCT07374029,GM-CSF,GM-CSF
NCT05154994,Belinostat,BELINOSTAT
NCT05154994,Durvalumab,DURVALUMAB
NCT06640582,Cyclophosphamide,CYCLOPHOSPHAMIDE
NCT06640582,Fludarabine,FLUDARABINE
NCT06640582,Pembrolizumab,PEMBROLIZUMAB
NCT05744739,Tomivosertib,TOMIVOSERTIB
NCT04739813,obinutuzumab,OBINUTUZUMAB
NCT04739813,prednisone,PREDNISONE
NCT04739813,ibrutinib,IBRUTINIB
NCT04739813,venetoclax,VENETOCLAX
NCT03842228,Copanlisib Hydrochloride,COPANLISIB HYDROCHLORIDE
NCT03842228,Durvalumab,DURVALUMAB
NCT03842228,Olaparib,OLAPARIB
NCT05009836,Savolitinib,SAVOLITINIB
NCT00544830,Bicalutamide,BICALUTAMIDE
NCT00544830,Goserelin Acetate,GOSERELIN ACETATE
NCT00544830,Leuprolide Acetate,LEUPROLIDE ACETATE
NCT05726292,Relacorilant,RELACORILANT
NCT05726292,Enzalutamide,ENZALUTAMIDE
NCT07375563,"Dinutuximab beta, temozolomide, irinotecan, autologous NK cell",DINUTUXIMAB
NCT07375563,"Dinutuximab beta, temozolomide, irinotecan, autologous NK cell",TEMOZOLOMIDE
NCT07375563,"Dinutuximab beta, temozolomide, irinotecan, autologous NK cell",IRINOTECAN HYDROCHLORIDE
NCT07425795,Tislelizumab Combined With Chemotherapy,TISLELIZUMAB
NCT05903092,Durvalumab,DURVALUMAB
NCT05903092,Monalizumab,MONALIZUMAB
NCT05903092,Carboplatin or Cisplatin,CARBOPLATIN
NCT05903092,Carboplatin or Cisplatin,CISPLATIN
NCT05903092,Etoposide,ETOPOSIDE
NCT06703255,HX301+/Temozolomide,TEMOZOLOMIDE
NCT06191887,Bendamustine,BENDAMUSTINE
NCT06191887,Cyclophosphamide,CYCLOPHOSPHAMIDE
NCT06191887,Fludarabine,FLUDARABINE
NCT06563596,Zanubrutinib,ZANUBRUTINIB
NCT06563596,Rituximab,RITUXIMAB
NCT06563596,Epcoritamab,EPCORITAMAB
NCT07120698,Sintilimab,SINTILIMAB
NCT05478837,Cyclophosphamide,CYCLOPHOSPHAMIDE
NCT05478837,Fludarabine,FLUDARABINE
NCT04468061,Sacituzumab Govitecan,SACITUZUMAB GOVITECAN
NCT04468061,Pembrolizumab,PEMBROLIZUMAB
NCT06481241,Venetoclax,VENETOCLAX
NCT04624204,Pembrolizumab 200 mg,PEMBROLIZUMAB
NCT04624204,Olaparib 300 mg BID,OLAPARIB
NCT04624204,Etoposide 100 mg/m^2,ETOPOSIDE
NCT04624204,"Platinum, investigator's choice",PLATINUM
NCT06425133,Regorafenib,REGORAFENIB
NCT05703516,Capmatinib,CAPMATINIB
NCT07202078,Trimethoprim / Sulfamethoxazole,TRIMETHOPRIM HYDROCHLORIDE
NCT07202078,Trimethoprim / Sulfamethoxazole,SULFAMETHOXAZOLE
NCT04723875,Paclitaxel or docetaxel + Cisplatin or carboplatin,PACLITAXEL
NCT04723875,Paclitaxel or docetaxel + Cisplatin or carboplatin,CISPLATIN
NCT04723875,Paclitaxel or docetaxel + Cisplatin or carboplatin,CARBOPLATIN
NCT03837899,Durvalumab / Tremelimumab Combination Therapy,DURVALUMAB
NCT03837899,Durvalumab / Tremelimumab Combination Therapy,TREMELIMUMAB
NCT05583149,ACALABRUTINIB,ACALABRUTINIB
NCT05583149,LISOCABTAGENE MARALEUCEL,LISOCABTAGENE MARALEUCEL
NCT04586426,Talquetamab,TALQUETAMAB
NCT06546969,Gemcitabine,GEMCITABINE
NCT06546969,Cisplatin,CISPLATIN
NCT06546969,Durvalumab,DURVALUMAB
NCT06935409,Gemcitabine combined with docetaxel,GEMCITABINE
NCT07170293,Tunlametinib,TUNLAMETINIB
NCT05439993,Tepotinib plus paclitaxel,TEPOTINIB
NCT05439993,Tepotinib plus paclitaxel,PACLITAXEL
NCT04128072,Mogamulizumab,MOGAMULIZUMAB
NCT04079712,Cabozantinib S-malate,CABOZANTINIB S-MALATE
NCT04079712,Ipilimumab,IPILIMUMAB
NCT04079712,Nivolumab,NIVOLUMAB
NCT05484622,Vorasidenib,VORASIDENIB
NCT05484622,Pembrolizumab,PEMBROLIZUMAB
NCT06502977,Tarlatamab,TARLATAMAB
NCT06031688,Ramucirumab,RAMUCIRUMAB
NCT06031688,Tepotinib,TEPOTINIB
NCT04094688,Oxaliplatin,OXALIPLATIN
NCT04094688,Leucovorin Calcium,LEUCOVORIN CALCIUM
NCT04094688,Fluorouracil,FLUOROURACIL
NCT04094688,Irinotecan Hydrochloride,IRINOTECAN HYDROCHLORIDE
NCT04094688,Cholecalciferol,CHOLECALCIFEROL
NCT04595864,"Transarterial chemoinfusion (TAI) with mFOLFOX6 (oxaliplatin, calcium folinate, and 5-FU)",OXALIPLATIN
NCT04595864,"Transarterial chemoinfusion (TAI) with mFOLFOX6 (oxaliplatin, calcium folinate, and 5-FU)",CALCIUM PHOSPHATE
NCT06868836,Carboplatin or cisplatin,CARBOPLATIN
NCT06868836,Carboplatin or cisplatin,CISPLATIN
NCT06136559,Nemtabrutinib,NEMTABRUTINIB
NCT06136559,Ibrutinib,IBRUTINIB
NCT06136559,Acalabrutinib,ACALABRUTINIB
NCT01087554,Sirolimus,SIROLIMUS
NCT01087554,Vorinostat,VORINOSTAT
NCT01087554,Everolimus,EVEROLIMUS
NCT01087554,Temsirolimus,TEMSIROLIMUS
NCT05825443,Camrelizumab,CAMRELIZUMAB
NCT07361003,"Suvemcitug injection, trifluridine/tipiracil tablets",TRIFLURIDINE
NCT07361003,"Suvemcitug injection, trifluridine/tipiracil tablets",TIPIRACIL HYDROCHLORIDE
NCT03089203,Cyclophosphamide,CYCLOPHOSPHAMIDE
NCT03089203,Fludarabine,FLUDARABINE
NCT06353022,Talquetamab,TALQUETAMAB
NCT06353022,Lenalidomide,LENALIDOMIDE
NCT06353022,Bortezomib,BORTEZOMIB
NCT06353022,Dexamethasone,DEXAMETHASONE
NCT05047094,Pembrolizumab,PEMBROLIZUMAB
NCT01054196,lenalidomide,LENALIDOMIDE
NCT01054196,melphalan,MELPHALAN
NCT04545762,Fludarabine,FLUDARABINE
NCT04545762,Cyclophosphamide,CYCLOPHOSPHAMIDE
NCT05378425,Pembrolizumab,PEMBROLIZUMAB
NCT06124118,carboplatin chemotherapy,CARBOPLATIN
NCT06124118,Durvalumab,DURVALUMAB
NCT04281290,Electrochemotherapy - electroporation with Cliniporator Vitae® and chemotherapy drug Bleomycin PHC 15 e. (United States Pharmacopeia - USP),BLEOMYCIN
NCT06159491,Pacritinib,PACRITINIB
NCT06159491,Azacitidine,AZACITIDINE
NCT04634552,Talquetamab,TALQUETAMAB
NCT06970743,Bendamustine,BENDAMUSTINE
NCT06970743,Rituximab,RITUXIMAB
NCT06970743,Methylprednisolone,METHYLPREDNISOLONE
NCT07502287,Fludarabine,FLUDARABINE
NCT07502287,Cyclophosphamide,CYCLOPHOSPHAMIDE
NCT07098299,Metformin,METFORMIN
NCT04628494,Epcoritamab,EPCORITAMAB
NCT06417476,Irinotecan,IRINOTECAN HYDROCHLORIDE
NCT06417476,Oxaliplatin,OXALIPLATIN
NCT06417476,Calcium Formate,CALCIUM PHOSPHATE
NCT06417476,Fluorouracil,FLUOROURACIL
NCT06417476,Capecitabine,CAPECITABINE
NCT05429268,Tafasitamab,TAFASITAMAB
NCT05429268,Lenalidomide,LENALIDOMIDE
NCT03962543,Mirdametinib (PD-0325901) oral capsule or dispersible tablet,MIRDAMETINIB
NCT02955940,Ruxolitinib,RUXOLITINIB
NCT02955940,Capecitabine,CAPECITABINE
NCT02955940,Regorafenib,REGORAFENIB
NCT05934448,Pembrolizumab,PEMBROLIZUMAB
NCT06826118,Axicabtagene Ciloleucel,AXICABTAGENE CILOLEUCEL
NCT06439225,Carboplatin,CARBOPLATIN
NCT07601178,TREATMENT GROUP（QL1706 + anlotinib+ nab-paclitaxel ）,ANLOTINIB
NCT07601178,TREATMENT GROUP（QL1706 + anlotinib+ nab-paclitaxel ）,PACLITAXEL
NCT07073703,APA,APA
NCT03706365,Abemaciclib,ABEMACICLIB
NCT03706365,Abiraterone acetate,ABIRATERONE ACETATE
NCT03706365,Prednisone,PREDNISONE
NCT06741020,"Adebrelimab, Oxaliplatin, Fluorouracil,Leucovorin",OXALIPLATIN
NCT06741020,"Adebrelimab, Oxaliplatin, Fluorouracil,Leucovorin",FLUOROURACIL
NCT05239546,Dostarlimab,DOSTARLIMAB
NCT04966481,Palbociclib,PALBOCICLIB
NCT04966481,Cetuximab,CETUXIMAB
NCT03682289,Ceralasertib,CERALASERTIB
NCT03682289,Olaparib,OLAPARIB
NCT03682289,Durvalumab,DURVALUMAB
NCT06379087,Anlotinib Hydrochloride Capsule,ANLOTINIB
NCT06379087,Tislelizumab Injection,TISLELIZUMAB
NCT06500884,Talquetamab,TALQUETAMAB
NCT05053971,BET Bromodomain Inhibitor ZEN-3694,BET BROMODOMAIN INHIBITOR ZEN-3694
NCT05053971,Entinostat,ENTINOSTAT
NCT07087002,Fludarabine,FLUDARABINE
NCT07087002,Cyclophosphamide,CYCLOPHOSPHAMIDE
NCT06553872,Pirtobrutinib,PIRTOBRUTINIB
NCT06553872,Brexucabtagene Autoleucel,BREXUCABTAGENE AUTOLEUCEL
NCT06390956,Pirtobrutinib,PIRTOBRUTINIB
NCT06390956,Rituximab,RITUXIMAB
NCT05552937,Tafasitamab and Lenalidomide,TAFASITAMAB
NCT05552937,Tafasitamab and Lenalidomide,LENALIDOMIDE
NCT05230758,Metformin hydrochloride (HCl) 500mg tablet,METFORMIN
NCT05230758,Metformin hydrochloride (HCl) 500mg tablet,HCL
NCT06232694,"Venetoclax : 100mg on day 1, 200mg on day 2, 400mg on days 3 to 8; oral administration;",VENETOCLAX
NCT07225374,Avelumab 10 mg/kg,AVELUMAB
NCT05649943,APA + ADT,APA
NCT07227012,Ipilimumab,IPILIMUMAB
NCT06614192,Telisotuzumab Adizutecan,TELISOTUZUMAB
NCT06614192,Trifluridine/Tipiracil,TRIFLURIDINE
NCT06614192,Trifluridine/Tipiracil,TIPIRACIL HYDROCHLORIDE
NCT06801834,Topotecan,TOPOTECAN HYDROCHLORIDE
NCT06801834,Amrubicin (Japan only),AMRUBICIN
NCT06801834,Lurbinectedin (regions/countries where approved and available),LURBINECTEDIN
NCT02375204,paclitaxel,PACLITAXEL
NCT02375204,ifosfamide,IFOSFAMIDE
NCT02375204,cisplatin,CISPLATIN
NCT02375204,carboplatin,CARBOPLATIN
NCT02375204,etoposide phosphate,ETOPOSIDE PHOSPHATE
NCT05620134,Pembrolizumab,PEMBROLIZUMAB
NCT05620134,Lenvatinib Pill,LENVATINIB
NCT07095452,Lenalidomide,LENALIDOMIDE
NCT07095452,Dexamethasone,DEXAMETHASONE
NCT02099058,Osimertinib,OSIMERTINIB
NCT02099058,Nivolumab,NIVOLUMAB
NCT02099058,Telisotuzumab vedotin,TELISOTUZUMAB VEDOTIN
NCT02099058,Erlotinib,ERLOTINIB
NCT04291755,Pembrolizumab Injection,PEMBROLIZUMAB
NCT05925530,Durvalumab,DURVALUMAB
NCT05919537,Nab-paclitaxel,NAB-PACLITAXEL
NCT05919537,Gemcitabine,GEMCITABINE
NCT05211336,Obinutuzumab,OBINUTUZUMAB
NCT05211336,Prednisone,PREDNISONE
NCT05211336,Lenalidomide,LENALIDOMIDE
NCT05211336,Venetoclax,VENETOCLAX
NCT05211336,Ibrutinib,IBRUTINIB
NCT05211336,Acetaminophen,ACETAMINOPHEN
NCT05211336,Diphenhydramine,DIPHENHYDRAMINE
NCT05465941,Pegylated SN-38 Conjugate PLX038,PEGYLATED SN-38 CONJUGATE PLX038
NCT06811870,hyperbaric oxygen treatment,OXYGEN
NCT07216703,Pembrolizumab,PEMBROLIZUMAB
NCT07216703,Paclitaxel,PACLITAXEL
NCT07216703,Cisplatin,CISPLATIN
NCT07216703,Carboplatin,CARBOPLATIN
NCT02677922,Azacitidine,AZACITIDINE
NCT06540391,Pembrolizumab,PEMBROLIZUMAB
NCT06540391,Vancomycin,VANCOMYCIN
NCT06590259,Sintilimab+mFOLFOX6 or FOLFIRI+bevacizumab or cetuximab,SINTILIMAB
NCT06590259,Sintilimab+mFOLFOX6 or FOLFIRI+bevacizumab or cetuximab,CETUXIMAB
NCT05800366,Glofitamab,GLOFITAMAB
NCT05800366,Rituximab,RITUXIMAB
NCT05800366,Doxorubicin Hydrochloride,DOXORUBICIN HYDROCHLORIDE
NCT05800366,Cyclophosphamide,CYCLOPHOSPHAMIDE
NCT05800366,Prednisone,PREDNISONE
NCT06159166,Mirdametinib,MIRDAMETINIB
NCT03786783,Carboplatin,CARBOPLATIN
NCT03786783,Cisplatin,CISPLATIN
NCT03786783,Cyclophosphamide,CYCLOPHOSPHAMIDE
NCT03786783,Dexrazoxane,DEXRAZOXANE
NCT03786783,Dinutuximab,DINUTUXIMAB
NCT03786783,Doxorubicin,DOXORUBICIN HYDROCHLORIDE
NCT03786783,Etoposide,ETOPOSIDE
NCT03786783,Isotretinoin,ISOTRETINOIN
NCT03786783,Melphalan,MELPHALAN
NCT03786783,Sargramostim,SARGRAMOSTIM
NCT03786783,Thiotepa,THIOTEPA
NCT03786783,Topotecan,TOPOTECAN HYDROCHLORIDE
NCT03786783,Vincristine,VINCRISTINE
NCT04624178,Rucaparib,RUCAPARIB
NCT04624178,Nivolumab,NIVOLUMAB
NCT05262556,Nivolumab (3mg/kg),NIVOLUMAB
NCT05262556,Ipilimumab (1mg/kg),IPILIMUMAB
NCT04256317,Azacitidine,AZACITIDINE
NCT04256317,Venetoclax,VENETOCLAX
NCT06910124,Lenalidomide,LENALIDOMIDE
NCT07148180,Azacitidine (AZA),AZACITIDINE
NCT07148180,Venetoclax,VENETOCLAX
NCT06885697,fludarabine,FLUDARABINE
NCT06885697,cyclophosphamide,CYCLOPHOSPHAMIDE
NCT03600350,Nivolumab,NIVOLUMAB
NCT03600350,GM-CSF,GM-CSF
NCT04430452,Durvalumab,DURVALUMAB
NCT04430452,Tremelimumab,TREMELIMUMAB
NCT04133636,Lenalidomide,LENALIDOMIDE
NCT04133636,Bortezomib,BORTEZOMIB
NCT04133636,Dexamethasone,DEXAMETHASONE
NCT05342584,Venetoclax Oral Tablet,VENETOCLAX
NCT05342584,Daunorubicin,DAUNORUBICIN HYDROCHLORIDE
NCT05342584,Cytarabine,CYTARABINE
NCT07310784,"Dacarbazine, temozolomide, paclitaxel, carboplatin/cisplatin",DACARBAZINE
NCT07310784,"Dacarbazine, temozolomide, paclitaxel, carboplatin/cisplatin",TEMOZOLOMIDE
NCT07310784,"Dacarbazine, temozolomide, paclitaxel, carboplatin/cisplatin",PACLITAXEL
NCT07310784,"Dacarbazine, temozolomide, paclitaxel, carboplatin/cisplatin",CARBOPLATIN
NCT07310784,"Dacarbazine, temozolomide, paclitaxel, carboplatin/cisplatin",CISPLATIN
NCT05488314,Capmatinib,CAPMATINIB
NCT05488314,Amivantamab,AMIVANTAMAB
NCT05904106,Venetoclax plus Azacitidine,VENETOCLAX
NCT05904106,Venetoclax plus Azacitidine,AZACITIDINE
NCT02157324,acalabrutinib,ACALABRUTINIB
NCT06305767,Pembrolizumab,PEMBROLIZUMAB
NCT06305767,Enfortumab Vedotin,ENFORTUMAB VEDOTIN
NCT07326111,Tirzepatide as an adjunct to lifestyle intervention,TIRZEPATIDE
NCT04684563,huCART19-IL18,IL-18
NCT04693468,Axitinib,AXITINIB
NCT04693468,Crizotinib,CRIZOTINIB
NCT04693468,Palbociclib Isethionate,PALBOCICLIB
NCT04693468,Talazoparib Tosylate,TALAZOPARIB TOSYLATE
NCT03223610,Venetoclax,VENETOCLAX
NCT03223610,Ibrutinib,IBRUTINIB
NCT03223610,Prednisone,PREDNISONE
NCT03223610,Obinutuzumab,OBINUTUZUMAB
NCT03223610,Revlimid (lenalidomide),LENALIDOMIDE
NCT01479842,rituximab,RITUXIMAB
NCT01479842,bendamustine hydrochloride,BENDAMUSTINE HYDROCHLORIDE
NCT05994235,Mosunetuzumab,MOSUNETUZUMAB
NCT05994235,Tazemetostat Pill,TAZEMETOSTAT
NCT02896335,Palbociclib,PALBOCICLIB
NCT02896335,Pembrolizumab,PEMBROLIZUMAB
NCT05269381,Cyclophosphamide,CYCLOPHOSPHAMIDE
NCT05269381,Neoantigen Peptide Vaccine,VACCINE
NCT05269381,Pembrolizumab,PEMBROLIZUMAB
NCT05269381,Sargramostim,SARGRAMOSTIM
NCT06758830,Adjuvant treatment,ADJUVANT
NCT06126510,Recombinant Human IL12/15-PDL1B Oncolytic HSV-1 Injection (Vero Cell),IL-12
NCT06979596,Fludrocortisone/ Fludrocortisone acetate,FLUDROCORTISONE
NCT06979596,Fludrocortisone/ Fludrocortisone acetate,ACETATE
NCT06979596,Dexamethasone/Dexamethasone acetate,DEXAMETHASONE
NCT06979596,Fulvestrant,FULVESTRANT
NCT06979596,Exemestane,EXEMESTANE
NCT06979596,Megestrol acetate/Medroxyprogesterone acetate,MEDROXYPROGESTERONE
NCT06979596,Tamoxifen,TAMOXIFEN
NCT06979596,Letrozole,LETROZOLE
NCT06958328,Capecitabine,CAPECITABINE
NCT06958328,Fluorouracil,FLUOROURACIL
NCT06958328,Gemcitabine,GEMCITABINE
NCT06958328,Irinotecan Hydrochloride,IRINOTECAN HYDROCHLORIDE
NCT06958328,Irinotecan Sucrosofate,IRINOTECAN SUCROSOFATE
NCT06958328,Leucovorin Calcium,LEUCOVORIN CALCIUM
NCT06958328,Nab-paclitaxel,NAB-PACLITAXEL
NCT06958328,Oxaliplatin,OXALIPLATIN
NCT06942442,Tebentafusp,TEBENTAFUSP
NCT04998786,Ixazomib,IXAZOMIB
NCT04998786,Iberdomide,IBERDOMIDE
NCT04998786,Dexamethasone Oral,DEXAMETHASONE
NCT06943872,Obinutuzumab,OBINUTUZUMAB
NCT06943872,Rituximab,RITUXIMAB
NCT06943872,Venetoclax,VENETOCLAX
NCT05288166,Abemaciclib,ABEMACICLIB
NCT05288166,Prednisone or Prednisolone,PREDNISONE
NCT05288166,Prednisone or Prednisolone,PREDNISOLONE PHOSPHATE
NCT06854003,Bendamustine,BENDAMUSTINE
NCT06854003,Rituximab,RITUXIMAB
NCT06854003,Cytarabine,CYTARABINE
NCT06854003,Zanubrutinib,ZANUBRUTINIB
NCT04520269,Pacritinib,PACRITINIB
NCT06325956,Metformin,METFORMIN
NCT04877613,Fludarabine,FLUDARABINE
NCT04877613,Cyclophosphamide,CYCLOPHOSPHAMIDE
NCT06954246,Topotecan,TOPOTECAN HYDROCHLORIDE
NCT06954246,Irinotecan,IRINOTECAN HYDROCHLORIDE
NCT06954246,Paclitaxel,PACLITAXEL
NCT07302347,Pembrolizumab,PEMBROLIZUMAB
NCT05783609,Epcoritamab,EPCORITAMAB
NCT05783609,Rituximab,RITUXIMAB
NCT07271667,Emavusertib,EMAVUSERTIB
NCT07271667,Zanubrutinib,ZANUBRUTINIB
NCT07202091,Trimethoprim Sulfamethoxazole,TRIMETHOPRIM HYDROCHLORIDE
NCT07202091,Trimethoprim Sulfamethoxazole,SULFAMETHOXAZOLE
NCT06422858,Serplulimab,SERPLULIMAB
NCT06422858,Tegafur-gimeracil-oteracil potassium capsule(S1),GIMERACIL
NCT06422858,Tegafur-gimeracil-oteracil potassium capsule(S1),POTASSIUM SULFATE
NCT06422858,Cisplatin,CISPLATIN
NCT03706690,Durvalumab,DURVALUMAB
NCT06489197,Ivonescimab combined with albumin paclitaxel and cisplatin,PACLITAXEL
NCT06489197,Ivonescimab combined with albumin paclitaxel and cisplatin,CISPLATIN
NCT04733820,Adjuvant chemotherapy,ADJUVANT
NCT05586074,Azacitidine,AZACITIDINE
NCT05586074,Decitabine,DECITABINE
NCT06203210,Topotecan,TOPOTECAN HYDROCHLORIDE
NCT06203210,Amrubicin,AMRUBICIN
NCT06203210,Lurbinectedin,LURBINECTEDIN
NCT06680050,Durvalumab (MEDI4736),DURVALUMAB
NCT06680050,Ceralasertib,CERALASERTIB
NCT05789589,Azeliragon,AZELIRAGON
NCT05789589,Corticosteroid,CORTICOSTEROID
NCT05144698,Pembrolizumab (PD-1 Blocking Antibody),PEMBROLIZUMAB
NCT00248287,Irinotecan + Carboplatin,IRINOTECAN HYDROCHLORIDE
NCT00248287,Irinotecan + Carboplatin,CARBOPLATIN
NCT05956821,SIACI of cetuximab and bevacizumab,CETUXIMAB
NCT06564324,Taletrectinib,TALETRECTINIB
NCT06564324,Crizotinib,CRIZOTINIB
NCT07276373,Nivolumab,NIVOLUMAB
NCT06517758,Iptacopan,IPTACOPAN
NCT06780111,Pembrolizumab,PEMBROLIZUMAB
NCT06780111,Levoleucovorin,LEVOLEUCOVORIN
NCT06780111,5-Fluorouracil (5-FU),FLUOROURACIL
NCT06780111,Oxaliplatin,OXALIPLATIN
NCT06780111,Rescue Medication,MEDICATION
NCT06254521,Tislelizumab combined with chemotherapy,TISLELIZUMAB
NCT06508983,pomalidomide,POMALIDOMIDE
NCT06508983,dexamethasone,DEXAMETHASONE
NCT04270175,Pomalidomide,POMALIDOMIDE
NCT04270175,Dexamethasone,DEXAMETHASONE
NCT06847269,Fludarabine,FLUDARABINE
NCT06847269,Cyclophosphamide,CYCLOPHOSPHAMIDE
NCT06016855,Lutetium Lu 177 Dotatate,LUTETIUM LU 177 DOTATATE
NCT06016855,Copper Cu 64 Dotatate,COPPER
NCT04878029,Cabozantinib S-malate,CABOZANTINIB S-MALATE
NCT04878029,Enfortumab Vedotin,ENFORTUMAB VEDOTIN
NCT06357975,Crizotinib,CRIZOTINIB
NCT05835466,reparixin,REPARIXIN
NCT05947851,Nemtabrutinib,NEMTABRUTINIB
NCT05947851,Venetoclax,VENETOCLAX
NCT05947851,Rituximab,RITUXIMAB
NCT06083857,Amivantamab,AMIVANTAMAB
NCT06083857,Tepotinib,TEPOTINIB
NCT07116057,Cyclophosphamide/Fludarabine,CYCLOPHOSPHAMIDE
NCT07116057,Cyclophosphamide/Fludarabine,FLUDARABINE
NCT05757336,"Combination of Gemcitabine, Nab-paclitaxel, Sintilimab and Bevacizumab",GEMCITABINE
NCT05757336,"Combination of Gemcitabine, Nab-paclitaxel, Sintilimab and Bevacizumab",PACLITAXEL
NCT05757336,"Combination of Gemcitabine, Nab-paclitaxel, Sintilimab and Bevacizumab",SINTILIMAB
NCT07570849,"Chidamide, Gemcitabine, cisplatin, immune checkpoint inhibitor",CHIDAMIDE
NCT07570849,"Chidamide, Gemcitabine, cisplatin, immune checkpoint inhibitor",GEMCITABINE
NCT07570849,"Chidamide, Gemcitabine, cisplatin, immune checkpoint inhibitor",CISPLATIN
NCT04980885,Azacitidine,AZACITIDINE
NCT06124378,Tislelizumab,TISLELIZUMAB
NCT06124378,Oxaliplatin,OXALIPLATIN
NCT06124378,Capecitabine,CAPECITABINE
NCT05594927,Icaritin,ICARITIN
NCT05440786,Abemaciclib,ABEMACICLIB
NCT05440786,Irinotecan,IRINOTECAN HYDROCHLORIDE
NCT05440786,Temozolomide,TEMOZOLOMIDE
NCT02133196,Aldesleukin,ALDESLEUKIN
NCT02133196,Fludarabine,FLUDARABINE
NCT02133196,Cyclophosphamide,CYCLOPHOSPHAMIDE
NCT06789679,"Gemcitabine, albumin-bound paclitaxel, S-1",GEMCITABINE
NCT06789679,"Gemcitabine, albumin-bound paclitaxel, S-1",PACLITAXEL
NCT00107289,iobenguane I 131,IOBENGUANE I-131
NCT04808323,Capecitabine,CAPECITABINE
NCT05678621,trimethoprim-sulfamethoxazole (co-trimoxazole),TRIMETHOPRIM HYDROCHLORIDE
NCT05678621,trimethoprim-sulfamethoxazole (co-trimoxazole),SULFAMETHOXAZOLE
NCT05678621,amoxycillin/clavulanic acid and ciprofloxacin,CIPROFLOXACIN HYDROCHLORIDE
NCT06360575,Crizotinib,CRIZOTINIB
NCT01410942,Methylphenidate,METHYLPHENIDATE HYDROCHLORIDE
NCT03283605,Durvalumab,DURVALUMAB
NCT03283605,Tremelimumab,TREMELIMUMAB
NCT05577000,Fludarabine,FLUDARABINE
NCT05577000,Cyclophosphamide,CYCLOPHOSPHAMIDE
NCT06464068,Durvalumab,DURVALUMAB
NCT04722523,Cisplatin,CISPLATIN
NCT04722523,Carboplatin,CARBOPLATIN
NCT04722523,Cetuximab,CETUXIMAB
NCT04722523,Cemiplimab,CEMIPLIMAB
NCT04722523,Paclitaxel,PACLITAXEL
NCT05950802,Cyclophosphamide,CYCLOPHOSPHAMIDE
NCT05580562,Dordaviprone (ONC201),DORDAVIPRONE
NCT05580562,Dordaviprone (ONC201),ONC201
NCT01871766,Vincristine,VINCRISTINE
NCT01871766,Dactinomycin,DACTINOMYCIN
NCT01871766,Cyclophosphamide,CYCLOPHOSPHAMIDE
NCT01871766,Sorafenib,SORAFENIB
NCT01871766,Irinotecan,IRINOTECAN HYDROCHLORIDE
NCT01871766,Ifosfamide,IFOSFAMIDE
NCT01871766,Etoposide,ETOPOSIDE
NCT01871766,Etoposide Phosphate,ETOPOSIDE PHOSPHATE
NCT01871766,Doxorubicin,DOXORUBICIN HYDROCHLORIDE
NCT01871766,Dexrazoxane,DEXRAZOXANE
NCT01871766,^1^1C-methionine,METHIONINE
NCT07228741,Tirzepatide,TIRZEPATIDE
NCT06699472,Trilaciclib Injection [Cosela],TRILACICLIB
NCT04114136,Nivolumab or Pembrolizumab (dependent upon approved indication),NIVOLUMAB
NCT04114136,Nivolumab or Pembrolizumab (dependent upon approved indication),PEMBROLIZUMAB
NCT04114136,Metformin,METFORMIN
NCT04114136,Rosiglitazone,ROSIGLITAZONE
NCT07057089,Capecitabine,CAPECITABINE
NCT07057089,Camrelizumab,CAMRELIZUMAB
NCT05662397,Cemiplimab,CEMIPLIMAB
NCT03505320,zolbetuximab,ZOLBETUXIMAB
NCT03505320,oxaliplatin,OXALIPLATIN
NCT03505320,fluorouracil,FLUOROURACIL
NCT03505320,Pembrolizumab,PEMBROLIZUMAB
NCT03505320,nivolumab,NIVOLUMAB
NCT06980532,Glumetinib Combined with Fruquintinib,FRUQUINTINIB
NCT05693844,Albumin-bound paclitaxel,PACLITAXEL
NCT05693844,Cyclophosphamide,CYCLOPHOSPHAMIDE
NCT05693844,Fludarabine,FLUDARABINE
NCT06411821,Ulixertinib,ULIXERTINIB
NCT04471987,IL12-L19L19,IL-12
NCT04662255,Pirtobrutinib,PIRTOBRUTINIB
NCT04662255,Ibrutinib,IBRUTINIB
NCT04662255,Acalabrutinib,ACALABRUTINIB
NCT04662255,Zanubrutinib,ZANUBRUTINIB
NCT06561685,Pembrolizumab,PEMBROLIZUMAB
NCT06561685,Cisplatin,CISPLATIN
NCT06561685,Carboplatin,CARBOPLATIN
NCT06561685,Paclitaxel,PACLITAXEL
NCT06561685,Nab paclitaxel,NAB-PACLITAXEL
NCT06914297,TQB2450 injection + oral progestin,PROGESTIN
NCT00044304,Imatinib,IMATINIB
NCT00044304,Ruxolitinib,RUXOLITINIB
NCT07551349,Fludarabine,FLUDARABINE
NCT03501381,Entinostat,ENTINOSTAT
NCT07227402,Belzutifan,BELZUTIFAN
NCT07227402,Zanzalintinib,ZANZALINTINIB
NCT02711553,Ramucirumab,RAMUCIRUMAB
NCT02711553,Merestinib,MERESTINIB
NCT02711553,Cisplatin,CISPLATIN
NCT02711553,Gemcitabine,GEMCITABINE
NCT07392892,Nivolumab,NIVOLUMAB
NCT05562830,Pembrolizumab,PEMBROLIZUMAB
NCT05520567,Gilteritinib,GILTERITINIB
NCT05520567,Venetoclax,VENETOCLAX
NCT05520567,Azacitidine,AZACITIDINE
NCT03999749,Ipilimumab,IPILIMUMAB
NCT03999749,Nivolumab,NIVOLUMAB
NCT03999749,Tocilizumab,TOCILIZUMAB
NCT05550415,Simvastatin 40mg,SIMVASTATIN
NCT02496208,Cabozantinib S-malate,CABOZANTINIB S-MALATE
NCT02496208,Ipilimumab,IPILIMUMAB
NCT02496208,Nivolumab,NIVOLUMAB
NCT05456191,Asciminib,ASCIMINIB
NCT05456191,Nilotinib,NILOTINIB
NCT07246668,Carbon Ion Radiotherapy Atezolizumab Bevacizumab,ATEZOLIZUMAB
NCT06949111,Capecitabine,CAPECITABINE
NCT03598244,Savolitinib,SAVOLITINIB
NCT06100705,Testosterone Cypionate,TESTOSTERONE CYPIONATE
NCT06100705,Sipuleucel-T,SIPULEUCEL-T
NCT06715241,combination of relatlimab and nivolumab wich are two immunotherapy treatments,RELATLIMAB
NCT06715241,combination of relatlimab and nivolumab wich are two immunotherapy treatments,NIVOLUMAB
NCT07245095,Premedication with n-acetylcysteine,ACETYLCYSTEINE
NCT07245095,Premedication with simethicone,SIMETHICONE
NCT06421675,Elranatamab injection,ELRANATAMAB
NCT07051525,Early antibiotic cessation alert,ANTIBIOTIC
NCT06761417,Mitoxantrone liposome,MITOXANTRONE
NCT06761417,Capecitabine,CAPECITABINE
NCT06761417,Anlotinib,ANLOTINIB
NCT06236425,Pembrolizumab,PEMBROLIZUMAB
NCT06236425,Platinum based chemotherapy,PLATINUM
NCT06236425,Cyclophosphamide,CYCLOPHOSPHAMIDE
NCT06236425,Fludarabine,FLUDARABINE
NCT06236425,Aldesleukin,ALDESLEUKIN
NCT04548648,Acalabrutinib,ACALABRUTINIB
NCT04510051,Cyclophosphamide,CYCLOPHOSPHAMIDE
NCT04510051,Fludarabine,FLUDARABINE
NCT05440864,Tremelimumab,TREMELIMUMAB
NCT01688492,Ipilimumab,IPILIMUMAB
NCT05428007,Sarilumab,SARILUMAB
NCT05428007,Ipilimumab Injection,IPILIMUMAB
NCT05428007,Nivolumab/Relatlimab,NIVOLUMAB
NCT05428007,Nivolumab/Relatlimab,RELATLIMAB
NCT03182244,Gilteritinib,GILTERITINIB
NCT03182244,Cytarabine,CYTARABINE
NCT03182244,Mitoxantrone,MITOXANTRONE
NCT03182244,Etoposide,ETOPOSIDE
NCT03182244,Fludarabine,FLUDARABINE
NCT06744504,cytarabine,CYTARABINE
NCT06744504,daunorubicin,DAUNORUBICIN HYDROCHLORIDE
NCT06744504,idarubicin,IDARUBICIN
NCT06744504,cyclophosphamide,CYCLOPHOSPHAMIDE
NCT07414758,golidocitinib,GOLIDOCITINIB
NCT05993949,Dasatinib,DASATINIB
NCT06595186,Temozolomide (TMZ),TEMOZOLOMIDE
NCT05536128,Olaparib,OLAPARIB
NCT05536128,Fulvestrant,FULVESTRANT
NCT06988475,Capmatinib,CAPMATINIB
NCT06529731,Interferon gamma-1b,INTERFERON GAMMA-1B
NCT03932331,Acalabrutinib,ACALABRUTINIB
NCT06329869,Sacituzumab govitecan,SACITUZUMAB GOVITECAN
NCT07196644,Telisotuzumab Adizutecan,TELISOTUZUMAB
NCT06538012,Cyclophosphamide,CYCLOPHOSPHAMIDE
NCT06538012,Fludarabine,FLUDARABINE
NCT06538012,Pembrolizumab,PEMBROLIZUMAB
NCT07042438,Axicabtagene Ciloleucel,AXICABTAGENE CILOLEUCEL
NCT06289062,Camrelizumab,CAMRELIZUMAB
NCT06289062,Cisplatin,CISPLATIN
NCT06289062,Nab paclitaxel,NAB-PACLITAXEL
NCT03704480,Durvalumab,DURVALUMAB
NCT03704480,Tremelimumab,TREMELIMUMAB
NCT04941274,Abemaciclib,ABEMACICLIB
NCT04322578,Crizotinib,CRIZOTINIB
NCT06049212,Pembrolizumab,PEMBROLIZUMAB
NCT07392541,Gemcitabine + Cisplatin,GEMCITABINE
NCT07392541,Gemcitabine + Cisplatin,CISPLATIN
NCT07392541,Simvastatin 20mg,SIMVASTATIN
NCT04002297,zanubrutinib,ZANUBRUTINIB
NCT04002297,bendamustine,BENDAMUSTINE
NCT04002297,rituximab,RITUXIMAB
NCT06498479,Topotecan,TOPOTECAN HYDROCHLORIDE
NCT06859684,Durvalumab,DURVALUMAB
NCT06859684,Lenvatinib,LENVATINIB
NCT05766748,Azeliragon,AZELIRAGON
NCT07492693,Hetrombopag,HETROMBOPAG
NCT06561854,Dexamethasone,DEXAMETHASONE
NCT07433673,Cemiplimab,CEMIPLIMAB
NCT06002659,Cyclophosphamide,CYCLOPHOSPHAMIDE
NCT06002659,Fludarabine,FLUDARABINE
NCT06530251,Cadonilimab,CADONILIMAB
NCT06530251,Sintilimab Injection,SINTILIMAB
NCT06095505,Alisertib,ALISERTIB
NCT07169331,Zanubrutinib,ZANUBRUTINIB
NCT06876831,"Inpatient Tobacco Cessation Counseling (Handouts, NYC Quits number, Medication Recommendations to primary team, Smoking cessation referral)",MEDICATION
NCT04796012,Atezolizumab,ATEZOLIZUMAB
NCT04796012,Vincristine,VINCRISTINE
NCT04796012,Irinotecan,IRINOTECAN HYDROCHLORIDE
NCT04796012,Temozolomide,TEMOZOLOMIDE
NCT05757219,Itacitinib,ITACITINIB
NCT05467800,Canakinumab,CANAKINUMAB
NCT03090165,ribociclib,RIBOCICLIB
NCT03090165,Bicalutamide,BICALUTAMIDE
NCT04009967,Pembrolizumab,PEMBROLIZUMAB
NCT06289751,Cadonilimab,CADONILIMAB
NCT06289751,Paclitaxel-albumin,PACLITAXEL
NCT06289751,Cisplatin,CISPLATIN
NCT06048133,Gemcitabine,GEMCITABINE
NCT06048133,Cisplatin,CISPLATIN
NCT06048133,Zimberelimab,ZIMBERELIMAB
NCT06048133,Quemliclustat,QUEMLICLUSTAT
NCT06254326,Td vaccine,VACCINE
NCT04471974,BET Bromodomain Inhibitor ZEN-3694,BET BROMODOMAIN INHIBITOR ZEN-3694
NCT04471974,Enzalutamide,ENZALUTAMIDE
NCT04471974,Pembrolizumab,PEMBROLIZUMAB
NCT05316935,Letrozole 2.5mg,LETROZOLE
NCT05077527,Axicabtagene Ciloleucel,AXICABTAGENE CILOLEUCEL
NCT05077527,Cyclophosphamide,CYCLOPHOSPHAMIDE
NCT05077527,Fludarabine,FLUDARABINE
NCT04771520,Avapritinib,AVAPRITINIB
NCT02911142,Lenalidomide,LENALIDOMIDE
NCT02911142,Rituximab,RITUXIMAB
NCT02911142,Prednisone,PREDNISONE
NCT02911142,Etoposide,ETOPOSIDE
NCT02911142,Doxorubicin,DOXORUBICIN HYDROCHLORIDE
NCT02911142,Vincristine,VINCRISTINE
NCT02911142,Cyclophosphamide,CYCLOPHOSPHAMIDE
NCT06596473,Tislelizumab,TISLELIZUMAB
NCT06775080,propranolol (beta-blocker used treat high blood pressure),PROPRANOLOL HYDROCHLORIDE
NCT03516279,Dasatinib,DASATINIB
NCT03516279,Imatinib Mesylate,IMATINIB
NCT03516279,Nilotinib,NILOTINIB
NCT03516279,Pembrolizumab,PEMBROLIZUMAB
NCT06530303,Cyclophosphamide,CYCLOPHOSPHAMIDE
NCT06530303,Fludarabine,FLUDARABINE
NCT06530303,Pembrolizumab,PEMBROLIZUMAB
NCT06128070,Methotrexate,METHOTREXATE
NCT06128070,Ruxolitinib Phosphate,RUXOLITINIB PHOSPHATE
NCT04793919,Arsenic Trioxide,ARSENIC TRIOXIDE
NCT04214886,Fludarabine,FLUDARABINE
NCT04214886,Cyclophosphamide,CYCLOPHOSPHAMIDE
NCT03589326,Ponatinib,PONATINIB
NCT03589326,Imatinib,IMATINIB
NCT03589326,Vincristine,VINCRISTINE
NCT03589326,Dexamethasone,DEXAMETHASONE
NCT03589326,Cytarabine,CYTARABINE
NCT03589326,Methotrexate,METHOTREXATE
NCT03589326,Prednisone,PREDNISONE
NCT05347225,Nemtabrutinib,NEMTABRUTINIB
NCT04339218,Pembrolizumab,PEMBROLIZUMAB
NCT04339218,Carboplatin,CARBOPLATIN
NCT01134614,Ipilimumab,IPILIMUMAB
NCT01134614,Sargramostim,SARGRAMOSTIM
NCT06315309,ATG Combined with Tacrolimus and Mini Methotrexate,METHOTREXATE
NCT02595892,Berzosertib,BERZOSERTIB
NCT02595892,Gemcitabine,GEMCITABINE
NCT06772623,Telisotuzumab Adizutecan,TELISOTUZUMAB
NCT06772623,Budigalimab,BUDIGALIMAB
NCT06772623,Pembrolizumab,PEMBROLIZUMAB
NCT06772623,Carboplatin,CARBOPLATIN
NCT06772623,Cisplatin,CISPLATIN
NCT06270706,Pembrolizumab,PEMBROLIZUMAB
NCT05061134,Ceralasertib,CERALASERTIB
NCT05061134,Durvalumab,DURVALUMAB
NCT05072314,lidocaine 2% and 10%,LIDOCAINE
NCT06939127,Neoadjuvant Cryoablation Combined with Tislelizumab and Chemotherapy,TISLELIZUMAB
NCT06939127,Adjuvant tislelizumab,ADJUVANT
NCT06413342,Sintilimab,SINTILIMAB
NCT06651177,Tirzepatide,TIRZEPATIDE
NCT07570173,Blinatumomab,BLINATUMOMAB
NCT07570173,Acetaminophen,ACETAMINOPHEN
NCT07570173,Diphenhydramine,DIPHENHYDRAMINE
NCT07570173,Dexamethasone,DEXAMETHASONE
NCT07570173,Tocilizumab,TOCILIZUMAB
NCT07570173,Siltuximab,SILTUXIMAB
NCT06814496,Tarlatamab,TARLATAMAB
NCT04488822,Pexidartinib,PEXIDARTINIB
NCT05956041,Pembrolizumab,PEMBROLIZUMAB
NCT05956041,Mogamulizumab,MOGAMULIZUMAB
NCT07232602,Pembrolizumab,PEMBROLIZUMAB
NCT07232602,Rescue Medication,MEDICATION
NCT04108195,Talquetamab,TALQUETAMAB
NCT04108195,Pomalidomide,POMALIDOMIDE
NCT06799195,Attenuated-dose Cyclophosphamide,CYCLOPHOSPHAMIDE
NCT06799195,Sirolimus,SIROLIMUS
NCT06799195,Mycophenolate Mofetil (MMF),MYCOPHENOLATE
NCT04238637,Durvalumab,DURVALUMAB
NCT04238637,Tremelimumab,TREMELIMUMAB
NCT07270835,Rituximab,RITUXIMAB
NCT07270835,Zanubrutinib,ZANUBRUTINIB
NCT05318573,Pembrolizumab,PEMBROLIZUMAB
NCT04211337,Selpercatinib,SELPERCATINIB
NCT04211337,Vandetanib,VANDETANIB
NCT05800054,cisplatin,CISPLATIN
NCT04585477,Durvalumab,DURVALUMAB
NCT04585477,Durvalumab (Imfinzi) alone or in combination with platinum-based chemotherapy,PLATINUM
NCT05989204,TmCD19-IL18,IL-18
NCT05259839,Dexamethasone,DEXAMETHASONE
NCT05259839,Lenalidomide,LENALIDOMIDE
NCT05259839,Pomalidomide,POMALIDOMIDE
NCT06510491,Epcoritamab,EPCORITAMAB
NCT04609046,Lenalidomide,LENALIDOMIDE
NCT04609046,Methotrexate,METHOTREXATE
NCT04609046,Nivolumab,NIVOLUMAB
NCT04609046,Rituximab,RITUXIMAB
NCT06387810,irinotecan liposome II combined with 5-FU/LV and oxaliplatin,IRINOTECAN HYDROCHLORIDE
NCT06387810,irinotecan liposome II combined with 5-FU/LV and oxaliplatin,OXALIPLATIN
NCT07003022,"cadonilimab combined with an anti-angiogenic agent, which is selected by the investigator from bevacizumab, regorafenib, or fruquintinib.",CADONILIMAB
NCT07003022,"cadonilimab combined with an anti-angiogenic agent, which is selected by the investigator from bevacizumab, regorafenib, or fruquintinib.",REGORAFENIB
NCT07003022,"cadonilimab combined with an anti-angiogenic agent, which is selected by the investigator from bevacizumab, regorafenib, or fruquintinib.",FRUQUINTINIB
NCT02243605,Cabozantinib S-malate,CABOZANTINIB S-MALATE
NCT06109272,Livmoniplimab,LIVMONIPLIMAB
NCT06109272,Budigalimab,BUDIGALIMAB
NCT06109272,Durvalumab,DURVALUMAB
NCT06109272,Atezolizumab,ATEZOLIZUMAB
NCT06109272,Tremelimumab,TREMELIMUMAB
NCT04745949,Brentuximab Vedotin,BRENTUXIMAB VEDOTIN
NCT04745949,Cyclophosphamide,CYCLOPHOSPHAMIDE
NCT04745949,Doxorubicin,DOXORUBICIN HYDROCHLORIDE
NCT04745949,Nivolumab,NIVOLUMAB
NCT04745949,Prednisone,PREDNISONE
NCT04745949,Rituximab,RITUXIMAB
NCT07202052,Trimethoprim / Sulfamethoxazole,TRIMETHOPRIM HYDROCHLORIDE
NCT07202052,Trimethoprim / Sulfamethoxazole,SULFAMETHOXAZOLE
NCT04086264,Azacitidine,AZACITIDINE
NCT04086264,Venetoclax,VENETOCLAX
NCT06780085,Corticosteroid,CORTICOSTEROID
NCT05139004,Basiliximab,BASILIXIMAB
NCT05139004,Fludarabine Phosphate,FLUDARABINE
NCT05139004,Melphalan,MELPHALAN
NCT05139004,Palifermin,PALIFERMIN
NCT07353684,Apatinib,APATINIB
NCT02297217,Carboplatin and Taxol (paclitaxel),CARBOPLATIN
NCT02297217,Carboplatin and Taxol (paclitaxel),PACLITAXEL
NCT04585490,Durvalumab,DURVALUMAB
NCT04585490,Carboplatin,CARBOPLATIN
NCT04585490,Paclitaxel,PACLITAXEL
NCT04585490,Cisplatin,CISPLATIN
NCT04585490,Tremelimumab,TREMELIMUMAB
NCT05472948,Sintilimab,SINTILIMAB
NCT05472948,Capecitabine,CAPECITABINE
NCT00840047,Methionine,METHIONINE
NCT04189757,Acalabrutinib,ACALABRUTINIB
NCT02464696,Methylprednisolone,METHYLPREDNISOLONE
NCT02464696,Oxygen Therapy,OXYGEN THERAPY
NCT04397003,Neoantigen DNA vaccine,VACCINE
NCT04397003,Durvalumab,DURVALUMAB
NCT00070499,Dasatinib,DASATINIB
NCT00070499,Imatinib Mesylate,IMATINIB
NCT01817192,Adjuvant Chemotherapy,ADJUVANT
NCT05980000,Ramucirumab,RAMUCIRUMAB
NCT05980000,Pembrolizumab,PEMBROLIZUMAB
NCT04409639,Cobimetinib,COBIMETINIB
NCT05764044,"cisplatin, gemcitabine",CISPLATIN
NCT05764044,"cisplatin, gemcitabine",GEMCITABINE
NCT04462328,Durvalumab,DURVALUMAB
NCT04462328,Acalabrutinib,ACALABRUTINIB
NCT07088211,Sacituzumab Tirumotecan and Toripalimab,TORIPALIMAB
NCT02332668,Pembrolizumab,PEMBROLIZUMAB
NCT05914389,Oxaliplatin,OXALIPLATIN
NCT05914389,Capecitabine,CAPECITABINE
NCT05914389,Anti-PD-L1 Monoclonal Antibody,ANTI-PD-L1 MONOCLONAL ANTIBODY
NCT03801876,Capecitabine,CAPECITABINE
NCT03801876,Carboplatin,CARBOPLATIN
NCT03801876,Fluorouracil,FLUOROURACIL
NCT03801876,Leucovorin Calcium,LEUCOVORIN CALCIUM
NCT03801876,Oxaliplatin,OXALIPLATIN
NCT03801876,Paclitaxel,PACLITAXEL
NCT05363631,Selenomethionine (SLM),SELENOMETHIONINE
NCT05363631,Axitinib,AXITINIB
NCT05363631,Pembrolizumab,PEMBROLIZUMAB
NCT04604067,Acalabrutinib,ACALABRUTINIB
NCT05990192,Niraparib oral capsule,NIRAPARIB
NCT06291987,Ivosidenib,IVOSIDENIB
NCT06291987,Ruxolitinib,RUXOLITINIB
NCT04370587,T3011 + pembrolizumab,PEMBROLIZUMAB
NCT06105619,Temozolomide,TEMOZOLOMIDE
NCT06105619,Cisplatin combined with Etoposide,CISPLATIN
NCT06105619,Cisplatin combined with Etoposide,ETOPOSIDE
NCT05987345,Anti-PD-1 monoclonal antibody,ANTI-PD1 MONOCLONAL ANTIBODY
NCT05294367,Magnesium Chloride-based Lotion,MAGNESIUM CITRATE
NCT06233942,Tislelizumab,TISLELIZUMAB
NCT01251861,Akt Inhibitor MK2206,AKT INHIBITOR MK2206
NCT01251861,Bicalutamide,BICALUTAMIDE
NCT04262843,Cyclophosphamide,CYCLOPHOSPHAMIDE
NCT04262843,Fludarabine,FLUDARABINE
NCT04262843,Mycophenolate Mofetil,MYCOPHENOLATE MOFETIL
NCT06768489,Pomalidomide,POMALIDOMIDE
NCT06768489,Lenalidomide,LENALIDOMIDE
NCT03743649,Lorazepam,LORAZEPAM
NCT05746897,Pembrolizumab injection,PEMBROLIZUMAB
NCT04722146,Pomalidomide,POMALIDOMIDE
NCT04722146,Lenalidomide,LENALIDOMIDE
NCT04722146,Bortezomib,BORTEZOMIB
NCT04722146,Nirogacestat,NIROGACESTAT
NCT07281924,Nivolumab and Relatlimab,NIVOLUMAB
NCT07281924,Nivolumab and Relatlimab,RELATLIMAB
NCT07281924,Melphalan,MELPHALAN
NCT03654105,Cytisine,CYTISINE
NCT04040205,Abemaciclib,ABEMACICLIB
NCT04439253,Crizotinib,CRIZOTINIB
NCT07417488,Ad5.F35-hGUCY2C-PADRE vaccine,VACCINE
NCT07225946,Prednisone,PREDNISONE
NCT04833426,Testosterone gel,TESTOSTERONE
NCT06354218,Serplulimab,SERPLULIMAB
NCT05537896,Eravacycline,ERAVACYCLINE
NCT07607418,Ivosidenib,IVOSIDENIB
NCT05113186,Lenvatinib Pill,LENVATINIB
NCT06554600,Zanubrutinib,ZANUBRUTINIB
NCT06554600,Polatuzumab Vedotin,POLATUZUMAB VEDOTIN
NCT06554600,Bendamustine,BENDAMUSTINE
NCT06554600,Rituximab,RITUXIMAB
NCT04666038,Pirtobrutinib,PIRTOBRUTINIB
NCT04666038,Idelalisib,IDELALISIB
NCT04666038,Bendamustine,BENDAMUSTINE
NCT04666038,Rituximab,RITUXIMAB
NCT06171750,Cemiplimab,CEMIPLIMAB
NCT04414540,Metformin Extended Release Oral Tablet,METFORMIN
NCT04414540,Pembrolizumab,PEMBROLIZUMAB
NCT06832774,"Gonadotropin releasing hormone analog (GnRHa) + Novel hormone therapy (abiraterone, apalutamide or rezvilutamide).",APALUTAMIDE
NCT06832774,"Gonadotropin releasing hormone analog (GnRHa) + Novel hormone therapy (abiraterone, apalutamide or rezvilutamide).",REZVILUTAMIDE
NCT02553460,Dexamethasone,DEXAMETHASONE
NCT02553460,Mitoxantrone,MITOXANTRONE
NCT02553460,Pegaspargase,PEGASPARGASE
NCT02553460,Asparaginase Erwinia Chrysanthemi,ASPARAGINASE ERWINIA CHRYSANTHEMI
NCT02553460,Bortezomib,BORTEZOMIB
NCT02553460,Vorinostat,VORINOSTAT
NCT02553460,Cyclophosphamide,CYCLOPHOSPHAMIDE
NCT02553460,Mercaptopurine,MERCAPTOPURINE
NCT02553460,Methotrexate,METHOTREXATE
NCT02553460,Leucovorin Calcium,LEUCOVORIN CALCIUM
NCT02553460,Cytarabine,CYTARABINE
NCT02553460,Etoposide,ETOPOSIDE
NCT02553460,Vincristine,VINCRISTINE
NCT06954805,Rituximab,RITUXIMAB
NCT06954805,Etoposide,ETOPOSIDE
NCT06954805,Prednisone,PREDNISONE
NCT06954805,Vincristine,VINCRISTINE
NCT06954805,Cyclophosphamide,CYCLOPHOSPHAMIDE
NCT06954805,Doxorubicin,DOXORUBICIN HYDROCHLORIDE
NCT06096844,Carboplatin,CARBOPLATIN
NCT06096844,Nab-paclitaxel,NAB-PACLITAXEL
NCT06096844,Paclitaxel,PACLITAXEL
NCT06096844,Pembrolizumab,PEMBROLIZUMAB
NCT05723055,Axatilimab,AXATILIMAB
NCT05723055,Nivolumab,NIVOLUMAB
NCT06846671,Bendamustine,BENDAMUSTINE
NCT06846671,Idelalisib,IDELALISIB
NCT06846671,Rituximab,RITUXIMAB
NCT06846671,Venetoclax,VENETOCLAX
NCT03587844,brentuximab vedotin,BRENTUXIMAB VEDOTIN
NCT06550141,Cyclophosphamide,CYCLOPHOSPHAMIDE
NCT06550141,Fludarabine Phosphate,FLUDARABINE
NCT06550141,Axicabtagene Ciloleucel,AXICABTAGENE CILOLEUCEL
NCT02595424,Capecitabine,CAPECITABINE
NCT02595424,Carboplatin,CARBOPLATIN
NCT02595424,Cisplatin,CISPLATIN
NCT02595424,Etoposide,ETOPOSIDE
NCT02595424,Temozolomide,TEMOZOLOMIDE
NCT03241940,Cyclophosphamide,CYCLOPHOSPHAMIDE
NCT03241940,Fludarabine Phosphate,FLUDARABINE
NCT05952024,Acalabrutinib,ACALABRUTINIB
NCT05952024,Rituximab,RITUXIMAB
NCT03440450,FF-10832 Gemcitabine Liposome Injection,GEMCITABINE
NCT05781308,Paclitaxel,PACLITAXEL
NCT05781308,Atezolizumab,ATEZOLIZUMAB
NCT03829254,Pembrolizumab,PEMBROLIZUMAB
NCT05734495,Pirtobrutinib,PIRTOBRUTINIB
NCT05734495,Venetoclax,VENETOCLAX
NCT06389422,Pembrolizumab,PEMBROLIZUMAB
NCT06100237,Talquetamab,TALQUETAMAB
NCT06815029,Fludeoxyglucose F-18,FLUDEOXYGLUCOSE F 18
NCT06532032,Amivantamab,AMIVANTAMAB
NCT05620628,Durvalumab,DURVALUMAB
NCT05620628,Savolitinib,SAVOLITINIB
NCT06111781,Relugolix 120 MG [Orgovyx],RELUGOLIX
NCT01920737,Daunorubicin,DAUNORUBICIN HYDROCHLORIDE
NCT01920737,Vincristine,VINCRISTINE
NCT01920737,Prednisone,PREDNISONE
NCT01920737,PEG-Asparaginase,ASPARAGINASE
NCT01920737,Methotrexate,METHOTREXATE
NCT01920737,6-MP (6-Mercaptopurine),MERCAPTOPURINE
NCT01920737,Cyclophosphamide,CYCLOPHOSPHAMIDE
NCT01920737,Cytarabine,CYTARABINE
NCT01920737,Dexamethasone,DEXAMETHASONE
NCT04083495,Bendamustine,BENDAMUSTINE
NCT04083495,Fludarabine,FLUDARABINE
NCT04083495,Cyclophosphamide,CYCLOPHOSPHAMIDE
NCT05241340,Sasanlimab,SASANLIMAB
NCT04595747,Rogaratinib,ROGARATINIB
NCT07226999,Atezolizumab,ATEZOLIZUMAB
NCT03333616,Ipilimumab,IPILIMUMAB
NCT03333616,Nivolumab,NIVOLUMAB
NCT05929664,Cemiplimab,CEMIPLIMAB
NCT05929664,Fianlimab,FIANLIMAB
NCT05843253,Ribociclib,RIBOCICLIB
NCT05843253,Everolimus,EVEROLIMUS
NCT05843253,Temozolomide (TMZ),TEMOZOLOMIDE
NCT03934372,Ponatinib,PONATINIB
NCT06102395,Pembrolizumab,PEMBROLIZUMAB
NCT06102395,Cisplatin,CISPLATIN
NCT06102395,Carboplatin,CARBOPLATIN
NCT06102395,Nab paclitaxel,NAB-PACLITAXEL
NCT06102395,Liposomal paclitaxel,PACLITAXEL
NCT06102395,Fluorouracil,FLUOROURACIL
NCT06991101,Ruxolitinib,RUXOLITINIB
NCT06991101,Temozolomide,TEMOZOLOMIDE
NCT03067181,Bleomycin Sulfate,BLEOMYCIN SULFATE
NCT03067181,Carboplatin,CARBOPLATIN
NCT03067181,Cisplatin,CISPLATIN
NCT03067181,Etoposide,ETOPOSIDE
NCT06624371,Atovaquone,ATOVAQUONE
NCT04602377,Pembrolizumab 25 MG/ML [Keytruda],PEMBROLIZUMAB
NCT05588648,Vactosertib,VACTOSERTIB
NCT06160843,"Pembrolizumab IV infusion Q3W, with daily oral Olaparib.",PEMBROLIZUMAB
NCT06160843,"Pembrolizumab IV infusion Q3W, with daily oral Olaparib.",OLAPARIB
NCT06169124,Darolutamide,DAROLUTAMIDE
NCT06169124,Exemestane,EXEMESTANE
NCT06169124,Leuprolide Acetate,LEUPROLIDE ACETATE
NCT05184842,Venetoclax,VENETOCLAX
NCT05184842,Decitabine,DECITABINE
NCT05119296,Pembrolizumab (Keytruda),PEMBROLIZUMAB
NCT07226752,Epcoritamab,EPCORITAMAB
NCT05029726,"Bupivacaine-Epinephrine 0.25%-1:200,000 Injectable Solution plus clonidine",BUPIVACAINE HYDROCHLORIDE
NCT05029726,"Bupivacaine-Epinephrine 0.25%-1:200,000 Injectable Solution plus clonidine",EPINEPHRINE
NCT05029726,"Bupivacaine-Epinephrine 0.25%-1:200,000 Injectable Solution plus clonidine",CLONIDINE HYDROCHLORIDE
NCT05029726,normal saline,NORMAL SALINE
NCT02582697,Bleomycin (active name: Bleomycin Sulfate),BLEOMYCIN
NCT02582697,Etoposide,ETOPOSIDE
NCT02582697,Cisplatin,CISPLATIN
NCT06554561,Pomalidomide,POMALIDOMIDE
NCT06554561,Rituximab,RITUXIMAB
NCT06554561,Methotrexate,METHOTREXATE
NCT06252870,Methotrexate,METHOTREXATE
NCT06252870,Post-Transplant Cyclophosphamide,CYCLOPHOSPHAMIDE
NCT06252870,Fludarabine,FLUDARABINE
NCT06252870,Clofarabine,CLOFARABINE
NCT06252870,Thiotepa,THIOTEPA
NCT06252870,Busulfan,BUSULFAN
NCT04831320,nab-paclitaxel,NAB-PACLITAXEL
NCT04831320,Nivolumab,NIVOLUMAB
NCT04287868,NHS-IL12,IL-12
NCT03114527,Ribociclib,RIBOCICLIB
NCT03114527,Everolimus,EVEROLIMUS
NCT05458297,Nemtabrutinib,NEMTABRUTINIB
NCT05981703,Tislelizumab,TISLELIZUMAB
NCT06930794,Vebreltinib combined with platinum-based doublet chemotherapy.,VEBRELTINIB
NCT06930794,Vebreltinib combined with platinum-based doublet chemotherapy.,PLATINUM
NCT02546661,AZD4547,AZD-4547
NCT02546661,Olaparib,OLAPARIB
NCT02546661,Vistusertib,VISTUSERTIB
NCT02546661,Selumetinib,SELUMETINIB
NCT06751589,Tirzepatide,TIRZEPATIDE
NCT06584123,18F-Fluoro-ethyl-tyrosine (FET) PET,TYROSINE
NCT04176718,Carfilzomib,CARFILZOMIB
NCT04176718,Pomalidomide,POMALIDOMIDE
NCT04176718,Dexamethasone,DEXAMETHASONE
NCT03843359,Dostarlimab,DOSTARLIMAB
NCT07022197,BAFF-R CART,BAFF
NCT06387121,Vincristine,VINCRISTINE
NCT06387121,Cyclophosphamide,CYCLOPHOSPHAMIDE
NCT06387121,Dexamethasone,DEXAMETHASONE
NCT06387121,Venetoclax,VENETOCLAX
NCT06387121,Inotuzumab ozogamicin,INOTUZUMAB OZOGAMICIN
NCT06387121,Blinatumomab,BLINATUMOMAB
NCT06387121,6-mercaptopurine,MERCAPTOPURINE
NCT06387121,Methotrexate,METHOTREXATE
NCT06387121,Cytarabine,CYTARABINE
NCT06387121,Prednisone,PREDNISONE
NCT07040098,Sintilimab,SINTILIMAB
NCT06908993,Tepotinib,TEPOTINIB
NCT06908993,Vinorelbine,VINORELBINE
NCT06908993,Gemcitabine alone,GEMCITABINE
NCT06908993,Paclitaxel,PACLITAXEL
NCT06908993,Pembrolizumab,PEMBROLIZUMAB
NCT06908993,Nivolumab,NIVOLUMAB
NCT06908993,Atezolizumab,ATEZOLIZUMAB
NCT02647385,Block with lidocaine for SAM and PEC I block,LIDOCAINE
NCT04699838,Cisplatin,CISPLATIN
NCT04699838,Carboplatin,CARBOPLATIN
NCT04699838,Etoposide,ETOPOSIDE
NCT04699838,Durvalumab,DURVALUMAB
NCT04699838,Ceralasertib,CERALASERTIB
NCT03399799,Talquetamab,TALQUETAMAB
NCT07405151,Rescue Medication,MEDICATION
NCT07043894,Romiplostim N01,ROMIPLOSTIM
NCT04458922,Atezolizumab,ATEZOLIZUMAB
NCT04728893,Nemtabrutinib,NEMTABRUTINIB
NCT02125786,^1^1C-methionine,METHIONINE
NCT05294172,Gemcitabine,GEMCITABINE
NCT05294172,Cisplatin,CISPLATIN
NCT05541822,Vabametkib,VABAMETKIB
NCT05541822,Lazertinib,LAZERTINIB
NCT06158828,Busulfan,BUSULFAN
NCT06158828,Fludarabine,FLUDARABINE
NCT06158828,Thiotepa,THIOTEPA
NCT06158828,Melphalan,MELPHALAN
NCT06158828,Plerixafor,PLERIXAFOR
NCT03610971,Ruxolitinib,RUXOLITINIB
NCT03610971,BCR-ABL Tyrosine Kinase Inhibitor (TKI),TYROSINE
NCT03816163,zolbetuximab,ZOLBETUXIMAB
NCT03816163,nab-paclitaxel,NAB-PACLITAXEL
NCT03816163,gemcitabine,GEMCITABINE
NCT05208047,CGT9486 plus sunitinib,SUNITINIB
NCT05208047,Midazolam,MIDAZOLAM HYDROCHLORIDE
NCT05633667,Zimberelimab (ZIM),ZIMBERELIMAB
NCT05633667,Domvanalimab (DOM),DOMVANALIMAB
NCT05633667,Etrumadenant (ETRUMA),ETRUMADENANT
NCT05633667,Carboplatin,CARBOPLATIN
NCT05633667,Cisplatin,CISPLATIN
NCT05633667,Paclitaxel,PACLITAXEL
NCT05633667,Nab-paclitaxel,NAB-PACLITAXEL
NCT05633667,Nivolumab,NIVOLUMAB
NCT06127407,Ivosidenib 500mg,IVOSIDENIB
NCT01419067,^1^1C-methionine,METHIONINE
NCT04590963,Monalizumab,MONALIZUMAB
NCT04590963,Cetuximab,CETUXIMAB
NCT02867592,Cabozantinib S-malate,CABOZANTINIB S-MALATE
NCT04871412,Green Tea Extract,GREEN TEA EXTRACT
NCT04947319,Tirabrutinib,TIRABRUTINIB
NCT06574009,Medication optimization,MEDICATION
NCT06574009,Buprenorphine rotation,BUPRENORPHINE
NCT01174121,Pembrolizumab (Keytruda),PEMBROLIZUMAB
NCT01174121,Fludarabine,FLUDARABINE
NCT01174121,Cyclophosphamide,CYCLOPHOSPHAMIDE
NCT01174121,Aldesleukin,ALDESLEUKIN
NCT06510361,Epcoritamab,EPCORITAMAB
NCT06782685,Irinotecan liposoma,IRINOTECAN HYDROCHLORIDE
NCT06782685,oxaliplatin,OXALIPLATIN
NCT06562543,Fruquintinib,FRUQUINTINIB
NCT05691478,Cabozantinib S-malate,CABOZANTINIB S-MALATE
NCT05691478,Cisplatin,CISPLATIN
NCT05691478,Doxorubicin Hydrochloride,DOXORUBICIN HYDROCHLORIDE
NCT05691478,Methotrexate,METHOTREXATE
NCT05891821,Balstilimab,BALSTILIMAB
NCT06576635,Paclitaxel,PACLITAXEL
NCT06576635,Gemcitabine,GEMCITABINE
NCT06576635,Vinorelbine,VINORELBINE
NCT03066843,Blue light therapy,LIGHT
NCT04269902,Obinutuzumab,OBINUTUZUMAB
NCT04269902,Venetoclax,VENETOCLAX
NCT03286530,Ruxolitinib,RUXOLITINIB
NCT04282044,Fludarabine,FLUDARABINE
NCT04282044,Cyclophosphamide,CYCLOPHOSPHAMIDE
NCT04015700,Personalized neoantigen DNA vaccine supplied by Geneos Therapeutics,VACCINE
NCT05632328,Gemcitabine,GEMCITABINE
NCT05632328,Nab-paclitaxel,NAB-PACLITAXEL
NCT05854498,Liposomal irinotecan,IRINOTECAN HYDROCHLORIDE
NCT05854498,TAS102,TAS-102
NCT05393791,Abiraterone acetate,ABIRATERONE ACETATE
NCT05393791,Enzalutamide,ENZALUTAMIDE
NCT07048249,Romiplostim (AMG-531),ROMIPLOSTIM
NCT00352534,Dactinomycin,DACTINOMYCIN
NCT00352534,Doxorubicin Hydrochloride,DOXORUBICIN HYDROCHLORIDE
NCT00352534,Vincristine Sulfate,VINCRISTINE SULFATE
NCT07128355,Balstilimab,BALSTILIMAB
NCT05210413,Spartalizumab in Pediatric cohort,SPARTALIZUMAB
NCT05210413,Low-dose Pazopanib in Pediatric Cohort,PAZOPANIB
NCT03233854,Cyclophosphamide,CYCLOPHOSPHAMIDE
NCT03233854,Fludarabine Phosphate,FLUDARABINE
NCT06902246,Regorafenib,REGORAFENIB
NCT05783596,Obinutuzumab,OBINUTUZUMAB
NCT05783596,Glofitamab,GLOFITAMAB
NCT06780137,Durvalumab,DURVALUMAB
NCT06712927,Ipilimumab,IPILIMUMAB
NCT06712927,Nivolumab + Relatlimab FDC,NIVOLUMAB
NCT06712927,Nivolumab + Relatlimab FDC,RELATLIMAB
NCT03478488,KN035 plus Gemcitabine & oxaliplatin,GEMCITABINE
NCT03478488,KN035 plus Gemcitabine & oxaliplatin,OXALIPLATIN
NCT04716946,Durvalumab,DURVALUMAB
NCT07128680,Ipilimumab,IPILIMUMAB
NCT07128680,Nivolumab,NIVOLUMAB
NCT04785196,APG-115,APG115
NCT04785196,Toripalimab,TORIPALIMAB
NCT05043090,savolitinib,SAVOLITINIB
NCT05043090,durvalumab,DURVALUMAB
NCT05043090,sunitinib,SUNITINIB
NCT06100497,Pembrolizumab,PEMBROLIZUMAB
NCT06100497,Cisplatin,CISPLATIN
NCT06100497,Paclitaxel-albumin,PACLITAXEL
NCT05696782,Durvalumab,DURVALUMAB
NCT05650723,Zanubrutinib Pill,ZANUBRUTINIB
NCT05650723,Venetoclax Pill,VENETOCLAX
NCT05650723,Obinutuzumab Injection,OBINUTUZUMAB
NCT06353386,Olaparib,OLAPARIB
NCT06353386,Cabazitaxel,CABAZITAXEL
NCT06353386,Fludrocortisone acetate,FLUDROCORTISONE ACETATE
NCT06353386,Dexamethasone,DEXAMETHASONE
NCT06353386,Prednisone,PREDNISONE
NCT06626516,Tebentafusp-Tebn,TEBENTAFUSP
NCT06626516,GM-CSF (Sargramostim),SARGRAMOSTIM
NCT06445257,zanubrutinib 160 mg BID orally,ZANUBRUTINIB
NCT05969171,"Surufatinib, gemcitabine, nab-paclitaxel",GEMCITABINE
NCT05969171,"Surufatinib, gemcitabine, nab-paclitaxel",PACLITAXEL
NCT05563467,Pembrolizumab 25 MG/ML [Keytruda],PEMBROLIZUMAB
NCT03462719,Ibrutinib,IBRUTINIB
NCT03462719,Venetoclax,VENETOCLAX
NCT03462719,Chlorambucil,CHLORAMBUCIL
NCT03462719,Obinutuzumab,OBINUTUZUMAB
NCT07222566,Pembrolizumab,PEMBROLIZUMAB
NCT05488366,Pembrolizumab,PEMBROLIZUMAB
NCT06550895,Talquetamab,TALQUETAMAB
NCT04104672,Zimberelimab,ZIMBERELIMAB
NCT04104672,Nab-paclitaxel,NAB-PACLITAXEL
NCT04104672,Gemcitabine,GEMCITABINE
NCT06687772,Thiotepa,THIOTEPA
NCT06687772,Carmustine,CARMUSTINE
NCT06369155,Azenosertib,AZENOSERTIB
NCT06578052,Irinotecan liposome Capecitabine,IRINOTECAN HYDROCHLORIDE
NCT06578052,Irinotecan liposome Capecitabine,CAPECITABINE
NCT06487221,Avutometinib,AVUTOMETINIB
NCT06487221,Defactinib,DEFACTINIB
NCT07166406,Atezolizumab,ATEZOLIZUMAB
NCT07166406,Durvalumab,DURVALUMAB
NCT07166406,Ipilimumab,IPILIMUMAB
NCT07166406,Nivolumab,NIVOLUMAB
NCT07166406,Tremelimumab,TREMELIMUMAB
NCT04794699,Sacituzumab govitecan,SACITUZUMAB GOVITECAN
NCT05673200,Decitabine and Cedazuridine,DECITABINE AND CEDAZURIDINE
NCT05673200,Paclitaxel,PACLITAXEL
NCT05673200,Pembrolizumab,PEMBROLIZUMAB
NCT03937544,Cyclophosphamide,CYCLOPHOSPHAMIDE
NCT03937544,Fludarabine,FLUDARABINE
NCT06532799,Fludarabine,FLUDARABINE
NCT06532799,Pembrolizumab,PEMBROLIZUMAB
NCT04981912,HDMP + rituximab as a means of debulking prior to initiating venetoclax.,RITUXIMAB
NCT04981912,HDMP + rituximab as a means of debulking prior to initiating venetoclax.,VENETOCLAX
NCT06465199,Eflornithine (DFMO),EFLORNITHINE
NCT07343934,huCART19-IL18-eDHFR cells,IL-18
NCT07343934,[18F]Fluoropropyl-Trimethoprim,TRIMETHOPRIM HYDROCHLORIDE
NCT06129734,Venetoclax,VENETOCLAX
NCT06129734,Decitabine,DECITABINE
NCT07291297,Metformin Hydrochloride ER,METFORMIN
NCT05176002,Camrelizumab,CAMRELIZUMAB
NCT02446444,Enzalutamide,ENZALUTAMIDE
NCT03091192,Savolitinib,SAVOLITINIB
NCT03091192,Sunitinib,SUNITINIB
NCT05400109,Fludarabine,FLUDARABINE
NCT05400109,Cyclophosphamide,CYCLOPHOSPHAMIDE
NCT06099769,Enzalutamide,ENZALUTAMIDE
NCT06099769,Mifepristone,MIFEPRISTONE
NCT06577025,Talquetamab,TALQUETAMAB
NCT06577025,Bortezomib,BORTEZOMIB
NCT06577025,Lenalidomide,LENALIDOMIDE
NCT06577025,Dexamethasone,DEXAMETHASONE
NCT06577025,Cyclophosphamide,CYCLOPHOSPHAMIDE
NCT06577025,Fludarabine,FLUDARABINE
NCT06466382,Carboplatin / Paclitaxel Chemotherapy,CARBOPLATIN
NCT06466382,Carboplatin / Paclitaxel Chemotherapy,PACLITAXEL
NCT04884360,Olaparib,OLAPARIB
NCT06422143,Pembrolizumab,PEMBROLIZUMAB
NCT06422143,Carboplatin,CARBOPLATIN
NCT06422143,Paclitaxel,PACLITAXEL
NCT06422143,Nab-paclitaxel,NAB-PACLITAXEL
NCT03021460,Ibrutinib,IBRUTINIB
NCT03021460,Pembrolizumab,PEMBROLIZUMAB
NCT03972488,30 mg Octreotide long acting repeatable (LAR) (Sandostatin LAR Depot),SANDOSTATIN
NCT07493668,Lenvatinib,LENVATINIB
NCT04752813,Temozolomide (TMZ),TEMOZOLOMIDE
NCT05050097,Talquetamab,TALQUETAMAB
NCT05050097,Carfilzomib,CARFILZOMIB
NCT05050097,Lenalidomide,LENALIDOMIDE
NCT05050097,Pomalidomide,POMALIDOMIDE
NCT05400603,"Ex Vivo Expanded Allogeneic γδ T Cells in Combination with Dinutuximab, Temozolomide, Irinotecan and Zoledronate",DINUTUXIMAB
NCT05400603,"Ex Vivo Expanded Allogeneic γδ T Cells in Combination with Dinutuximab, Temozolomide, Irinotecan and Zoledronate",TEMOZOLOMIDE
NCT05400603,"Ex Vivo Expanded Allogeneic γδ T Cells in Combination with Dinutuximab, Temozolomide, Irinotecan and Zoledronate",IRINOTECAN HYDROCHLORIDE
NCT04068610,Durvalumab,DURVALUMAB
NCT04068610,Oleclumab,OLECLUMAB
NCT06935188,Dalpicilib combined with cetuximab,CETUXIMAB
NCT04963283,Nivolumab,NIVOLUMAB
NCT04268550,Selpercatinib,SELPERCATINIB
NCT04879368,Regorafenib,REGORAFENIB
NCT04879368,Nivolumab,NIVOLUMAB
NCT04879368,Paclitaxel,PACLITAXEL
NCT04879368,Irinotecan,IRINOTECAN HYDROCHLORIDE
NCT04879368,Trifluridine/Tipracil,TRIFLURIDINE
NCT03899792,Selpercatinib,SELPERCATINIB
NCT04280081,Selpercatinib,SELPERCATINIB
NCT04207086,Pembrolizumab,PEMBROLIZUMAB
NCT04207086,Lenvatinib,LENVATINIB
NCT05830500,Anlotinib Hydrochloride Capsule,ANLOTINIB
NCT04320888,Selpercatinib,SELPERCATINIB
NCT04819100,Selpercatinib,SELPERCATINIB
NCT04759911,Selpercatinib,SELPERCATINIB
NCT06458036,Selpercatinib Monotherapy,SELPERCATINIB
NCT05668962,Selpercatinib,SELPERCATINIB
NCT05668962,Sodium Iodine I-131,IODINE
NCT05803928,lenvatinib + anti-PD-1 antibodies,LENVATINIB
NCT07286240,QL1706 plus chemotherapy and anlotinib regimen,ANLOTINIB
NCT07449754,Belvarafenib,BELVARAFENIB
NCT07449754,Cobimetinib,COBIMETINIB
NCT06346067,Naporafenib,NAPORAFENIB
NCT06346067,Dacarbazine,DACARBAZINE
NCT06346067,Temozolomide,TEMOZOLOMIDE
NCT06346067,Trametinib,TRAMETINIB
NCT04835805,Belvarafenib,BELVARAFENIB
NCT04835805,Cobimetinib,COBIMETINIB
NCT04835805,Nivolumab,NIVOLUMAB
NCT06970353,Tunlametinib,TUNLAMETINIB
NCT06008106,tunlametinib,TUNLAMETINIB
NCT06008106,"paclitaxel +carboplatin, or temozolomide +cisplatin, or dacarbazine +cisplatin",PACLITAXEL
NCT06008106,"paclitaxel +carboplatin, or temozolomide +cisplatin, or dacarbazine +cisplatin",CARBOPLATIN
NCT06008106,"paclitaxel +carboplatin, or temozolomide +cisplatin, or dacarbazine +cisplatin",TEMOZOLOMIDE
NCT06008106,"paclitaxel +carboplatin, or temozolomide +cisplatin, or dacarbazine +cisplatin",CISPLATIN
NCT06008106,"paclitaxel +carboplatin, or temozolomide +cisplatin, or dacarbazine +cisplatin",DACARBAZINE
NCT04439344,Binimetinib,BINIMETINIB
NCT07445022,tunlametinib,TUNLAMETINIB
NCT05490771,Copanlisib Hydrochloride,COPANLISIB HYDROCHLORIDE
NCT03772561,AZD5363+Olaparib+Durvalumab,OLAPARIB
NCT03772561,AZD5363+Olaparib+Durvalumab,DURVALUMAB
NCT01992952,Fulvestrant,FULVESTRANT
NCT04345913,Copanlisib Hydrochloride,COPANLISIB HYDROCHLORIDE
NCT04345913,Eribulin Mesylate,ERIBULIN MESYLATE
NCT05307705,Fulvestrant,FULVESTRANT
NCT05307705,Imlunestrant,IMLUNESTRANT
NCT05307705,Abemaciclib,ABEMACICLIB
NCT05307705,"Anastrozole, Exemestane, or Letrozole",ANASTROZOLE
NCT05307705,"Anastrozole, Exemestane, or Letrozole",EXEMESTANE
NCT05307705,"Anastrozole, Exemestane, or Letrozole",LETROZOLE
NCT05307705,Paclitaxel,PACLITAXEL
NCT05154487,Alpelisib Pill,ALPELISIB
NCT05154487,Fulvestrant injection,FULVESTRANT
NCT06351371,Erdafitinib,ERDAFITINIB
NCT06496568,Inavolisib,INAVOLISIB
NCT06496568,Atezolizumab,ATEZOLIZUMAB
NCT06496568,Pembrolizumab,PEMBROLIZUMAB
NCT05948943,Alpelisib,ALPELISIB
NCT03006172,Inavolisib,INAVOLISIB
NCT03006172,Fulvestrant,FULVESTRANT
NCT03006172,Letrozole,LETROZOLE
NCT03006172,Palbociclib,PALBOCICLIB
NCT03006172,Metformin,METFORMIN
NCT03006172,Trastuzumab,TRASTUZUMAB
NCT06208410,Fulvestrant injection,FULVESTRANT
NCT06208410,Dalpiciclib Isetionate Tablets,DALPICICLIB
NCT06208410,Toripalimab Injection,TORIPALIMAB
NCT06208410,Paclitaxel for Injection (Albumin Bound),PACLITAXEL
NCT06208410,Pyrotinib Maleate Tablets,PYROTINIB
NCT06208410,Capecitabine Tablets,CAPECITABINE
NCT05950464,BET Bromodomain Inhibitor ZEN-3694,BET BROMODOMAIN INHIBITOR ZEN-3694
NCT05950464,Tuvusertib,TUVUSERTIB
NCT04317105,Copanlisib Hydrochloride,COPANLISIB HYDROCHLORIDE
NCT04317105,Ipilimumab,IPILIMUMAB
NCT04317105,Nivolumab,NIVOLUMAB
NCT06463028,Sapanisertib,SAPANISERTIB
NCT06463028,Serabelisib,SERABELISIB
NCT06463028,Paclitaxel,PACLITAXEL
NCT06308822,Erdafitinib,ERDAFITINIB
NCT06931340,Apalutamide,APALUTAMIDE
NCT04439188,PI3K-beta Inhibitor GSK2636771,GSK-2636771
NCT05498896,Atezolizumab,ATEZOLIZUMAB
NCT05498896,Ipatasertib,IPATASERTIB
NCT05498896,Paclitaxel,PACLITAXEL
NCT05498896,Doxorubicin,DOXORUBICIN HYDROCHLORIDE
NCT05498896,Cyclophosphamide,CYCLOPHOSPHAMIDE
NCT05563558,Pembrolizumab,PEMBROLIZUMAB
NCT05563558,Carboplatin,CARBOPLATIN
NCT05563558,Cabazitaxel,CABAZITAXEL
NCT05172245,Cisplatin,CISPLATIN
NCT05172245,Ipatasertib,IPATASERTIB
NCT06360588,Copanlisib,COPANLISIB
NCT04576104,Extended Release Metformin Hydrochloride,METFORMIN
NCT04576104,Megestrol Acetate,MEGESTROL ACETATE
NCT05057013,HMBD-001 and enzalutamide,ENZALUTAMIDE
NCT06400238,Copanlisib,COPANLISIB
NCT05348577,capivasertib,CAPIVASERTIB
NCT04042831,Olaparib,OLAPARIB
NCT03080116,Degarelix,DEGARELIX
NCT04439149,PI3K-beta Inhibitor GSK2636771,GSK-2636771
NCT01141309,sorafenib with everolimus,SORAFENIB
NCT01141309,sorafenib with everolimus,EVEROLIMUS
NCT03131908,GSK2636771,GSK-2636771
NCT03131908,Pembrolizumab,PEMBROLIZUMAB
NCT04643379,Olaparib,OLAPARIB
NCT04643379,Pembrolizumab,PEMBROLIZUMAB
NCT04643379,Carboplatin,CARBOPLATIN
NCT05538897,Ipatasertib,IPATASERTIB
NCT05538897,Megestrol Acetate,MEGESTROL ACETATE
NCT06972602,Topotecan,TOPOTECAN HYDROCHLORIDE
NCT05593497,Capivasertib,CAPIVASERTIB
NCT05593497,abiraterone acetate,ABIRATERONE ACETATE
NCT03673787,ipatasertib,IPATASERTIB
NCT03673787,Atezolizumab,ATEZOLIZUMAB
NCT06029998,Bortezomib,BORTEZOMIB
NCT02015117,Trametinib,TRAMETINIB
NCT04090736,Pevonedistat,PEVONEDISTAT
NCT04090736,Azacitidine,AZACITIDINE
NCT07304011,Azacitidine,AZACITIDINE
NCT07304011,Olutasidenib,OLUTASIDENIB
NCT05401097,Azacitidine,AZACITIDINE
NCT05401097,Enasidenib,ENASIDENIB
NCT05401097,Ivosidenib,IVOSIDENIB
NCT05401097,Venetoclax,VENETOCLAX
NCT03953898,Olaparib,OLAPARIB
NCT07032727,Olutasidenib,OLUTASIDENIB
NCT07032727,Cladribine (CLAD),CLADRIBINE
NCT07032727,Venetoclax,VENETOCLAX
NCT07032727,Gilteritinib,GILTERITINIB
NCT07032727,Ruxolitinib,RUXOLITINIB
NCT07032727,Cytarabine,CYTARABINE
NCT05052957,O6-benzylguanine,O6-BENZYLGUANINE
NCT05052957,temozolomide,TEMOZOLOMIDE
NCT05052957,carmustine,CARMUSTINE
NCT04250051,Cytarabine,CYTARABINE
NCT04250051,Fludarabine,FLUDARABINE
NCT04250051,Ivosidenib,IVOSIDENIB
NCT04458272,DS-1001b,DS-1001B
NCT07486713,Olutasidenib,OLUTASIDENIB
NCT03718767,Nivolumab,NIVOLUMAB
NCT04493164,Ivosidenib,IVOSIDENIB
NCT04493164,Liposome-encapsulated Daunorubicin-Cytarabine,DAUNORUBICIN HYDROCHLORIDE
NCT04493164,Liposome-encapsulated Daunorubicin-Cytarabine,CYTARABINE HYDROCHLORIDE
NCT07130695,Olutasidenib Investigational Agent Administration,OLUTASIDENIB
NCT03030066,DS-1001b,DS-1001B
NCT04603001,LY3410738,LY3410738
NCT04603001,Venetoclax,VENETOCLAX
NCT04603001,Azacitidine,AZACITIDINE
NCT05564390,Azacitidine,AZACITIDINE
NCT05564390,Busulfan,BUSULFAN
NCT05564390,Cytarabine,CYTARABINE
NCT05564390,Daunorubicin Hydrochloride,DAUNORUBICIN HYDROCHLORIDE
NCT05564390,Decitabine and Cedazuridine,DECITABINE AND CEDAZURIDINE
NCT05564390,Emavusertib,EMAVUSERTIB
NCT05564390,Enasidenib,ENASIDENIB
NCT05564390,Epoetin Alfa,EPOETIN ALFA
NCT05564390,Fludarabine,FLUDARABINE
NCT05564390,Gemtuzumab Ozogamicin,GEMTUZUMAB OZOGAMICIN
NCT05564390,Gilteritinib,GILTERITINIB
NCT05564390,Liposome-encapsulated Daunorubicin-Cytarabine,CYTARABINE HYDROCHLORIDE
NCT05564390,Melphalan,MELPHALAN
NCT05564390,Olutasidenib,OLUTASIDENIB
NCT05564390,Venetoclax,VENETOCLAX
NCT05756777,Gilteritinib,GILTERITINIB
NCT05756777,Ivosidenib,IVOSIDENIB
NCT05756777,Enasidenib,ENASIDENIB
NCT06478212,Vorasidenib,VORASIDENIB
NCT06478212,Temozolomide (TMZ),TEMOZOLOMIDE
NCT03212274,Olaparib,OLAPARIB
NCT07075016,Venetoclax 400,VENETOCLAX
NCT05588141,Zotiraciclib,ZOTIRACICLIB
NCT02704858,Perillyl alcohol,PERILLYL ALCOHOL
NCT06744556,daunorubicin,DAUNORUBICIN HYDROCHLORIDE
NCT06744556,Venetoclax,VENETOCLAX
NCT06744556,cytarabine,CYTARABINE
NCT06744556,azacitidine,AZACITIDINE
NCT06744556,Idarubicin,IDARUBICIN
NCT06566742,Olutasidenib,OLUTASIDENIB
NCT04521686,LY3410738,LY3410738
NCT04521686,Gemcitabine,GEMCITABINE
NCT04521686,Cisplatin,CISPLATIN
NCT04521686,Durvalumab,DURVALUMAB
NCT03878095,Ceralasertib,CERALASERTIB
NCT03878095,Olaparib,OLAPARIB
NCT06265545,"Ivosidenib,Venetoclax,gilteritinib,Selinexor",IVOSIDENIB
NCT06265545,"Ivosidenib,Venetoclax,gilteritinib,Selinexor",VENETOCLAX
NCT06265545,"Ivosidenib,Venetoclax,gilteritinib,Selinexor",GILTERITINIB
NCT06265545,"Ivosidenib,Venetoclax,gilteritinib,Selinexor",SELINEXOR
NCT02632708,cytarabine,CYTARABINE
NCT02632708,daunorubicin,DAUNORUBICIN HYDROCHLORIDE
NCT02632708,idarubicin,IDARUBICIN
NCT02632708,mitoxantrone,MITOXANTRONE
NCT02632708,etoposide,ETOPOSIDE
NCT04774393,Decitabine and Cedazuridine,DECITABINE AND CEDAZURIDINE
NCT04774393,Enasidenib,ENASIDENIB
NCT04774393,Ivosidenib,IVOSIDENIB
NCT04774393,Venetoclax,VENETOCLAX
NCT06717958,Ivosidenib 250 MG (milligram),IVOSIDENIB
NCT05076513,Niraparib,NIRAPARIB
NCT05609994,PEPIDH1M vaccine + vorasidenib,VACCINE
NCT05609994,PEPIDH1M vaccine + vorasidenib,VORASIDENIB
NCT05406700,Niraparib,NIRAPARIB
NCT05303519,safusidenib,SAFUSIDENIB
NCT06666712,Topotecan,TOPOTECAN HYDROCHLORIDE
NCT07548710,Ivosidenib,IVOSIDENIB
NCT07548710,Gilteritinib,GILTERITINIB
NCT07548710,Azacitidine (AZA),AZACITIDINE
NCT07392242,Ivosidenib,IVOSIDENIB
NCT07392242,Azacitidine,AZACITIDINE
NCT07392242,Venetoclax,VENETOCLAX
NCT07007949,Ivosidenib combined with venetoclax and azacitidine,IVOSIDENIB
NCT07007949,Ivosidenib combined with venetoclax and azacitidine,VENETOCLAX
NCT07007949,Ivosidenib combined with venetoclax and azacitidine,AZACITIDINE
NCT03471260,Azacitidine,AZACITIDINE
NCT03471260,Ivosidenib,IVOSIDENIB
NCT03471260,Venetoclax,VENETOCLAX
NCT06668584,Olutasidenib,OLUTASIDENIB
NCT06780930,Vorasidenib,VORASIDENIB
NCT03173248,Azacitidine,AZACITIDINE
NCT02381886,IDH305,IDH305
NCT07417761,Tuvusertib,TUVUSERTIB
NCT06707493,Ivosidenib,IVOSIDENIB
NCT04195555,Ivosidenib,IVOSIDENIB
NCT07282262,Ivosidenib,IVOSIDENIB
NCT07282262,Lenvatinib,LENVATINIB
NCT07604064,Olutasidenib,OLUTASIDENIB
NCT06161974,Olutasidenib + TMZ,OLUTASIDENIB
NCT04164901,Vorasidenib,VORASIDENIB
NCT03749187,Temozolomide (TMZ),TEMOZOLOMIDE
NCT07006688,Ivosidenib Oral Tablet,IVOSIDENIB
NCT06611839,"Ivosidenib, Venetoclax, Azacitidine",IVOSIDENIB
NCT06611839,"Ivosidenib, Venetoclax, Azacitidine",VENETOCLAX
NCT06611839,"Ivosidenib, Venetoclax, Azacitidine",AZACITIDINE
NCT06543381,Olutasidenib,OLUTASIDENIB
NCT05907057,Ivosidenib 500mg Oral Tablet,IVOSIDENIB
NCT05907057,Azacitidine,AZACITIDINE
NCT05209074,Ivosidenib,IVOSIDENIB
NCT06782542,Olutasidenib,OLUTASIDENIB
NCT06782542,Venetoclax,VENETOCLAX
NCT06782542,Azacitidine,AZACITIDINE
NCT07240662,Vorasidenib,VORASIDENIB
NCT06176989,Enasidenib,ENASIDENIB
NCT07131059,Ivosidenib,IVOSIDENIB
NCT07131059,Gilteritinib,GILTERITINIB
NCT07131059,Venetoclax,VENETOCLAX
NCT07131059,Avapritinib,AVAPRITINIB
NCT07131059,Daunorubicin,DAUNORUBICIN HYDROCHLORIDE
NCT07131059,Cytarabine,CYTARABINE
NCT07131059,Idarubicin,IDARUBICIN
NCT07131059,Azacitidine,AZACITIDINE
NCT03825796,Enasidenib Mesylate,ENASIDENIB MESYLATE
NCT03825796,Liposome-encapsulated Daunorubicin-Cytarabine,DAUNORUBICIN HYDROCHLORIDE
NCT03825796,Liposome-encapsulated Daunorubicin-Cytarabine,CYTARABINE HYDROCHLORIDE
NCT06550713,TQB3455 tablet+Azacitidine for Injection,AZACITIDINE
NCT04203316,Enasidenib,ENASIDENIB
NCT04203316,Enasidenib Mesylate,ENASIDENIB MESYLATE
NCT03383575,Azacitidine,AZACITIDINE
NCT03383575,Enasidenib,ENASIDENIB
NCT06672146,Decitabine and Cedazuridine,DECITABINE AND CEDAZURIDINE
NCT06672146,Enasidenib,ENASIDENIB
NCT06672146,Venetoclax,VENETOCLAX
NCT03683433,Azacitidine,AZACITIDINE
NCT03683433,Enasidenib Mesylate,ENASIDENIB MESYLATE
NCT06756308,Enasidenib,ENASIDENIB
NCT06756308,Rituximab,RITUXIMAB
NCT03728335,Enasidenib Mesylate,ENASIDENIB MESYLATE
NCT05859334,Erdafitinib,ERDAFITINIB
NCT07434843,Pemigatinib,PEMIGATINIB
NCT04963153,Enfortumab Vedotin,ENFORTUMAB VEDOTIN
NCT04963153,Erdafitinib,ERDAFITINIB
NCT06035224,"AK104（anti-PD-1/CTLA-4 bi-specific antibody ，intravenously）,lenvatinib（ targeted VEGFR 1-3、FGFR、PDGFRα， small molecule TKI，orally",LENVATINIB
NCT06653777,Pemigatinib,PEMIGATINIB
NCT04353375,HMPL-453,HMPL-453
NCT03210714,Erdafitinib,ERDAFITINIB
NCT04463771,retifanlimab,RETIFANLIMAB
NCT04463771,epacadostat,EPACADOSTAT
NCT04463771,pemigatinib,PEMIGATINIB
NCT05052801,Bemarituzumab,BEMARITUZUMAB
NCT05948475,Tinengotinib 8 mg,TINENGOTINIB
NCT05651672,Pemigatinib,PEMIGATINIB
NCT06919965,Mitomycin C,MITOMYCIN
NCT06919965,Gemcitabine,GEMCITABINE
NCT05567185,Erdafitinib Intravesical Delivery System,ERDAFITINIB
NCT04659616,Cytarabine,CYTARABINE
NCT04659616,Daunorubicin,DAUNORUBICIN HYDROCHLORIDE
NCT04659616,Pemigatinib,PEMIGATINIB
NCT05656235,Enfortumab vedotin,ENFORTUMAB VEDOTIN
NCT05656235,Pembrolizumab,PEMBROLIZUMAB
NCT03473743,Erdafitinib,ERDAFITINIB
NCT03473743,Cetrelimab,CETRELIMAB
NCT03473743,Cisplatin,CISPLATIN
NCT03473743,Carboplatin,CARBOPLATIN
NCT06511648,Erdafitinib monotherapy,ERDAFITINIB
NCT06511648,Cetrelimab and Erdafitinib combination,CETRELIMAB
NCT06389799,Pemigatinib,PEMIGATINIB
NCT06389799,Retifanlimab,RETIFANLIMAB
NCT06906562,Pemigatinib,PEMIGATINIB
NCT06997029,Palbociclib,PALBOCICLIB
NCT06997029,Fulvestrant,FULVESTRANT
NCT02905318,Palbociclib,PALBOCICLIB
NCT04750928,Abemaciclib,ABEMACICLIB
NCT07238881,Dalpiciclib Isetionate Tablets,DALPICICLIB
NCT07238881,Camrelizumab (anti-PD-1 inhibitor),CAMRELIZUMAB
NCT04315233,Ribociclib,RIBOCICLIB
NCT04315233,Belinostat,BELINOSTAT
NCT07222267,CDK4 Inhibitor,CDK4 INHIBITOR
NCT07222267,Estrogen Receptor Antagonist,ESTROGEN
NCT07222267,Aromatase Inhibitor,AROMATASE INHIBITOR
NCT03959891,Ipatasertib,IPATASERTIB
NCT03959891,Fulvestrant,FULVESTRANT
NCT03959891,Aromatase Inhibitor,AROMATASE INHIBITOR
NCT03959891,Palbociclib,PALBOCICLIB
NCT04438824,Palbociclib,PALBOCICLIB
NCT05578053,Dalpiciclib,DALPICICLIB
NCT04523857,Abemaciclib,ABEMACICLIB
NCT04523857,Hydroxychloroquine,HYDROXYCHLOROQUINE
NCT05694871,Palbociclib,PALBOCICLIB
NCT05694871,Cemiplimab,CEMIPLIMAB
NCT03454035,Ulixertinib,ULIXERTINIB
NCT03454035,Palbociclib,PALBOCICLIB
NCT07226349,Fulvestrant,FULVESTRANT
NCT06955156,Trilaciclib,TRILACICLIB
NCT03837821,Abemaciclib,ABEMACICLIB
NCT06307249,Palbociclib 125mg,PALBOCICLIB
NCT07490236,Trilaciclib group,TRILACICLIB
NCT04486911,"Pyrotinib maleate, SHR6390, letrozole",PYROTINIB
NCT04486911,"Pyrotinib maleate, SHR6390, letrozole",LETROZOLE
NCT06364956,Tislelizumab combined with two predefined dose groups of palbociclib,TISLELIZUMAB
NCT06364956,Tislelizumab combined with two predefined dose groups of palbociclib,PALBOCICLIB
NCT04921904,Abemaciclib,ABEMACICLIB
NCT04921904,Ramucirumab,RAMUCIRUMAB
NCT04393285,Abemaciclib,ABEMACICLIB
NCT04393285,Letrozole,LETROZOLE
NCT02603679,Paclitaxel,PACLITAXEL
NCT02603679,Tamoxifen + Palbociclib,TAMOXIFEN
NCT02603679,Tamoxifen + Palbociclib,PALBOCICLIB
NCT06151262,Trilaciclib+mFOLFIRINOX,TRILACICLIB
NCT04557449,Letrozole,LETROZOLE
NCT04557449,Fulvestrant,FULVESTRANT
NCT04557449,Midazolam,MIDAZOLAM HYDROCHLORIDE
NCT04557449,Enzalutamide,ENZALUTAMIDE
NCT03709680,Palbociclib,PALBOCICLIB
NCT03709680,Temozolomide,TEMOZOLOMIDE
NCT03709680,Irinotecan,IRINOTECAN HYDROCHLORIDE
NCT03709680,Topotecan,TOPOTECAN HYDROCHLORIDE
NCT03709680,Cyclophosphamide,CYCLOPHOSPHAMIDE
NCT05372640,Abemaciclib,ABEMACICLIB
NCT05372640,BET Bromodomain Inhibitor ZEN-3694,BET BROMODOMAIN INHIBITOR ZEN-3694
NCT04841148,Avelumab,AVELUMAB
NCT04841148,Palbociclib,PALBOCICLIB
NCT06569459,Trilaciclib Injection [Cosela],TRILACICLIB
NCT06959979,"CDK4/6 Inhibitor (Palbociclib, Ribociclib, Abemaciclib)",PALBOCICLIB
NCT06959979,"CDK4/6 Inhibitor (Palbociclib, Ribociclib, Abemaciclib)",RIBOCICLIB
NCT06959979,"CDK4/6 Inhibitor (Palbociclib, Ribociclib, Abemaciclib)",ABEMACICLIB
NCT04469764,Abemaciclib,ABEMACICLIB
NCT04469764,Anastrozole,ANASTROZOLE
NCT04469764,Letrozole,LETROZOLE
NCT05940493,Abemaciclib,ABEMACICLIB
NCT06113809,Palbociclib,PALBOCICLIB
NCT06113809,Pembrolizumab,PEMBROLIZUMAB
NCT02592083,Tamoxifen or Aromatase Inhibitor or Aromatase Inhibitor + goserelin,TAMOXIFEN
NCT02592083,Palbociclib,PALBOCICLIB
NCT06654297,Camrelizumab,CAMRELIZUMAB
NCT06654297,Palbociclib(100mg),PALBOCICLIB
NCT06390839,Palbociclib,PALBOCICLIB
NCT06109207,Camrelizumab,CAMRELIZUMAB
NCT06109207,Dalpiciclib 100mg,DALPICICLIB
NCT06413706,Abemaciclib,ABEMACICLIB
NCT06413706,Temozolomide,TEMOZOLOMIDE
NCT06569485,Trilaciclib+R-CHOP,TRILACICLIB
NCT03285412,Ribociclib,RIBOCICLIB
NCT04439201,Palbociclib,PALBOCICLIB
NCT05874401,Trilaciclib,TRILACICLIB
NCT05874401,Topotecan,TOPOTECAN HYDROCHLORIDE
NCT03891784,Abemaciclib,ABEMACICLIB
NCT06810544,abemaciclib,ABEMACICLIB
NCT03675893,Letrozole,LETROZOLE
NCT03675893,Abemaciclib,ABEMACICLIB
NCT03675893,Metformin,METFORMIN
NCT03675893,Zotatifin,ZOTATIFIN
NCT03675893,Gedatolisib,GEDATOLISIB
NCT05617885,Darolutamide,DAROLUTAMIDE
NCT05617885,Abemaciclib,ABEMACICLIB
NCT05617885,GNRH-A Leuprolide Acetate,ACETATE
NCT05617885,Degarelix,DEGARELIX
NCT06478927,Palbociclib capsules,PALBOCICLIB
NCT05413304,pre-operative abemaciclib,ABEMACICLIB
NCT05413304,abemaciclib + temozolomide,TEMOZOLOMIDE
NCT07123090,Sasanlimab,SASANLIMAB
NCT07123090,Palbociclib,PALBOCICLIB
NCT07123090,Axitinib,AXITINIB
NCT03310879,Abemaciclib,ABEMACICLIB
NCT04751929,Abemaciclib,ABEMACICLIB
NCT04751929,Atezolizumab,ATEZOLIZUMAB
NCT06409390,Trastuzumab deruxtecan,TRASTUZUMAB DERUXTECAN
NCT06409390,Sacituzumab govitecan,SACITUZUMAB GOVITECAN
NCT06409390,Fulvestrant,FULVESTRANT
NCT06409390,Ribociclib,RIBOCICLIB
NCT06409390,Abemaciclib,ABEMACICLIB
NCT00544115,busulfan,BUSULFAN
NCT00544115,cyclophosphamide,CYCLOPHOSPHAMIDE
NCT00544115,cyclosporine,CYCLOSPORINE
NCT00544115,etoposide,ETOPOSIDE
NCT00544115,fludarabine phosphate,FLUDARABINE
NCT00544115,melphalan,MELPHALAN
NCT00544115,methotrexate,METHOTREXATE
NCT00544115,mycophenolate mofetil,MYCOPHENOLATE MOFETIL
NCT00544115,sirolimus,SIROLIMUS
NCT07454226,Olverembatinib,OLVEREMBATINIB
NCT07454226,Venetoclax,VENETOCLAX
NCT07454226,Blinatumomab,BLINATUMOMAB
NCT05009992,ONC201,ONC201
NCT05009992,Paxalisib,PAXALISIB
NCT04070443,Ponatinib,PONATINIB
NCT04070443,Imatinib,IMATINIB
NCT03673501,Ripretinib,RIPRETINIB
NCT03673501,Sunitinib,SUNITINIB
NCT01199562,ganciclovir,GANCICLOVIR
NCT01199562,valganciclovir,VALGANCICLOVIR
NCT01199562,foscarnet sodium,FOSCARNET
NCT07559864,Regorafenib + Envafolimab,REGORAFENIB
NCT07559864,Regorafenib + Envafolimab,ENVAFOLIMAB
NCT01787409,Cholecalciferol,CHOLECALCIFEROL
NCT06917911,Cytarabine,CYTARABINE
NCT06917911,Daunorubicin Hydrochloride,DAUNORUBICIN HYDROCHLORIDE
NCT06917911,Gemtuzumab Ozogamicin,GEMTUZUMAB OZOGAMICIN
NCT06917911,Venetoclax,VENETOCLAX
NCT04910685,Elenestinib,ELENESTINIB
NCT05009927,Imatinib tablets,IMATINIB
NCT04824053,Milk from genetically selected homozygous- β-casein-A2 cows fed with forages and a concentrate enriched on linseed and selenized yeast as sources of PUFAs and selenium,SELENIUM
NCT07108348,Adenosine deaminase acting on RNA1,ADENOSINE
NCT03854032,Nivolumab,NIVOLUMAB
NCT05751733,Apatinib Mesylate,APATINIB
NCT05751733,"Sunitinib, Imatinib dosage, Dasatinib, Reveratinib",SUNITINIB
NCT05751733,"Sunitinib, Imatinib dosage, Dasatinib, Reveratinib",IMATINIB
NCT05751733,"Sunitinib, Imatinib dosage, Dasatinib, Reveratinib",DASATINIB
NCT06316960,Avapritinib,AVAPRITINIB
NCT06316960,Azacitidine Injection,AZACITIDINE
NCT06316960,Decitabine Injection,DECITABINE
NCT06316960,Idarubicin Hydrochloride,IDARUBICIN
NCT06316960,Cytarabine,CYTARABINE
NCT05186753,Bezuclastinib Tablets (Formulation A),BEZUCLASTINIB
NCT07028073,Group A (FIT): Avapritinib + IA regimen,AVAPRITINIB
NCT07215949,Zilucoplan®,ZILUCOPLAN
NCT06087263,Regorafenib,REGORAFENIB
NCT00539591,Peginterferon alfa-2b,PEGINTERFERON ALFA-2B
NCT00539591,Temozolomide,TEMOZOLOMIDE
NCT06208748,Bezuclastinib in combination with sunitinib,BEZUCLASTINIB
NCT06208748,Bezuclastinib in combination with sunitinib,SUNITINIB
NCT05969496,Axitinib,AXITINIB
NCT05969496,Pembrolizumab,PEMBROLIZUMAB
NCT03851614,Durvalumab,DURVALUMAB
NCT03851614,Olaparib,OLAPARIB
NCT03851614,Cediranib,CEDIRANIB
NCT05878106,Creatine supplementation,CREATINE
NCT06783790,"Avapritinib, azacitidine, Venetoclax",AVAPRITINIB
NCT06783790,"Avapritinib, azacitidine, Venetoclax",AZACITIDINE
NCT06783790,"Avapritinib, azacitidine, Venetoclax",VENETOCLAX
NCT05916755,Pembrolizumab,PEMBROLIZUMAB
NCT07224048,PYTEST® 14C-Urea Capsule Breath Test (at Home),UREA
NCT05743595,Personalized Neoantigen DNA vaccine,VACCINE
NCT05743595,Retifanlimab,RETIFANLIMAB
NCT06221683,Cytarabine,CYTARABINE
NCT06221683,Etoposide,ETOPOSIDE
NCT06221683,Venetoclax,VENETOCLAX
NCT06221683,Mitoxantrone hydrochloride liposome,MITOXANTRONE
NCT06221683,Idarubicin Hydrochloride,IDARUBICIN
NCT06221683,Sorafenib,SORAFENIB
NCT06221683,Gilteritinib,GILTERITINIB
NCT06221683,Avapritinib,AVAPRITINIB
NCT07171203,Imatinib,IMATINIB
NCT05739942,Temozolomide,TEMOZOLOMIDE
NCT07448272,Tab letrozole 5mg for 10 days,LETROZOLE
NCT06327685,Avapritinib,AVAPRITINIB
NCT06327685,Decitabine,DECITABINE
NCT06141226,TQB2450 +Anlotinib+Docetaxel,ANLOTINIB
NCT05411497,Cyclophosphamide,CYCLOPHOSPHAMIDE
NCT03305341,COVID-19 Therapeutic Biologic Mix - NOVAVAX COVID-19 VACCINE plus BCG Vaccine Mix for percutaneous use,VACCINE
NCT04522544,Tremelimumab,TREMELIMUMAB
NCT04522544,Durvalumab,DURVALUMAB
NCT07086833,Low Cysteine Diet,CYSTEINE
NCT07255638,Avapritinib,AVAPRITINIB
NCT03731260,Avapritinib,AVAPRITINIB
NCT04598009,Binimetinib,BINIMETINIB
NCT04598009,Imatinib,IMATINIB
NCT05734105,Ripretinib,RIPRETINIB
NCT05734105,Sunitinib,SUNITINIB
NCT04931017,Extended Release Metformin Hydrochloride,METFORMIN
NCT04996875,bezuclastinib,BEZUCLASTINIB
NCT05366816,Sunitinib,SUNITINIB
NCT05366816,Regorafenib,REGORAFENIB
NCT03192397,Cyclophosphamide,CYCLOPHOSPHAMIDE
NCT03192397,Fludarabine Phosphate,FLUDARABINE
NCT03192397,Melphalan Hydrochloride,MELPHALAN HYDROCHLORIDE
NCT03192397,Mycophenolate Mofetil,MYCOPHENOLATE MOFETIL
NCT03192397,Sirolimus,SIROLIMUS
NCT02917720,nilotinib,NILOTINIB
NCT06092879,Asciminib,ASCIMINIB
NCT06124157,Blinatumomab,BLINATUMOMAB
NCT06124157,Calaspargase Pegol,CALASPARGASE PEGOL
NCT06124157,Cyclophosphamide,CYCLOPHOSPHAMIDE
NCT06124157,Cytarabine,CYTARABINE
NCT06124157,Dasatinib,DASATINIB
NCT06124157,Daunorubicin,DAUNORUBICIN HYDROCHLORIDE
NCT06124157,Doxorubicin,DOXORUBICIN HYDROCHLORIDE
NCT06124157,Imatinib,IMATINIB
NCT06124157,Mercaptopurine,MERCAPTOPURINE
NCT06124157,Methotrexate,METHOTREXATE
NCT06124157,Pegaspargase,PEGASPARGASE
NCT06124157,Prednisolone,PREDNISOLONE
NCT06124157,Prednisone,PREDNISONE
NCT06124157,Thioguanine,THIOGUANINE
NCT06124157,Vincristine,VINCRISTINE
NCT06051409,Olverembatinib,OLVEREMBATINIB
NCT00792948,Cyclophosphamide,CYCLOPHOSPHAMIDE
NCT00792948,Cytarabine,CYTARABINE
NCT00792948,Dasatinib,DASATINIB
NCT00792948,Dexamethasone,DEXAMETHASONE
NCT00792948,Doxorubicin Hydrochloride,DOXORUBICIN HYDROCHLORIDE
NCT00792948,Etoposide,ETOPOSIDE
NCT00792948,Leucovorin Calcium,LEUCOVORIN CALCIUM
NCT00792948,Methotrexate,METHOTREXATE
NCT00792948,Methylprednisolone,METHYLPREDNISOLONE
NCT00792948,Prednisone,PREDNISONE
NCT00792948,Sirolimus,SIROLIMUS
NCT00792948,Vincristine Sulfate,VINCRISTINE SULFATE
NCT03862157,Azacitidine,AZACITIDINE
NCT03862157,Pevonedistat,PEVONEDISTAT
NCT03862157,Venetoclax,VENETOCLAX
NCT06013423,Cyclophosphamide,CYCLOPHOSPHAMIDE
NCT06013423,Cyclosporine,CYCLOSPORINE
NCT06013423,Fludarabine Phosphate,FLUDARABINE
NCT06013423,Mycophenolate Mofetil,MYCOPHENOLATE MOFETIL
NCT06013423,Thiotepa,THIOTEPA
NCT03117751,Prednisone,PREDNISONE
NCT03117751,Vincristine,VINCRISTINE
NCT03117751,Daunorubicin,DAUNORUBICIN HYDROCHLORIDE
NCT03117751,Pegaspargase,PEGASPARGASE
NCT03117751,Cyclophosphamide,CYCLOPHOSPHAMIDE
NCT03117751,Cytarabine,CYTARABINE
NCT03117751,Mercaptopurine,MERCAPTOPURINE
NCT03117751,Dasatinib,DASATINIB
NCT03117751,Methotrexate,METHOTREXATE
NCT03117751,Blinatumomab,BLINATUMOMAB
NCT03117751,Ruxolitinib,RUXOLITINIB
NCT03117751,Bortezomib,BORTEZOMIB
NCT03117751,Dexamethasone,DEXAMETHASONE
NCT03117751,Doxorubicin,DOXORUBICIN HYDROCHLORIDE
NCT03117751,Etoposide,ETOPOSIDE
NCT03117751,Clofarabine,CLOFARABINE
NCT03117751,Vorinostat,VORINOSTAT
NCT03117751,Idarubicin,IDARUBICIN
NCT03117751,Nelarabine,NELARABINE
NCT03117751,Thioguanine,THIOGUANINE
NCT03117751,Asparaginase Erwinia chrysanthemi (recombinant)-rywn,ASPARAGINASE
NCT03117751,Calaspargase Pegol,CALASPARGASE PEGOL
NCT05602194,Calaspargase Pegol,CALASPARGASE PEGOL
NCT05602194,Levocarnitine,LEVOCARNITINE
NCT05602194,Pegaspargase,PEGASPARGASE
NCT03399773,Cyclophosphamide,CYCLOPHOSPHAMIDE
NCT03399773,Fludarabine,FLUDARABINE
NCT03399773,Thiotepa,THIOTEPA
NCT03263572,Blinatumomab,BLINATUMOMAB
NCT03263572,Cytarabine,CYTARABINE
NCT03263572,Methotrexate,METHOTREXATE
NCT03263572,Ponatinib,PONATINIB
NCT04475731,Ponatinib,PONATINIB
NCT07224100,Cyclophosphamide,CYCLOPHOSPHAMIDE
NCT07224100,Doxorubicin,DOXORUBICIN HYDROCHLORIDE
NCT07224100,Etoposide,ETOPOSIDE
NCT07224100,Ponatinib,PONATINIB
NCT07224100,Prednisone,PREDNISONE
NCT07224100,Rituximab,RITUXIMAB
NCT07224100,Vincristine,VINCRISTINE
NCT06684964,asciminib,ASCIMINIB
NCT02143414,Blinatumomab,BLINATUMOMAB
NCT02143414,Dasatinib,DASATINIB
NCT02143414,Mercaptopurine,MERCAPTOPURINE
NCT02143414,Methotrexate,METHOTREXATE
NCT02143414,Methotrexate Sodium,METHOTREXATE SODIUM
NCT02143414,Prednisone,PREDNISONE
NCT02143414,Vincristine,VINCRISTINE
NCT02143414,Vincristine Sulfate,VINCRISTINE SULFATE
NCT05007873,Dasatinib,DASATINIB
NCT05007873,Decitabine and Cedazuridine,DECITABINE AND CEDAZURIDINE
NCT05143840,Single Agent Asciminib,ASCIMINIB HYDROCHLORIDE
NCT04060277,Letermovir,LETERMOVIR
NCT04060277,Multi-peptide CMV-Modified Vaccinia Ankara Vaccine,VACCINE
NCT05940961,Inotuzumab Ozogamicin,INOTUZUMAB OZOGAMICIN
NCT02115295,Cladribine,CLADRIBINE
NCT02115295,Cytarabine,CYTARABINE
NCT02115295,Gilteritinib,GILTERITINIB
NCT02115295,Idarubicin,IDARUBICIN
NCT02115295,Midostaurin,MIDOSTAURIN
NCT02115295,Venetoclax,VENETOCLAX
NCT04925479,Asciminib Pediatric formulation group,ASCIMINIB HYDROCHLORIDE
NCT03622788,Anti-Thymocyte Globulin,ANTI-THYMOCYTE GLOBULIN
NCT03622788,Cyclophosphamide,CYCLOPHOSPHAMIDE
NCT03622788,Fludarabine,FLUDARABINE
NCT03630991,Edetate Calcium Disodium,EDETATE CALCIUM DISODIUM
NCT03630991,Multivitamin,MULTIVITAMIN
NCT03630991,Succimer,SUCCIMER
NCT06860269,Randomization + Blinatumomab + chemotherapy,BLINATUMOMAB
NCT06860269,Randomization + Isatuximab + Standard frontline T-ALL chemotherapy backbone,ISATUXIMAB
NCT06860269,Randomization + Blinatumomab + Ponatinib + chemotherapy,PONATINIB
NCT07166419,Cyclophosphamide,CYCLOPHOSPHAMIDE
NCT07166419,Fludarabine,FLUDARABINE
NCT07074496,Fludarabine,FLUDARABINE
NCT07074496,Cyclophosphamide,CYCLOPHOSPHAMIDE
NCT07074496,Olverembatinib,OLVEREMBATINIB
NCT07022743,Imatinib,IMATINIB
NCT07022743,Artesunate,ARTESUNATE
NCT02689440,Dasatinib,DASATINIB
NCT02689440,Venetoclax,VENETOCLAX
NCT01746836,Ponatinib Hydrochloride,PONATINIB
NCT02003222,Blinatumomab,BLINATUMOMAB
NCT02003222,Cyclophosphamide,CYCLOPHOSPHAMIDE
NCT02003222,Cytarabine,CYTARABINE
NCT02003222,Daunorubicin,DAUNORUBICIN HYDROCHLORIDE
NCT02003222,Dexamethasone,DEXAMETHASONE
NCT02003222,Etoposide,ETOPOSIDE
NCT02003222,Leucovorin Calcium,LEUCOVORIN CALCIUM
NCT02003222,Mercaptopurine,MERCAPTOPURINE
NCT02003222,Methotrexate,METHOTREXATE
NCT02003222,Pegaspargase,PEGASPARGASE
NCT02003222,Prednisone,PREDNISONE
NCT02003222,Rituximab,RITUXIMAB
NCT02003222,Vincristine,VINCRISTINE
NCT02003222,Vincristine Sulfate,VINCRISTINE SULFATE
NCT03906292,Imatinib,IMATINIB
NCT03906292,Nilotinib 300 mg,NILOTINIB
NCT03906292,Dasatinib,DASATINIB
NCT03906292,Asciminib,ASCIMINIB
NCT05031897,Fludarabine,FLUDARABINE
NCT05031897,Cyclophosphamide,CYCLOPHOSPHAMIDE
NCT05031897,Mycophenolate Mofetil,MYCOPHENOLATE MOFETIL
NCT05031897,Melphalan,MELPHALAN
NCT03739814,Blinatumomab,BLINATUMOMAB
NCT03739814,Inotuzumab Ozogamicin,INOTUZUMAB OZOGAMICIN
NCT03739814,Ponatinib,PONATINIB
NCT03007147,Calaspargase Pegol,CALASPARGASE PEGOL
NCT03007147,Cyclophosphamide,CYCLOPHOSPHAMIDE
NCT03007147,Cytarabine,CYTARABINE
NCT03007147,Daunorubicin Hydrochloride,DAUNORUBICIN HYDROCHLORIDE
NCT03007147,Dexamethasone,DEXAMETHASONE
NCT03007147,Dexrazoxane Hydrochloride,DEXRAZOXANE
NCT03007147,Doxorubicin,DOXORUBICIN HYDROCHLORIDE
NCT03007147,Etoposide,ETOPOSIDE
NCT03007147,Ifosfamide,IFOSFAMIDE
NCT03007147,Imatinib Mesylate,IMATINIB
NCT03007147,Leucovorin Calcium,LEUCOVORIN CALCIUM
NCT03007147,Levoleucovorin,LEVOLEUCOVORIN
NCT03007147,Mercaptopurine,MERCAPTOPURINE
NCT03007147,Methotrexate,METHOTREXATE
NCT03007147,Methylprednisolone,METHYLPREDNISOLONE
NCT03007147,Pegaspargase,PEGASPARGASE
NCT03007147,Prednisolone,PREDNISOLONE
NCT03007147,Therapeutic Hydrocortisone,HYDROCORTISONE PHOSPHATE
NCT03007147,Thioguanine,THIOGUANINE
NCT03007147,Vincristine Sulfate,VINCRISTINE SULFATE
NCT03147612,Blinatumomab,BLINATUMOMAB
NCT03147612,Cyclophosphamide,CYCLOPHOSPHAMIDE
NCT03147612,Cytarabine,CYTARABINE
NCT03147612,Methotrexate,METHOTREXATE
NCT03147612,Ponatinib,PONATINIB
NCT03147612,Rituximab,RITUXIMAB
NCT03147612,Vincristine,VINCRISTINE
NCT03020030,Pegaspargase,PEGASPARGASE
NCT03020030,Erwinia asparaginase,ASPARAGINASE
NCT03020030,Cyclophosphamide,CYCLOPHOSPHAMIDE
NCT03020030,CYTARABINE,CYTARABINE
NCT03020030,DASATINIB,DASATINIB
NCT03020030,DEXAMETHASONE,DEXAMETHASONE
NCT03020030,Dexrazoxane,DEXRAZOXANE
NCT03020030,Doxorubicin,DOXORUBICIN HYDROCHLORIDE
NCT03020030,ETOPOSIDE,ETOPOSIDE
NCT03020030,HYDROCORTISONE,HYDROCORTISONE PHOSPHATE
NCT03020030,LEUCOVORIN CALCIUM,LEUCOVORIN CALCIUM
NCT03020030,MERCAPTOPURINE,MERCAPTOPURINE
NCT03020030,METHOTREXATE,METHOTREXATE
NCT03020030,NELARABINE,NELARABINE
NCT03020030,Vincristine,VINCRISTINE
NCT04971226,Imatinib,IMATINIB
NCT04971226,Nilotinib,NILOTINIB
NCT04971226,Bosutinib,BOSUTINIB
NCT04971226,Dasatinib,DASATINIB
NCT04971226,Asciminib,ASCIMINIB
NCT04722848,Ponatinib + Blinatumomab,PONATINIB
NCT04722848,Ponatinib + Blinatumomab,BLINATUMOMAB
NCT04722848,Chemotherapy + Imatinib,IMATINIB
NCT07020533,Letermovir,LETERMOVIR
NCT07020533,Multi-peptide CMV-Modified Vaccinia Ankara Vaccine,VACCINE
NCT02861417,Busulfan,BUSULFAN
NCT02861417,Cyclophosphamide,CYCLOPHOSPHAMIDE
NCT02861417,Fludarabine,FLUDARABINE
NCT02861417,Mycophenolate Mofetil,MYCOPHENOLATE MOFETIL
NCT02861417,Thiotepa,THIOTEPA
NCT06059391,Multi-peptide CMV-Modified Vaccinia Ankara Vaccine,VACCINE
NCT02727803,Anti-Thymocyte Globulin,ANTI-THYMOCYTE GLOBULIN
NCT02727803,Busulfan,BUSULFAN
NCT02727803,Clofarabine,CLOFARABINE
NCT02727803,Cyclophosphamide,CYCLOPHOSPHAMIDE
NCT02727803,Fludarabine Phosphate,FLUDARABINE
NCT02727803,Melphalan,MELPHALAN
NCT02727803,Rituximab,RITUXIMAB
NCT02494882,Ruxolitinib,RUXOLITINIB
NCT02494882,Dasatinib,DASATINIB
NCT02494882,Dexamethasone,DEXAMETHASONE
NCT05384587,asciminib,ASCIMINIB
NCT04195633,Cyclophosphamide,CYCLOPHOSPHAMIDE
NCT04195633,Cyclosporine,CYCLOSPORINE
NCT04195633,Fludarabine,FLUDARABINE
NCT04195633,Mycophenolate Mofetil,MYCOPHENOLATE MOFETIL
NCT04195633,Mycophenolate Sodium,MYCOPHENOLATE SODIUM
NCT07152041,olverembatinib,OLVEREMBATINIB
NCT01424982,Cyclophosphamide,CYCLOPHOSPHAMIDE
NCT01424982,Cytarabine,CYTARABINE
NCT01424982,Dexamethasone,DEXAMETHASONE
NCT01424982,Doxorubicin,DOXORUBICIN HYDROCHLORIDE
NCT01424982,Methotrexate,METHOTREXATE
NCT01424982,Ponatinib,PONATINIB
NCT01424982,Prednisone,PREDNISONE
NCT01424982,Rituximab,RITUXIMAB
NCT01424982,Vincristine,VINCRISTINE
NCT01424982,Vincristine Sulfate,VINCRISTINE SULFATE
NCT04188405,Decitabine,DECITABINE
NCT04188405,Ponatinib,PONATINIB
NCT04188405,Venetoclax,VENETOCLAX
NCT04872790,Dasatinib,DASATINIB
NCT04872790,Methotrexate,METHOTREXATE
NCT04872790,Prednisone,PREDNISONE
NCT04872790,Rituximab,RITUXIMAB
NCT04872790,Venetoclax,VENETOCLAX
NCT04872790,Blinatumomab,BLINATUMOMAB
NCT02506933,Multi-peptide CMV-Modified Vaccinia Ankara Vaccine,VACCINE
NCT05413915,Asciminib,ASCIMINIB
NCT05413915,Imatinib,IMATINIB
NCT05306301,Ponatinib,PONATINIB
NCT02883049,Clofarabine,CLOFARABINE
NCT02883049,Cyclophosphamide,CYCLOPHOSPHAMIDE
NCT02883049,Cytarabine,CYTARABINE
NCT02883049,Dasatinib,DASATINIB
NCT02883049,Daunorubicin Hydrochloride,DAUNORUBICIN HYDROCHLORIDE
NCT02883049,Dexamethasone,DEXAMETHASONE
NCT02883049,Doxorubicin Hydrochloride,DOXORUBICIN HYDROCHLORIDE
NCT02883049,Etoposide,ETOPOSIDE
NCT02883049,Hydrocortisone Sodium Succinate,HYDROCORTISONE SODIUM SUCCINATE
NCT02883049,Leucovorin Calcium,LEUCOVORIN CALCIUM
NCT02883049,Mercaptopurine,MERCAPTOPURINE
NCT02883049,Methotrexate,METHOTREXATE
NCT02883049,Pegaspargase,PEGASPARGASE
NCT02883049,Prednisone,PREDNISONE
NCT02883049,Thioguanine,THIOGUANINE
NCT02883049,Vincristine Sulfate,VINCRISTINE SULFATE
NCT03589729,Cladribine,CLADRIBINE
NCT03589729,Cytarabine,CYTARABINE
NCT03589729,Dexrazoxane Hydrochloride,DEXRAZOXANE
NCT03589729,Gemtuzumab Ozogamicin,GEMTUZUMAB OZOGAMICIN
NCT03589729,Idarubicin,IDARUBICIN
NCT05701215,Venetoclax,VENETOCLAX
NCT04626024,"Imatinib Mesylate, Dasatinib, Nilotinib or Bosutinib Withdrawal",IMATINIB
NCT04626024,"Imatinib Mesylate, Dasatinib, Nilotinib or Bosutinib Withdrawal",DASATINIB
NCT04626024,"Imatinib Mesylate, Dasatinib, Nilotinib or Bosutinib Withdrawal",NILOTINIB
NCT04626024,"Imatinib Mesylate, Dasatinib, Nilotinib or Bosutinib Withdrawal",BOSUTINIB
NCT01371630,Blinatumomab,BLINATUMOMAB
NCT01371630,Cyclophosphamide,CYCLOPHOSPHAMIDE
NCT01371630,Cytarabine,CYTARABINE
NCT01371630,Dexamethasone,DEXAMETHASONE
NCT01371630,Inotuzumab Ozogamicin,INOTUZUMAB OZOGAMICIN
NCT01371630,Mercaptopurine,MERCAPTOPURINE
NCT01371630,Methotrexate,METHOTREXATE
NCT01371630,Prednisone,PREDNISONE
NCT01371630,Rituximab,RITUXIMAB
NCT01371630,Vincristine,VINCRISTINE
NCT06409936,Asciminib,ASCIMINIB
NCT06409936,Nilotinib,NILOTINIB
NCT06514534,ABL001/Asciminib,ASCIMINIB HYDROCHLORIDE
NCT07003737,Blinatumomab,BLINATUMOMAB
NCT03560752,Multi-peptide CMV-Modified Vaccinia Ankara Vaccine,VACCINE
NCT07354074,Asciminib single agent,ASCIMINIB HYDROCHLORIDE
NCT04530565,Blinatumomab,BLINATUMOMAB
NCT04530565,Cyclophosphamide,CYCLOPHOSPHAMIDE
NCT04530565,Cytarabine,CYTARABINE
NCT04530565,Dasatinib,DASATINIB
NCT04530565,Dexamethasone,DEXAMETHASONE
NCT04530565,Doxorubicin Hydrochloride,DOXORUBICIN HYDROCHLORIDE
NCT04530565,Methotrexate,METHOTREXATE
NCT04530565,Ponatinib Hydrochloride,PONATINIB
NCT04530565,Prednisone,PREDNISONE
NCT04530565,Vincristine Sulfate,VINCRISTINE SULFATE
NCT07493161,Olverembatinib,OLVEREMBATINIB
NCT07493161,Venetoclax,VENETOCLAX
NCT07493161,Blinatumomab,BLINATUMOMAB
NCT06336395,Prednisolone,PREDNISOLONE
NCT06336395,Dexamethasone,DEXAMETHASONE
NCT06336395,Vincristine,VINCRISTINE
NCT06336395,Methotrexate,METHOTREXATE
NCT06336395,L-Asparaginase,ASPARAGINASE
NCT06336395,Dasatinib,DASATINIB
NCT06336395,Imatinib,IMATINIB
NCT06336395,Cyclophosphamide,CYCLOPHOSPHAMIDE
NCT06336395,Cytarabine,CYTARABINE
NCT06336395,Mercaptopurine,MERCAPTOPURINE
NCT06336395,Thioguanine,THIOGUANINE
NCT06336395,Rituximab,RITUXIMAB
NCT06336395,Doxorubicin,DOXORUBICIN HYDROCHLORIDE
NCT06336395,Fludarabine,FLUDARABINE
NCT03817398,Tyrosine Kinase Inhibitor,TYROSINE KINASE INHIBITOR
NCT06754267,Venetoclax,VENETOCLAX
NCT06754267,Olverembatinib,OLVEREMBATINIB
NCT06220487,"Prednisone, Olverembatinib, Blinatumomab, Chidamide",PREDNISONE
NCT06220487,"Prednisone, Olverembatinib, Blinatumomab, Chidamide",OLVEREMBATINIB
NCT06220487,"Prednisone, Olverembatinib, Blinatumomab, Chidamide",BLINATUMOMAB
NCT06220487,"Prednisone, Olverembatinib, Blinatumomab, Chidamide",CHIDAMIDE
NCT03459534,Radotinib HCl,RADOTINIB
NCT03459534,Radotinib HCl,HCL
NCT05943522,Asciminib,ASCIMINIB
NCT03654768,Bosutinib,BOSUTINIB
NCT03654768,Dasatinib,DASATINIB
NCT03654768,Nilotinib,NILOTINIB
NCT03654768,Ruxolitinib,RUXOLITINIB
NCT03654768,Imatinib,IMATINIB
NCT03674047,ruxolitinib,RUXOLITINIB
NCT06397313,Ruxolitinib,RUXOLITINIB
NCT07356245,Ruxolitinib,RUXOLITINIB
NCT04282187,Decitabine,DECITABINE
NCT04282187,Ruxolitinib,RUXOLITINIB
NCT04282187,Fedratinib,FEDRATINIB
NCT04282187,Pacritinib,PACRITINIB
NCT06218628,Talazoparib,TALAZOPARIB
NCT06218628,pacritinib,PACRITINIB
NCT04562389,Selinexor,SELINEXOR
NCT04562389,Ruxolitinib,RUXOLITINIB
NCT06675123,BTK Inhibitor,BTK INHIBITOR
NCT06675123,Pacritinib,PACRITINIB
NCT03801434,Ruxolitinib,RUXOLITINIB
NCT04285086,Ropeginterferon alfa-2b,ROPEGINTERFERON ALFA-2B
NCT04285086,Anagrelide,ANAGRELIDE HYDROCHLORIDE
NCT07394153,Pacritinib,PACRITINIB
NCT01761968,givinostat,GIVINOSTAT
NCT06052618,Pacritinib,PACRITINIB
NCT04116502,Ruxolitinib,RUXOLITINIB
NCT03645824,Pacritinib,PACRITINIB
NCT05198960,Low-dose aspirin,ASPIRIN
NCT06616155,Enzalutamide,ENZALUTAMIDE
NCT06616155,Ruxolitinib,RUXOLITINIB
NCT04517851,Elotuzumab,ELOTUZUMAB
NCT06303193,pacritinib,PACRITINIB
NCT07148947,Pacritinib,PACRITINIB
NCT07148947,Decitabine,DECITABINE
NCT07148947,Decitabine and Cedazuridine,DECITABINE AND CEDAZURIDINE
NCT07148947,Azacitidine,AZACITIDINE
NCT01371981,Asparaginase,ASPARAGINASE
NCT01371981,Bortezomib,BORTEZOMIB
NCT01371981,Cytarabine,CYTARABINE
NCT01371981,Daunorubicin Hydrochloride,DAUNORUBICIN HYDROCHLORIDE
NCT01371981,Etoposide,ETOPOSIDE
NCT01371981,Mitoxantrone Hydrochloride,MITOXANTRONE HYDROCHLORIDE
NCT01371981,Sorafenib Tosylate,SORAFENIB
NCT07162116,Moxifloxacin (400 mg),MOXIFLOXACIN
NCT07259707,GVA + HDAC Consolidation & Gilteritinib Maintenance,GILTERITINIB
NCT03793478,Quizartinib,QUIZARTINIB
NCT03793478,Fludarabine,FLUDARABINE
NCT03793478,Cytarabine,CYTARABINE
NCT03793478,Etoposide,ETOPOSIDE
NCT05177731,Venetoclax,VENETOCLAX
NCT05177731,Decitabine for Injection,DECITABINE
NCT05177731,Cytarabine,CYTARABINE
NCT05177731,Idarubicin,IDARUBICIN
NCT05177731,Gilteritinib,GILTERITINIB
NCT06222580,Gilteritinib,GILTERITINIB
NCT06222580,Revumenib,REVUMENIB
NCT04097470,Decitabine,DECITABINE
NCT04097470,Midostaurin,MIDOSTAURIN
NCT04385290,MODULE: conventional chemotherapy (Cytarabine+Daunorubicin) in combination with midostaurin+GO,CYTARABINE HYDROCHLORIDE
NCT04385290,MODULE: conventional chemotherapy (Cytarabine+Daunorubicin) in combination with midostaurin+GO,DAUNORUBICIN HYDROCHLORIDE
NCT04385290,MODULE: conventional chemotherapy (Cytarabine+Daunorubicin) in combination with midostaurin+GO,MIDOSTAURIN
NCT06262438,Quizartinib,QUIZARTINIB
NCT06262438,Etoposide,ETOPOSIDE
NCT06262438,Dexrazoxane,DEXRAZOXANE
NCT06262438,Mitoxantrone,MITOXANTRONE
NCT06262438,Cytarabine,CYTARABINE
NCT06262438,Methotrexate,METHOTREXATE
NCT06262438,Daunorubicin,DAUNORUBICIN HYDROCHLORIDE
NCT06262438,Fludarabine,FLUDARABINE
NCT05199051,Gemtuzumab ozogamicine - Cytarabine - Gilteritinib,GEMTUZUMAB
NCT05199051,Gemtuzumab ozogamicine - Cytarabine - Gilteritinib,CYTARABINE HYDROCHLORIDE
NCT05199051,Gemtuzumab ozogamicine - Cytarabine - Gilteritinib,GILTERITINIB
NCT05010122,Decitabine and Cedazuridine,DECITABINE AND CEDAZURIDINE
NCT05010122,Gilteritinib,GILTERITINIB
NCT05010122,Venetoclax,VENETOCLAX
NCT03609060,Dexamethasone,DEXAMETHASONE
NCT06578247,Quizartinib,QUIZARTINIB
NCT04493138,Azacitidine,AZACITIDINE
NCT04493138,Quizartinib,QUIZARTINIB
NCT03164057,Azacitidine,AZACITIDINE
NCT03164057,Decitabine,DECITABINE
NCT03164057,Cytarabine,CYTARABINE
NCT03164057,Daunorubicin,DAUNORUBICIN HYDROCHLORIDE
NCT03164057,Etoposide,ETOPOSIDE
NCT03164057,Idarubicin,IDARUBICIN
NCT03164057,Fludarabine,FLUDARABINE
NCT03164057,Mitoxantrone,MITOXANTRONE
NCT03164057,Erwinia asparaginase,ASPARAGINASE
NCT03164057,Sorafenib,SORAFENIB
NCT03164057,Dexrazoxane,DEXRAZOXANE
NCT02339740,Arsenic Trioxide,ARSENIC TRIOXIDE
NCT02339740,Cytarabine,CYTARABINE
NCT02339740,Dexamethasone,DEXAMETHASONE
NCT02339740,Idarubicin,IDARUBICIN
NCT02339740,Mitoxantrone Hydrochloride,MITOXANTRONE HYDROCHLORIDE
NCT02339740,Tretinoin,TRETINOIN
NCT03591510,Midostaurin,MIDOSTAURIN
NCT03591510,Fludarabine,FLUDARABINE
NCT03591510,Cytarabine,CYTARABINE
NCT03591510,Daunorubicin or idarubicin,DAUNORUBICIN HYDROCHLORIDE
NCT03591510,Daunorubicin or idarubicin,IDARUBICIN
NCT03591510,Mitoxantrone,MITOXANTRONE
NCT03591510,Etoposide,ETOPOSIDE
NCT06696183,Gilteritinib (GILT),GILTERITINIB
NCT06696183,Venetoclax (VEN),VENETOCLAX
NCT06696183,Azacitidine (AZA),AZACITIDINE
NCT05445011,Fludarabine + Cyclophosphamide + TAA05 Cell Injection,FLUDARABINE
NCT05445011,Fludarabine + Cyclophosphamide + TAA05 Cell Injection,CYCLOPHOSPHAMIDE
NCT06317649,Azacitidine,AZACITIDINE
NCT06317649,Gilteritinib,GILTERITINIB
NCT06317649,Venetoclax,VENETOCLAX
NCT04062266,Azacitidine,AZACITIDINE
NCT04062266,Venetoclax,VENETOCLAX
NCT06235801,Gilteritinib,GILTERITINIB
NCT06235801,Momelotinib,MOMELOTINIB
NCT05024552,Gilteritinib,GILTERITINIB
NCT06824168,Quizartinib High Dose,QUIZARTINIB
NCT04817241,Cytarabine,CYTARABINE
NCT04817241,Daunorubicin,DAUNORUBICIN HYDROCHLORIDE
NCT04817241,Decitabine and Cedazuridine,DECITABINE AND CEDAZURIDINE
NCT04817241,Venetoclax,VENETOCLAX
NCT04581512,Venetoclax,VENETOCLAX
NCT04581512,Azacitidine (AZA),AZACITIDINE
NCT02756962,Cytarabine,CYTARABINE
NCT06534437,Glofitamab,GLOFITAMAB
NCT06313437,Revumenib,REVUMENIB
NCT06313437,Midostaurin,MIDOSTAURIN
NCT06313437,Cytarabine,CYTARABINE
NCT06313437,Daunorubicin,DAUNORUBICIN HYDROCHLORIDE
NCT07463651,Gilteritinib,GILTERITINIB
NCT07463651,Sorafenib,SORAFENIB
NCT04140487,Azacitidine,AZACITIDINE
NCT04140487,Gilteritinib,GILTERITINIB
NCT04140487,Venetoclax,VENETOCLAX
NCT03513484,Azacitidine,AZACITIDINE
NCT05735184,Ziftomenib,ZIFTOMENIB
NCT05735184,Venetoclax,VENETOCLAX
NCT05735184,Azacitidine,AZACITIDINE
NCT05735184,Daunorubicin,DAUNORUBICIN HYDROCHLORIDE
NCT05735184,Cytarabine,CYTARABINE
NCT05735184,Quizartinib,QUIZARTINIB
NCT04047641,Cladribine,CLADRIBINE
NCT04047641,Cytarabine,CYTARABINE
NCT04047641,Idarubicin,IDARUBICIN
NCT04047641,Quizartinib,QUIZARTINIB
NCT05546580,Gilteritinib Oral Tablet,GILTERITINIB
NCT04293562,Asparaginase Erwinia chrysanthemi,ASPARAGINASE ERWINIA CHRYSANTHEMI
NCT04293562,Cytarabine,CYTARABINE
NCT04293562,Daunorubicin Hydrochloride,DAUNORUBICIN HYDROCHLORIDE
NCT04293562,Dexrazoxane Hydrochloride,DEXRAZOXANE
NCT04293562,Etoposide,ETOPOSIDE
NCT04293562,Fludeoxyglucose F-18,FLUDEOXYGLUCOSE F 18
NCT04293562,Gemtuzumab Ozogamicin,GEMTUZUMAB OZOGAMICIN
NCT04293562,Gilteritinib Fumarate,GILTERITINIB FUMARATE
NCT04293562,Liposome-encapsulated Daunorubicin-Cytarabine,CYTARABINE HYDROCHLORIDE
NCT04293562,Methotrexate,METHOTREXATE
NCT04293562,Mitoxantrone Hydrochloride,MITOXANTRONE HYDROCHLORIDE
NCT04293562,Therapeutic Hydrocortisone,HYDROCORTISONE PHOSPHATE
NCT06022003,AzaCITIDine Oral Tablet,AZACITIDINE
NCT03836209,Gilteritinib,GILTERITINIB
NCT03836209,Midostaurin,MIDOSTAURIN
NCT03836209,Daunorubicin,DAUNORUBICIN HYDROCHLORIDE
NCT03836209,Cytarabine,CYTARABINE
NCT05886049,Cytarabine,CYTARABINE
NCT05886049,Daunorubicin,DAUNORUBICIN HYDROCHLORIDE
NCT05886049,Revumenib,REVUMENIB
NCT04065399,revumenib,REVUMENIB
NCT04065399,cobicistat,COBICISTAT
NCT04988555,Venetoclax,VENETOCLAX
NCT04988555,Gilteritinib,GILTERITINIB
NCT04988555,Azacitidine (AZA),AZACITIDINE
NCT07211958,Revumenib,REVUMENIB
NCT06440135,Ziftomenib,ZIFTOMENIB
NCT06001788,Ziftomenib,ZIFTOMENIB
NCT06001788,Fludarabine,FLUDARABINE
NCT06001788,Idarubicin,IDARUBICIN
NCT06001788,Cytarabine,CYTARABINE
NCT06001788,Gilteritinib,GILTERITINIB
NCT07223814,Cytarabine,CYTARABINE
NCT07223814,Daunorubicin or Idarubicin,DAUNORUBICIN HYDROCHLORIDE
NCT07223814,Daunorubicin or Idarubicin,IDARUBICIN
NCT04067336,Ziftomenib,ZIFTOMENIB
NCT04067336,Midazolam,MIDAZOLAM HYDROCHLORIDE
NCT04067336,Itraconazole,ITRACONAZOLE
NCT06226571,SNDX-5613,SNDX-5613
NCT07356154,Revumenib,REVUMENIB
NCT07356154,Mezigdomide,MEZIGDOMIDE
NCT05453903,Venetoclax (VEN),VENETOCLAX
NCT05453903,Azacitidine (AZA),AZACITIDINE
NCT05453903,Cytarabine,CYTARABINE
NCT05453903,Daunorubicin or Idarubicin,DAUNORUBICIN HYDROCHLORIDE
NCT05453903,Daunorubicin or Idarubicin,IDARUBICIN
NCT06652438,Revumenib,REVUMENIB
NCT05580861,Sulfasalazine,SULFASALAZINE
NCT06852222,Venetoclax (VEN),VENETOCLAX
NCT06852222,Azacitidine (AZA),AZACITIDINE
NCT07007312,Ziftomenib,ZIFTOMENIB
NCT07007312,Venetoclax,VENETOCLAX
NCT07007312,Azacitidine (AZA),AZACITIDINE
NCT07007312,Daunorubicin,DAUNORUBICIN HYDROCHLORIDE
NCT07007312,Cytarabine (Ara-C),CYTARABINE HYDROCHLORIDE
NCT06376162,Ziftomenib,ZIFTOMENIB
NCT06376162,Cytarabine,CYTARABINE
NCT06376162,Fludarabine,FLUDARABINE
NCT05558124,Gemtuzumab Ozogamicin,GEMTUZUMAB OZOGAMICIN
NCT06575296,Revumenib,REVUMENIB
NCT05870475,Ruxolitinib,RUXOLITINIB
NCT04216316,Berzosertib,BERZOSERTIB
NCT04216316,Carboplatin,CARBOPLATIN
NCT04216316,Gemcitabine Hydrochloride,GEMCITABINE
NCT04216316,Pembrolizumab,PEMBROLIZUMAB
NCT04170153,Niraparib,NIRAPARIB
NCT03423628,AZD1390,AZD1390
NCT05882734,Cemiplimab,CEMIPLIMAB
NCT06134375,Tetrathiomolybdate,TETRATHIOMOLYBDATE
NCT06134375,Capecitabine,CAPECITABINE
NCT06134375,Pembrolizumab,PEMBROLIZUMAB
NCT05687110,Novobiocin Sodium,NOVOBIOCIN SODIUM
NCT05071209,Elimusertib,ELIMUSERTIB
NCT03678883,Gemcitabine - 21 day cycle,GEMCITABINE
NCT03678883,Doxorubicin.,DOXORUBICIN HYDROCHLORIDE
NCT03678883,Lomustine,LOMUSTINE
NCT03678883,Carboplatin.,CARBOPLATIN
NCT03678883,Nab paclitaxel.,NAB-PACLITAXEL
NCT03678883,Paclitaxel.,PACLITAXEL
NCT03678883,Irinotecan,IRINOTECAN HYDROCHLORIDE
NCT05687136,Peposertib,PEPOSERTIB
NCT05687136,Tuvusertib,TUVUSERTIB
NCT05011383,High dose testosterone,TESTOSTERONE
NCT04657068,Gemcitabine,GEMCITABINE
NCT04657068,Irinotecan,IRINOTECAN HYDROCHLORIDE
NCT05059522,Avelumab,AVELUMAB
NCT05059522,Talazoparib,TALAZOPARIB
NCT05059522,Axitinib,AXITINIB
NCT05059522,Utomilumab,UTOMILUMAB
NCT04514497,Elimusertib,ELIMUSERTIB
NCT04514497,Irinotecan Hydrochloride,IRINOTECAN HYDROCHLORIDE
NCT04514497,Topotecan Hydrochloride,TOPOTECAN HYDROCHLORIDE
NCT06433219,Tuvusertib (M1774),TUVUSERTIB
NCT06433219,Niraparib,NIRAPARIB
NCT06433219,Lartesertib (M4076),LARTESERTIB
NCT05396833,Tuvusertib,TUVUSERTIB
NCT05396833,Lartesertib,LARTESERTIB
NCT05396833,Avelumab,AVELUMAB
NCT06078787,Olaparib 150 MG,OLAPARIB
NCT01585805,Cisplatin,CISPLATIN
NCT01585805,Gemcitabine,GEMCITABINE
NCT01585805,Veliparib,VELIPARIB
NCT03965689,Carboplatin,CARBOPLATIN
NCT03965689,Paclitaxel,PACLITAXEL
NCT03965689,Pevonedistat,PEVONEDISTAT
NCT06606990,Pidnarulex,PIDNARULEX
NCT03502733,Copanlisib,COPANLISIB
NCT03502733,Ipilimumab,IPILIMUMAB
NCT03502733,Nivolumab,NIVOLUMAB
NCT03968406,Talazoparib,TALAZOPARIB
NCT06074692,Camrelizumab and fluzoparib with concurrent stereotactic body radiotherapy (SBRT),CAMRELIZUMAB
NCT02589522,Berzosertib,BERZOSERTIB
NCT07460180,Olaparib,OLAPARIB
NCT05691517,pH Low Insertion Peptide-exatecan Conjugate CBX-12,EXATECAN
NCT03289910,Carboplatin,CARBOPLATIN
NCT03289910,Topotecan,TOPOTECAN HYDROCHLORIDE
NCT03289910,Veliparib,VELIPARIB
NCT04616534,Elimusertib,ELIMUSERTIB
NCT04616534,Gemcitabine,GEMCITABINE
NCT03556228,VMD-928 Tablet and Pembrolizumab (200 mg),PEMBROLIZUMAB
NCT02637687,"Larotrectinib (Vitrakvi, BAY2757556)",LAROTRECTINIB SULFATE
NCT06528691,Entrectinib,ENTRECTINIB
NCT06528691,Cyclophosphamide,CYCLOPHOSPHAMIDE
NCT06528691,Etoposide,ETOPOSIDE
NCT06528691,Carboplatin,CARBOPLATIN
NCT06140836,Repotrectinib,REPOTRECTINIB
NCT06140836,Crizotinib,CRIZOTINIB
NCT06552234,Repotrectinib,REPOTRECTINIB
NCT07154706,Taletrectinib,TALETRECTINIB
NCT07008287,Taletrectinib,TALETRECTINIB
NCT05770544,Entrectinib,ENTRECTINIB
NCT04603807,Entrectinib,ENTRECTINIB
NCT04603807,Crizotinib,CRIZOTINIB
NCT03375242,crizotinib,CRIZOTINIB
NCT07199959,Entrectinib,ENTRECTINIB
NCT04919811,Taletrectinib,TALETRECTINIB
NCT05118789,Zidesamtinib (NVL-520),ZIDESAMTINIB
NCT05297890,Lorlatinib,LORLATINIB
NCT06436885,Iruplinalkib tablets,IRUPLINALKIB
NCT04481048,N-Acetyl cysteine,CYSTEINE
NCT07539441,Mirdametinib,MIRDAMETINIB
NCT02407405,Selumetinib,SELUMETINIB
NCT05309668,Selumetinib granule formulation,SELUMETINIB SULFATE
NCT06693284,mirdametinib and vorinostat,MIRDAMETINIB
NCT06693284,mirdametinib and vorinostat,VORINOSTAT
NCT03079999,Aspirin,ASPIRIN
NCT04439318,Trametinib Dimethyl Sulfoxide,TRAMETINIB DIMETHYL SULFOXIDE
NCT03190915,Trametinib,TRAMETINIB
NCT06188741,Selumetinib,SELUMETINIB
NCT02834013,Ipilimumab,IPILIMUMAB
NCT02834013,Nivolumab,NIVOLUMAB
NCT03871257,Carboplatin,CARBOPLATIN
NCT03871257,Selumetinib Sulfate,SELUMETINIB SULFATE
NCT03871257,Vincristine Sulfate,VINCRISTINE SULFATE
NCT05849662,Trametinib,TRAMETINIB
NCT05849662,Azacitidine,AZACITIDINE
NCT05849662,Fludarabine,FLUDARABINE
NCT05849662,Cytarabine,CYTARABINE
NCT03975829,dabrafenib,DABRAFENIB
NCT03975829,trametinib,TRAMETINIB
NCT03872427,Telaglenastat Hydrochloride,TELAGLENASTAT
NCT04590235,Selumetinib,SELUMETINIB
NCT02964884,Lovastatin,LOVASTATIN
NCT02728388,aminolevulinic acid,AMINOLEVULINIC ACID
NCT05363267,"curcumin, high phenolic extra virgin olive oil (HP-EVOO)",CURCUMIN
NCT07237100,Mirdametinib,MIRDAMETINIB
NCT05101148,Selumetinib,SELUMETINIB
NCT04924608,Selumetinib,SELUMETINIB
NCT06104488,Avutometinib,AVUTOMETINIB
NCT04374305,Brigatinib,BRIGATINIB
NCT04374305,Neratinib,NERATINIB
NCT04374305,Retifanlimab,RETIFANLIMAB
NCT04185831,Atezolizumab,ATEZOLIZUMAB
NCT04185831,Everolimus,EVEROLIMUS
NCT04185831,Cobimetinib,COBIMETINIB
NCT04185831,Niraparib,NIRAPARIB
NCT03401788,Belzutifan,BELZUTIFAN
NCT05424016,Propranolol,PROPRANOLOL HYDROCHLORIDE
NCT04989959,[18F]PT2385,PT2385
NCT04924075,Belzutifan,BELZUTIFAN
NCT07167329,Belzutifan,BELZUTIFAN
NCT07405164,Belzutifan,BELZUTIFAN
NCT07405164,Palbociclib,PALBOCICLIB
NCT07405164,Nivolumab,NIVOLUMAB
NCT07405164,Lenvatinib,LENVATINIB
NCT07405164,Everolimus,EVEROLIMUS
NCT06234605,Belzutifan,BELZUTIFAN
NCT05630794,Dordaviprone Hydrochloride,DORDAVIPRONE
NCT03811015,Cisplatin,CISPLATIN
NCT03811015,Fludeoxyglucose F-18,FLUDEOXYGLUCOSE F 18
NCT03811015,Nivolumab,NIVOLUMAB
NCT05561387,Bortezomib,BORTEZOMIB
NCT05561387,Dexamethasone,DEXAMETHASONE
NCT05561387,Lenalidomide,LENALIDOMIDE
NCT06545526,celecoxib monotherapy,CELECOXIB
NCT06545526,celecoxib and metformin combination,METFORMIN
NCT04513717,Apalutamide,APALUTAMIDE
NCT04513717,Bicalutamide,BICALUTAMIDE
NCT04513717,Buserelin,BUSERELIN
NCT04513717,Degarelix,DEGARELIX
NCT04513717,Flutamide,FLUTAMIDE
NCT04513717,Relugolix,RELUGOLIX
NCT04513717,Triptorelin,TRIPTORELIN
NCT04559139,Cisplatin,CISPLATIN
NCT04559139,Gemcitabine Hydrochloride,GEMCITABINE
NCT05919264,Nivolumab,NIVOLUMAB
NCT05919264,Trifluridine/tipiracil,TRIFLURIDINE
NCT05919264,Trifluridine/tipiracil,TIPIRACIL HYDROCHLORIDE
NCT06961149,Chromoendoscopy with indigo carmine solution spray,INDIGO
NCT06961149,Chromoendoscopy with indigo carmine solution spray,CARMINE
NCT04137107,Oxaliplatin,OXALIPLATIN
NCT04137107,Duloxetine Hydrochloride,DULOXETINE HYDROCHLORIDE
NCT05050084,Bicalutamide,BICALUTAMIDE
NCT05050084,Buserelin,BUSERELIN
NCT05050084,Darolutamide,DAROLUTAMIDE
NCT05050084,Degarelix,DEGARELIX
NCT05050084,Flutamide,FLUTAMIDE
NCT05050084,Relugolix,RELUGOLIX
NCT05050084,Triptorelin,TRIPTORELIN
NCT06592924,Enzalutamide,ENZALUTAMIDE
NCT06592924,Apalutamide,APALUTAMIDE
NCT06592924,Darolutamide (BAY 1841788),DAROLUTAMIDE
NCT06959563,9vHPV Vaccine plus BCG Vaccine Mix for percutaneous use,VACCINE
NCT05103358,nab-sirolimus,SIROLIMUS
NCT04195399,Nirogacestat,NIROGACESTAT
NCT05292664,Venetoclax,VENETOCLAX
NCT05292664,Azacitidine,AZACITIDINE
NCT05292664,Cytarabine,CYTARABINE
NCT05292664,Methotrexate,METHOTREXATE
NCT05292664,Hydrocortisone,HYDROCORTISONE PHOSPHATE
NCT05292664,Dexamethasone,DEXAMETHASONE
NCT05292664,Vincristine,VINCRISTINE
NCT05292664,Doxorubicin,DOXORUBICIN HYDROCHLORIDE
NCT05292664,Dexrazoxane,DEXRAZOXANE
NCT05292664,Calaspargase Pegol,CALASPARGASE PEGOL
NCT05292664,Erwinia asparaginase,ASPARAGINASE
NCT04334941,Atezolizumab,ATEZOLIZUMAB
NCT04334941,Talazoparib,TALAZOPARIB
NCT05406856,Cisplatin,CISPLATIN
NCT05751941,Enzalutamide,ENZALUTAMIDE
NCT05751941,Apalutamide,APALUTAMIDE
NCT05751941,Sipuleucel-T,SIPULEUCEL-T
NCT03660826,Capivasertib,CAPIVASERTIB
NCT03660826,Cediranib Maleate,CEDIRANIB
NCT03660826,Durvalumab,DURVALUMAB
NCT03660826,Olaparib,OLAPARIB
NCT07219147,Lutetium Lu 177 Vipivotide Tetraxetan,LUTETIUM LU 177 VIPIVOTIDE TETRAXETAN
NCT07219147,Sipuleucel-T,SIPULEUCEL-T
NCT05040360,Capecitabine,CAPECITABINE
NCT05040360,Temozolomide,TEMOZOLOMIDE
NCT05610163,Capecitabine,CAPECITABINE
NCT05610163,5-fluorouracil,FLUOROURACIL
NCT05610163,Leucovorin calcium,LEUCOVORIN CALCIUM
NCT05610163,Irinotecan,IRINOTECAN HYDROCHLORIDE
NCT05610163,Oxaliplatin,OXALIPLATIN
NCT05929768,Carboplatin,CARBOPLATIN
NCT05929768,Cyclophosphamide,CYCLOPHOSPHAMIDE
NCT05929768,Doxorubicin,DOXORUBICIN HYDROCHLORIDE
NCT05929768,Paclitaxel,PACLITAXEL
NCT05929768,Pembrolizumab,PEMBROLIZUMAB
NCT03698019,Pembrolizumab,PEMBROLIZUMAB
NCT04095364,Carboplatin,CARBOPLATIN
NCT04095364,Letrozole,LETROZOLE
NCT04095364,Paclitaxel,PACLITAXEL
NCT07364474,Melphalan through Percutaneous Hepatic Perfusion,MELPHALAN HYDROCHLORIDE
NCT04205968,Fluorouracil,FLUOROURACIL
NCT04205968,Irinotecan,IRINOTECAN HYDROCHLORIDE
NCT04205968,Leucovorin Calcium,LEUCOVORIN CALCIUM
NCT04205968,Paclitaxel,PACLITAXEL
NCT04205968,Ramucirumab,RAMUCIRUMAB
NCT03348631,Tazemetostat,TAZEMETOSTAT
NCT07255664,Pembrolizumab,PEMBROLIZUMAB
NCT05816538,Levobupivacaine 0.5%,LEVOBUPIVACAINE HYDROCHLORIDE
NCT04068103,Capecitabine,CAPECITABINE
NCT04068103,Fluorouracil,FLUOROURACIL
NCT04068103,Leucovorin Calcium,LEUCOVORIN CALCIUM
NCT04068103,Oxaliplatin,OXALIPLATIN
NCT02403505,CEA protein antigen plus BCG Vaccine Mix for percutaneous use,VACCINE
NCT01972919,"Concurrent chemotherapy (Gemcitabine, Capecitabine)",GEMCITABINE
NCT01972919,"Concurrent chemotherapy (Gemcitabine, Capecitabine)",CAPECITABINE
NCT04965493,Pirtobrutinib,PIRTOBRUTINIB
NCT04965493,Venetoclax,VENETOCLAX
NCT04965493,Rituximab,RITUXIMAB
NCT03888105,Odronextamab,ODRONEXTAMAB
NCT02715284,Dostarlimab,DOSTARLIMAB
NCT05255653,Olaparib,OLAPARIB
NCT05255653,Durvalumab,DURVALUMAB
NCT05255653,Medroxyprogesterone Acetate,MEDROXYPROGESTERONE ACETATE
NCT05255653,Megestrol Acetate,MEGESTROL ACETATE
NCT05608044,Balstilimab,BALSTILIMAB
NCT06219317,Cemiplimab,CEMIPLIMAB
NCT05640999,Adjuvant radiotherapy (EBRT +/- brachytherapy),ADJUVANT
NCT04482244,Cannabidiol,CANNABIDIOL
NCT07319429,Medroxyprogesterone Acetate 500 MG,MEDROXYPROGESTERONE
NCT07319429,Medroxyprogesterone Acetate 500 MG,ACETATE
NCT07319429,GnRH agonist and Letrozole,LETROZOLE
NCT04658862,Cetrelimab,CETRELIMAB
NCT04658862,Cisplatin,CISPLATIN
NCT04658862,Gemcitabine,GEMCITABINE
NCT05815927,Pembrolizumab,PEMBROLIZUMAB
NCT07237438,sevoflurane anaesthesia,SEVOFLURANE
NCT05215340,Datopotamab Deruxtecan,DATOPOTAMAB DERUXTECAN
NCT05215340,Pembrolizumab,PEMBROLIZUMAB
NCT03810339,Toripalimab,TORIPALIMAB
NCT02912572,Avelumab,AVELUMAB
NCT02912572,Talazoparib,TALAZOPARIB
NCT02912572,Axitinib,AXITINIB
