nct_id,gene_symbol,source
NCT05176665,ALK,eligibility_criteria
NCT05176665,BRAF,eligibility_criteria
NCT05176665,EGFR,eligibility_criteria
NCT05176665,ERBB2,eligibility_criteria
NCT05176665,KRAS,eligibility_criteria
NCT05176665,NRAS,eligibility_criteria
NCT05176665,RET,eligibility_criteria
NCT05176665,ROS1,eligibility_criteria
NCT07155187,EGFR,eligibility_criteria
NCT07257653,BRAF,eligibility_criteria
NCT07257653,KRAS,eligibility_criteria
NCT07257653,NRAS,eligibility_criteria
NCT06186401,EGFR,eligibility_criteria
NCT03526835,BRAF,eligibility_criteria
NCT03526835,EGFR,eligibility_criteria
NCT03526835,ERBB2,eligibility_criteria
NCT03526835,KRAS,eligibility_criteria
NCT03526835,NRAS,eligibility_criteria
NCT04494425,CDK4,eligibility_criteria
NCT04494425,ERBB2,eligibility_criteria
NCT03330847,ERBB2,eligibility_criteria
NCT04423185,ALK,eligibility_criteria
NCT04423185,BRAF,eligibility_criteria
NCT04423185,BRCA1,eligibility_criteria
NCT04423185,CDKN2A,eligibility_criteria
NCT04423185,EGFR,eligibility_criteria
NCT04423185,KIT,eligibility_criteria
NCT04423185,MET,eligibility_criteria
NCT05020457,ALK,eligibility_criteria
NCT05020457,BRAF,eligibility_criteria
NCT05020457,EGFR,eligibility_criteria
NCT05020457,ERBB2,eligibility_criteria
NCT05020457,KRAS,eligibility_criteria
NCT05020457,MET,eligibility_criteria
NCT05020457,RET,eligibility_criteria
NCT05020457,ROS1,eligibility_criteria
NCT05760612,ERBB2,eligibility_criteria
NCT05503667,EGFR,eligibility_criteria
NCT04743505,EGFR,eligibility_criteria
NCT06788990,EGFR,eligibility_criteria
NCT04868162,EGFR,eligibility_criteria
NCT07183189,EGFR,eligibility_criteria
NCT07303218,ALK,eligibility_criteria
NCT07303218,EGFR,eligibility_criteria
NCT07303218,ROS1,eligibility_criteria
NCT07303218,TP53,eligibility_criteria
NCT03911973,BRCA1,eligibility_criteria
NCT03911973,ERBB2,eligibility_criteria
NCT06590857,ERBB2,eligibility_criteria
NCT04906395,ERBB2,eligibility_criteria
NCT04676477,EGFR,eligibility_criteria
NCT06305754,EGFR,eligibility_criteria
NCT07005102,EGFR,eligibility_criteria
NCT06517953,EGFR,eligibility_criteria
NCT04117945,BRAF,eligibility_criteria
NCT04117945,KRAS,eligibility_criteria
NCT04117945,NRAS,eligibility_criteria
NCT05445791,EGFR,eligibility_criteria
NCT05047250,ALK,eligibility_criteria
NCT05047250,EGFR,eligibility_criteria
NCT03332797,CDK4,eligibility_criteria
NCT03332797,ERBB2,eligibility_criteria
NCT05735496,ERBB2,eligibility_criteria
NCT07117890,EGFR,eligibility_criteria
NCT06097962,ALK,eligibility_criteria
NCT06097962,EGFR,eligibility_criteria
NCT06097962,ROS1,eligibility_criteria
NCT06348134,ERBB2,eligibility_criteria
NCT01957332,ERBB2,eligibility_criteria
NCT07584499,EGFR,eligibility_criteria
NCT05991193,EGFR,eligibility_criteria
NCT07398599,EGFR,eligibility_criteria
NCT04784715,ERBB2,eligibility_criteria
NCT07554521,ERBB2,eligibility_criteria
NCT06827236,ERBB2,eligibility_criteria
NCT04606771,EGFR,eligibility_criteria
NCT04606771,MET,eligibility_criteria
NCT06710132,EGFR,eligibility_criteria
NCT06710132,ERBB2,eligibility_criteria
NCT05994131,ALK,eligibility_criteria
NCT05994131,EGFR,eligibility_criteria
NCT05994131,ERBB2,eligibility_criteria
NCT05994131,MET,eligibility_criteria
NCT05113251,ERBB2,eligibility_criteria
NCT06106802,EGFR,eligibility_criteria
NCT06106802,MET,eligibility_criteria
NCT06682793,EGFR,eligibility_criteria
NCT06431243,ALK,eligibility_criteria
NCT06431243,BRAF,eligibility_criteria
NCT06431243,EGFR,eligibility_criteria
NCT06431243,ERBB2,eligibility_criteria
NCT06431243,FGFR2,eligibility_criteria
NCT06431243,ROS1,eligibility_criteria
NCT06745908,ALK,eligibility_criteria
NCT06745908,BRAF,eligibility_criteria
NCT06745908,EGFR,eligibility_criteria
NCT06745908,ERBB2,eligibility_criteria
NCT06745908,KRAS,eligibility_criteria
NCT06745908,MET,eligibility_criteria
NCT06745908,RET,eligibility_criteria
NCT06745908,ROS1,eligibility_criteria
NCT06080776,EGFR,eligibility_criteria
NCT03908788,BRAF,eligibility_criteria
NCT03908788,EGFR,eligibility_criteria
NCT06702618,CDK4,eligibility_criteria
NCT06702618,ERBB2,eligibility_criteria
NCT07536113,BRAF,eligibility_criteria
NCT07536113,EGFR,eligibility_criteria
NCT04687241,EGFR,eligibility_criteria
NCT05332002,ERBB2,eligibility_criteria
NCT07389265,BRAF,eligibility_criteria
NCT07389265,EGFR,eligibility_criteria
NCT07389265,ERBB2,eligibility_criteria
NCT07389265,KRAS,eligibility_criteria
NCT07389265,NRAS,eligibility_criteria
NCT07389265,PIK3CA,eligibility_criteria
NCT07310420,CDK4,eligibility_criteria
NCT07310420,ERBB2,eligibility_criteria
NCT07310420,PIK3CA,eligibility_criteria
NCT07448480,BRAF,eligibility_criteria
NCT07448480,IDH1,eligibility_criteria
NCT07448480,IDH2,eligibility_criteria
NCT06072586,EGFR,eligibility_criteria
NCT06521554,ERBB2,eligibility_criteria
NCT05161195,ERBB2,eligibility_criteria
NCT07181681,EGFR,eligibility_criteria
NCT07181681,MET,eligibility_criteria
NCT06970639,ALK,eligibility_criteria
NCT06970639,BRAF,eligibility_criteria
NCT06970639,EGFR,eligibility_criteria
NCT06970639,RET,eligibility_criteria
NCT07100106,CDK4,eligibility_criteria
NCT07100106,ERBB2,eligibility_criteria
NCT05195619,ALK,eligibility_criteria
NCT05195619,EGFR,eligibility_criteria
NCT02143466,EGFR,eligibility_criteria
NCT05370469,ALK,eligibility_criteria
NCT05370469,BRAF,eligibility_criteria
NCT05370469,EGFR,eligibility_criteria
NCT05370469,KRAS,eligibility_criteria
NCT05370469,MET,eligibility_criteria
NCT05370469,RET,eligibility_criteria
NCT05370469,ROS1,eligibility_criteria
NCT05308446,BRAF,eligibility_criteria
NCT05308446,EGFR,eligibility_criteria
NCT05308446,MLH1,eligibility_criteria
NCT05308446,MSH2,eligibility_criteria
NCT05308446,MSH6,eligibility_criteria
NCT06958627,ERBB2,eligibility_criteria
NCT05681780,ALK,eligibility_criteria
NCT05681780,EGFR,eligibility_criteria
NCT05681780,ERBB2,eligibility_criteria
NCT05681780,ROS1,eligibility_criteria
NCT07136779,EGFR,eligibility_criteria
NCT05639413,BRAF,eligibility_criteria
NCT06014827,EGFR,eligibility_criteria
NCT06863818,EGFR,eligibility_criteria
NCT02193282,ALK,eligibility_criteria
NCT02193282,EGFR,eligibility_criteria
NCT05735080,CDK4,eligibility_criteria
NCT05735080,ERBB2,eligibility_criteria
NCT05017025,EGFR,eligibility_criteria
NCT07295821,EGFR,eligibility_criteria
NCT07522879,EGFR,eligibility_criteria
NCT06869473,EGFR,eligibility_criteria
NCT05236946,ALK,eligibility_criteria
NCT05236946,EGFR,eligibility_criteria
NCT05522660,BRAF,eligibility_criteria
NCT07563205,EGFR,eligibility_criteria
NCT04185883,KRAS,eligibility_criteria
NCT07071337,ERBB2,eligibility_criteria
NCT06328465,ERBB2,eligibility_criteria
NCT06269133,ALK,eligibility_criteria
NCT06269133,EGFR,eligibility_criteria
NCT06269133,ROS1,eligibility_criteria
NCT04216121,EGFR,eligibility_criteria
NCT03042221,ALK,eligibility_criteria
NCT03042221,BRAF,eligibility_criteria
NCT03042221,EGFR,eligibility_criteria
NCT03042221,ROS1,eligibility_criteria
NCT05029999,ERBB2,eligibility_criteria
NCT05908734,EGFR,eligibility_criteria
NCT05382728,EGFR,eligibility_criteria
NCT03866499,EGFR,eligibility_criteria
NCT02226276,ERBB2,eligibility_criteria
NCT06394661,ERBB2,eligibility_criteria
NCT03775486,ALK,eligibility_criteria
NCT03775486,EGFR,eligibility_criteria
NCT07403136,EGFR,eligibility_criteria
NCT06923527,ERBB2,eligibility_criteria
NCT04591002,EGFR,eligibility_criteria
NCT06833853,ERBB2,eligibility_criteria
NCT02609776,ALK,eligibility_criteria
NCT02609776,EGFR,eligibility_criteria
NCT02609776,MET,eligibility_criteria
NCT05845671,ALK,eligibility_criteria
NCT05845671,EGFR,eligibility_criteria
NCT05845671,MET,eligibility_criteria
NCT05845671,RET,eligibility_criteria
NCT05845671,ROS1,eligibility_criteria
NCT05979818,ALK,eligibility_criteria
NCT05979818,EGFR,eligibility_criteria
NCT05979818,ROS1,eligibility_criteria
NCT07484724,EGFR,eligibility_criteria
NCT06081907,ALK,eligibility_criteria
NCT06081907,BRAF,eligibility_criteria
NCT06081907,EGFR,eligibility_criteria
NCT06081907,ERBB2,eligibility_criteria
NCT06081907,RET,eligibility_criteria
NCT06081907,ROS1,eligibility_criteria
NCT05261399,EGFR,eligibility_criteria
NCT05261399,MET,eligibility_criteria
NCT05187832,ERBB2,eligibility_criteria
NCT06303167,EGFR,eligibility_criteria
NCT07544992,EGFR,eligibility_criteria
NCT06947694,ALK,eligibility_criteria
NCT06947694,BRAF,eligibility_criteria
NCT06947694,EGFR,eligibility_criteria
NCT06947694,MET,eligibility_criteria
NCT06947694,RET,eligibility_criteria
NCT06452277,ERBB2,eligibility_criteria
NCT05910827,ALK,eligibility_criteria
NCT05910827,BRAF,eligibility_criteria
NCT05910827,EGFR,eligibility_criteria
NCT05910827,KRAS,eligibility_criteria
NCT05910827,MET,eligibility_criteria
NCT05910827,RET,eligibility_criteria
NCT05466149,EGFR,eligibility_criteria
NCT06741085,EGFR,eligibility_criteria
NCT06940401,EGFR,eligibility_criteria
NCT07110883,ALK,eligibility_criteria
NCT07110883,BRAF,eligibility_criteria
NCT07110883,CDK4,eligibility_criteria
NCT07110883,EGFR,eligibility_criteria
NCT07110883,ERBB2,eligibility_criteria
NCT07110883,KRAS,eligibility_criteria
NCT07110883,MET,eligibility_criteria
NCT07110883,RET,eligibility_criteria
NCT07110883,ROS1,eligibility_criteria
NCT05526755,EGFR,eligibility_criteria
NCT06414733,EGFR,eligibility_criteria
NCT07014202,ALK,eligibility_criteria
NCT07014202,EGFR,eligibility_criteria
NCT05103605,EGFR,eligibility_criteria
NCT07274761,EGFR,eligibility_criteria
NCT05201352,BRAF,eligibility_criteria
NCT05201352,EGFR,eligibility_criteria
NCT04243616,ERBB2,eligibility_criteria
NCT04983121,ERBB2,eligibility_criteria
NCT01972347,BRAF,eligibility_criteria
NCT04762199,EGFR,eligibility_criteria
NCT04964934,CDK4,eligibility_criteria
NCT04964934,ERBB2,eligibility_criteria
NCT06415487,EGFR,eligibility_criteria
NCT07323056,EGFR,eligibility_criteria
NCT07162675,ERBB2,eligibility_criteria
NCT04576455,ERBB2,eligibility_criteria
NCT06048718,ERBB2,eligibility_criteria
NCT06074588,ALK,eligibility_criteria
NCT06074588,EGFR,eligibility_criteria
NCT06020066,EGFR,eligibility_criteria
NCT02827877,ERBB2,eligibility_criteria
NCT05870319,EGFR,eligibility_criteria
NCT03969823,EGFR,eligibility_criteria
NCT07330596,ALK,eligibility_criteria
NCT07330596,EGFR,eligibility_criteria
NCT05751018,EGFR,eligibility_criteria
NCT05751018,ERBB2,eligibility_criteria
NCT01093612,ERBB2,eligibility_criteria
NCT04172259,ERBB2,eligibility_criteria
NCT04545710,CDK4,eligibility_criteria
NCT04545710,EGFR,eligibility_criteria
NCT06455072,EGFR,eligibility_criteria
NCT04868877,EGFR,eligibility_criteria
NCT04868877,MET,eligibility_criteria
NCT07092202,EGFR,eligibility_criteria
NCT03874026,BRAF,eligibility_criteria
NCT03874026,KRAS,eligibility_criteria
NCT03874026,NRAS,eligibility_criteria
NCT05299125,EGFR,eligibility_criteria
NCT05374603,ALK,eligibility_criteria
NCT05374603,EGFR,eligibility_criteria
NCT05374603,MET,eligibility_criteria
NCT05379803,EGFR,eligibility_criteria
NCT03448042,ERBB2,eligibility_criteria
NCT05548127,CDK4,eligibility_criteria
NCT05548127,ERBB2,eligibility_criteria
NCT04036682,EGFR,eligibility_criteria
NCT03769103,EGFR,eligibility_criteria
NCT05351788,ALK,eligibility_criteria
NCT05351788,EGFR,eligibility_criteria
NCT06035016,ERBB2,eligibility_criteria
NCT00899405,EGFR,eligibility_criteria
NCT05304962,CDK4,eligibility_criteria
NCT05304962,ERBB2,eligibility_criteria
NCT06399926,ALK,eligibility_criteria
NCT06399926,EGFR,eligibility_criteria
NCT06399926,ROS1,eligibility_criteria
NCT04027647,EGFR,eligibility_criteria
NCT05883852,ERBB2,eligibility_criteria
NCT04181060,EGFR,eligibility_criteria
NCT03191149,EGFR,eligibility_criteria
NCT06726148,CDK4,eligibility_criteria
NCT06726148,ERBB2,eligibility_criteria
NCT05948813,EGFR,eligibility_criteria
NCT05256290,EGFR,eligibility_criteria
NCT05256290,MET,eligibility_criteria
NCT03808662,ALK,eligibility_criteria
NCT03808662,EGFR,eligibility_criteria
NCT03808662,ERBB2,eligibility_criteria
NCT03808662,ROS1,eligibility_criteria
NCT06156527,EGFR,eligibility_criteria
NCT07461454,ERBB2,eligibility_criteria
NCT07503756,EGFR,eligibility_criteria
NCT06928818,ERBB2,eligibility_criteria
NCT05033691,EGFR,eligibility_criteria
NCT05011487,EGFR,eligibility_criteria
NCT04946968,EGFR,eligibility_criteria
NCT02496663,EGFR,eligibility_criteria
NCT07493291,CDK4,eligibility_criteria
NCT07493291,ERBB2,eligibility_criteria
NCT05442060,EGFR,eligibility_criteria
NCT07326566,EGFR,eligibility_criteria
NCT00902044,ERBB2,eligibility_criteria
NCT06343064,ALK,eligibility_criteria
NCT06343064,EGFR,eligibility_criteria
NCT06343064,MET,eligibility_criteria
NCT06343064,ROS1,eligibility_criteria
NCT07476287,EGFR,eligibility_criteria
NCT03391843,EGFR,eligibility_criteria
NCT07087223,ALK,eligibility_criteria
NCT07087223,EGFR,eligibility_criteria
NCT07087223,MET,eligibility_criteria
NCT07087223,ROS1,eligibility_criteria
NCT04765059,EGFR,eligibility_criteria
NCT07143045,EGFR,eligibility_criteria
NCT07143045,KRAS,eligibility_criteria
NCT06369831,ERBB2,eligibility_criteria
NCT04573231,ERBB2,eligibility_criteria
NCT04930432,EGFR,eligibility_criteria
NCT04930432,MET,eligibility_criteria
NCT04412616,EGFR,eligibility_criteria
NCT05704985,EGFR,eligibility_criteria
NCT04603287,EGFR,eligibility_criteria
NCT03782207,ALK,eligibility_criteria
NCT03782207,EGFR,eligibility_criteria
NCT06462092,ERBB2,eligibility_criteria
NCT05293964,ERBB2,eligibility_criteria
NCT06084481,ERBB2,eligibility_criteria
NCT06426511,ALK,eligibility_criteria
NCT06426511,EGFR,eligibility_criteria
NCT04335292,EGFR,eligibility_criteria
NCT03993873,ALK,eligibility_criteria
NCT03993873,EGFR,eligibility_criteria
NCT03993873,KRAS,eligibility_criteria
NCT03993873,MET,eligibility_criteria
NCT03993873,ROS1,eligibility_criteria
NCT07375316,EGFR,eligibility_criteria
NCT03334617,ALK,eligibility_criteria
NCT03334617,BRAF,eligibility_criteria
NCT03334617,EGFR,eligibility_criteria
NCT03334617,MET,eligibility_criteria
NCT03334617,RET,eligibility_criteria
NCT03334617,ROS1,eligibility_criteria
NCT06071013,EGFR,eligibility_criteria
NCT03333343,BRAF,eligibility_criteria
NCT03333343,EGFR,eligibility_criteria
NCT03333343,MET,eligibility_criteria
NCT06706713,EGFR,eligibility_criteria
NCT06509126,BRAF,eligibility_criteria
NCT04085315,ALK,eligibility_criteria
NCT04085315,BRAF,eligibility_criteria
NCT04085315,EGFR,eligibility_criteria
NCT04085315,KRAS,eligibility_criteria
NCT04085315,MET,eligibility_criteria
NCT04085315,RET,eligibility_criteria
NCT04085315,TP53,eligibility_criteria
NCT06771960,EGFR,eligibility_criteria
NCT07028489,EGFR,eligibility_criteria
NCT04481932,ERBB2,eligibility_criteria
NCT06199232,ERBB2,eligibility_criteria
NCT05773092,EGFR,eligibility_criteria
NCT05910398,ERBB2,eligibility_criteria
NCT04285671,EGFR,eligibility_criteria
NCT03065387,EGFR,eligibility_criteria
NCT03065387,ERBB2,eligibility_criteria
NCT03065387,KRAS,eligibility_criteria
NCT05260671,EGFR,eligibility_criteria
NCT05950945,CDK4,eligibility_criteria
NCT05950945,ERBB2,eligibility_criteria
NCT06139107,CDK4,eligibility_criteria
NCT06139107,ERBB2,eligibility_criteria
NCT03087071,BRAF,eligibility_criteria
NCT03087071,EGFR,eligibility_criteria
NCT03087071,KRAS,eligibility_criteria
NCT03087071,NRAS,eligibility_criteria
NCT06055465,ALK,eligibility_criteria
NCT06055465,EGFR,eligibility_criteria
NCT06278870,ERBB2,eligibility_criteria
NCT06304441,EGFR,eligibility_criteria
NCT06238882,EGFR,eligibility_criteria
NCT01994057,EGFR,eligibility_criteria
NCT04836156,ERBB2,eligibility_criteria
NCT04639986,ERBB2,eligibility_criteria
NCT07480941,EGFR,eligibility_criteria
NCT04017650,BRAF,eligibility_criteria
NCT04017650,EGFR,eligibility_criteria
NCT06670196,EGFR,eligibility_criteria
NCT06385483,EGFR,eligibility_criteria
NCT06927986,EGFR,eligibility_criteria
NCT06382129,EGFR,eligibility_criteria
NCT06840483,ERBB2,eligibility_criteria
NCT07233499,ERBB2,eligibility_criteria
NCT05840211,BRCA1,eligibility_criteria
NCT05840211,BRCA2,eligibility_criteria
NCT05840211,ERBB2,eligibility_criteria
NCT05840211,PIK3CA,eligibility_criteria
NCT02511106,EGFR,eligibility_criteria
NCT03164616,ALK,eligibility_criteria
NCT03164616,EGFR,eligibility_criteria
NCT07230691,EGFR,eligibility_criteria
NCT06222489,EGFR,eligibility_criteria
NCT05142189,ALK,eligibility_criteria
NCT05142189,EGFR,eligibility_criteria
NCT05142189,RET,eligibility_criteria
NCT07449858,EGFR,eligibility_criteria
NCT05325632,ERBB2,eligibility_criteria
NCT06956001,ALK,eligibility_criteria
NCT06956001,BRAF,eligibility_criteria
NCT06956001,EGFR,eligibility_criteria
NCT06956001,MET,eligibility_criteria
NCT06956001,RET,eligibility_criteria
NCT06956001,ROS1,eligibility_criteria
NCT06964906,ERBB2,eligibility_criteria
NCT02453620,ERBB2,eligibility_criteria
NCT07343986,EGFR,eligibility_criteria
NCT04215146,CDK4,eligibility_criteria
NCT04215146,ERBB2,eligibility_criteria
NCT06668103,EGFR,eligibility_criteria
NCT06755684,EGFR,eligibility_criteria
NCT07089641,EGFR,eligibility_criteria
NCT02453282,ALK,eligibility_criteria
NCT02453282,EGFR,eligibility_criteria
NCT04900935,ALK,eligibility_criteria
NCT04900935,EGFR,eligibility_criteria
NCT04900935,RET,eligibility_criteria
NCT04900935,ROS1,eligibility_criteria
NCT06648096,EGFR,eligibility_criteria
NCT03667820,EGFR,eligibility_criteria
NCT07541703,ERBB2,eligibility_criteria
NCT04739761,ERBB2,eligibility_criteria
NCT00977470,EGFR,eligibility_criteria
NCT04772235,ALK,eligibility_criteria
NCT04772235,EGFR,eligibility_criteria
NCT04772235,MET,eligibility_criteria
NCT04772235,ROS1,eligibility_criteria
NCT05334277,EGFR,eligibility_criteria
NCT06573073,EGFR,eligibility_criteria
NCT06868277,ALK,eligibility_criteria
NCT06868277,EGFR,eligibility_criteria
NCT06868277,ROS1,eligibility_criteria
NCT06598800,EGFR,eligibility_criteria
NCT06598800,MET,eligibility_criteria
NCT06394674,EGFR,eligibility_criteria
NCT05624996,ALK,eligibility_criteria
NCT05624996,EGFR,eligibility_criteria
NCT03807778,EGFR,eligibility_criteria
NCT03807778,ERBB2,eligibility_criteria
NCT05607550,EGFR,eligibility_criteria
NCT05388669,EGFR,eligibility_criteria
NCT06522919,EGFR,eligibility_criteria
NCT07492394,ERBB2,eligibility_criteria
NCT05469022,EGFR,eligibility_criteria
NCT06515470,CDK4,eligibility_criteria
NCT06515470,ERBB2,eligibility_criteria
NCT07581912,BRAF,eligibility_criteria
NCT07581912,KRAS,eligibility_criteria
NCT07581912,NRAS,eligibility_criteria
NCT06989112,ERBB2,eligibility_criteria
NCT05498428,EGFR,eligibility_criteria
NCT06428396,CDK4,eligibility_criteria
NCT06428396,ERBB2,eligibility_criteria
NCT04197934,EGFR,eligibility_criteria
NCT06716580,EGFR,eligibility_criteria
NCT04324164,EGFR,eligibility_criteria
NCT07405476,ERBB2,eligibility_criteria
NCT07137416,ERBB2,eligibility_criteria
NCT07070440,EGFR,eligibility_criteria
NCT02194738,ALK,eligibility_criteria
NCT02194738,EGFR,eligibility_criteria
NCT03725059,ERBB2,eligibility_criteria
NCT05306340,CDK4,eligibility_criteria
NCT05306340,ERBB2,eligibility_criteria
NCT06561620,EGFR,eligibility_criteria
NCT03769506,EGFR,eligibility_criteria
NCT07405801,PIK3CA,eligibility_criteria
NCT02411448,EGFR,eligibility_criteria
NCT05364073,EGFR,eligibility_criteria
NCT05364073,ERBB2,eligibility_criteria
NCT02800486,EGFR,eligibility_criteria
NCT03747120,ERBB2,eligibility_criteria
NCT03804580,EGFR,eligibility_criteria
NCT06210490,ERBB2,eligibility_criteria
NCT06955988,EGFR,eligibility_criteria
NCT02311933,ERBB2,eligibility_criteria
NCT06635447,ERBB2,eligibility_criteria
NCT06635447,PIK3CA,eligibility_criteria
NCT06635447,PTEN,eligibility_criteria
NCT04547504,ALK,eligibility_criteria
NCT04547504,EGFR,eligibility_criteria
NCT02279004,BRAF,eligibility_criteria
NCT02279004,EGFR,eligibility_criteria
NCT02279004,KRAS,eligibility_criteria
NCT02279004,NRAS,eligibility_criteria
NCT05435248,EGFR,eligibility_criteria
NCT04853342,EGFR,eligibility_criteria
NCT02157051,ERBB2,eligibility_criteria
NCT07042295,EGFR,eligibility_criteria
NCT03368729,ERBB2,eligibility_criteria
NCT05712902,EGFR,eligibility_criteria
NCT05712902,ERBB2,eligibility_criteria
NCT06256328,ERBB2,eligibility_criteria
NCT07230977,EGFR,eligibility_criteria
NCT07230977,ERBB2,eligibility_criteria
NCT04988295,EGFR,eligibility_criteria
NCT06827145,ALK,eligibility_criteria
NCT06827145,EGFR,eligibility_criteria
NCT06827145,ROS1,eligibility_criteria
NCT06695845,ALK,eligibility_criteria
NCT06695845,BRAF,eligibility_criteria
NCT06695845,EGFR,eligibility_criteria
NCT06695845,ERBB2,eligibility_criteria
NCT06695845,KRAS,eligibility_criteria
NCT06695845,NRAS,eligibility_criteria
NCT06695845,ROS1,eligibility_criteria
NCT06369181,ALK,eligibility_criteria
NCT06369181,EGFR,eligibility_criteria
NCT06369181,TP53,eligibility_criteria
NCT05257967,EGFR,eligibility_criteria
NCT05598528,EGFR,eligibility_criteria
NCT06500208,ERBB2,eligibility_criteria
NCT06429904,EGFR,eligibility_criteria
NCT05800223,EGFR,eligibility_criteria
NCT06321510,EGFR,eligibility_criteria
NCT06709859,EGFR,eligibility_criteria
NCT06268210,EGFR,eligibility_criteria
NCT06127979,BRCA2,eligibility_criteria
NCT06127979,ERBB2,eligibility_criteria
NCT05244213,ALK,eligibility_criteria
NCT05244213,EGFR,eligibility_criteria
NCT03831932,EGFR,eligibility_criteria
NCT05710406,BRAF,eligibility_criteria
NCT03909334,EGFR,eligibility_criteria
NCT06563999,ALK,eligibility_criteria
NCT06563999,BRAF,eligibility_criteria
NCT06563999,EGFR,eligibility_criteria
NCT06563999,ERBB2,eligibility_criteria
NCT06563999,KRAS,eligibility_criteria
NCT06563999,MET,eligibility_criteria
NCT06563999,RET,eligibility_criteria
NCT06563999,ROS1,eligibility_criteria
NCT06618287,EGFR,eligibility_criteria
NCT06618287,ERBB2,eligibility_criteria
NCT04129502,EGFR,eligibility_criteria
NCT04129502,ERBB2,eligibility_criteria
NCT07361237,ALK,eligibility_criteria
NCT07361237,BRAF,eligibility_criteria
NCT07361237,EGFR,eligibility_criteria
NCT07361237,ERBB2,eligibility_criteria
NCT07361237,KRAS,eligibility_criteria
NCT07361237,RET,eligibility_criteria
NCT07361237,ROS1,eligibility_criteria
NCT07348965,EGFR,eligibility_criteria
NCT03876951,ERBB2,eligibility_criteria
NCT06738966,ERBB2,eligibility_criteria
NCT07076823,BRAF,eligibility_criteria
NCT01810913,EGFR,eligibility_criteria
NCT05426486,ERBB2,eligibility_criteria
NCT05785741,ERBB2,eligibility_criteria
NCT05801029,EGFR,eligibility_criteria
NCT06901531,ERBB2,eligibility_criteria
NCT05144854,ERBB2,eligibility_criteria
NCT07235566,BRAF,eligibility_criteria
NCT07235566,EGFR,eligibility_criteria
NCT07504445,ERBB2,eligibility_criteria
NCT02885753,KRAS,eligibility_criteria
NCT02885753,NRAS,eligibility_criteria
NCT05394831,EGFR,eligibility_criteria
NCT06302621,FGFR1,eligibility_criteria
NCT06302621,FGFR2,eligibility_criteria
NCT06574347,ALK,eligibility_criteria
NCT06574347,EGFR,eligibility_criteria
NCT06574347,MET,eligibility_criteria
NCT06574347,ROS1,eligibility_criteria
NCT07020221,KRAS,eligibility_criteria
NCT06044623,ERBB2,eligibility_criteria
NCT02955290,ALK,eligibility_criteria
NCT02955290,EGFR,eligibility_criteria
NCT02955290,KRAS,eligibility_criteria
NCT07038343,EGFR,eligibility_criteria
NCT07315113,EGFR,eligibility_criteria
NCT07315113,ERBB2,eligibility_criteria
NCT07130916,EGFR,eligibility_criteria
NCT06065748,CDK4,eligibility_criteria
NCT06065748,ERBB2,eligibility_criteria
NCT06538038,EGFR,eligibility_criteria
NCT01730833,ERBB2,eligibility_criteria
NCT04305496,ERBB2,eligibility_criteria
NCT04995003,ERBB2,eligibility_criteria
NCT07100080,EGFR,eligibility_criteria
NCT05101096,ERBB2,eligibility_criteria
NCT06631989,EGFR,eligibility_criteria
NCT05816252,ALK,eligibility_criteria
NCT05816252,EGFR,eligibility_criteria
NCT06838338,KRAS,eligibility_criteria
NCT03778229,EGFR,eligibility_criteria
NCT03778229,MET,eligibility_criteria
NCT04606381,EGFR,eligibility_criteria
NCT06064877,EGFR,eligibility_criteria
NCT07413939,ERBB2,eligibility_criteria
NCT06046495,EGFR,eligibility_criteria
NCT06241807,ALK,eligibility_criteria
NCT06241807,EGFR,eligibility_criteria
NCT06241807,ROS1,eligibility_criteria
NCT07008976,ERBB2,eligibility_criteria
NCT05365178,CDK4,eligibility_criteria
NCT05365178,ERBB2,eligibility_criteria
NCT02876107,ERBB2,eligibility_criteria
NCT05686434,EGFR,eligibility_criteria
NCT05573555,CDK4,eligibility_criteria
NCT05573555,ERBB2,eligibility_criteria
NCT06376084,EGFR,eligibility_criteria
NCT03940703,EGFR,eligibility_criteria
NCT03940703,MET,eligibility_criteria
NCT03904173,ERBB2,eligibility_criteria
NCT06838273,EGFR,eligibility_criteria
NCT05987956,ALK,eligibility_criteria
NCT05987956,EGFR,eligibility_criteria
NCT03833154,EGFR,eligibility_criteria
NCT04305795,EGFR,eligibility_criteria
NCT07209241,EGFR,eligibility_criteria
NCT04974866,EGFR,eligibility_criteria
NCT07523529,EGFR,eligibility_criteria
NCT07523529,ERBB2,eligibility_criteria
NCT07322783,MET,eligibility_criteria
NCT06758557,ALK,eligibility_criteria
NCT06758557,BRAF,eligibility_criteria
NCT06758557,EGFR,eligibility_criteria
NCT06758557,RET,eligibility_criteria
NCT06758557,ROS1,eligibility_criteria
NCT02747004,CDK4,eligibility_criteria
NCT02747004,ERBB2,eligibility_criteria
NCT06667076,EGFR,eligibility_criteria
NCT04858958,EGFR,eligibility_criteria
NCT06417008,EGFR,eligibility_criteria
NCT06417008,MET,eligibility_criteria
NCT06912087,EGFR,eligibility_criteria
NCT05777278,ALK,eligibility_criteria
NCT05777278,EGFR,eligibility_criteria
NCT05777278,MET,eligibility_criteria
NCT05777278,ROS1,eligibility_criteria
NCT07444814,EGFR,eligibility_criteria
NCT06043817,EGFR,eligibility_criteria
NCT06043817,ERBB2,eligibility_criteria
NCT05283226,EGFR,eligibility_criteria
NCT06194448,EGFR,eligibility_criteria
NCT04563507,CDK4,eligibility_criteria
NCT04563507,ERBB2,eligibility_criteria
NCT07054307,EGFR,eligibility_criteria
NCT04616183,BRAF,eligibility_criteria
NCT04616183,EGFR,eligibility_criteria
NCT04616183,KRAS,eligibility_criteria
NCT04616183,NRAS,eligibility_criteria
NCT06295432,EGFR,eligibility_criteria
NCT05980481,ERBB2,eligibility_criteria
NCT06058377,ERBB2,eligibility_criteria
NCT04841811,EGFR,eligibility_criteria
NCT04486833,ALK,eligibility_criteria
NCT04486833,BRAF,eligibility_criteria
NCT04486833,EGFR,eligibility_criteria
NCT06363734,CDK4,eligibility_criteria
NCT06363734,EGFR,eligibility_criteria
NCT06643000,EGFR,eligibility_criteria
NCT01327781,ERBB2,eligibility_criteria
NCT04928846,ALK,eligibility_criteria
NCT04928846,EGFR,eligibility_criteria
NCT04928846,MET,eligibility_criteria
NCT02971501,EGFR,eligibility_criteria
NCT04329065,ERBB2,eligibility_criteria
NCT03822312,ERBB2,eligibility_criteria
NCT05284539,ALK,eligibility_criteria
NCT05284539,EGFR,eligibility_criteria
NCT05284539,ROS1,eligibility_criteria
NCT06731907,ALK,eligibility_criteria
NCT06731907,EGFR,eligibility_criteria
NCT06731907,ROS1,eligibility_criteria
NCT06630130,ERBB2,eligibility_criteria
NCT06714357,BRAF,eligibility_criteria
NCT06714357,EGFR,eligibility_criteria
NCT06714357,KRAS,eligibility_criteria
NCT06714357,NRAS,eligibility_criteria
NCT04787341,BRAF,eligibility_criteria
NCT04787341,EGFR,eligibility_criteria
NCT04787341,KRAS,eligibility_criteria
NCT04787341,NRAS,eligibility_criteria
NCT05593094,ERBB2,eligibility_criteria
NCT06147037,EGFR,eligibility_criteria
NCT07413757,EGFR,eligibility_criteria
NCT06226857,BRAF,eligibility_criteria
NCT06226857,EGFR,eligibility_criteria
NCT06226857,KRAS,eligibility_criteria
NCT06226857,NRAS,eligibility_criteria
NCT03786692,ALK,eligibility_criteria
NCT03786692,EGFR,eligibility_criteria
NCT03786692,ROS1,eligibility_criteria
NCT05587439,EGFR,eligibility_criteria
NCT06967155,BRAF,eligibility_criteria
NCT06967155,EGFR,eligibility_criteria
NCT02752685,ERBB2,eligibility_criteria
NCT06247280,EGFR,eligibility_criteria
NCT03716180,ERBB2,eligibility_criteria
NCT05957510,EGFR,eligibility_criteria
NCT03381274,EGFR,eligibility_criteria
NCT05498155,BRCA1,eligibility_criteria
NCT05498155,BRCA2,eligibility_criteria
NCT05498155,ERBB2,eligibility_criteria
NCT07044908,BRAF,eligibility_criteria
NCT07044908,EGFR,eligibility_criteria
NCT05168423,EGFR,eligibility_criteria
NCT07462377,EGFR,eligibility_criteria
NCT03944772,ALK,eligibility_criteria
NCT03944772,BRAF,eligibility_criteria
NCT03944772,EGFR,eligibility_criteria
NCT03944772,KRAS,eligibility_criteria
NCT03944772,MET,eligibility_criteria
NCT03944772,RET,eligibility_criteria
NCT03944772,ROS1,eligibility_criteria
NCT06331169,ERBB2,eligibility_criteria
NCT05579366,EGFR,eligibility_criteria
NCT05579366,ERBB2,eligibility_criteria
NCT06659458,EGFR,eligibility_criteria
NCT05163249,EGFR,eligibility_criteria
NCT05163249,MET,eligibility_criteria
NCT07340398,ERBB2,eligibility_criteria
NCT07181499,ALK,eligibility_criteria
NCT07181499,BRAF,eligibility_criteria
NCT07181499,EGFR,eligibility_criteria
NCT07181499,ERBB2,eligibility_criteria
NCT07181499,KRAS,eligibility_criteria
NCT07181499,MET,eligibility_criteria
NCT07181499,RET,eligibility_criteria
NCT06274515,ERBB2,eligibility_criteria
NCT05985655,CDK4,eligibility_criteria
NCT05985655,CDK6,eligibility_criteria
NCT05985655,ERBB2,eligibility_criteria
NCT06477055,EGFR,eligibility_criteria
NCT05502237,ALK,eligibility_criteria
NCT05502237,BRAF,eligibility_criteria
NCT05502237,EGFR,eligibility_criteria
NCT05502237,RET,eligibility_criteria
NCT05502237,ROS1,eligibility_criteria
NCT07214662,ERBB2,eligibility_criteria
NCT01553942,EGFR,eligibility_criteria
NCT06829459,ALK,eligibility_criteria
NCT06829459,EGFR,eligibility_criteria
NCT06829459,MET,eligibility_criteria
NCT06829459,ROS1,eligibility_criteria
NCT07018427,ERBB2,eligibility_criteria
NCT06830694,EGFR,eligibility_criteria
NCT06447662,ALK,eligibility_criteria
NCT06447662,EGFR,eligibility_criteria
NCT06447662,KRAS,eligibility_criteria
NCT06447662,ROS1,eligibility_criteria
NCT07304739,ALK,eligibility_criteria
NCT07304739,BRAF,eligibility_criteria
NCT07304739,EGFR,eligibility_criteria
NCT07304739,KRAS,eligibility_criteria
NCT07304739,MET,eligibility_criteria
NCT07304739,RET,eligibility_criteria
NCT07304739,ROS1,eligibility_criteria
NCT07304739,TP53,eligibility_criteria
NCT04685070,EGFR,eligibility_criteria
NCT07181473,EGFR,eligibility_criteria
NCT06358677,EGFR,eligibility_criteria
NCT07180056,CDK4,eligibility_criteria
NCT07180056,ERBB2,eligibility_criteria
NCT06010329,EGFR,eligibility_criteria
NCT05184712,EGFR,eligibility_criteria
NCT05379595,ALK,eligibility_criteria
NCT05379595,BRAF,eligibility_criteria
NCT05379595,EGFR,eligibility_criteria
NCT05379595,ERBB2,eligibility_criteria
NCT05379595,KRAS,eligibility_criteria
NCT05379595,NRAS,eligibility_criteria
NCT05379595,PTEN,eligibility_criteria
NCT05379595,RET,eligibility_criteria
NCT06143553,ERBB2,eligibility_criteria
NCT06760819,ERBB2,eligibility_criteria
NCT06206837,CDK4,eligibility_criteria
NCT06206837,ERBB2,eligibility_criteria
NCT06962865,EGFR,eligibility_criteria
NCT06962865,MET,eligibility_criteria
NCT04587128,BRAF,eligibility_criteria
NCT04587128,EGFR,eligibility_criteria
NCT04587128,KRAS,eligibility_criteria
NCT04587128,NRAS,eligibility_criteria
NCT07102381,ERBB2,eligibility_criteria
NCT03433469,EGFR,eligibility_criteria
NCT07049133,ERBB2,eligibility_criteria
NCT06595498,EGFR,eligibility_criteria
NCT07467863,EGFR,eligibility_criteria
NCT07467863,ERBB2,eligibility_criteria
NCT02542293,ALK,eligibility_criteria
NCT02542293,EGFR,eligibility_criteria
NCT06243393,EGFR,eligibility_criteria
NCT05271916,EGFR,eligibility_criteria
NCT06868485,EGFR,eligibility_criteria
NCT05341492,EGFR,eligibility_criteria
NCT05704634,EGFR,eligibility_criteria
NCT03269526,EGFR,eligibility_criteria
NCT07264647,ALK,eligibility_criteria
NCT07264647,EGFR,eligibility_criteria
NCT07264647,RET,eligibility_criteria
NCT07264647,ROS1,eligibility_criteria
NCT03410043,EGFR,eligibility_criteria
NCT06015503,EGFR,eligibility_criteria
NCT06015503,ERBB2,eligibility_criteria
NCT07464366,EGFR,eligibility_criteria
NCT07464366,ERBB2,eligibility_criteria
NCT06300424,EGFR,eligibility_criteria
NCT06422546,EGFR,eligibility_criteria
NCT05104788,EGFR,eligibility_criteria
NCT06043973,EGFR,eligibility_criteria
NCT06043973,TP53,eligibility_criteria
NCT07505173,EGFR,eligibility_criteria
NCT06973096,EGFR,eligibility_criteria
NCT06517212,ERBB2,eligibility_criteria
NCT06984588,ALK,eligibility_criteria
NCT06984588,EGFR,eligibility_criteria
NCT06746688,ERBB2,eligibility_criteria
NCT06382948,CDK4,eligibility_criteria
NCT06382948,ERBB2,eligibility_criteria
NCT06627647,ALK,eligibility_criteria
NCT06627647,EGFR,eligibility_criteria
NCT06627647,ROS1,eligibility_criteria
NCT07392658,EGFR,eligibility_criteria
NCT07318805,CDK4,eligibility_criteria
NCT07318805,ERBB2,eligibility_criteria
NCT03740256,ERBB2,eligibility_criteria
NCT05717790,EGFR,eligibility_criteria
NCT02442297,ERBB2,eligibility_criteria
NCT03820141,ERBB2,eligibility_criteria
NCT06926413,EGFR,eligibility_criteria
NCT06528847,ALK,eligibility_criteria
NCT06528847,EGFR,eligibility_criteria
NCT06652048,BRAF,eligibility_criteria
NCT06652048,EGFR,eligibility_criteria
NCT06652048,MET,eligibility_criteria
NCT06652048,RET,eligibility_criteria
NCT05920135,EGFR,eligibility_criteria
NCT06383884,EGFR,eligibility_criteria
NCT07498478,CDK4,eligibility_criteria
NCT07498478,ERBB2,eligibility_criteria
NCT06105632,CDK4,eligibility_criteria
NCT06105632,ERBB2,eligibility_criteria
NCT04619004,ALK,eligibility_criteria
NCT04619004,EGFR,eligibility_criteria
NCT04619004,ROS1,eligibility_criteria
NCT06483555,EGFR,eligibility_criteria
NCT07336732,EGFR,eligibility_criteria
NCT06495164,CDK4,eligibility_criteria
NCT06495164,ERBB2,eligibility_criteria
NCT03787992,EGFR,eligibility_criteria
NCT04459065,EGFR,eligibility_criteria
NCT07060807,CDK4,eligibility_criteria
NCT07060807,ERBB2,eligibility_criteria
NCT06671379,EGFR,eligibility_criteria
NCT05020769,ALK,eligibility_criteria
NCT05020769,EGFR,eligibility_criteria
NCT05020769,ERBB2,eligibility_criteria
NCT05020769,MET,eligibility_criteria
NCT05020769,RET,eligibility_criteria
NCT02315196,ERBB2,eligibility_criteria
NCT05783622,EGFR,eligibility_criteria
NCT04721977,ERBB2,eligibility_criteria
NCT04415853,EGFR,eligibility_criteria
NCT06361940,ERBB2,eligibility_criteria
NCT07037680,ALK,eligibility_criteria
NCT07037680,EGFR,eligibility_criteria
NCT07037680,ROS1,eligibility_criteria
NCT07288359,CDK4,eligibility_criteria
NCT07288359,ERBB2,eligibility_criteria
NCT06568939,EGFR,eligibility_criteria
NCT06299202,ERBB2,eligibility_criteria
NCT06198751,ERBB2,eligibility_criteria
NCT03521154,EGFR,eligibility_criteria
NCT06115642,ALK,eligibility_criteria
NCT06115642,EGFR,eligibility_criteria
NCT07539285,EGFR,eligibility_criteria
NCT06674343,ALK,eligibility_criteria
NCT06674343,BRAF,eligibility_criteria
NCT06674343,EGFR,eligibility_criteria
NCT06674343,KRAS,eligibility_criteria
NCT06674343,MET,eligibility_criteria
NCT06674343,RET,eligibility_criteria
NCT06674343,ROS1,eligibility_criteria
NCT06674343,TP53,eligibility_criteria
NCT03832855,ERBB2,eligibility_criteria
NCT01708954,BRAF,eligibility_criteria
NCT01708954,EGFR,eligibility_criteria
NCT01708954,ERBB2,eligibility_criteria
NCT01708954,KRAS,eligibility_criteria
NCT01708954,MET,eligibility_criteria
NCT01708954,RET,eligibility_criteria
NCT06643416,ALK,eligibility_criteria
NCT06643416,EGFR,eligibility_criteria
NCT04923906,EGFR,eligibility_criteria
NCT07073365,EGFR,eligibility_criteria
NCT04001777,EGFR,eligibility_criteria
NCT06055881,ERBB2,eligibility_criteria
NCT07003074,ERBB2,eligibility_criteria
NCT01937117,ERBB2,eligibility_criteria
NCT02107703,CDK4,eligibility_criteria
NCT02107703,ERBB2,eligibility_criteria
NCT03040973,EGFR,eligibility_criteria
NCT03040973,MET,eligibility_criteria
NCT05586061,ERBB2,eligibility_criteria
NCT05117931,EGFR,eligibility_criteria
NCT05117931,ERBB2,eligibility_criteria
NCT05117931,MET,eligibility_criteria
NCT04695925,EGFR,eligibility_criteria
NCT04695925,TP53,eligibility_criteria
NCT01947023,BRAF,eligibility_criteria
NCT05323955,EGFR,eligibility_criteria
NCT05323955,ERBB2,eligibility_criteria
NCT04777084,ALK,eligibility_criteria
NCT04777084,EGFR,eligibility_criteria
NCT04777084,ROS1,eligibility_criteria
NCT06706076,EGFR,eligibility_criteria
NCT06706076,ERBB2,eligibility_criteria
NCT06706076,MET,eligibility_criteria
NCT07524452,EGFR,eligibility_criteria
NCT06355609,EGFR,eligibility_criteria
NCT06355609,PIK3CA,eligibility_criteria
NCT06355609,TP53,eligibility_criteria
NCT06340568,ERBB2,eligibility_criteria
NCT06975410,EGFR,eligibility_criteria
NCT04487080,EGFR,eligibility_criteria
NCT06749886,ALK,eligibility_criteria
NCT06749886,EGFR,eligibility_criteria
NCT06749886,ROS1,eligibility_criteria
NCT04951635,EGFR,eligibility_criteria
NCT06041776,EGFR,eligibility_criteria
NCT05536505,ALK,eligibility_criteria
NCT05536505,BRAF,eligibility_criteria
NCT05536505,EGFR,eligibility_criteria
NCT05536505,KRAS,eligibility_criteria
NCT05536505,MET,eligibility_criteria
NCT04410796,EGFR,eligibility_criteria
NCT06542588,BRAF,eligibility_criteria
NCT06542588,EGFR,eligibility_criteria
NCT06452394,ERBB2,eligibility_criteria
NCT05973773,EGFR,eligibility_criteria
NCT06306456,EGFR,eligibility_criteria
NCT05782361,MET,eligibility_criteria
NCT07043751,EGFR,eligibility_criteria
NCT04137536,EGFR,eligibility_criteria
NCT05312398,BRAF,eligibility_criteria
NCT06790693,CDK4,eligibility_criteria
NCT06790693,ERBB2,eligibility_criteria
NCT06790693,PIK3CA,eligibility_criteria
NCT04547777,EGFR,eligibility_criteria
NCT03586453,EGFR,eligibility_criteria
NCT03974022,EGFR,eligibility_criteria
NCT03974022,ERBB2,eligibility_criteria
NCT06396065,EGFR,eligibility_criteria
NCT07005336,ALK,eligibility_criteria
NCT07005336,EGFR,eligibility_criteria
NCT07347600,ERBB2,eligibility_criteria
NCT07347600,PIK3CA,eligibility_criteria
NCT06257264,CDK4,eligibility_criteria
NCT06257264,ERBB2,eligibility_criteria
NCT06947811,CDK4,eligibility_criteria
NCT06947811,EGFR,eligibility_criteria
NCT06947811,KRAS,eligibility_criteria
NCT04626635,EGFR,eligibility_criteria
NCT04015778,ALK,eligibility_criteria
NCT04015778,EGFR,eligibility_criteria
NCT07111520,ALK,eligibility_criteria
NCT07111520,BRAF,eligibility_criteria
NCT07111520,EGFR,eligibility_criteria
NCT07111520,ERBB2,eligibility_criteria
NCT07111520,KRAS,eligibility_criteria
NCT07111520,MET,eligibility_criteria
NCT07111520,RET,eligibility_criteria
NCT07111520,ROS1,eligibility_criteria
NCT04686305,ERBB2,eligibility_criteria
NCT06666439,CDK4,eligibility_criteria
NCT06666439,ERBB2,eligibility_criteria
NCT06715839,ERBB2,eligibility_criteria
NCT05212454,ERBB2,eligibility_criteria
NCT06178445,ERBB2,eligibility_criteria
NCT06960395,EGFR,eligibility_criteria
NCT07481799,EGFR,eligibility_criteria
NCT06106477,ERBB2,eligibility_criteria
NCT02491099,ERBB2,eligibility_criteria
NCT06391944,EGFR,eligibility_criteria
NCT05315700,EGFR,eligibility_criteria
NCT05315700,ERBB2,eligibility_criteria
NCT06802835,EGFR,eligibility_criteria
NCT06486142,EGFR,eligibility_criteria
NCT07180082,ERBB2,eligibility_criteria
NCT03567642,EGFR,eligibility_criteria
NCT06269211,ALK,eligibility_criteria
NCT06269211,EGFR,eligibility_criteria
NCT00999804,ERBB2,eligibility_criteria
NCT06417814,EGFR,eligibility_criteria
NCT05997719,EGFR,eligibility_criteria
NCT07063693,EGFR,eligibility_criteria
NCT04539496,CDK4,eligibility_criteria
NCT04539496,ERBB2,eligibility_criteria
NCT07182682,ALK,eligibility_criteria
NCT07182682,EGFR,eligibility_criteria
NCT05258279,EGFR,eligibility_criteria
NCT05078931,EGFR,eligibility_criteria
NCT05546866,EGFR,eligibility_criteria
NCT03175224,ALK,eligibility_criteria
NCT03175224,BRAF,eligibility_criteria
NCT03175224,EGFR,eligibility_criteria
NCT03175224,KRAS,eligibility_criteria
NCT03175224,MET,eligibility_criteria
NCT03175224,RET,eligibility_criteria
NCT03175224,ROS1,eligibility_criteria
NCT06905197,EGFR,eligibility_criteria
NCT05533697,ALK,eligibility_criteria
NCT05533697,EGFR,eligibility_criteria
NCT05533697,ROS1,eligibility_criteria
NCT05120349,EGFR,eligibility_criteria
NCT06192849,EGFR,eligibility_criteria
NCT04222335,EGFR,eligibility_criteria
NCT05007938,EGFR,eligibility_criteria
NCT07538804,EGFR,eligibility_criteria
NCT04638725,ERBB2,eligibility_criteria
NCT05748834,ERBB2,eligibility_criteria
NCT07128199,EGFR,eligibility_criteria
NCT02221999,ERBB2,eligibility_criteria
NCT06770452,EGFR,eligibility_criteria
NCT06770452,KRAS,eligibility_criteria
NCT06775743,EGFR,eligibility_criteria
NCT05668988,EGFR,eligibility_criteria
NCT05563220,CDK4,eligibility_criteria
NCT05563220,CDK6,eligibility_criteria
NCT05563220,ERBB2,eligibility_criteria
NCT05563220,PIK3CA,eligibility_criteria
NCT05563220,PTEN,eligibility_criteria
NCT06745882,ALK,eligibility_criteria
NCT06745882,EGFR,eligibility_criteria
NCT06745882,ROS1,eligibility_criteria
NCT05514496,EGFR,eligibility_criteria
NCT06992739,EGFR,eligibility_criteria
NCT06418412,EGFR,eligibility_criteria
NCT03618381,EGFR,eligibility_criteria
NCT05163028,EGFR,eligibility_criteria
NCT05163028,KRAS,eligibility_criteria
NCT07065435,ERBB2,eligibility_criteria
NCT04872985,ERBB2,eligibility_criteria
NCT06496490,ERBB2,eligibility_criteria
NCT01723774,ERBB2,eligibility_criteria
NCT01723774,PIK3CA,eligibility_criteria
NCT06362980,ALK,eligibility_criteria
NCT06362980,BRAF,eligibility_criteria
NCT06362980,CDK4,eligibility_criteria
NCT06362980,EGFR,eligibility_criteria
NCT07222215,CDK4,eligibility_criteria
NCT07222215,ERBB2,eligibility_criteria
NCT06934889,EGFR,eligibility_criteria
NCT07231068,EGFR,eligibility_criteria
NCT02734290,ERBB2,eligibility_criteria
NCT05029882,BRAF,eligibility_criteria
NCT05029882,EGFR,eligibility_criteria
NCT05029882,ERBB2,eligibility_criteria
NCT05029882,MET,eligibility_criteria
NCT07154290,EGFR,eligibility_criteria
NCT07084610,ALK,eligibility_criteria
NCT07084610,EGFR,eligibility_criteria
NCT06722911,EGFR,eligibility_criteria
NCT06722911,KRAS,eligibility_criteria
NCT03260491,ALK,eligibility_criteria
NCT03260491,EGFR,eligibility_criteria
NCT03260491,KRAS,eligibility_criteria
NCT03260491,ROS1,eligibility_criteria
NCT02779751,ERBB2,eligibility_criteria
NCT02779751,KRAS,eligibility_criteria
NCT04013542,ALK,eligibility_criteria
NCT04013542,EGFR,eligibility_criteria
NCT04538664,EGFR,eligibility_criteria
NCT05382364,ERBB2,eligibility_criteria
NCT03503799,ERBB2,eligibility_criteria
NCT06053099,EGFR,eligibility_criteria
NCT06728865,EGFR,eligibility_criteria
NCT04398914,ERBB2,eligibility_criteria
NCT07431281,ERBB2,eligibility_criteria
NCT05126719,EGFR,eligibility_criteria
NCT06115902,ERBB2,eligibility_criteria
NCT07058519,EGFR,eligibility_criteria
NCT04035486,EGFR,eligibility_criteria
NCT04225117,ALK,eligibility_criteria
NCT04225117,BRAF,eligibility_criteria
NCT04225117,EGFR,eligibility_criteria
NCT04225117,ERBB2,eligibility_criteria
NCT01785420,ERBB2,eligibility_criteria
NCT06299124,ERBB2,eligibility_criteria
NCT05456256,ALK,eligibility_criteria
NCT05456256,EGFR,eligibility_criteria
NCT05456256,MET,eligibility_criteria
NCT02503722,EGFR,eligibility_criteria
NCT04849481,ALK,eligibility_criteria
NCT04849481,EGFR,eligibility_criteria
NCT06481566,EGFR,eligibility_criteria
NCT06902545,ERBB2,eligibility_criteria
NCT06616766,EGFR,eligibility_criteria
NCT06616766,ERBB2,eligibility_criteria
NCT04624373,ALK,eligibility_criteria
NCT04624373,BRAF,eligibility_criteria
NCT04624373,EGFR,eligibility_criteria
NCT04624373,ERBB2,eligibility_criteria
NCT04624373,MET,eligibility_criteria
NCT04624373,RET,eligibility_criteria
NCT04624373,ROS1,eligibility_criteria
NCT06722612,ERBB2,eligibility_criteria
NCT06781281,ERBB2,eligibility_criteria
NCT05786430,EGFR,eligibility_criteria
NCT06469944,ERBB2,eligibility_criteria
NCT06987734,ALK,eligibility_criteria
NCT06987734,EGFR,eligibility_criteria
NCT04895358,CDK4,eligibility_criteria
NCT04895358,ERBB2,eligibility_criteria
NCT07185997,EGFR,eligibility_criteria
NCT05852990,EGFR,eligibility_criteria
NCT03587740,ERBB2,eligibility_criteria
NCT07379476,EGFR,eligibility_criteria
NCT06959108,EGFR,eligibility_criteria
NCT05983107,CDK4,eligibility_criteria
NCT05983107,ERBB2,eligibility_criteria
NCT05983107,PIK3CA,eligibility_criteria
NCT06382116,EGFR,eligibility_criteria
NCT06982521,CDK4,eligibility_criteria
NCT06982521,ERBB2,eligibility_criteria
NCT06982521,PIK3CA,eligibility_criteria
NCT06982521,PTEN,eligibility_criteria
NCT05296798,ERBB2,eligibility_criteria
NCT05805631,EGFR,eligibility_criteria
NCT03701334,CDK4,eligibility_criteria
NCT03701334,ERBB2,eligibility_criteria
NCT05573893,ERBB2,eligibility_criteria
NCT06660511,ERBB2,eligibility_criteria
NCT04235114,EGFR,eligibility_criteria
NCT06452706,CDK4,eligibility_criteria
NCT06452706,ERBB2,eligibility_criteria
NCT05983432,ALK,eligibility_criteria
NCT05983432,CDK4,eligibility_criteria
NCT05983432,EGFR,eligibility_criteria
NCT05983432,ERBB2,eligibility_criteria
NCT05983432,ROS1,eligibility_criteria
NCT04776655,BRAF,eligibility_criteria
NCT06195189,EGFR,eligibility_criteria
NCT05967689,EGFR,eligibility_criteria
NCT06926868,ERBB2,eligibility_criteria
NCT05845450,BRAF,eligibility_criteria
NCT05845450,EGFR,eligibility_criteria
NCT05845450,ERBB2,eligibility_criteria
NCT05845450,KRAS,eligibility_criteria
NCT05845450,MET,eligibility_criteria
NCT05845450,NRAS,eligibility_criteria
NCT05845450,POLE,eligibility_criteria
NCT06863506,EGFR,eligibility_criteria
NCT06116682,ALK,eligibility_criteria
NCT06116682,BRAF,eligibility_criteria
NCT06116682,EGFR,eligibility_criteria
NCT06116682,ERBB2,eligibility_criteria
NCT06116682,KRAS,eligibility_criteria
NCT06116682,MET,eligibility_criteria
NCT06116682,RET,eligibility_criteria
NCT06116682,ROS1,eligibility_criteria
NCT06735391,ALK,eligibility_criteria
NCT06735391,BRAF,eligibility_criteria
NCT06735391,EGFR,eligibility_criteria
NCT06735391,ERBB2,eligibility_criteria
NCT06735391,KRAS,eligibility_criteria
NCT06735391,MET,eligibility_criteria
NCT06735391,RET,eligibility_criteria
NCT06735391,ROS1,eligibility_criteria
NCT07224841,BRAF,eligibility_criteria
NCT07224841,EGFR,eligibility_criteria
NCT07085091,EGFR,eligibility_criteria
NCT07362940,ALK,eligibility_criteria
NCT07362940,BRAF,eligibility_criteria
NCT07362940,EGFR,eligibility_criteria
NCT07362940,KRAS,eligibility_criteria
NCT07362940,MET,eligibility_criteria
NCT07362940,RET,eligibility_criteria
NCT03003962,ALK,eligibility_criteria
NCT03003962,EGFR,eligibility_criteria
NCT05333874,ERBB2,eligibility_criteria
NCT05319574,EGFR,eligibility_criteria
NCT05528458,EGFR,eligibility_criteria
NCT04585958,ERBB2,eligibility_criteria
NCT06120140,EGFR,eligibility_criteria
NCT06693024,ERBB2,eligibility_criteria
NCT04429542,EGFR,eligibility_criteria
NCT06350097,EGFR,eligibility_criteria
NCT04322890,ALK,eligibility_criteria
NCT04322890,EGFR,eligibility_criteria
NCT04322890,ROS1,eligibility_criteria
NCT06369259,BRAF,eligibility_criteria
NCT06369259,EGFR,eligibility_criteria
NCT06369259,KRAS,eligibility_criteria
NCT06369259,NRAS,eligibility_criteria
NCT06604689,EGFR,eligibility_criteria
NCT06864624,EGFR,eligibility_criteria
NCT07548060,EGFR,eligibility_criteria
NCT05041127,EGFR,eligibility_criteria
NCT05894889,ALK,eligibility_criteria
NCT05894889,EGFR,eligibility_criteria
NCT07396324,ERBB2,eligibility_criteria
NCT06940778,ERBB2,eligibility_criteria
NCT07049055,EGFR,eligibility_criteria
NCT06718309,ALK,eligibility_criteria
NCT06718309,EGFR,eligibility_criteria
NCT05166616,EGFR,eligibility_criteria
NCT06883487,ERBB2,eligibility_criteria
NCT03909282,ERBB2,eligibility_criteria
NCT05646862,CDK4,eligibility_criteria
NCT05646862,ERBB2,eligibility_criteria
NCT05646862,PIK3CA,eligibility_criteria
NCT06327451,EGFR,eligibility_criteria
NCT04248829,EGFR,eligibility_criteria
NCT05601973,EGFR,eligibility_criteria
NCT05601973,MET,eligibility_criteria
NCT05663866,EGFR,eligibility_criteria
NCT05099172,EGFR,eligibility_criteria
NCT05099172,ERBB2,eligibility_criteria
NCT02513394,ERBB2,eligibility_criteria
NCT05286437,CDK4,eligibility_criteria
NCT05286437,ERBB2,eligibility_criteria
NCT05262400,CDK4,eligibility_criteria
NCT05262400,ERBB2,eligibility_criteria
NCT05701787,ALK,eligibility_criteria
NCT05701787,BRAF,eligibility_criteria
NCT05701787,EGFR,eligibility_criteria
NCT05701787,KRAS,eligibility_criteria
NCT05701787,RET,eligibility_criteria
NCT05701787,ROS1,eligibility_criteria
NCT07448116,ALK,eligibility_criteria
NCT07448116,EGFR,eligibility_criteria
NCT07448116,MET,eligibility_criteria
NCT06599216,CDK4,eligibility_criteria
NCT06599216,ERBB2,eligibility_criteria
NCT05901428,ERBB2,eligibility_criteria
NCT05948865,EGFR,eligibility_criteria
NCT05948865,KRAS,eligibility_criteria
NCT07288632,ALK,eligibility_criteria
NCT07288632,EGFR,eligibility_criteria
NCT07288632,KRAS,eligibility_criteria
NCT07288632,ROS1,eligibility_criteria
NCT04862663,CDK4,eligibility_criteria
NCT04862663,ERBB2,eligibility_criteria
NCT04862663,PIK3CA,eligibility_criteria
NCT04862663,PTEN,eligibility_criteria
NCT06756932,CDK4,eligibility_criteria
NCT06756932,ERBB2,eligibility_criteria
NCT02861898,EGFR,eligibility_criteria
NCT04143607,EGFR,eligibility_criteria
NCT01273610,ERBB2,eligibility_criteria
NCT06282575,ERBB2,eligibility_criteria
NCT07063212,EGFR,eligibility_criteria
NCT06247826,EGFR,eligibility_criteria
NCT04920708,CDK4,eligibility_criteria
NCT04920708,ERBB2,eligibility_criteria
NCT04920708,PIK3CA,eligibility_criteria
NCT06253871,ERBB2,eligibility_criteria
NCT06924398,EGFR,eligibility_criteria
NCT06567015,ALK,eligibility_criteria
NCT06567015,BRAF,eligibility_criteria
NCT06567015,EGFR,eligibility_criteria
NCT06567015,ERBB2,eligibility_criteria
NCT06567015,MET,eligibility_criteria
NCT06567015,ROS1,eligibility_criteria
NCT07043725,ERBB2,eligibility_criteria
NCT05654532,CDK4,eligibility_criteria
NCT05654532,ERBB2,eligibility_criteria
NCT04077463,EGFR,eligibility_criteria
NCT07070232,BRAF,eligibility_criteria
NCT07070232,EGFR,eligibility_criteria
NCT07070232,ERBB2,eligibility_criteria
NCT03529110,ERBB2,eligibility_criteria
NCT02716116,EGFR,eligibility_criteria
NCT02716116,ERBB2,eligibility_criteria
NCT05089916,EGFR,eligibility_criteria
NCT05687266,ALK,eligibility_criteria
NCT05687266,BRAF,eligibility_criteria
NCT05687266,EGFR,eligibility_criteria
NCT05687266,MET,eligibility_criteria
NCT05687266,RET,eligibility_criteria
NCT05687266,ROS1,eligibility_criteria
NCT06760637,CDK4,eligibility_criteria
NCT06760637,ERBB2,eligibility_criteria
NCT07151118,FGFR2,eligibility_criteria
NCT07151118,IDH1,eligibility_criteria
NCT06816992,EGFR,eligibility_criteria
NCT06711055,ERBB2,eligibility_criteria
NCT07557004,CDK4,eligibility_criteria
NCT07557004,ERBB2,eligibility_criteria
NCT04553133,CDK4,eligibility_criteria
NCT04553133,ERBB2,eligibility_criteria
NCT05215548,EGFR,eligibility_criteria
NCT04351555,EGFR,eligibility_criteria
NCT05310643,EGFR,eligibility_criteria
NCT05310643,MLH1,eligibility_criteria
NCT05310643,MSH2,eligibility_criteria
NCT05310643,MSH6,eligibility_criteria
NCT04141644,EGFR,eligibility_criteria
NCT03983993,EGFR,eligibility_criteria
NCT03198052,EGFR,eligibility_criteria
NCT03198052,ERBB2,eligibility_criteria
NCT06953843,ALK,eligibility_criteria
NCT06953843,BRAF,eligibility_criteria
NCT06953843,EGFR,eligibility_criteria
NCT06953843,MET,eligibility_criteria
NCT06953843,RET,eligibility_criteria
NCT07329322,EGFR,eligibility_criteria
NCT06241456,ERBB2,eligibility_criteria
NCT07492641,CDK4,eligibility_criteria
NCT07492641,ERBB2,eligibility_criteria
NCT06461156,EGFR,eligibility_criteria
NCT05891561,ERBB2,eligibility_criteria
NCT06926803,EGFR,eligibility_criteria
NCT06276283,EGFR,eligibility_criteria
NCT06276283,ERBB2,eligibility_criteria
NCT05487391,ALK,eligibility_criteria
NCT05487391,EGFR,eligibility_criteria
NCT07323641,EGFR,eligibility_criteria
NCT07323641,MET,eligibility_criteria
NCT04223024,EGFR,eligibility_criteria
NCT06784791,EGFR,eligibility_criteria
NCT06369285,CDK4,eligibility_criteria
NCT06369285,ERBB2,eligibility_criteria
NCT05015608,EGFR,eligibility_criteria
NCT05015608,MET,eligibility_criteria
NCT01754025,EGFR,eligibility_criteria
NCT05748093,EGFR,eligibility_criteria
NCT06794931,EGFR,eligibility_criteria
NCT07174336,CDK4,eligibility_criteria
NCT07174336,ERBB2,eligibility_criteria
NCT07174336,PIK3CA,eligibility_criteria
NCT06018337,CDK4,eligibility_criteria
NCT06018337,ERBB2,eligibility_criteria
NCT07062965,CDK4,eligibility_criteria
NCT07062965,ERBB2,eligibility_criteria
NCT07062965,PIK3CA,eligibility_criteria
NCT07062965,PTEN,eligibility_criteria
NCT02763566,CDK4,eligibility_criteria
NCT02763566,CDK6,eligibility_criteria
NCT02763566,ERBB2,eligibility_criteria
NCT05037331,EGFR,eligibility_criteria
NCT06700369,ERBB2,eligibility_criteria
NCT05841472,ALK,eligibility_criteria
NCT05841472,EGFR,eligibility_criteria
NCT06014502,EGFR,eligibility_criteria
NCT05642572,EGFR,eligibility_criteria
NCT05642572,MET,eligibility_criteria
NCT03611738,ALK,eligibility_criteria
NCT03611738,EGFR,eligibility_criteria
NCT06550063,ERBB2,eligibility_criteria
NCT06798207,ERBB2,eligibility_criteria
NCT05586100,EGFR,eligibility_criteria
NCT02128906,EGFR,eligibility_criteria
NCT04590664,EGFR,eligibility_criteria
NCT07342309,ERBB2,eligibility_criteria
NCT06068049,EGFR,eligibility_criteria
NCT07105592,EGFR,eligibility_criteria
NCT05694936,EGFR,eligibility_criteria
NCT05694936,ERBB2,eligibility_criteria
NCT05694936,KRAS,eligibility_criteria
NCT05694936,NRAS,eligibility_criteria
NCT07395336,CDK4,eligibility_criteria
NCT07395336,ERBB2,eligibility_criteria
NCT07551336,EGFR,eligibility_criteria
NCT06876714,ERBB2,eligibility_criteria
NCT05358249,KRAS,eligibility_criteria
NCT05281406,EGFR,eligibility_criteria
NCT06813365,EGFR,eligibility_criteria
NCT04504071,EGFR,eligibility_criteria
NCT05898399,ERBB2,eligibility_criteria
NCT00045201,EGFR,eligibility_criteria
NCT07079475,EGFR,eligibility_criteria
NCT07506109,BRAF,eligibility_criteria
NCT07506109,EGFR,eligibility_criteria
NCT05607004,APC,eligibility_criteria
NCT05607004,ERBB2,eligibility_criteria
NCT06843967,CDK4,eligibility_criteria
NCT06225804,EGFR,eligibility_criteria
NCT06109558,EGFR,eligibility_criteria
NCT06109558,MET,eligibility_criteria
NCT06109558,RET,eligibility_criteria
NCT06824155,ERBB2,eligibility_criteria
NCT07491211,EGFR,eligibility_criteria
NCT06734533,CDK4,eligibility_criteria
NCT06734533,ERBB2,eligibility_criteria
NCT07206498,EGFR,eligibility_criteria
NCT07227233,CDK4,eligibility_criteria
NCT07227233,ERBB2,eligibility_criteria
NCT05653752,CDK4,eligibility_criteria
NCT05653752,EGFR,eligibility_criteria
NCT05653752,ERBB2,eligibility_criteria
NCT06383728,EGFR,eligibility_criteria
NCT03122717,EGFR,eligibility_criteria
NCT05401110,EGFR,eligibility_criteria
NCT06956690,EGFR,eligibility_criteria
NCT05559645,EGFR,eligibility_criteria
NCT06621563,EGFR,eligibility_criteria
NCT06621563,MET,eligibility_criteria
NCT05169567,CDK4,eligibility_criteria
NCT05169567,ERBB2,eligibility_criteria
NCT07535437,EGFR,eligibility_criteria
NCT06102928,EGFR,eligibility_criteria
NCT06951464,EGFR,eligibility_criteria
NCT06976944,ERBB2,eligibility_criteria
NCT03734029,ERBB2,eligibility_criteria
NCT06296745,EGFR,eligibility_criteria
NCT05060796,EGFR,eligibility_criteria
NCT02493582,EGFR,eligibility_criteria
NCT04780568,EGFR,eligibility_criteria
NCT06554613,EGFR,eligibility_criteria
NCT05768490,EGFR,eligibility_criteria
NCT07546695,ERBB2,eligibility_criteria
NCT04872166,ERBB2,eligibility_criteria
NCT06249854,ALK,eligibility_criteria
NCT06249854,EGFR,eligibility_criteria
NCT04909073,EGFR,eligibility_criteria
NCT05985954,BRAF,eligibility_criteria
NCT05985954,EGFR,eligibility_criteria
NCT05985954,KRAS,eligibility_criteria
NCT05985954,NRAS,eligibility_criteria
NCT07054190,ERBB2,eligibility_criteria
NCT07054190,PIK3CA,eligibility_criteria
NCT04961996,CDK4,eligibility_criteria
NCT04961996,ERBB2,eligibility_criteria
NCT06202261,ERBB2,eligibility_criteria
NCT06711068,ERBB2,eligibility_criteria
NCT05044897,EGFR,eligibility_criteria
NCT07180160,CDK4,eligibility_criteria
NCT07180160,ERBB2,eligibility_criteria
NCT05338970,EGFR,eligibility_criteria
NCT05222802,EGFR,eligibility_criteria
NCT06348927,EGFR,eligibility_criteria
NCT06348927,PIK3CA,eligibility_criteria
NCT06348927,TP53,eligibility_criteria
NCT03392246,EGFR,eligibility_criteria
NCT07527741,ERBB2,eligibility_criteria
NCT05168566,EGFR,eligibility_criteria
NCT06726642,BRCA1,eligibility_criteria
NCT06726642,BRCA2,eligibility_criteria
NCT06726642,NF1,eligibility_criteria
NCT06726642,PALB2,eligibility_criteria
NCT03546972,BRCA1,eligibility_criteria
NCT07532434,BRCA1,eligibility_criteria
NCT07532434,BRCA2,eligibility_criteria
NCT07532434,PALB2,eligibility_criteria
NCT06533384,ERBB2,eligibility_criteria
NCT04095195,BRCA1,eligibility_criteria
NCT04095195,BRCA2,eligibility_criteria
NCT04095195,PALB2,eligibility_criteria
NCT05006131,ATM,eligibility_criteria
NCT05006131,BRCA1,eligibility_criteria
NCT05006131,BRCA2,eligibility_criteria
NCT05006131,CDKN2A,eligibility_criteria
NCT05006131,MLH1,eligibility_criteria
NCT05006131,MSH2,eligibility_criteria
NCT05006131,MSH6,eligibility_criteria
NCT05006131,PALB2,eligibility_criteria
NCT05006131,STK11,eligibility_criteria
NCT01434316,BRCA1,eligibility_criteria
NCT01434316,BRCA2,eligibility_criteria
NCT05358639,BRCA1,eligibility_criteria
NCT05358639,BRCA2,eligibility_criteria
NCT05358639,PALB2,eligibility_criteria
NCT01990521,BRCA1,eligibility_criteria
NCT01990521,BRCA2,eligibility_criteria
NCT00005095,BRCA1,eligibility_criteria
NCT00005095,BRCA2,eligibility_criteria
NCT06817694,BRCA1,eligibility_criteria
NCT02775461,ATM,eligibility_criteria
NCT02775461,BRCA1,eligibility_criteria
NCT02775461,BRCA2,eligibility_criteria
NCT02775461,CDKN2A,eligibility_criteria
NCT02775461,PALB2,eligibility_criteria
NCT02775461,STK11,eligibility_criteria
NCT07197723,BRCA1,eligibility_criteria
NCT04367675,BRCA1,eligibility_criteria
NCT04367675,BRCA2,eligibility_criteria
NCT07156253,ERBB2,eligibility_criteria
NCT05568212,ALK,eligibility_criteria
NCT05568212,EGFR,eligibility_criteria
NCT05568212,ROS1,eligibility_criteria
NCT02478892,ATM,eligibility_criteria
NCT02478892,BRCA1,eligibility_criteria
NCT02478892,BRCA2,eligibility_criteria
NCT02478892,PALB2,eligibility_criteria
NCT04273542,BRCA1,eligibility_criteria
NCT05694715,ATM,eligibility_criteria
NCT05694715,BRCA1,eligibility_criteria
NCT05694715,BRCA2,eligibility_criteria
NCT05694715,PALB2,eligibility_criteria
NCT06395519,BRCA2,eligibility_criteria
NCT02393794,BRCA1,eligibility_criteria
NCT02393794,BRCA2,eligibility_criteria
NCT06403904,PALB2,eligibility_criteria
NCT06033092,ATM,eligibility_criteria
NCT06033092,BRCA1,eligibility_criteria
NCT06033092,BRCA2,eligibility_criteria
NCT06033092,CHEK2,eligibility_criteria
NCT06033092,PALB2,eligibility_criteria
NCT04970056,ATM,eligibility_criteria
NCT04970056,BRCA1,eligibility_criteria
NCT04970056,BRCA2,eligibility_criteria
NCT04970056,CDKN2A,eligibility_criteria
NCT04970056,MLH1,eligibility_criteria
NCT04970056,MSH2,eligibility_criteria
NCT04970056,MSH6,eligibility_criteria
NCT04970056,PALB2,eligibility_criteria
NCT04970056,STK11,eligibility_criteria
NCT03786796,ATM,eligibility_criteria
NCT03786796,BRCA1,eligibility_criteria
NCT03786796,BRCA2,eligibility_criteria
NCT03786796,CHEK2,eligibility_criteria
NCT03786796,PALB2,eligibility_criteria
NCT06856343,ERBB2,eligibility_criteria
NCT03296826,BRCA1,eligibility_criteria
NCT03296826,BRCA2,eligibility_criteria
NCT04197856,BRCA1,eligibility_criteria
NCT04197856,MLH1,eligibility_criteria
NCT04197856,MSH2,eligibility_criteria
NCT04197856,MSH6,eligibility_criteria
NCT04197856,PALB2,eligibility_criteria
NCT02760849,BRCA1,eligibility_criteria
NCT02760849,BRCA2,eligibility_criteria
NCT02760849,MLH1,eligibility_criteria
NCT02760849,MSH2,eligibility_criteria
NCT02760849,MSH6,eligibility_criteria
NCT02760849,PALB2,eligibility_criteria
NCT06488378,BRCA1,eligibility_criteria
NCT06488378,BRCA2,eligibility_criteria
NCT06488378,ERBB2,eligibility_criteria
NCT06488378,PALB2,eligibility_criteria
NCT00823654,ATM,eligibility_criteria
NCT00823654,BRCA1,eligibility_criteria
NCT00823654,BRCA2,eligibility_criteria
NCT00823654,ERBB2,eligibility_criteria
NCT05806515,BRCA1,eligibility_criteria
NCT05806515,BRCA2,eligibility_criteria
NCT03967938,BRCA1,eligibility_criteria
NCT02571725,BRCA1,eligibility_criteria
NCT02571725,BRCA2,eligibility_criteria
NCT02000089,ATM,eligibility_criteria
NCT02000089,BRCA1,eligibility_criteria
NCT02000089,BRCA2,eligibility_criteria
NCT02000089,CDKN2A,eligibility_criteria
NCT02000089,PALB2,eligibility_criteria
NCT04890613,ATM,eligibility_criteria
NCT04890613,BRCA1,eligibility_criteria
NCT04890613,BRCA2,eligibility_criteria
NCT04890613,CHEK2,eligibility_criteria
NCT04890613,MYC,eligibility_criteria
NCT04890613,PALB2,eligibility_criteria
NCT04890613,RAD51,eligibility_criteria
NCT03740893,ERBB2,eligibility_criteria
NCT03337087,BRCA1,eligibility_criteria
NCT03337087,BRCA2,eligibility_criteria
NCT03337087,PALB2,eligibility_criteria
NCT02653105,BRCA1,eligibility_criteria
NCT02653105,TP53,eligibility_criteria
NCT05574673,BRCA1,eligibility_criteria
NCT04858334,BRCA1,eligibility_criteria
NCT04858334,BRCA2,eligibility_criteria
NCT04858334,PALB2,eligibility_criteria
NCT06735326,BRCA1,eligibility_criteria
NCT01689584,BRCA1,eligibility_criteria
NCT01689584,BRCA2,eligibility_criteria
NCT01689584,PALB2,eligibility_criteria
NCT03480776,BRCA1,eligibility_criteria
NCT04494945,BRCA1,eligibility_criteria
NCT04494945,BRCA2,eligibility_criteria
NCT02783664,BRCA1,eligibility_criteria
NCT02783664,BRCA2,eligibility_criteria
NCT05939128,BRCA1,eligibility_criteria
NCT05939128,ERBB2,eligibility_criteria
NCT06201234,ERBB2,eligibility_criteria
NCT04585074,BRCA1,eligibility_criteria
NCT04585074,PALB2,eligibility_criteria
NCT04585074,TP53,eligibility_criteria
NCT02206360,APC,eligibility_criteria
NCT02206360,ATM,eligibility_criteria
NCT02206360,BRCA1,eligibility_criteria
NCT02206360,BRCA2,eligibility_criteria
NCT02206360,CDKN2A,eligibility_criteria
NCT02206360,MLH1,eligibility_criteria
NCT02206360,MSH2,eligibility_criteria
NCT02206360,MSH6,eligibility_criteria
NCT02206360,PALB2,eligibility_criteria
NCT01874353,BRCA1,eligibility_criteria
NCT01874353,BRCA2,eligibility_criteria
NCT04474834,ATM,eligibility_criteria
NCT04474834,BRCA1,eligibility_criteria
NCT04474834,BRCA2,eligibility_criteria
NCT00579488,BRCA1,eligibility_criteria
NCT00579488,BRCA2,eligibility_criteria
NCT03396341,ATM,eligibility_criteria
NCT03396341,BRCA1,eligibility_criteria
NCT03396341,BRCA2,eligibility_criteria
NCT03396341,CHEK2,eligibility_criteria
NCT03396341,PALB2,eligibility_criteria
NCT06115499,BRCA1,eligibility_criteria
NCT06115499,PALB2,eligibility_criteria
NCT04892693,ATM,eligibility_criteria
NCT04892693,BRCA1,eligibility_criteria
NCT04892693,CHEK2,eligibility_criteria
NCT04892693,PALB2,eligibility_criteria
NCT04892693,RAD51,eligibility_criteria
NCT01646034,BRCA1,eligibility_criteria
NCT01646034,BRCA2,eligibility_criteria
NCT01646034,ERBB2,eligibility_criteria
NCT07356453,BRCA1,eligibility_criteria
NCT05457257,BRCA1,eligibility_criteria
NCT07039552,BRCA1,eligibility_criteria
NCT07039552,BRCA2,eligibility_criteria
NCT03990896,ERBB2,eligibility_criteria
NCT05327010,BRCA1,eligibility_criteria
NCT05327010,BRCA2,eligibility_criteria
NCT05327010,KRAS,eligibility_criteria
NCT05327010,PALB2,eligibility_criteria
NCT05327010,RAD51,eligibility_criteria
NCT06580314,BRCA1,eligibility_criteria
NCT06580314,BRCA2,eligibility_criteria
NCT06888388,BRCA1,eligibility_criteria
NCT06888388,BRCA2,eligibility_criteria
NCT06888388,PALB2,eligibility_criteria
NCT06888388,PTEN,eligibility_criteria
NCT06888388,TP53,eligibility_criteria
NCT06212583,ATM,eligibility_criteria
NCT06212583,BRCA1,eligibility_criteria
NCT06212583,CHEK2,eligibility_criteria
NCT06212583,PALB2,eligibility_criteria
NCT06212583,TP53,eligibility_criteria
NCT04261972,BRCA1,eligibility_criteria
NCT04261972,BRCA2,eligibility_criteria
NCT04294927,BRCA1,eligibility_criteria
NCT04294927,BRCA2,eligibility_criteria
NCT06175390,BRCA1,eligibility_criteria
NCT06175390,BRCA2,eligibility_criteria
NCT06175390,ERBB2,eligibility_criteria
NCT04251052,BRCA1,eligibility_criteria
NCT04251052,ERBB2,eligibility_criteria
NCT03246841,BRCA1,eligibility_criteria
NCT03246841,BRCA2,eligibility_criteria
NCT03344965,ATM,eligibility_criteria
NCT03344965,BRCA1,eligibility_criteria
NCT03344965,BRCA2,eligibility_criteria
NCT03344965,CHEK2,eligibility_criteria
NCT03344965,PALB2,eligibility_criteria
NCT03742895,BRCA1,eligibility_criteria
NCT03742895,BRCA2,eligibility_criteria
NCT05097274,ATM,eligibility_criteria
NCT05097274,BRCA1,eligibility_criteria
NCT05097274,BRCA2,eligibility_criteria
NCT05097274,CHEK2,eligibility_criteria
NCT05097274,MLH1,eligibility_criteria
NCT05097274,MSH2,eligibility_criteria
NCT05097274,MSH6,eligibility_criteria
NCT05097274,PALB2,eligibility_criteria
NCT01608074,BRCA1,eligibility_criteria
NCT01608074,BRCA2,eligibility_criteria
NCT06417801,CDK4,eligibility_criteria
NCT06022029,BRCA1,eligibility_criteria
NCT06022029,BRCA2,eligibility_criteria
NCT01905046,BRCA2,eligibility_criteria
NCT05378204,ERBB2,eligibility_criteria
NCT04439227,BRCA1,eligibility_criteria
NCT04439227,BRCA2,eligibility_criteria
NCT04439227,ERBB2,eligibility_criteria
NCT02849496,ERBB2,eligibility_criteria
NCT01898117,ERBB2,eligibility_criteria
NCT00080756,BRCA1,eligibility_criteria
NCT00080756,BRCA2,eligibility_criteria
NCT02286687,ATM,eligibility_criteria
NCT02286687,BRCA1,eligibility_criteria
NCT02286687,BRCA2,eligibility_criteria
NCT02286687,PALB2,eligibility_criteria
NCT05033756,ATM,eligibility_criteria
NCT05033756,BRCA1,eligibility_criteria
NCT05033756,BRCA2,eligibility_criteria
NCT05033756,CDK4,eligibility_criteria
NCT05033756,CHEK2,eligibility_criteria
NCT05033756,ERBB2,eligibility_criteria
NCT05033756,PALB2,eligibility_criteria
NCT06324240,BRCA1,eligibility_criteria
NCT06324240,BRCA2,eligibility_criteria
NCT02810743,BRCA1,eligibility_criteria
NCT02810743,ERBB2,eligibility_criteria
NCT01034033,BRCA1,eligibility_criteria
NCT01034033,BRCA2,eligibility_criteria
NCT01034033,PTEN,eligibility_criteria
NCT01034033,TP53,eligibility_criteria
NCT06111417,BRCA1,eligibility_criteria
NCT04150042,BRCA1,eligibility_criteria
NCT04150042,BRCA2,eligibility_criteria
NCT04150042,ERBB2,eligibility_criteria
NCT04150042,PALB2,eligibility_criteria
NCT04794322,BRCA1,eligibility_criteria
NCT04794322,BRCA2,eligibility_criteria
NCT05498272,ATM,eligibility_criteria
NCT05498272,BRCA1,eligibility_criteria
NCT05498272,CHEK2,eligibility_criteria
NCT05498272,PALB2,eligibility_criteria
NCT04090567,ERBB2,eligibility_criteria
NCT06783140,BRCA1,eligibility_criteria
NCT06783140,PALB2,eligibility_criteria
NCT02543905,ATM,eligibility_criteria
NCT02543905,BRCA1,eligibility_criteria
NCT02543905,BRCA2,eligibility_criteria
NCT02543905,CHEK2,eligibility_criteria
NCT02543905,MLH1,eligibility_criteria
NCT02543905,MSH2,eligibility_criteria
NCT02543905,MSH6,eligibility_criteria
NCT02543905,PALB2,eligibility_criteria
NCT05287451,BRCA1,eligibility_criteria
NCT05287451,BRCA2,eligibility_criteria
NCT05287451,PALB2,eligibility_criteria
NCT02302742,PALB2,eligibility_criteria
NCT02302742,PTEN,eligibility_criteria
NCT02705846,BRCA1,eligibility_criteria
NCT02705846,BRCA2,eligibility_criteria
NCT04520074,BRCA1,eligibility_criteria
NCT05379972,ATM,eligibility_criteria
NCT05379972,BRCA1,eligibility_criteria
NCT05379972,BRCA2,eligibility_criteria
NCT05379972,CHEK2,eligibility_criteria
NCT05379972,ERBB2,eligibility_criteria
NCT05379972,PALB2,eligibility_criteria
NCT05379972,PTEN,eligibility_criteria
NCT04960839,BRCA1,eligibility_criteria
NCT04960839,BRCA2,eligibility_criteria
NCT04960839,PALB2,eligibility_criteria
NCT04431024,BRCA1,eligibility_criteria
NCT03568630,APC,eligibility_criteria
NCT03568630,ATM,eligibility_criteria
NCT03568630,BRCA1,eligibility_criteria
NCT03568630,BRCA2,eligibility_criteria
NCT03568630,MLH1,eligibility_criteria
NCT03568630,MSH2,eligibility_criteria
NCT03568630,MSH6,eligibility_criteria
NCT03568630,PALB2,eligibility_criteria
NCT03568630,SMAD4,eligibility_criteria
NCT03568630,STK11,eligibility_criteria
NCT03568630,TP53,eligibility_criteria
NCT02321228,BRCA1,eligibility_criteria
NCT02321228,BRCA2,eligibility_criteria
NCT06193525,BRCA1,eligibility_criteria
NCT06193525,BRCA2,eligibility_criteria
NCT06193525,ERBB2,eligibility_criteria
NCT04711109,BRCA1,eligibility_criteria
NCT07498829,BRCA1,eligibility_criteria
NCT07498829,BRCA2,eligibility_criteria
NCT07498829,MLH1,eligibility_criteria
NCT07498829,MSH2,eligibility_criteria
NCT07498829,MSH6,eligibility_criteria
NCT07498829,PALB2,eligibility_criteria
NCT06792721,BRCA1,eligibility_criteria
NCT06792721,BRCA2,eligibility_criteria
NCT04335669,BRCA1,eligibility_criteria
NCT04335669,BRCA2,eligibility_criteria
NCT04335669,ERBB2,eligibility_criteria
NCT05787587,ATM,eligibility_criteria
NCT05787587,BRCA1,eligibility_criteria
NCT05787587,CHEK2,eligibility_criteria
NCT05787587,PALB2,eligibility_criteria
NCT01907789,BRCA1,eligibility_criteria
NCT01907789,BRCA2,eligibility_criteria
NCT06195306,ATM,eligibility_criteria
NCT06195306,BRCA1,eligibility_criteria
NCT06195306,BRCA2,eligibility_criteria
NCT06195306,CHEK2,eligibility_criteria
NCT06195306,NF1,eligibility_criteria
NCT06195306,PALB2,eligibility_criteria
NCT06195306,PTEN,eligibility_criteria
NCT06195306,STK11,eligibility_criteria
NCT06195306,TP53,eligibility_criteria
NCT06775470,BRCA1,eligibility_criteria
NCT06775470,BRCA2,eligibility_criteria
NCT05129605,ATM,eligibility_criteria
NCT05129605,BRCA1,eligibility_criteria
NCT05129605,BRCA2,eligibility_criteria
NCT05129605,CHEK2,eligibility_criteria
NCT05129605,MLH1,eligibility_criteria
NCT05129605,MSH2,eligibility_criteria
NCT05129605,MSH6,eligibility_criteria
NCT05129605,PALB2,eligibility_criteria
NCT05129605,TP53,eligibility_criteria
NCT02032823,BRCA1,eligibility_criteria
NCT02032823,BRCA2,eligibility_criteria
NCT02032823,ERBB2,eligibility_criteria
NCT06380751,BRCA1,eligibility_criteria
NCT06380751,BRCA2,eligibility_criteria
NCT06380751,CDK4,eligibility_criteria
NCT06380751,ERBB2,eligibility_criteria
NCT06380751,PALB2,eligibility_criteria
NCT04584255,BRCA1,eligibility_criteria
NCT04584255,BRCA2,eligibility_criteria
NCT04584255,ERBB2,eligibility_criteria
NCT04584255,PALB2,eligibility_criteria
NCT01102569,BRCA1,eligibility_criteria
NCT03805919,ATM,eligibility_criteria
NCT03805919,BRCA1,eligibility_criteria
NCT03805919,BRCA2,eligibility_criteria
NCT03805919,CHEK2,eligibility_criteria
NCT03805919,MLH1,eligibility_criteria
NCT03805919,MSH2,eligibility_criteria
NCT03805919,MSH6,eligibility_criteria
NCT03805919,PALB2,eligibility_criteria
NCT03805919,TP53,eligibility_criteria
NCT05420064,APC,eligibility_criteria
NCT05420064,ATM,eligibility_criteria
NCT05420064,BRCA1,eligibility_criteria
NCT05420064,BRCA2,eligibility_criteria
NCT05420064,CDK4,eligibility_criteria
NCT05420064,CDKN2A,eligibility_criteria
NCT05420064,CHEK2,eligibility_criteria
NCT05420064,KEAP1,eligibility_criteria
NCT05420064,KIT,eligibility_criteria
NCT05420064,MET,eligibility_criteria
NCT05420064,MLH1,eligibility_criteria
NCT05420064,MSH2,eligibility_criteria
NCT05420064,MSH6,eligibility_criteria
NCT05420064,NF1,eligibility_criteria
NCT05420064,PALB2,eligibility_criteria
NCT05420064,POLE,eligibility_criteria
NCT05420064,PTEN,eligibility_criteria
NCT05420064,RET,eligibility_criteria
NCT05420064,SMAD4,eligibility_criteria
NCT05420064,STK11,eligibility_criteria
NCT05420064,TP53,eligibility_criteria
NCT05420064,VHL,eligibility_criteria
NCT03414684,ERBB2,eligibility_criteria
NCT06177171,ATM,eligibility_criteria
NCT06177171,BRCA1,eligibility_criteria
NCT06177171,BRCA2,eligibility_criteria
NCT06177171,CHEK2,eligibility_criteria
NCT06177171,PALB2,eligibility_criteria
NCT03428802,BRCA1,eligibility_criteria
NCT03428802,BRCA2,eligibility_criteria
NCT03428802,POLE,eligibility_criteria
NCT05485766,BRCA1,eligibility_criteria
NCT05485766,BRCA2,eligibility_criteria
NCT00261456,BRCA1,eligibility_criteria
NCT00261456,BRCA2,eligibility_criteria
NCT00261456,MLH1,eligibility_criteria
NCT00261456,MSH2,eligibility_criteria
NCT00261456,MSH6,eligibility_criteria
NCT06497270,BRCA1,eligibility_criteria
NCT05898009,BRCA2,eligibility_criteria
NCT07265414,BRCA1,eligibility_criteria
NCT06640881,ERBB2,eligibility_criteria
NCT04045691,BRAF,eligibility_criteria
NCT03808558,ALK,eligibility_criteria
NCT03808558,EGFR,eligibility_criteria
NCT03808558,KRAS,eligibility_criteria
NCT06249282,KRAS,eligibility_criteria
NCT07240766,KRAS,eligibility_criteria
NCT02152631,CDK4,eligibility_criteria
NCT02152631,CDK6,eligibility_criteria
NCT02152631,KRAS,eligibility_criteria
NCT05726864,KRAS,eligibility_criteria
NCT05726864,NRAS,eligibility_criteria
NCT04449874,KRAS,eligibility_criteria
NCT06582771,KRAS,eligibility_criteria
NCT05094336,CDKN2A,eligibility_criteria
NCT05009329,KRAS,eligibility_criteria
NCT05398094,ALK,eligibility_criteria
NCT05398094,EGFR,eligibility_criteria
NCT05398094,KRAS,eligibility_criteria
NCT05398094,ROS1,eligibility_criteria
NCT06478251,KRAS,eligibility_criteria
NCT06315010,ROS1,eligibility_criteria
NCT07190677,ALK,eligibility_criteria
NCT07190677,EGFR,eligibility_criteria
NCT05010694,KRAS,eligibility_criteria
NCT06243354,KRAS,eligibility_criteria
NCT07349537,KRAS,eligibility_criteria
NCT06758401,ALK,eligibility_criteria
NCT06758401,BRAF,eligibility_criteria
NCT06758401,EGFR,eligibility_criteria
NCT06758401,MET,eligibility_criteria
NCT06758401,RET,eligibility_criteria
NCT06758401,ROS1,eligibility_criteria
NCT07474168,KRAS,eligibility_criteria
NCT05485974,KRAS,eligibility_criteria
NCT06934538,BRAF,eligibility_criteria
NCT06934538,KRAS,eligibility_criteria
NCT06959615,KRAS,eligibility_criteria
NCT07204340,KRAS,eligibility_criteria
NCT06179160,KRAS,eligibility_criteria
NCT05549297,BRAF,eligibility_criteria
NCT06494540,ALK,eligibility_criteria
NCT06494540,EGFR,eligibility_criteria
NCT06494540,KEAP1,eligibility_criteria
NCT06494540,KRAS,eligibility_criteria
NCT06494540,STK11,eligibility_criteria
NCT06494540,TP53,eligibility_criteria
NCT07252479,ALK,eligibility_criteria
NCT07252479,BRAF,eligibility_criteria
NCT07252479,EGFR,eligibility_criteria
NCT07252479,KRAS,eligibility_criteria
NCT07252479,NRAS,eligibility_criteria
NCT07252479,RET,eligibility_criteria
NCT07252479,ROS1,eligibility_criteria
NCT02246621,CDK4,eligibility_criteria
NCT02246621,ERBB2,eligibility_criteria
NCT03206671,MYC,eligibility_criteria
NCT06973564,KRAS,eligibility_criteria
NCT05462717,KEAP1,eligibility_criteria
NCT05462717,KRAS,eligibility_criteria
NCT05462717,STK11,eligibility_criteria
NCT06659341,KRAS,eligibility_criteria
NCT07353645,BRAF,eligibility_criteria
NCT07353645,KRAS,eligibility_criteria
NCT06343402,KRAS,eligibility_criteria
NCT06645236,KRAS,eligibility_criteria
NCT06008093,ALK,eligibility_criteria
NCT06008093,KEAP1,eligibility_criteria
NCT06008093,KRAS,eligibility_criteria
NCT06008093,STK11,eligibility_criteria
NCT06782932,KRAS,eligibility_criteria
NCT05853575,KRAS,eligibility_criteria
NCT06496373,KRAS,eligibility_criteria
NCT06496373,TP53,eligibility_criteria
NCT04625270,KRAS,eligibility_criteria
NCT06720987,KRAS,eligibility_criteria
NCT04027309,FLT3,eligibility_criteria
NCT06890598,ALK,eligibility_criteria
NCT06890598,EGFR,eligibility_criteria
NCT06890598,KRAS,eligibility_criteria
NCT07397338,KRAS,eligibility_criteria
NCT07397338,NRAS,eligibility_criteria
NCT07084558,ERBB2,eligibility_criteria
NCT06497556,KRAS,eligibility_criteria
NCT06412198,KRAS,eligibility_criteria
NCT07012031,ERBB2,eligibility_criteria
NCT07012031,KRAS,eligibility_criteria
NCT06662786,BRAF,eligibility_criteria
NCT06662786,EGFR,eligibility_criteria
NCT06662786,ERBB2,eligibility_criteria
NCT06662786,KRAS,eligibility_criteria
NCT06662786,MET,eligibility_criteria
NCT06662786,NRAS,eligibility_criteria
NCT06015724,KRAS,eligibility_criteria
NCT05740566,EGFR,eligibility_criteria
NCT06807619,KRAS,eligibility_criteria
NCT07174908,ALK,eligibility_criteria
NCT07174908,EGFR,eligibility_criteria
NCT07174908,KRAS,eligibility_criteria
NCT07174908,ROS1,eligibility_criteria
NCT07492342,ALK,eligibility_criteria
NCT07492342,EGFR,eligibility_criteria
NCT07492342,KRAS,eligibility_criteria
NCT06767046,KRAS,eligibility_criteria
NCT05504278,KRAS,eligibility_criteria
NCT05074810,KRAS,eligibility_criteria
NCT07455617,KRAS,eligibility_criteria
NCT06229340,KRAS,eligibility_criteria
NCT06229340,NRAS,eligibility_criteria
NCT06403735,KRAS,eligibility_criteria
NCT07284849,BRAF,eligibility_criteria
NCT04685135,KRAS,eligibility_criteria
NCT05654623,CDK4,eligibility_criteria
NCT05654623,ERBB2,eligibility_criteria
NCT05118854,KRAS,eligibility_criteria
NCT05375994,KRAS,eligibility_criteria
NCT05288205,KRAS,eligibility_criteria
NCT05945732,ERBB2,eligibility_criteria
NCT07431827,KRAS,eligibility_criteria
NCT05276726,KEAP1,eligibility_criteria
NCT05276726,KRAS,eligibility_criteria
NCT05276726,STK11,eligibility_criteria
NCT07557849,KRAS,eligibility_criteria
NCT05367778,KRAS,eligibility_criteria
NCT05816499,ALK,eligibility_criteria
NCT05816499,BRAF,eligibility_criteria
NCT05816499,EGFR,eligibility_criteria
NCT06659042,KRAS,eligibility_criteria
NCT06235983,KRAS,eligibility_criteria
NCT04613596,KRAS,eligibility_criteria
NCT06484790,KRAS,eligibility_criteria
NCT04956640,KRAS,eligibility_criteria
NCT05445843,ALK,eligibility_criteria
NCT05445843,EGFR,eligibility_criteria
NCT05445843,KRAS,eligibility_criteria
NCT05445843,STK11,eligibility_criteria
NCT04657991,BRAF,eligibility_criteria
NCT02308085,BRCA1,eligibility_criteria
NCT02308085,ERBB2,eligibility_criteria
NCT03820830,CDK4,eligibility_criteria
NCT03820830,ERBB2,eligibility_criteria
NCT06008288,KRAS,eligibility_criteria
NCT06750094,BRAF,eligibility_criteria
NCT06750094,EGFR,eligibility_criteria
NCT06750094,ERBB2,eligibility_criteria
NCT06750094,KRAS,eligibility_criteria
NCT06750094,MET,eligibility_criteria
NCT06750094,NRAS,eligibility_criteria
NCT04929223,KRAS,eligibility_criteria
NCT07252739,KRAS,eligibility_criteria
NCT01933932,KRAS,eligibility_criteria
NCT06998940,ALK,eligibility_criteria
NCT06998940,BRAF,eligibility_criteria
NCT06998940,BRCA1,eligibility_criteria
NCT06998940,EGFR,eligibility_criteria
NCT06998940,ERBB2,eligibility_criteria
NCT06998940,FGFR1,eligibility_criteria
NCT06998940,KRAS,eligibility_criteria
NCT06998940,MET,eligibility_criteria
NCT06998940,NRAS,eligibility_criteria
NCT06998940,NTRK1,eligibility_criteria
NCT06998940,PALB2,eligibility_criteria
NCT06998940,PTEN,eligibility_criteria
NCT06998940,RET,eligibility_criteria
NCT04599140,KRAS,eligibility_criteria
NCT04599140,NRAS,eligibility_criteria
NCT05132075,ALK,eligibility_criteria
NCT05132075,EGFR,eligibility_criteria
NCT05132075,KRAS,eligibility_criteria
NCT06043713,ALK,eligibility_criteria
NCT06043713,BRAF,eligibility_criteria
NCT06043713,EGFR,eligibility_criteria
NCT06043713,ERBB2,eligibility_criteria
NCT06043713,KRAS,eligibility_criteria
NCT06446882,ERBB2,eligibility_criteria
NCT05382559,KRAS,eligibility_criteria
NCT06300177,KRAS,eligibility_criteria
NCT06625320,KRAS,eligibility_criteria
NCT06625320,NRAS,eligibility_criteria
NCT07148128,KRAS,eligibility_criteria
NCT05501886,CDK4,eligibility_criteria
NCT05501886,ERBB2,eligibility_criteria
NCT05501886,PIK3CA,eligibility_criteria
NCT06818812,KRAS,eligibility_criteria
NCT06797336,KRAS,eligibility_criteria
NCT06577532,KRAS,eligibility_criteria
NCT04699188,KRAS,eligibility_criteria
NCT04595565,ERBB2,eligibility_criteria
NCT02642042,KRAS,eligibility_criteria
NCT06467357,ERBB2,eligibility_criteria
NCT06428500,KRAS,eligibility_criteria
NCT06835569,KRAS,eligibility_criteria
NCT06011772,BRAF,eligibility_criteria
NCT06011772,EGFR,eligibility_criteria
NCT06011772,KRAS,eligibility_criteria
NCT06011772,NRAS,eligibility_criteria
NCT05789082,KRAS,eligibility_criteria
NCT05254184,KRAS,eligibility_criteria
NCT05180799,KEAP1,eligibility_criteria
NCT05180799,KRAS,eligibility_criteria
NCT05180799,STK11,eligibility_criteria
NCT02466737,ERBB2,eligibility_criteria
NCT05511688,MLH1,eligibility_criteria
NCT05511688,MSH2,eligibility_criteria
NCT05511688,MSH6,eligibility_criteria
NCT07198841,ALK,eligibility_criteria
NCT07198841,EGFR,eligibility_criteria
NCT07198841,KRAS,eligibility_criteria
NCT06830720,ERBB2,eligibility_criteria
NCT04146298,KRAS,eligibility_criteria
NCT04146298,NRAS,eligibility_criteria
NCT07004244,KRAS,eligibility_criteria
NCT03875820,KRAS,eligibility_criteria
NCT05272423,KRAS,eligibility_criteria
NCT02066220,MYC,eligibility_criteria
NCT05111626,ERBB2,eligibility_criteria
NCT06731478,ERBB2,eligibility_criteria
NCT06106308,BRAF,eligibility_criteria
NCT06106308,KRAS,eligibility_criteria
NCT06106308,NRAS,eligibility_criteria
NCT07300150,KRAS,eligibility_criteria
NCT07064018,KRAS,eligibility_criteria
NCT07207707,KRAS,eligibility_criteria
NCT06944457,KRAS,eligibility_criteria
NCT06944457,PTEN,eligibility_criteria
NCT05514054,CDK4,eligibility_criteria
NCT05514054,ERBB2,eligibility_criteria
NCT07288034,ALK,eligibility_criteria
NCT07288034,EGFR,eligibility_criteria
NCT07288034,KRAS,eligibility_criteria
NCT07288034,ROS1,eligibility_criteria
NCT06385678,KRAS,eligibility_criteria
NCT05067283,KRAS,eligibility_criteria
NCT05554367,BRAF,eligibility_criteria
NCT05554367,CDK4,eligibility_criteria
NCT05554367,KRAS,eligibility_criteria
NCT05554367,NRAS,eligibility_criteria
NCT07535112,KRAS,eligibility_criteria
NCT05609578,KRAS,eligibility_criteria
NCT06715124,KRAS,eligibility_criteria
NCT07441174,KRAS,eligibility_criteria
NCT06620848,KRAS,eligibility_criteria
NCT06546150,KRAS,eligibility_criteria
NCT05815173,ALK,eligibility_criteria
NCT05815173,EGFR,eligibility_criteria
NCT05815173,KRAS,eligibility_criteria
NCT05815173,RET,eligibility_criteria
NCT05815173,ROS1,eligibility_criteria
NCT04101851,ERBB2,eligibility_criteria
NCT03600883,KRAS,eligibility_criteria
NCT07522073,KRAS,eligibility_criteria
NCT04625647,ALK,eligibility_criteria
NCT04625647,BRAF,eligibility_criteria
NCT04625647,EGFR,eligibility_criteria
NCT04625647,KRAS,eligibility_criteria
NCT04625647,ROS1,eligibility_criteria
NCT05874414,KRAS,eligibility_criteria
NCT06634875,KRAS,eligibility_criteria
NCT06634875,NRAS,eligibility_criteria
NCT04634877,POLE,eligibility_criteria
NCT05920356,KRAS,eligibility_criteria
NCT06962254,KRAS,eligibility_criteria
NCT06112314,BRAF,eligibility_criteria
NCT06162221,KRAS,eligibility_criteria
NCT06585488,KRAS,eligibility_criteria
NCT04493853,PTEN,eligibility_criteria
NCT04303780,KRAS,eligibility_criteria
NCT06411691,KRAS,eligibility_criteria
NCT04117087,KRAS,eligibility_criteria
NCT04468984,JAK2,eligibility_criteria
NCT03839771,FLT3,eligibility_criteria
NCT03839771,IDH1,eligibility_criteria
NCT03839771,IDH2,eligibility_criteria
NCT06345729,KRAS,eligibility_criteria
NCT06952803,BRCA1,eligibility_criteria
NCT06952803,BRCA2,eligibility_criteria
NCT04844866,MYC,eligibility_criteria
NCT03897127,ABL1,eligibility_criteria
NCT03897127,FLT3,eligibility_criteria
NCT03897127,NPM1,eligibility_criteria
NCT07223047,KRAS,eligibility_criteria
NCT05887492,KRAS,eligibility_criteria
NCT05887492,STK11,eligibility_criteria
NCT06026410,KRAS,eligibility_criteria
NCT06026410,NRAS,eligibility_criteria
NCT06253520,KRAS,eligibility_criteria
NCT05786924,BRAF,eligibility_criteria
NCT05786924,EGFR,eligibility_criteria
NCT05786924,KRAS,eligibility_criteria
NCT05786924,NRAS,eligibility_criteria
NCT04674683,BRAF,eligibility_criteria
NCT05959356,BRAF,eligibility_criteria
NCT05959356,EGFR,eligibility_criteria
NCT06040541,KRAS,eligibility_criteria
NCT05876754,IDH1,eligibility_criteria
NCT07417189,ALK,eligibility_criteria
NCT07417189,BRAF,eligibility_criteria
NCT07417189,EGFR,eligibility_criteria
NCT07417189,KRAS,eligibility_criteria
NCT07417189,MET,eligibility_criteria
NCT07417189,NTRK1,eligibility_criteria
NCT07417189,RET,eligibility_criteria
NCT07417189,ROS1,eligibility_criteria
NCT06578559,BRAF,eligibility_criteria
NCT06578559,EGFR,eligibility_criteria
NCT06578559,KRAS,eligibility_criteria
NCT06578559,MET,eligibility_criteria
NCT06578559,NRAS,eligibility_criteria
NCT05194995,KRAS,eligibility_criteria
NCT06227377,KRAS,eligibility_criteria
NCT06697301,BRAF,eligibility_criteria
NCT06364696,KRAS,eligibility_criteria
NCT07227025,ALK,eligibility_criteria
NCT07227025,BRAF,eligibility_criteria
NCT07227025,EGFR,eligibility_criteria
NCT07227025,ERBB2,eligibility_criteria
NCT07227025,KRAS,eligibility_criteria
NCT07227025,MET,eligibility_criteria
NCT07227025,NRAS,eligibility_criteria
NCT07227025,RET,eligibility_criteria
NCT07227025,ROS1,eligibility_criteria
NCT07094204,KRAS,eligibility_criteria
NCT07094113,KRAS,eligibility_criteria
NCT02079740,KRAS,eligibility_criteria
NCT02079740,NRAS,eligibility_criteria
NCT06898385,KRAS,eligibility_criteria
NCT03643276,ABL1,eligibility_criteria
NCT05379985,KRAS,eligibility_criteria
NCT06500676,KRAS,eligibility_criteria
NCT05722327,EGFR,eligibility_criteria
NCT05774951,CDK4,eligibility_criteria
NCT05774951,ERBB2,eligibility_criteria
NCT06804824,EGFR,eligibility_criteria
NCT06804824,ERBB2,eligibility_criteria
NCT06804824,KRAS,eligibility_criteria
NCT06804824,NRAS,eligibility_criteria
NCT07134998,KRAS,eligibility_criteria
NCT07456046,KRAS,eligibility_criteria
NCT03091257,BRAF,eligibility_criteria
NCT03091257,KRAS,eligibility_criteria
NCT03091257,NRAS,eligibility_criteria
NCT06326411,BRAF,eligibility_criteria
NCT06326411,KRAS,eligibility_criteria
NCT06326411,NRAS,eligibility_criteria
NCT06336902,KRAS,eligibility_criteria
NCT05410145,KRAS,eligibility_criteria
NCT06625775,BRAF,eligibility_criteria
NCT06625775,CDK4,eligibility_criteria
NCT06625775,EGFR,eligibility_criteria
NCT06625775,ERBB2,eligibility_criteria
NCT06625775,KRAS,eligibility_criteria
NCT06625775,MET,eligibility_criteria
NCT06625775,PIK3CA,eligibility_criteria
NCT06625775,RET,eligibility_criteria
NCT06625775,ROS1,eligibility_criteria
NCT03190941,ALK,eligibility_criteria
NCT03190941,EGFR,eligibility_criteria
NCT03190941,KRAS,eligibility_criteria
NCT03190941,NRAS,eligibility_criteria
NCT06119581,ALK,eligibility_criteria
NCT06119581,BRAF,eligibility_criteria
NCT06119581,EGFR,eligibility_criteria
NCT06119581,ERBB2,eligibility_criteria
NCT06119581,KRAS,eligibility_criteria
NCT06119581,MET,eligibility_criteria
NCT06119581,RET,eligibility_criteria
NCT06119581,ROS1,eligibility_criteria
NCT04439175,KRAS,eligibility_criteria
NCT04439175,PIK3CA,eligibility_criteria
NCT04439175,PTEN,eligibility_criteria
NCT05669482,KRAS,eligibility_criteria
NCT07259590,KRAS,eligibility_criteria
NCT06917079,KRAS,eligibility_criteria
NCT06449989,BRAF,eligibility_criteria
NCT06449989,ERBB2,eligibility_criteria
NCT06449989,KRAS,eligibility_criteria
NCT06449989,NRAS,eligibility_criteria
NCT06105021,KRAS,eligibility_criteria
NCT04111458,KRAS,eligibility_criteria
NCT07438106,KRAS,eligibility_criteria
NCT07286149,KRAS,eligibility_criteria
NCT04975308,CDK4,eligibility_criteria
NCT04975308,ERBB2,eligibility_criteria
NCT06997497,KRAS,eligibility_criteria
NCT06793813,ALK,eligibility_criteria
NCT06793813,BRAF,eligibility_criteria
NCT06793813,EGFR,eligibility_criteria
NCT06586515,KRAS,eligibility_criteria
NCT05585320,BRAF,eligibility_criteria
NCT05585320,KRAS,eligibility_criteria
NCT05585320,NRAS,eligibility_criteria
NCT06726265,ALK,eligibility_criteria
NCT06726265,EGFR,eligibility_criteria
NCT06726265,ROS1,eligibility_criteria
NCT07415031,KRAS,eligibility_criteria
NCT05438667,KRAS,eligibility_criteria
NCT06667544,KRAS,eligibility_criteria
NCT07023731,KRAS,eligibility_criteria
NCT06484556,KRAS,eligibility_criteria
NCT03737643,BRCA1,eligibility_criteria
NCT07491445,KRAS,eligibility_criteria
NCT07491445,NRAS,eligibility_criteria
NCT06244771,KRAS,eligibility_criteria
NCT05638295,EGFR,eligibility_criteria
NCT05638295,KRAS,eligibility_criteria
NCT06333951,KRAS,eligibility_criteria
NCT06793215,KRAS,eligibility_criteria
NCT05631899,KRAS,eligibility_criteria
NCT06166836,KRAS,eligibility_criteria
NCT06607185,KRAS,eligibility_criteria
NCT05533463,KRAS,eligibility_criteria
NCT04973163,KRAS,eligibility_criteria
NCT06385925,KRAS,eligibility_criteria
NCT07145450,KRAS,eligibility_criteria
NCT05631249,KRAS,eligibility_criteria
NCT06117774,EGFR,eligibility_criteria
NCT05132582,EGFR,eligibility_criteria
NCT05132582,ERBB2,eligibility_criteria
NCT03785249,KRAS,eligibility_criteria
NCT03785249,STK11,eligibility_criteria
NCT03994796,BRAF,eligibility_criteria
NCT03994796,CDK4,eligibility_criteria
NCT03994796,EGFR,eligibility_criteria
NCT03994796,ERBB2,eligibility_criteria
NCT03994796,KRAS,eligibility_criteria
NCT03994796,ROS1,eligibility_criteria
NCT06487377,KRAS,eligibility_criteria
NCT07483983,ALK,eligibility_criteria
NCT07483983,BRAF,eligibility_criteria
NCT07483983,EGFR,eligibility_criteria
NCT07483983,KRAS,eligibility_criteria
NCT07483983,MET,eligibility_criteria
NCT07483983,RET,eligibility_criteria
NCT07483983,ROS1,eligibility_criteria
NCT06248606,KRAS,eligibility_criteria
NCT04777175,ALK,eligibility_criteria
NCT04777175,BRAF,eligibility_criteria
NCT04777175,ERBB2,eligibility_criteria
NCT04777175,MET,eligibility_criteria
NCT04777175,RET,eligibility_criteria
NCT07209111,KRAS,eligibility_criteria
NCT07172919,KRAS,eligibility_criteria
NCT05270044,BRAF,eligibility_criteria
NCT03800134,ALK,eligibility_criteria
NCT03800134,EGFR,eligibility_criteria
NCT05841550,KRAS,eligibility_criteria
NCT05841550,NRAS,eligibility_criteria
NCT04302025,ALK,eligibility_criteria
NCT04302025,BRAF,eligibility_criteria
NCT04302025,KRAS,eligibility_criteria
NCT04302025,NTRK1,eligibility_criteria
NCT04302025,RET,eligibility_criteria
NCT04302025,ROS1,eligibility_criteria
NCT05013216,ATM,eligibility_criteria
NCT05013216,BRCA1,eligibility_criteria
NCT05013216,BRCA2,eligibility_criteria
NCT05013216,CDKN2A,eligibility_criteria
NCT05013216,KRAS,eligibility_criteria
NCT05013216,PALB2,eligibility_criteria
NCT06881784,KRAS,eligibility_criteria
NCT06881784,NRAS,eligibility_criteria
NCT06218914,KRAS,eligibility_criteria
NCT07252232,KRAS,eligibility_criteria
NCT07252232,NRAS,eligibility_criteria
NCT05661201,KRAS,eligibility_criteria
NCT06128551,KEAP1,eligibility_criteria
NCT06128551,KRAS,eligibility_criteria
NCT06128551,STK11,eligibility_criteria
NCT07458347,KRAS,eligibility_criteria
NCT06096974,KRAS,eligibility_criteria
NCT06096974,NRAS,eligibility_criteria
NCT06252649,KRAS,eligibility_criteria
NCT06949982,KRAS,eligibility_criteria
NCT06949982,NRAS,eligibility_criteria
NCT07291037,ALK,eligibility_criteria
NCT07291037,BRAF,eligibility_criteria
NCT07291037,EGFR,eligibility_criteria
NCT07291037,ERBB2,eligibility_criteria
NCT07291037,KRAS,eligibility_criteria
NCT07291037,MET,eligibility_criteria
NCT07291037,RET,eligibility_criteria
NCT07291037,ROS1,eligibility_criteria
NCT06445062,KRAS,eligibility_criteria
NCT05952557,ERBB2,eligibility_criteria
NCT04717414,JAK2,eligibility_criteria
NCT05352672,BRAF,eligibility_criteria
NCT06619587,KRAS,eligibility_criteria
NCT04833114,MYC,eligibility_criteria
NCT04793958,EGFR,eligibility_criteria
NCT04793958,KRAS,eligibility_criteria
NCT06072781,KRAS,eligibility_criteria
NCT03155997,CDK4,eligibility_criteria
NCT03155997,CDK6,eligibility_criteria
NCT03155997,ERBB2,eligibility_criteria
NCT04623775,ALK,eligibility_criteria
NCT04623775,BRAF,eligibility_criteria
NCT04623775,EGFR,eligibility_criteria
NCT03225664,ALK,eligibility_criteria
NCT03225664,EGFR,eligibility_criteria
NCT03225664,ROS1,eligibility_criteria
NCT06875310,KRAS,eligibility_criteria
NCT06481813,KRAS,eligibility_criteria
NCT04116541,ALK,eligibility_criteria
NCT04116541,BRAF,eligibility_criteria
NCT04116541,CDK4,eligibility_criteria
NCT04116541,CDK6,eligibility_criteria
NCT04116541,CDKN2A,eligibility_criteria
NCT04116541,FGFR1,eligibility_criteria
NCT04116541,FLT3,eligibility_criteria
NCT04116541,KIT,eligibility_criteria
NCT04116541,KRAS,eligibility_criteria
NCT04116541,MET,eligibility_criteria
NCT04116541,NF1,eligibility_criteria
NCT04116541,NRAS,eligibility_criteria
NCT04116541,PDGFRA,eligibility_criteria
NCT04116541,RET,eligibility_criteria
NCT04116541,ROS1,eligibility_criteria
NCT04116541,SMAD4,eligibility_criteria
NCT07409272,KRAS,eligibility_criteria
NCT06682572,KRAS,eligibility_criteria
NCT04092673,CDK4,eligibility_criteria
NCT04092673,ERBB2,eligibility_criteria
NCT04092673,KRAS,eligibility_criteria
NCT07247110,KRAS,eligibility_criteria
NCT06416410,KRAS,eligibility_criteria
NCT06946927,KRAS,eligibility_criteria
NCT03375437,ALK,eligibility_criteria
NCT03375437,NTRK1,eligibility_criteria
NCT03375437,NTRK2,eligibility_criteria
NCT03375437,NTRK3,eligibility_criteria
NCT03375437,ROS1,eligibility_criteria
NCT03126916,ALK,eligibility_criteria
NCT03917043,ALK,eligibility_criteria
NCT03917043,ROS1,eligibility_criteria
NCT04592523,ALK,eligibility_criteria
NCT02650401,ALK,eligibility_criteria
NCT02650401,NTRK1,eligibility_criteria
NCT02650401,NTRK2,eligibility_criteria
NCT02650401,NTRK3,eligibility_criteria
NCT02650401,ROS1,eligibility_criteria
NCT06550336,ALK,eligibility_criteria
NCT02568267,ALK,eligibility_criteria
NCT02568267,NTRK1,eligibility_criteria
NCT02568267,NTRK2,eligibility_criteria
NCT02568267,NTRK3,eligibility_criteria
NCT02568267,ROS1,eligibility_criteria
NCT05170204,ALK,eligibility_criteria
NCT05170204,EGFR,eligibility_criteria
NCT05170204,ROS1,eligibility_criteria
NCT05978141,ALK,eligibility_criteria
NCT06225427,ALK,eligibility_criteria
NCT06225427,FLT3,eligibility_criteria
NCT06765109,ALK,eligibility_criteria
NCT07313943,ALK,eligibility_criteria
NCT02767804,ALK,eligibility_criteria
NCT05765877,ALK,eligibility_criteria
NCT05765877,ROS1,eligibility_criteria
NCT02321501,ALK,eligibility_criteria
NCT02321501,ROS1,eligibility_criteria
NCT05351320,ALK,eligibility_criteria
NCT05351320,ROS1,eligibility_criteria
NCT03194893,ALK,eligibility_criteria
NCT03194893,RET,eligibility_criteria
NCT04318938,ALK,eligibility_criteria
NCT04318938,TP53,eligibility_criteria
NCT05525338,ALK,eligibility_criteria
NCT06834373,ALK,eligibility_criteria
NCT06834373,MYC,eligibility_criteria
NCT03753685,ALK,eligibility_criteria
NCT05724004,ALK,eligibility_criteria
NCT05713006,ALK,eligibility_criteria
NCT05507541,ALK,eligibility_criteria
NCT05507541,MYC,eligibility_criteria
NCT05599412,ALK,eligibility_criteria
NCT04231877,ALK,eligibility_criteria
NCT04231877,MYC,eligibility_criteria
NCT07556549,ALK,eligibility_criteria
NCT07415005,ALK,eligibility_criteria
NCT03456076,ALK,eligibility_criteria
NCT03202940,ALK,eligibility_criteria
NCT05722886,ALK,eligibility_criteria
NCT05722886,BRAF,eligibility_criteria
NCT05722886,ERBB2,eligibility_criteria
NCT05722886,MET,eligibility_criteria
NCT05722886,ROS1,eligibility_criteria
NCT05498064,ALK,eligibility_criteria
NCT04621188,ROS1,eligibility_criteria
NCT03420508,ALK,eligibility_criteria
NCT03420508,BRAF,eligibility_criteria
NCT07491497,ALK,eligibility_criteria
NCT07013565,ALK,eligibility_criteria
NCT07001384,ALK,eligibility_criteria
NCT02838420,ALK,eligibility_criteria
NCT05950139,ALK,eligibility_criteria
NCT06007937,ALK,eligibility_criteria
NCT02978625,ALK,eligibility_criteria
NCT02393625,ALK,eligibility_criteria
NCT06035497,ALK,eligibility_criteria
NCT07374614,ALK,eligibility_criteria
NCT04774718,ALK,eligibility_criteria
NCT06333899,ALK,eligibility_criteria
NCT07300514,ALK,eligibility_criteria
NCT04094610,ALK,eligibility_criteria
NCT04094610,NTRK1,eligibility_criteria
NCT04094610,ROS1,eligibility_criteria
NCT07567352,ALK,eligibility_criteria
NCT02511288,ALK,eligibility_criteria
NCT02511288,BRAF,eligibility_criteria
NCT02511288,EGFR,eligibility_criteria
NCT02511288,ERBB2,eligibility_criteria
NCT02511288,MET,eligibility_criteria
NCT02511288,RET,eligibility_criteria
NCT02511288,ROS1,eligibility_criteria
NCT05160922,ALK,eligibility_criteria
NCT05160922,ROS1,eligibility_criteria
NCT04881916,ALK,eligibility_criteria
NCT07354061,ALK,eligibility_criteria
NCT06410040,ALK,eligibility_criteria
NCT05004116,ALK,eligibility_criteria
NCT05004116,NTRK1,eligibility_criteria
NCT05004116,ROS1,eligibility_criteria
NCT05721950,ALK,eligibility_criteria
NCT05735327,ALK,eligibility_criteria
NCT05200481,ALK,eligibility_criteria
NCT05200481,BRAF,eligibility_criteria
NCT05200481,EGFR,eligibility_criteria
NCT05200481,KRAS,eligibility_criteria
NCT05200481,MET,eligibility_criteria
NCT05200481,RET,eligibility_criteria
NCT05200481,ROS1,eligibility_criteria
NCT03703050,ALK,eligibility_criteria
NCT03707938,ALK,eligibility_criteria
NCT05955391,ALK,eligibility_criteria
NCT06282874,ALK,eligibility_criteria
NCT06678555,ROS1,eligibility_criteria
NCT04566432,EGFR,eligibility_criteria
NCT05770037,ALK,eligibility_criteria
NCT04084717,MET,eligibility_criteria
NCT04084717,ROS1,eligibility_criteria
NCT06569420,ALK,eligibility_criteria
NCT05441956,ALK,eligibility_criteria
NCT05441956,ROS1,eligibility_criteria
NCT04439266,ALK,eligibility_criteria
NCT06092086,ALK,eligibility_criteria
NCT06781905,ALK,eligibility_criteria
NCT06781905,ROS1,eligibility_criteria
NCT07140016,ALK,eligibility_criteria
NCT03093116,ALK,eligibility_criteria
NCT03093116,NTRK1,eligibility_criteria
NCT03093116,NTRK2,eligibility_criteria
NCT03093116,NTRK3,eligibility_criteria
NCT03093116,ROS1,eligibility_criteria
NCT05014464,ALK,eligibility_criteria
NCT05014464,EGFR,eligibility_criteria
NCT06724237,ALK,eligibility_criteria
NCT05740943,ALK,eligibility_criteria
NCT06487078,ALK,eligibility_criteria
NCT03213652,ALK,eligibility_criteria
NCT03213652,ROS1,eligibility_criteria
NCT06862869,ALK,eligibility_criteria
NCT05341583,ALK,eligibility_criteria
NCT05341583,EGFR,eligibility_criteria
NCT05491811,ALK,eligibility_criteria
NCT05491811,EGFR,eligibility_criteria
NCT05491811,TP53,eligibility_criteria
NCT05122806,ALK,eligibility_criteria
NCT06176690,ALK,eligibility_criteria
NCT02223208,ALK,eligibility_criteria
NCT06234579,ALK,eligibility_criteria
NCT02584933,ALK,eligibility_criteria
NCT04925609,ALK,eligibility_criteria
NCT06361589,ALK,eligibility_criteria
NCT05015010,ALK,eligibility_criteria
NCT04223596,ALK,eligibility_criteria
NCT04223596,EGFR,eligibility_criteria
NCT04223596,ROS1,eligibility_criteria
NCT03113500,ALK,eligibility_criteria
NCT06620835,ALK,eligibility_criteria
NCT05987644,ALK,eligibility_criteria
NCT02201992,ALK,eligibility_criteria
NCT03052608,ALK,eligibility_criteria
NCT05144997,ALK,eligibility_criteria
NCT06082635,ALK,eligibility_criteria
NCT05384626,ALK,eligibility_criteria
NCT04127110,ALK,eligibility_criteria
NCT04227028,ALK,eligibility_criteria
NCT05991895,ALK,eligibility_criteria
NCT06362369,ALK,eligibility_criteria
NCT06362369,EGFR,eligibility_criteria
NCT05444712,ALK,eligibility_criteria
NCT03038672,ALK,eligibility_criteria
NCT03038672,MYC,eligibility_criteria
NCT04837716,ALK,eligibility_criteria
NCT05241028,ALK,eligibility_criteria
NCT06378892,ALK,eligibility_criteria
NCT05266846,ALK,eligibility_criteria
NCT05742425,BRAF,eligibility_criteria
NCT03340506,BRAF,eligibility_criteria
NCT06280495,BRAF,eligibility_criteria
NCT05195632,ALK,eligibility_criteria
NCT05195632,BRAF,eligibility_criteria
NCT05195632,EGFR,eligibility_criteria
NCT04526782,ALK,eligibility_criteria
NCT04526782,BRAF,eligibility_criteria
NCT04526782,EGFR,eligibility_criteria
NCT04526782,ROS1,eligibility_criteria
NCT06550453,BRAF,eligibility_criteria
NCT06550453,EGFR,eligibility_criteria
NCT06148402,BRAF,eligibility_criteria
NCT02997228,MLH1,eligibility_criteria
NCT02997228,MSH2,eligibility_criteria
NCT02997228,MSH6,eligibility_criteria
NCT05525273,BRAF,eligibility_criteria
NCT03919071,BRAF,eligibility_criteria
NCT04544111,BRAF,eligibility_criteria
NCT03224767,BRAF,eligibility_criteria
NCT02721459,BRAF,eligibility_criteria
NCT07561554,BRAF,eligibility_criteria
NCT02152995,BRAF,eligibility_criteria
NCT02152995,KRAS,eligibility_criteria
NCT02152995,NRAS,eligibility_criteria
NCT06763029,BRAF,eligibility_criteria
NCT06653517,BRAF,eligibility_criteria
NCT06666348,BRAF,eligibility_criteria
NCT06666348,NF1,eligibility_criteria
NCT06887088,BRAF,eligibility_criteria
NCT04439292,BRAF,eligibility_criteria
NCT04074096,BRAF,eligibility_criteria
NCT05768178,BRAF,eligibility_criteria
NCT07224815,BRAF,eligibility_criteria
NCT01989585,BRAF,eligibility_criteria
NCT06440850,BRAF,eligibility_criteria
NCT06902376,BRAF,eligibility_criteria
NCT03686202,MET,eligibility_criteria
NCT06703398,BRAF,eligibility_criteria
NCT06703398,NRAS,eligibility_criteria
NCT05868629,BRAF,eligibility_criteria
NCT03181100,BRAF,eligibility_criteria
NCT06279351,BRAF,eligibility_criteria
NCT05180825,BRAF,eligibility_criteria
NCT05180825,IDH1,eligibility_criteria
NCT05180825,NF1,eligibility_criteria
NCT05985109,BRAF,eligibility_criteria
NCT06965114,BRAF,eligibility_criteria
NCT03839342,BRAF,eligibility_criteria
NCT06776757,BRAF,eligibility_criteria
NCT06776757,EGFR,eligibility_criteria
NCT03975231,BRAF,eligibility_criteria
NCT05800340,ALK,eligibility_criteria
NCT05800340,BRAF,eligibility_criteria
NCT05800340,EGFR,eligibility_criteria
NCT05800340,ERBB2,eligibility_criteria
NCT05800340,MET,eligibility_criteria
NCT05800340,RET,eligibility_criteria
NCT05800340,ROS1,eligibility_criteria
NCT06536400,BRAF,eligibility_criteria
NCT06985056,BRAF,eligibility_criteria
NCT07288203,BRAF,eligibility_criteria
NCT04238624,BRAF,eligibility_criteria
NCT07391618,BRAF,eligibility_criteria
NCT04741997,BRAF,eligibility_criteria
NCT06411600,BRAF,eligibility_criteria
NCT06547203,ALK,eligibility_criteria
NCT06547203,BRAF,eligibility_criteria
NCT06547203,EGFR,eligibility_criteria
NCT06547203,ERBB2,eligibility_criteria
NCT06547203,MET,eligibility_criteria
NCT06547203,NTRK1,eligibility_criteria
NCT06547203,PIK3CA,eligibility_criteria
NCT06547203,PTEN,eligibility_criteria
NCT06547203,RET,eligibility_criteria
NCT05940311,BRAF,eligibility_criteria
NCT07150247,BRAF,eligibility_criteria
NCT07150247,KRAS,eligibility_criteria
NCT07150247,NRAS,eligibility_criteria
NCT07158710,BRAF,eligibility_criteria
NCT07158710,NF1,eligibility_criteria
NCT07012954,BRAF,eligibility_criteria
NCT03363217,BRAF,eligibility_criteria
NCT03363217,NF1,eligibility_criteria
NCT06475989,BRAF,eligibility_criteria
NCT06400225,BRAF,eligibility_criteria
NCT02304809,BRAF,eligibility_criteria
NCT06906822,BRAF,eligibility_criteria
NCT06774989,BRAF,eligibility_criteria
NCT01709292,BRAF,eligibility_criteria
NCT05022030,BRAF,eligibility_criteria
NCT06008119,BRAF,eligibility_criteria
NCT03235245,BRAF,eligibility_criteria
NCT07463599,BRAF,eligibility_criteria
NCT07463599,EGFR,eligibility_criteria
NCT06978400,BRAF,eligibility_criteria
NCT05538130,BRAF,eligibility_criteria
NCT05217446,BRAF,eligibility_criteria
NCT05217446,EGFR,eligibility_criteria
NCT05503797,BRAF,eligibility_criteria
NCT06321081,BRAF,eligibility_criteria
NCT06321081,KRAS,eligibility_criteria
NCT06321081,NRAS,eligibility_criteria
NCT02840409,BRAF,eligibility_criteria
NCT02840409,NF1,eligibility_criteria
NCT04439279,BRAF,eligibility_criteria
NCT06539702,BRAF,eligibility_criteria
NCT04557956,BRAF,eligibility_criteria
NCT04557956,JAK2,eligibility_criteria
NCT03803553,BRAF,eligibility_criteria
NCT03803553,ERBB2,eligibility_criteria
NCT03803553,MLH1,eligibility_criteria
NCT03803553,MSH2,eligibility_criteria
NCT03803553,MSH6,eligibility_criteria
NCT07244835,BRAF,eligibility_criteria
NCT04940052,BRAF,eligibility_criteria
NCT04940052,RET,eligibility_criteria
NCT04417621,BRAF,eligibility_criteria
NCT04417621,NRAS,eligibility_criteria
NCT05706779,BRAF,eligibility_criteria
NCT05706779,EGFR,eligibility_criteria
NCT04854668,BRAF,eligibility_criteria
NCT04854668,EGFR,eligibility_criteria
NCT05355701,BRAF,eligibility_criteria
NCT05355701,EGFR,eligibility_criteria
NCT01089101,BRAF,eligibility_criteria
NCT01089101,NF1,eligibility_criteria
NCT07110246,BRAF,eligibility_criteria
NCT07110246,IDH1,eligibility_criteria
NCT07110246,IDH2,eligibility_criteria
NCT06207656,BRAF,eligibility_criteria
NCT06599619,BRAF,eligibility_criteria
NCT06599619,NRAS,eligibility_criteria
NCT03543969,BRAF,eligibility_criteria
NCT06374602,BRAF,eligibility_criteria
NCT02196181,BRAF,eligibility_criteria
NCT06159478,BRAF,eligibility_criteria
NCT04065776,BRAF,eligibility_criteria
NCT06262919,BRAF,eligibility_criteria
NCT05576896,BRAF,eligibility_criteria
NCT04673955,BRAF,eligibility_criteria
NCT04949113,BRAF,eligibility_criteria
NCT04511013,BRAF,eligibility_criteria
NCT04061980,BRAF,eligibility_criteria
NCT06299839,BRAF,eligibility_criteria
NCT06299839,NF1,eligibility_criteria
NCT03410875,BRAF,eligibility_criteria
NCT06610682,BRAF,eligibility_criteria
NCT06610682,NF1,eligibility_criteria
NCT02231775,BRAF,eligibility_criteria
NCT03563729,BRAF,eligibility_criteria
NCT06194929,BRAF,eligibility_criteria
NCT06194929,NF1,eligibility_criteria
NCT04913285,BRAF,eligibility_criteria
NCT04913285,NRAS,eligibility_criteria
NCT03175432,BRAF,eligibility_criteria
NCT03600701,ALK,eligibility_criteria
NCT03600701,EGFR,eligibility_criteria
NCT03600701,KRAS,eligibility_criteria
NCT03600701,ROS1,eligibility_criteria
NCT02224781,BRAF,eligibility_criteria
NCT05512208,BRAF,eligibility_criteria
NCT04576117,IDH1,eligibility_criteria
NCT04576117,NF1,eligibility_criteria
NCT06603376,BRAF,eligibility_criteria
NCT04666272,BRAF,eligibility_criteria
NCT04166409,NF1,eligibility_criteria
NCT04722575,BRAF,eligibility_criteria
NCT05727904,BRAF,eligibility_criteria
NCT04324112,BRAF,eligibility_criteria
NCT04903119,BRAF,eligibility_criteria
NCT07441707,BRAF,eligibility_criteria
NCT06362694,BRAF,eligibility_criteria
NCT04675710,BRAF,eligibility_criteria
NCT06381570,BRAF,eligibility_criteria
NCT06381570,NF1,eligibility_criteria
NCT04201457,BRAF,eligibility_criteria
NCT04201457,NF1,eligibility_criteria
NCT02910700,BRAF,eligibility_criteria
NCT04607421,BRAF,eligibility_criteria
NCT06712875,BRAF,eligibility_criteria
NCT06712875,NF1,eligibility_criteria
NCT06784648,BRAF,eligibility_criteria
NCT07022457,BRAF,eligibility_criteria
NCT04322383,BRAF,eligibility_criteria
NCT04687631,BRAF,eligibility_criteria
NCT06640166,BRAF,eligibility_criteria
NCT07460362,TP53,eligibility_criteria
NCT06718153,TP53,eligibility_criteria
NCT06549790,FLT3,eligibility_criteria
NCT06549790,IDH1,eligibility_criteria
NCT06549790,TP53,eligibility_criteria
NCT03836261,TP53,eligibility_criteria
NCT06791941,TP53,eligibility_criteria
NCT07419893,TP53,eligibility_criteria
NCT07240194,TP53,eligibility_criteria
NCT06778187,TP53,eligibility_criteria
NCT05877599,TP53,eligibility_criteria
NCT06908434,TP53,eligibility_criteria
NCT06701357,MYC,eligibility_criteria
NCT07564453,ABL1,eligibility_criteria
NCT07342478,TP53,eligibility_criteria
NCT05126810,TP53,eligibility_criteria
NCT06517511,TP53,eligibility_criteria
NCT07094464,TP53,eligibility_criteria
NCT03580928,TP53,eligibility_criteria
NCT02965950,CDK4,eligibility_criteria
NCT02965950,ERBB2,eligibility_criteria
NCT02965950,TP53,eligibility_criteria
NCT06413992,TP53,eligibility_criteria
NCT04541654,TP53,eligibility_criteria
NCT02624973,ERBB2,eligibility_criteria
NCT02624973,TP53,eligibility_criteria
NCT05611931,TP53,eligibility_criteria
NCT07270770,NPM1,eligibility_criteria
NCT06311227,BRAF,eligibility_criteria
NCT03013998,FLT3,eligibility_criteria
NCT03013998,NPM1,eligibility_criteria
NCT01443468,TP53,eligibility_criteria
NCT03641313,ERBB2,eligibility_criteria
NCT03641313,TP53,eligibility_criteria
NCT05131022,MYC,eligibility_criteria
NCT07209449,CDK4,eligibility_criteria
NCT07209449,CDK6,eligibility_criteria
NCT07209449,POLE,eligibility_criteria
NCT07209449,TP53,eligibility_criteria
NCT06686108,DNMT3A,eligibility_criteria
NCT06686108,FLT3,eligibility_criteria
NCT06686108,IDH1,eligibility_criteria
NCT06686108,IDH2,eligibility_criteria
NCT06686108,KRAS,eligibility_criteria
NCT06686108,MYC,eligibility_criteria
NCT06686108,NRAS,eligibility_criteria
NCT06686108,PTEN,eligibility_criteria
NCT06686108,TP53,eligibility_criteria
NCT06329206,POLE,eligibility_criteria
NCT06329206,TP53,eligibility_criteria
NCT04855695,TP53,eligibility_criteria
NCT06496308,TP53,eligibility_criteria
NCT04585750,KRAS,eligibility_criteria
NCT04585750,TP53,eligibility_criteria
NCT04367246,TP53,eligibility_criteria
NCT04234061,TP53,eligibility_criteria
NCT03850574,FLT3,eligibility_criteria
NCT06366347,CDK4,eligibility_criteria
NCT06366347,TP53,eligibility_criteria
NCT04147533,ABL1,eligibility_criteria
NCT06386146,TP53,eligibility_criteria
NCT04678401,TP53,eligibility_criteria
NCT07372625,KRAS,eligibility_criteria
NCT07372625,TP53,eligibility_criteria
NCT06158399,TP53,eligibility_criteria
NCT07008638,TP53,eligibility_criteria
NCT06904066,ABL1,eligibility_criteria
NCT06904066,KRAS,eligibility_criteria
NCT06904066,NRAS,eligibility_criteria
NCT06904066,TP53,eligibility_criteria
NCT05624554,TP53,eligibility_criteria
NCT06136351,TP53,eligibility_criteria
NCT06052813,NPM1,eligibility_criteria
NCT07198074,TP53,eligibility_criteria
NCT05396859,TP53,eligibility_criteria
NCT06972641,FLT3,eligibility_criteria
NCT06972641,KIT,eligibility_criteria
NCT06972641,NPM1,eligibility_criteria
NCT06972641,TP53,eligibility_criteria
NCT07260513,POLE,eligibility_criteria
NCT07260513,TP53,eligibility_criteria
NCT00700414,TP53,eligibility_criteria
NCT03226301,TP53,eligibility_criteria
NCT06795009,ERBB2,eligibility_criteria
NCT05197192,TP53,eligibility_criteria
NCT05631886,TP53,eligibility_criteria
NCT07499271,TP53,eligibility_criteria
NCT03734198,TP53,eligibility_criteria
NCT06778863,TP53,eligibility_criteria
NCT06130579,TP53,eligibility_criteria
NCT04704661,ERBB2,eligibility_criteria
NCT06107868,TP53,eligibility_criteria
NCT07017816,TP53,eligibility_criteria
NCT06125522,CDK4,eligibility_criteria
NCT06125522,ERBB2,eligibility_criteria
NCT04155242,APC,eligibility_criteria
NCT03560882,TP53,eligibility_criteria
NCT05509790,ERBB2,eligibility_criteria
NCT06560528,ERBB2,eligibility_criteria
NCT07038369,BRAF,eligibility_criteria
NCT07038369,ERBB2,eligibility_criteria
NCT07038369,KRAS,eligibility_criteria
NCT07038369,NRAS,eligibility_criteria
NCT05461768,ERBB2,eligibility_criteria
NCT06930859,CDK4,eligibility_criteria
NCT06930859,ERBB2,eligibility_criteria
NCT04646759,ERBB2,eligibility_criteria
NCT06112613,CDK4,eligibility_criteria
NCT06112613,ERBB2,eligibility_criteria
NCT07095023,ERBB2,eligibility_criteria
NCT04879329,ERBB2,eligibility_criteria
NCT06064812,CDK4,eligibility_criteria
NCT06064812,ERBB2,eligibility_criteria
NCT03870919,ERBB2,eligibility_criteria
NCT07205822,ERBB2,eligibility_criteria
NCT03696030,ERBB2,eligibility_criteria
NCT06259929,ERBB2,eligibility_criteria
NCT07407465,ERBB2,eligibility_criteria
NCT07101081,ERBB2,eligibility_criteria
NCT04817540,ERBB2,eligibility_criteria
NCT04569747,ERBB2,eligibility_criteria
NCT04915755,ERBB2,eligibility_criteria
NCT07462650,ERBB2,eligibility_criteria
NCT02326974,ERBB2,eligibility_criteria
NCT06131450,ERBB2,eligibility_criteria
NCT06827613,ERBB2,eligibility_criteria
NCT06516289,ERBB2,eligibility_criteria
NCT04288089,ERBB2,eligibility_criteria
NCT06914440,ERBB2,eligibility_criteria
NCT06151574,ERBB2,eligibility_criteria
NCT06643585,ERBB2,eligibility_criteria
NCT05048797,ALK,eligibility_criteria
NCT05048797,EGFR,eligibility_criteria
NCT05048797,ERBB2,eligibility_criteria
NCT05256225,ERBB2,eligibility_criteria
NCT04899908,ERBB2,eligibility_criteria
NCT04965064,CDK4,eligibility_criteria
NCT04965064,ERBB2,eligibility_criteria
NCT06877416,ERBB2,eligibility_criteria
NCT06899126,ERBB2,eligibility_criteria
NCT04290793,ERBB2,eligibility_criteria
NCT06561555,ERBB2,eligibility_criteria
NCT05673928,ERBB2,eligibility_criteria
NCT03749421,ERBB2,eligibility_criteria
NCT04305834,ERBB2,eligibility_criteria
NCT05795101,ERBB2,eligibility_criteria
NCT04547309,ERBB2,eligibility_criteria
NCT03881605,ERBB2,eligibility_criteria
NCT06846437,ERBB2,eligibility_criteria
NCT06282796,ERBB2,eligibility_criteria
NCT04639219,ERBB2,eligibility_criteria
NCT05650879,ALK,eligibility_criteria
NCT05650879,BRAF,eligibility_criteria
NCT05650879,EGFR,eligibility_criteria
NCT05650879,ERBB2,eligibility_criteria
NCT05650879,ROS1,eligibility_criteria
NCT06486883,CDK4,eligibility_criteria
NCT06486883,ERBB2,eligibility_criteria
NCT06172478,ALK,eligibility_criteria
NCT06172478,BRAF,eligibility_criteria
NCT06172478,EGFR,eligibility_criteria
NCT06172478,ERBB2,eligibility_criteria
NCT06172478,KRAS,eligibility_criteria
NCT06172478,MET,eligibility_criteria
NCT06172478,RET,eligibility_criteria
NCT06172478,ROS1,eligibility_criteria
NCT05919108,ERBB2,eligibility_criteria
NCT07187726,ERBB2,eligibility_criteria
NCT07194005,ERBB2,eligibility_criteria
NCT04289935,ERBB2,eligibility_criteria
NCT03324425,ERBB2,eligibility_criteria
NCT06671262,ERBB2,eligibility_criteria
NCT07242118,ERBB2,eligibility_criteria
NCT06172127,ERBB2,eligibility_criteria
NCT03359954,ERBB2,eligibility_criteria
NCT06644300,ERBB2,eligibility_criteria
NCT03958136,ERBB2,eligibility_criteria
NCT07218432,ERBB2,eligibility_criteria
NCT05894824,ERBB2,eligibility_criteria
NCT06001762,CDK4,eligibility_criteria
NCT06001762,ERBB2,eligibility_criteria
NCT07464470,ERBB2,eligibility_criteria
NCT04053322,ATM,eligibility_criteria
NCT04053322,BRCA1,eligibility_criteria
NCT04053322,BRCA2,eligibility_criteria
NCT04053322,CDK4,eligibility_criteria
NCT04053322,CHEK2,eligibility_criteria
NCT04053322,ERBB2,eligibility_criteria
NCT04053322,PALB2,eligibility_criteria
NCT06954480,ERBB2,eligibility_criteria
NCT03632941,ERBB2,eligibility_criteria
NCT06572319,ERBB2,eligibility_criteria
NCT03571633,ERBB2,eligibility_criteria
NCT02942355,ERBB2,eligibility_criteria
NCT05508906,CDK4,eligibility_criteria
NCT05508906,ERBB2,eligibility_criteria
NCT05982093,ERBB2,eligibility_criteria
NCT03616587,CDK4,eligibility_criteria
NCT03616587,ERBB2,eligibility_criteria
NCT07213557,ERBB2,eligibility_criteria
NCT05190094,ERBB2,eligibility_criteria
NCT07165756,ERBB2,eligibility_criteria
NCT06316531,ERBB2,eligibility_criteria
NCT06867484,BRCA1,eligibility_criteria
NCT06867484,ERBB2,eligibility_criteria
NCT06178159,ERBB2,eligibility_criteria
NCT06992882,ERBB2,eligibility_criteria
NCT06636591,ERBB2,eligibility_criteria
NCT07309770,ERBB2,eligibility_criteria
NCT07394218,ERBB2,eligibility_criteria
NCT05452213,CDK4,eligibility_criteria
NCT05452213,ERBB2,eligibility_criteria
NCT03304080,ERBB2,eligibility_criteria
NCT06754059,ERBB2,eligibility_criteria
NCT05535413,ERBB2,eligibility_criteria
NCT05627960,PIK3CA,eligibility_criteria
NCT05076682,ERBB2,eligibility_criteria
NCT06587789,CDK4,eligibility_criteria
NCT06587789,ERBB2,eligibility_criteria
NCT05720117,CDK4,eligibility_criteria
NCT05720117,ERBB2,eligibility_criteria
NCT05909397,CDK4,eligibility_criteria
NCT05909397,ERBB2,eligibility_criteria
NCT06434597,ERBB2,eligibility_criteria
NCT07195344,ERBB2,eligibility_criteria
NCT05430399,ERBB2,eligibility_criteria
NCT05090358,CDK4,eligibility_criteria
NCT05090358,ERBB2,eligibility_criteria
NCT05090358,PIK3CA,eligibility_criteria
NCT06534125,ERBB2,eligibility_criteria
NCT07407920,ERBB2,eligibility_criteria
NCT06945224,ERBB2,eligibility_criteria
NCT05969041,ERBB2,eligibility_criteria
NCT04360941,CDK4,eligibility_criteria
NCT04360941,ERBB2,eligibility_criteria
NCT06938724,BRCA1,eligibility_criteria
NCT06938724,ERBB2,eligibility_criteria
NCT06938724,PALB2,eligibility_criteria
NCT07261631,ERBB2,eligibility_criteria
NCT06991946,ERBB2,eligibility_criteria
NCT04193059,ERBB2,eligibility_criteria
NCT06719362,ALK,eligibility_criteria
NCT06719362,BRAF,eligibility_criteria
NCT06719362,EGFR,eligibility_criteria
NCT06719362,KRAS,eligibility_criteria
NCT06719362,RET,eligibility_criteria
NCT06719362,ROS1,eligibility_criteria
NCT04042701,ALK,eligibility_criteria
NCT04042701,BRAF,eligibility_criteria
NCT04042701,EGFR,eligibility_criteria
NCT04042701,ERBB2,eligibility_criteria
NCT04042701,ROS1,eligibility_criteria
NCT07467330,CDK4,eligibility_criteria
NCT07467330,ERBB2,eligibility_criteria
NCT03161353,ERBB2,eligibility_criteria
NCT04421963,ERBB2,eligibility_criteria
NCT06834672,ERBB2,eligibility_criteria
NCT07368998,CDK4,eligibility_criteria
NCT07368998,ERBB2,eligibility_criteria
NCT07368998,PIK3CA,eligibility_criteria
NCT04993014,ERBB2,eligibility_criteria
NCT06383767,ERBB2,eligibility_criteria
NCT04965766,ERBB2,eligibility_criteria
NCT05715931,ERBB2,eligibility_criteria
NCT06966453,CDK4,eligibility_criteria
NCT06966453,ERBB2,eligibility_criteria
NCT06819007,ERBB2,eligibility_criteria
NCT03417544,ERBB2,eligibility_criteria
NCT07122063,ERBB2,eligibility_criteria
NCT07243002,ERBB2,eligibility_criteria
NCT07235176,ERBB2,eligibility_criteria
NCT07130643,CDK4,eligibility_criteria
NCT07130643,ERBB2,eligibility_criteria
NCT05327608,ERBB2,eligibility_criteria
NCT06832202,ERBB2,eligibility_criteria
NCT04055493,CDK4,eligibility_criteria
NCT04055493,ERBB2,eligibility_criteria
NCT06177041,ERBB2,eligibility_criteria
NCT07506057,ERBB2,eligibility_criteria
NCT06472245,ALK,eligibility_criteria
NCT06472245,BRAF,eligibility_criteria
NCT06472245,EGFR,eligibility_criteria
NCT06472245,KRAS,eligibility_criteria
NCT06472245,ROS1,eligibility_criteria
NCT06693037,ERBB2,eligibility_criteria
NCT05190445,EGFR,eligibility_criteria
NCT05190445,ERBB2,eligibility_criteria
NCT05257395,CDK4,eligibility_criteria
NCT05257395,ERBB2,eligibility_criteria
NCT06970912,CDK4,eligibility_criteria
NCT06970912,ERBB2,eligibility_criteria
NCT05333328,ERBB2,eligibility_criteria
NCT02625441,ERBB2,eligibility_criteria
NCT06358625,ERBB2,eligibility_criteria
NCT06916637,ERBB2,eligibility_criteria
NCT07287995,ERBB2,eligibility_criteria
NCT07012720,CDK4,eligibility_criteria
NCT07012720,ERBB2,eligibility_criteria
NCT06050109,ERBB2,eligibility_criteria
NCT03366844,ERBB2,eligibility_criteria
NCT05786716,ERBB2,eligibility_criteria
NCT03941730,ERBB2,eligibility_criteria
NCT00070564,ERBB2,eligibility_criteria
NCT05996107,CDK4,eligibility_criteria
NCT05996107,ERBB2,eligibility_criteria
NCT05216432,BRCA1,eligibility_criteria
NCT05216432,CDK4,eligibility_criteria
NCT05216432,ERBB2,eligibility_criteria
NCT05216432,PIK3CA,eligibility_criteria
NCT06197581,CDK4,eligibility_criteria
NCT06197581,ERBB2,eligibility_criteria
NCT06562192,ERBB2,eligibility_criteria
NCT05573126,CDK4,eligibility_criteria
NCT05573126,ERBB2,eligibility_criteria
NCT07047365,ERBB2,eligibility_criteria
NCT06008158,ERBB2,eligibility_criteria
NCT04968964,ERBB2,eligibility_criteria
NCT07334119,ERBB2,eligibility_criteria
NCT04620187,ERBB2,eligibility_criteria
NCT07386938,ERBB2,eligibility_criteria
NCT05816655,CDK4,eligibility_criteria
NCT05816655,ERBB2,eligibility_criteria
NCT06718933,EGFR,eligibility_criteria
NCT06330064,BRAF,eligibility_criteria
NCT06330064,ERBB2,eligibility_criteria
NCT05819684,ERBB2,eligibility_criteria
NCT05759546,CDK4,eligibility_criteria
NCT05759546,ERBB2,eligibility_criteria
NCT04115306,CDK4,eligibility_criteria
NCT04115306,ERBB2,eligibility_criteria
NCT06791070,ERBB2,eligibility_criteria
NCT07207070,ERBB2,eligibility_criteria
NCT07207070,PIK3CA,eligibility_criteria
NCT06957886,ERBB2,eligibility_criteria
NCT05761470,ATM,eligibility_criteria
NCT05761470,BRCA1,eligibility_criteria
NCT05761470,CHEK2,eligibility_criteria
NCT05761470,PALB2,eligibility_criteria
NCT06235931,ERBB2,eligibility_criteria
NCT06925984,CDK4,eligibility_criteria
NCT06925984,ERBB2,eligibility_criteria
NCT06298084,BRCA1,eligibility_criteria
NCT06298084,CDK4,eligibility_criteria
NCT06298084,ERBB2,eligibility_criteria
NCT04152499,ERBB2,eligibility_criteria
NCT07192432,ERBB2,eligibility_criteria
NCT07180693,CDK4,eligibility_criteria
NCT07180693,ERBB2,eligibility_criteria
NCT05989347,ERBB2,eligibility_criteria
NCT07053085,ERBB2,eligibility_criteria
NCT03842085,ERBB2,eligibility_criteria
NCT04759248,ERBB2,eligibility_criteria
NCT07281001,ERBB2,eligibility_criteria
NCT04647916,ERBB2,eligibility_criteria
NCT03820063,ERBB2,eligibility_criteria
NCT04616248,BRAF,eligibility_criteria
NCT04616248,CDK4,eligibility_criteria
NCT04616248,ERBB2,eligibility_criteria
NCT04616248,FLT3,eligibility_criteria
NCT04616248,PIK3CA,eligibility_criteria
NCT06375798,ERBB2,eligibility_criteria
NCT07262138,ERBB2,eligibility_criteria
NCT07214532,CDK4,eligibility_criteria
NCT07214532,ERBB2,eligibility_criteria
NCT06445738,ATM,eligibility_criteria
NCT06445738,BRCA1,eligibility_criteria
NCT06445738,BRCA2,eligibility_criteria
NCT06445738,CHEK2,eligibility_criteria
NCT06445738,ERBB2,eligibility_criteria
NCT06445738,PALB2,eligibility_criteria
NCT06445738,PTEN,eligibility_criteria
NCT06445738,STK11,eligibility_criteria
NCT05564858,ERBB2,eligibility_criteria
NCT03213041,ERBB2,eligibility_criteria
NCT05383196,ERBB2,eligibility_criteria
NCT04281641,ERBB2,eligibility_criteria
NCT07112053,CDK4,eligibility_criteria
NCT07112053,ERBB2,eligibility_criteria
NCT01351909,BRCA2,eligibility_criteria
NCT01351909,ERBB2,eligibility_criteria
NCT07151911,ERBB2,eligibility_criteria
NCT07032298,ERBB2,eligibility_criteria
NCT07117864,ERBB2,eligibility_criteria
NCT07070466,ERBB2,eligibility_criteria
NCT06042569,ERBB2,eligibility_criteria
NCT06324357,ERBB2,eligibility_criteria
NCT07474324,ERBB2,eligibility_criteria
NCT06063018,ERBB2,eligibility_criteria
NCT07014410,CDK4,eligibility_criteria
NCT07014410,ERBB2,eligibility_criteria
NCT06364410,ERBB2,eligibility_criteria
NCT06247995,BRCA1,eligibility_criteria
NCT06247995,BRCA2,eligibility_criteria
NCT06247995,CDK4,eligibility_criteria
NCT06247995,ERBB2,eligibility_criteria
NCT05143229,ERBB2,eligibility_criteria
NCT06837792,CDK4,eligibility_criteria
NCT06837792,ERBB2,eligibility_criteria
NCT06590506,CDK4,eligibility_criteria
NCT06590506,ERBB2,eligibility_criteria
NCT05891093,ERBB2,eligibility_criteria
NCT05861271,ERBB2,eligibility_criteria
NCT04579380,ERBB2,eligibility_criteria
NCT01872260,ERBB2,eligibility_criteria
NCT06953882,CDK4,eligibility_criteria
NCT06953882,ERBB2,eligibility_criteria
NCT03983382,ERBB2,eligibility_criteria
NCT02623972,ERBB2,eligibility_criteria
NCT03983954,ERBB2,eligibility_criteria
NCT06612203,CDK4,eligibility_criteria
NCT06612203,ERBB2,eligibility_criteria
NCT06176261,CDK4,eligibility_criteria
NCT06176261,ERBB2,eligibility_criteria
NCT05768880,ERBB2,eligibility_criteria
NCT07198724,CDK4,eligibility_criteria
NCT07198724,ERBB2,eligibility_criteria
NCT03804944,ERBB2,eligibility_criteria
NCT06632262,ALK,eligibility_criteria
NCT06632262,BRAF,eligibility_criteria
NCT06632262,EGFR,eligibility_criteria
NCT06632262,ERBB2,eligibility_criteria
NCT06632262,FGFR2,eligibility_criteria
NCT06632262,FGFR3,eligibility_criteria
NCT06632262,KRAS,eligibility_criteria
NCT06632262,MET,eligibility_criteria
NCT06632262,NTRK1,eligibility_criteria
NCT06632262,RET,eligibility_criteria
NCT06632262,ROS1,eligibility_criteria
NCT05159193,ERBB2,eligibility_criteria
NCT07159451,ERBB2,eligibility_criteria
NCT05095207,CDK4,eligibility_criteria
NCT05095207,ERBB2,eligibility_criteria
NCT04622319,ERBB2,eligibility_criteria
NCT04588545,ERBB2,eligibility_criteria
NCT05205200,ERBB2,eligibility_criteria
NCT04248452,ERBB2,eligibility_criteria
NCT05245058,ERBB2,eligibility_criteria
NCT04886804,ERBB2,eligibility_criteria
NCT05523947,ERBB2,eligibility_criteria
NCT04430738,ERBB2,eligibility_criteria
NCT06196697,ERBB2,eligibility_criteria
NCT05036252,ERBB2,eligibility_criteria
NCT06187506,ERBB2,eligibility_criteria
NCT06230055,ERBB2,eligibility_criteria
NCT01791478,ERBB2,eligibility_criteria
NCT01791478,PIK3CA,eligibility_criteria
NCT06162559,ERBB2,eligibility_criteria
NCT06715826,ERBB2,eligibility_criteria
NCT05376878,ERBB2,eligibility_criteria
NCT03609047,CDK4,eligibility_criteria
NCT03609047,ERBB2,eligibility_criteria
NCT06312176,CDK4,eligibility_criteria
NCT06312176,ERBB2,eligibility_criteria
NCT03975647,EGFR,eligibility_criteria
NCT03975647,ERBB2,eligibility_criteria
NCT04158362,ERBB2,eligibility_criteria
NCT07007559,ERBB2,eligibility_criteria
NCT05464810,ERBB2,eligibility_criteria
NCT05362760,CDK4,eligibility_criteria
NCT05362760,ERBB2,eligibility_criteria
NCT06610825,ERBB2,eligibility_criteria
NCT05115474,ERBB2,eligibility_criteria
NCT06656624,CDK4,eligibility_criteria
NCT06656624,ERBB2,eligibility_criteria
NCT05296746,ERBB2,eligibility_criteria
NCT07379918,ERBB2,eligibility_criteria
NCT05824325,CDK4,eligibility_criteria
NCT05824325,ERBB2,eligibility_criteria
NCT06439693,ERBB2,eligibility_criteria
NCT06868758,ERBB2,eligibility_criteria
NCT07025889,ERBB2,eligibility_criteria
NCT05978648,ERBB2,eligibility_criteria
NCT07377643,ERBB2,eligibility_criteria
NCT06388122,CDK4,eligibility_criteria
NCT02398773,ERBB2,eligibility_criteria
NCT05274048,ERBB2,eligibility_criteria
NCT06974604,CDK4,eligibility_criteria
NCT06974604,ERBB2,eligibility_criteria
NCT07190443,CDK4,eligibility_criteria
NCT07190443,ERBB2,eligibility_criteria
NCT03500991,ERBB2,eligibility_criteria
NCT06998108,CDK4,eligibility_criteria
NCT06998108,ERBB2,eligibility_criteria
NCT05677490,ERBB2,eligibility_criteria
NCT05346224,ERBB2,eligibility_criteria
NCT06967103,ERBB2,eligibility_criteria
NCT07311577,ERBB2,eligibility_criteria
NCT05747794,ERBB2,eligibility_criteria
NCT06774027,ERBB2,eligibility_criteria
NCT05532696,EGFR,eligibility_criteria
NCT05532696,ERBB2,eligibility_criteria
NCT06472583,ERBB2,eligibility_criteria
NCT07264816,ERBB2,eligibility_criteria
NCT04660435,CDK4,eligibility_criteria
NCT04660435,ERBB2,eligibility_criteria
NCT06253650,ERBB2,eligibility_criteria
NCT05696626,CDK4,eligibility_criteria
NCT05696626,ERBB2,eligibility_criteria
NCT07022483,ERBB2,eligibility_criteria
NCT07022483,POLE,eligibility_criteria
NCT07037199,CDK4,eligibility_criteria
NCT07037199,ERBB2,eligibility_criteria
NCT02264678,ATM,eligibility_criteria
NCT02264678,ERBB2,eligibility_criteria
NCT02264678,PALB2,eligibility_criteria
NCT06998407,CDK4,eligibility_criteria
NCT06641544,ERBB2,eligibility_criteria
NCT01525966,ERBB2,eligibility_criteria
NCT03379428,ERBB2,eligibility_criteria
NCT03982485,ERBB2,eligibility_criteria
NCT06525766,ERBB2,eligibility_criteria
NCT06313086,ERBB2,eligibility_criteria
NCT05063786,ERBB2,eligibility_criteria
NCT05063786,PIK3CA,eligibility_criteria
NCT06718010,ERBB2,eligibility_criteria
NCT07164976,CDK4,eligibility_criteria
NCT07164976,ERBB2,eligibility_criteria
NCT05230810,EGFR,eligibility_criteria
NCT05230810,ERBB2,eligibility_criteria
NCT05230810,PIK3CA,eligibility_criteria
NCT06747338,ERBB2,eligibility_criteria
NCT06015048,ERBB2,eligibility_criteria
NCT04802759,CDK4,eligibility_criteria
NCT04802759,ERBB2,eligibility_criteria
NCT04802759,PIK3CA,eligibility_criteria
NCT02295059,ERBB2,eligibility_criteria
NCT05636215,ERBB2,eligibility_criteria
NCT05918094,ERBB2,eligibility_criteria
NCT05420467,ERBB2,eligibility_criteria
NCT06993844,CDK4,eligibility_criteria
NCT06993844,ERBB2,eligibility_criteria
NCT06993844,PIK3CA,eligibility_criteria
NCT05165264,ERBB2,eligibility_criteria
NCT06784193,CDK4,eligibility_criteria
NCT06784193,ERBB2,eligibility_criteria
NCT06340230,ERBB2,eligibility_criteria
NCT05480384,ERBB2,eligibility_criteria
NCT04524000,ERBB2,eligibility_criteria
NCT04524000,PIK3CA,eligibility_criteria
NCT05917158,ERBB2,eligibility_criteria
NCT05150652,ERBB2,eligibility_criteria
NCT06946238,BRCA1,eligibility_criteria
NCT06946238,BRCA2,eligibility_criteria
NCT06946238,ERBB2,eligibility_criteria
NCT06033287,CDK4,eligibility_criteria
NCT06033287,ERBB2,eligibility_criteria
NCT07540533,ERBB2,eligibility_criteria
NCT06680921,ERBB2,eligibility_criteria
NCT05918328,ERBB2,eligibility_criteria
NCT06649331,CDK4,eligibility_criteria
NCT06649331,ERBB2,eligibility_criteria
NCT06072612,ERBB2,eligibility_criteria
NCT05183828,ERBB2,eligibility_criteria
NCT06669975,ERBB2,eligibility_criteria
NCT05458219,ERBB2,eligibility_criteria
NCT06176534,CDK4,eligibility_criteria
NCT06176534,ERBB2,eligibility_criteria
NCT05953350,CDK4,eligibility_criteria
NCT05953350,ERBB2,eligibility_criteria
NCT06730373,ERBB2,eligibility_criteria
NCT04383275,ERBB2,eligibility_criteria
NCT07340164,ERBB2,eligibility_criteria
NCT04214288,CDK4,eligibility_criteria
NCT04214288,ERBB2,eligibility_criteria
NCT05041842,ERBB2,eligibility_criteria
NCT06966141,ERBB2,eligibility_criteria
NCT05467891,CDK4,eligibility_criteria
NCT05467891,ERBB2,eligibility_criteria
NCT06551220,ERBB2,eligibility_criteria
NCT05749588,ERBB2,eligibility_criteria
NCT07540572,CDK4,eligibility_criteria
NCT07540572,ERBB2,eligibility_criteria
NCT06846996,ERBB2,eligibility_criteria
NCT04303988,ERBB2,eligibility_criteria
NCT07380646,CDK4,eligibility_criteria
NCT07380646,ERBB2,eligibility_criteria
NCT05633979,ERBB2,eligibility_criteria
NCT03281902,ERBB2,eligibility_criteria
NCT05872295,CDK4,eligibility_criteria
NCT05872295,ERBB2,eligibility_criteria
NCT05002127,ERBB2,eligibility_criteria
NCT05464082,CDK4,eligibility_criteria
NCT05464082,ERBB2,eligibility_criteria
NCT06705127,ERBB2,eligibility_criteria
NCT05765851,ERBB2,eligibility_criteria
NCT06344780,CDK4,eligibility_criteria
NCT06344780,ERBB2,eligibility_criteria
NCT07108127,BRAF,eligibility_criteria
NCT07108127,ERBB2,eligibility_criteria
NCT04348747,ERBB2,eligibility_criteria
NCT04482309,ERBB2,eligibility_criteria
NCT07396454,ERBB2,eligibility_criteria
NCT06927180,ERBB2,eligibility_criteria
NCT04762979,CDK4,eligibility_criteria
NCT04762979,ERBB2,eligibility_criteria
NCT04762979,PIK3CA,eligibility_criteria
NCT06650423,CDK4,eligibility_criteria
NCT06650423,ERBB2,eligibility_criteria
NCT05132790,ERBB2,eligibility_criteria
NCT05940896,ERBB2,eligibility_criteria
NCT05802225,ERBB2,eligibility_criteria
NCT06402435,ERBB2,eligibility_criteria
NCT05020860,ERBB2,eligibility_criteria
NCT07376174,ERBB2,eligibility_criteria
NCT06710990,ERBB2,eligibility_criteria
NCT05458674,ERBB2,eligibility_criteria
NCT05463952,ERBB2,eligibility_criteria
NCT05837455,ERBB2,eligibility_criteria
NCT02535221,ERBB2,eligibility_criteria
NCT06551116,ERBB2,eligibility_criteria
NCT04443348,ERBB2,eligibility_criteria
NCT03595592,ERBB2,eligibility_criteria
NCT06158919,ERBB2,eligibility_criteria
NCT04597580,CDK4,eligibility_criteria
NCT04597580,ERBB2,eligibility_criteria
NCT06732336,ERBB2,eligibility_criteria
NCT05275777,ERBB2,eligibility_criteria
NCT06378242,ERBB2,eligibility_criteria
NCT04550494,ATM,eligibility_criteria
NCT04550494,BRCA1,eligibility_criteria
NCT04550494,BRCA2,eligibility_criteria
NCT04550494,ERBB2,eligibility_criteria
NCT04550494,IDH1,eligibility_criteria
NCT04550494,IDH2,eligibility_criteria
NCT04550494,PALB2,eligibility_criteria
NCT04550494,RAD51,eligibility_criteria
NCT04439110,ERBB2,eligibility_criteria
NCT05486182,CDK4,eligibility_criteria
NCT05486182,ERBB2,eligibility_criteria
NCT04923542,ERBB2,eligibility_criteria
NCT04257162,ERBB2,eligibility_criteria
NCT07471776,ERBB2,eligibility_criteria
NCT02712723,ERBB2,eligibility_criteria
NCT04332588,ERBB2,eligibility_criteria
NCT06860529,ERBB2,eligibility_criteria
NCT06894173,ERBB2,eligibility_criteria
NCT07092254,ERBB2,eligibility_criteria
NCT05594095,CDK4,eligibility_criteria
NCT05594095,ERBB2,eligibility_criteria
NCT06458413,CDK4,eligibility_criteria
NCT06458413,ERBB2,eligibility_criteria
NCT07358182,ERBB2,eligibility_criteria
NCT06570031,CDK4,eligibility_criteria
NCT06570031,ERBB2,eligibility_criteria
NCT06828588,ERBB2,eligibility_criteria
NCT06227156,ERBB2,eligibility_criteria
NCT06411457,ERBB2,eligibility_criteria
NCT07057427,ERBB2,eligibility_criteria
NCT05754853,ERBB2,eligibility_criteria
NCT05463601,ERBB2,eligibility_criteria
NCT06762977,ERBB2,eligibility_criteria
NCT05530057,ERBB2,eligibility_criteria
NCT03568422,CDK4,eligibility_criteria
NCT03568422,ERBB2,eligibility_criteria
NCT07361562,ERBB2,eligibility_criteria
NCT05512364,CDK4,eligibility_criteria
NCT05512364,ERBB2,eligibility_criteria
NCT03978663,ERBB2,eligibility_criteria
NCT05878314,ERBB2,eligibility_criteria
NCT06144944,ERBB2,eligibility_criteria
NCT04757363,ERBB2,eligibility_criteria
NCT03272334,ERBB2,eligibility_criteria
NCT06169371,ERBB2,eligibility_criteria
NCT07379268,ERBB2,eligibility_criteria
NCT07486089,ERBB2,eligibility_criteria
NCT05769010,ERBB2,eligibility_criteria
NCT06441890,ERBB2,eligibility_criteria
NCT01251874,BRCA1,eligibility_criteria
NCT01251874,ERBB2,eligibility_criteria
NCT07441460,ERBB2,eligibility_criteria
NCT06749860,EGFR,eligibility_criteria
NCT06749860,ERBB2,eligibility_criteria
NCT06621459,ERBB2,eligibility_criteria
NCT06210776,ERBB2,eligibility_criteria
NCT05165225,ERBB2,eligibility_criteria
NCT07542496,ERBB2,eligibility_criteria
NCT06714617,ERBB2,eligibility_criteria
NCT06016387,ERBB2,eligibility_criteria
NCT06681064,ERBB2,eligibility_criteria
NCT03879577,ERBB2,eligibility_criteria
NCT03377387,ERBB2,eligibility_criteria
NCT05482893,ERBB2,eligibility_criteria
NCT02912949,ERBB2,eligibility_criteria
NCT02411656,ERBB2,eligibility_criteria
NCT06518382,ERBB2,eligibility_criteria
NCT07051486,ERBB2,eligibility_criteria
NCT04553770,CDK4,eligibility_criteria
NCT04553770,ERBB2,eligibility_criteria
NCT06909604,ERBB2,eligibility_criteria
NCT04333706,ERBB2,eligibility_criteria
NCT04266249,ERBB2,eligibility_criteria
NCT07446452,ERBB2,eligibility_criteria
NCT04997993,ERBB2,eligibility_criteria
NCT04997993,PTEN,eligibility_criteria
NCT06195709,CDK4,eligibility_criteria
NCT06195709,ERBB2,eligibility_criteria
NCT04090398,CDK4,eligibility_criteria
NCT04090398,ERBB2,eligibility_criteria
NCT05263570,ERBB2,eligibility_criteria
NCT06954961,ERBB2,eligibility_criteria
NCT06487429,ERBB2,eligibility_criteria
NCT05893966,ERBB2,eligibility_criteria
NCT04109131,ERBB2,eligibility_criteria
NCT06271837,ERBB2,eligibility_criteria
NCT05203445,BRCA1,eligibility_criteria
NCT05203445,BRCA2,eligibility_criteria
NCT05203445,ERBB2,eligibility_criteria
NCT05203445,PALB2,eligibility_criteria
NCT03393845,ERBB2,eligibility_criteria
NCT02488967,ERBB2,eligibility_criteria
NCT07002177,CDK4,eligibility_criteria
NCT07002177,ERBB2,eligibility_criteria
NCT05981001,CDK4,eligibility_criteria
NCT05981001,ERBB2,eligibility_criteria
NCT07124000,ERBB2,eligibility_criteria
NCT05879926,ERBB2,eligibility_criteria
NCT05152147,ERBB2,eligibility_criteria
NCT07259226,EGFR,eligibility_criteria
NCT04517838,ERBB2,eligibility_criteria
NCT05870579,CDK4,eligibility_criteria
NCT05870579,ERBB2,eligibility_criteria
NCT06603597,ERBB2,eligibility_criteria
NCT05697146,ERBB2,eligibility_criteria
NCT01042379,ERBB2,eligibility_criteria
NCT06431490,ERBB2,eligibility_criteria
NCT01805271,ERBB2,eligibility_criteria
NCT07428044,ERBB2,eligibility_criteria
NCT07182721,ERBB2,eligibility_criteria
NCT06492616,CDK4,eligibility_criteria
NCT06492616,ERBB2,eligibility_criteria
NCT05417594,BRCA1,eligibility_criteria
NCT05417594,BRCA2,eligibility_criteria
NCT05417594,ERBB2,eligibility_criteria
NCT05417594,IDH1,eligibility_criteria
NCT05417594,PALB2,eligibility_criteria
NCT06658951,ERBB2,eligibility_criteria
NCT04492488,ERBB2,eligibility_criteria
NCT04886531,ERBB2,eligibility_criteria
NCT05933395,CDK4,eligibility_criteria
NCT05933395,ERBB2,eligibility_criteria
NCT05933395,PIK3CA,eligibility_criteria
NCT05933395,PTEN,eligibility_criteria
NCT04565054,ERBB2,eligibility_criteria
NCT05969860,ERBB2,eligibility_criteria
NCT07030569,ERBB2,eligibility_criteria
NCT05427383,ERBB2,eligibility_criteria
NCT07593820,ERBB2,eligibility_criteria
NCT06179303,CDK4,eligibility_criteria
NCT06179303,ERBB2,eligibility_criteria
NCT07285941,ERBB2,eligibility_criteria
NCT04379570,ERBB2,eligibility_criteria
NCT05838066,ERBB2,eligibility_criteria
NCT06123494,ERBB2,eligibility_criteria
NCT05810870,ERBB2,eligibility_criteria
NCT05810870,PIK3CA,eligibility_criteria
NCT05810870,PTEN,eligibility_criteria
NCT04692831,ERBB2,eligibility_criteria
NCT06253195,CDK4,eligibility_criteria
NCT06253195,ERBB2,eligibility_criteria
NCT05143970,CDK4,eligibility_criteria
NCT05143970,ERBB2,eligibility_criteria
NCT05063136,ERBB2,eligibility_criteria
NCT05704829,ERBB2,eligibility_criteria
NCT02675829,ERBB2,eligibility_criteria
NCT04767594,ERBB2,eligibility_criteria
NCT07334431,ERBB2,eligibility_criteria
NCT05889988,ERBB2,eligibility_criteria
NCT01953588,ERBB2,eligibility_criteria
NCT06992024,ERBB2,eligibility_criteria
NCT04985058,ERBB2,eligibility_criteria
NCT04126525,ERBB2,eligibility_criteria
NCT05993234,ERBB2,eligibility_criteria
NCT03179904,ERBB2,eligibility_criteria
NCT05559164,ERBB2,eligibility_criteria
NCT07448493,ERBB2,eligibility_criteria
NCT06797635,ERBB2,eligibility_criteria
NCT06504732,BRAF,eligibility_criteria
NCT06504732,ERBB2,eligibility_criteria
NCT06504732,KRAS,eligibility_criteria
NCT06504732,NRAS,eligibility_criteria
NCT07383818,ERBB2,eligibility_criteria
NCT07166185,ERBB2,eligibility_criteria
NCT05215106,ERBB2,eligibility_criteria
NCT04544189,ERBB2,eligibility_criteria
NCT04544189,PIK3CA,eligibility_criteria
NCT04684459,ERBB2,eligibility_criteria
NCT06892093,ERBB2,eligibility_criteria
NCT06343948,CDK4,eligibility_criteria
NCT06343948,EGFR,eligibility_criteria
NCT06343948,ERBB2,eligibility_criteria
NCT05069038,ERBB2,eligibility_criteria
NCT05433753,ERBB2,eligibility_criteria
NCT06445400,ERBB2,eligibility_criteria
NCT05759572,CDK4,eligibility_criteria
NCT05759572,ERBB2,eligibility_criteria
NCT05406635,ERBB2,eligibility_criteria
NCT05445908,ERBB2,eligibility_criteria
NCT06261918,ERBB2,eligibility_criteria
NCT05681650,ERBB2,eligibility_criteria
NCT05546268,ERBB2,eligibility_criteria
NCT05546268,MYC,eligibility_criteria
NCT07503717,ERBB2,eligibility_criteria
NCT07137871,ERBB2,eligibility_criteria
NCT05569811,ERBB2,eligibility_criteria
NCT06328738,BRAF,eligibility_criteria
NCT06328738,EGFR,eligibility_criteria
NCT06328738,ERBB2,eligibility_criteria
NCT06276868,ERBB2,eligibility_criteria
NCT05388149,ERBB2,eligibility_criteria
NCT04818333,ERBB2,eligibility_criteria
NCT07134153,ERBB2,eligibility_criteria
NCT07402473,ERBB2,eligibility_criteria
NCT04584853,CDK4,eligibility_criteria
NCT04584853,ERBB2,eligibility_criteria
NCT07178795,ERBB2,eligibility_criteria
NCT07176312,ERBB2,eligibility_criteria
NCT03697577,ERBB2,eligibility_criteria
NCT05736367,ERBB2,eligibility_criteria
NCT03827317,ERBB2,eligibility_criteria
NCT06764940,ERBB2,eligibility_criteria
NCT05955521,ERBB2,eligibility_criteria
NCT05130840,ERBB2,eligibility_criteria
NCT07258108,CDK4,eligibility_criteria
NCT07258108,ERBB2,eligibility_criteria
NCT03561740,ALK,eligibility_criteria
NCT03561740,ERBB2,eligibility_criteria
NCT06832904,ERBB2,eligibility_criteria
NCT06757634,CDK4,eligibility_criteria
NCT06757634,ERBB2,eligibility_criteria
NCT06757634,PIK3CA,eligibility_criteria
NCT06512116,ERBB2,eligibility_criteria
NCT06744465,ERBB2,eligibility_criteria
NCT03315364,ERBB2,eligibility_criteria
NCT06239467,CDK4,eligibility_criteria
NCT06239467,ERBB2,eligibility_criteria
NCT06239467,KRAS,eligibility_criteria
NCT06239467,PTEN,eligibility_criteria
NCT06532006,ERBB2,eligibility_criteria
NCT06856200,CDK4,eligibility_criteria
NCT06856200,ERBB2,eligibility_criteria
NCT05246514,ERBB2,eligibility_criteria
NCT06157892,CDK4,eligibility_criteria
NCT06157892,ERBB2,eligibility_criteria
NCT06589830,ERBB2,eligibility_criteria
NCT04704934,ERBB2,eligibility_criteria
NCT06125834,ERBB2,eligibility_criteria
NCT03568448,ERBB2,eligibility_criteria
NCT07327021,ERBB2,eligibility_criteria
NCT06999187,ERBB2,eligibility_criteria
NCT03624543,CDK4,eligibility_criteria
NCT03624543,ERBB2,eligibility_criteria
NCT03624543,PTEN,eligibility_criteria
NCT06123338,ERBB2,eligibility_criteria
NCT05238922,ERBB2,eligibility_criteria
NCT05306600,ERBB2,eligibility_criteria
NCT05640830,ERBB2,eligibility_criteria
NCT06544577,ERBB2,eligibility_criteria
NCT05075512,ERBB2,eligibility_criteria
NCT05319873,ERBB2,eligibility_criteria
NCT03321045,ERBB2,eligibility_criteria
NCT04389632,ERBB2,eligibility_criteria
NCT05894239,ERBB2,eligibility_criteria
NCT05894239,PIK3CA,eligibility_criteria
NCT06376136,ERBB2,eligibility_criteria
NCT04294628,ERBB2,eligibility_criteria
NCT06121700,ERBB2,eligibility_criteria
NCT07009184,ERBB2,eligibility_criteria
NCT07073755,CDK4,eligibility_criteria
NCT07073755,PIK3CA,eligibility_criteria
NCT02455791,ERBB2,eligibility_criteria
NCT06625333,ERBB2,eligibility_criteria
NCT06035679,ERBB2,eligibility_criteria
NCT06968585,ERBB2,eligibility_criteria
NCT05297617,ERBB2,eligibility_criteria
NCT06708910,ERBB2,eligibility_criteria
NCT06244485,ERBB2,eligibility_criteria
NCT05792150,ERBB2,eligibility_criteria
NCT04425018,ERBB2,eligibility_criteria
NCT06330012,ERBB2,eligibility_criteria
NCT05104866,ERBB2,eligibility_criteria
NCT07066982,ERBB2,eligibility_criteria
NCT04903080,ERBB2,eligibility_criteria
NCT06498154,ERBB2,eligibility_criteria
NCT06001086,ERBB2,eligibility_criteria
NCT02947685,ERBB2,eligibility_criteria
NCT06135714,ERBB2,eligibility_criteria
NCT04985266,CDK4,eligibility_criteria
NCT04985266,ERBB2,eligibility_criteria
NCT06112379,ERBB2,eligibility_criteria
NCT05035836,ERBB2,eligibility_criteria
NCT04572295,CDK4,eligibility_criteria
NCT04572295,ERBB2,eligibility_criteria
NCT04572295,FGFR2,eligibility_criteria
NCT06806930,ERBB2,eligibility_criteria
NCT05900895,ERBB2,eligibility_criteria
NCT00393783,ERBB2,eligibility_criteria
NCT05266105,ERBB2,eligibility_criteria
NCT02993198,ERBB2,eligibility_criteria
NCT02792114,ERBB2,eligibility_criteria
NCT07506876,ERBB2,eligibility_criteria
NCT06247449,ERBB2,eligibility_criteria
NCT06301438,ERBB2,eligibility_criteria
NCT07220135,ERBB2,eligibility_criteria
NCT06313983,ERBB2,eligibility_criteria
NCT05187182,ERBB2,eligibility_criteria
NCT05660083,ERBB2,eligibility_criteria
NCT03201861,ERBB2,eligibility_criteria
NCT06770296,EGFR,eligibility_criteria
NCT06770296,ERBB2,eligibility_criteria
NCT04448886,ERBB2,eligibility_criteria
NCT05943379,ERBB2,eligibility_criteria
NCT04873362,ERBB2,eligibility_criteria
NCT03650894,ERBB2,eligibility_criteria
NCT03939897,CDK4,eligibility_criteria
NCT03939897,ERBB2,eligibility_criteria
NCT03939897,PIK3CA,eligibility_criteria
NCT03939897,PTEN,eligibility_criteria
NCT05292742,ERBB2,eligibility_criteria
NCT06102824,BRCA1,eligibility_criteria
NCT06102824,BRCA2,eligibility_criteria
NCT06102824,CDK4,eligibility_criteria
NCT06102824,ERBB2,eligibility_criteria
NCT06950086,CDK4,eligibility_criteria
NCT06950086,ERBB2,eligibility_criteria
NCT07459673,ERBB2,eligibility_criteria
NCT06735742,ERBB2,eligibility_criteria
NCT03383978,ERBB2,eligibility_criteria
NCT07586215,ERBB2,eligibility_criteria
NCT06062498,CDK4,eligibility_criteria
NCT06062498,ERBB2,eligibility_criteria
NCT07062263,ERBB2,eligibility_criteria
NCT07330544,CDK4,eligibility_criteria
NCT06389006,ERBB2,eligibility_criteria
NCT06100874,ERBB2,eligibility_criteria
NCT05420454,ERBB2,eligibility_criteria
NCT07196774,ERBB2,eligibility_criteria
NCT07551362,ERBB2,eligibility_criteria
NCT04144023,ERBB2,eligibility_criteria
NCT01334021,ERBB2,eligibility_criteria
NCT07294508,ERBB2,eligibility_criteria
NCT05392608,CDK4,eligibility_criteria
NCT05392608,ERBB2,eligibility_criteria
NCT05392608,PIK3CA,eligibility_criteria
NCT04711252,CDK4,eligibility_criteria
NCT04711252,ERBB2,eligibility_criteria
NCT05914792,CDK4,eligibility_criteria
NCT05914792,ERBB2,eligibility_criteria
NCT06650332,ERBB2,eligibility_criteria
NCT06450314,ERBB2,eligibility_criteria
NCT06595563,ERBB2,eligibility_criteria
NCT07483307,ERBB2,eligibility_criteria
NCT04511871,ERBB2,eligibility_criteria
NCT06949410,CDK4,eligibility_criteria
NCT06949410,ERBB2,eligibility_criteria
NCT07520760,ERBB2,eligibility_criteria
NCT07289997,ERBB2,eligibility_criteria
NCT02678182,ERBB2,eligibility_criteria
NCT06429761,ERBB2,eligibility_criteria
NCT06121570,ERBB2,eligibility_criteria
NCT07476170,ERBB2,eligibility_criteria
NCT06503783,ERBB2,eligibility_criteria
NCT05228951,ERBB2,eligibility_criteria
NCT02744053,ERBB2,eligibility_criteria
NCT06057610,ERBB2,eligibility_criteria
NCT06479460,ERBB2,eligibility_criteria
NCT04457596,ERBB2,eligibility_criteria
NCT06374459,CDK4,eligibility_criteria
NCT06374459,ERBB2,eligibility_criteria
NCT06254690,ERBB2,eligibility_criteria
NCT05356741,ERBB2,eligibility_criteria
NCT07193394,ERBB2,eligibility_criteria
NCT06430437,ERBB2,eligibility_criteria
NCT06665178,CDK4,eligibility_criteria
NCT06665178,ERBB2,eligibility_criteria
NCT05534438,ERBB2,eligibility_criteria
NCT04052555,ATM,eligibility_criteria
NCT04052555,BRCA1,eligibility_criteria
NCT04052555,BRCA2,eligibility_criteria
NCT04052555,CHEK2,eligibility_criteria
NCT04052555,ERBB2,eligibility_criteria
NCT04052555,PALB2,eligibility_criteria
NCT06413615,ERBB2,eligibility_criteria
NCT03283384,CDK4,eligibility_criteria
NCT03283384,CDK6,eligibility_criteria
NCT03283384,ERBB2,eligibility_criteria
NCT07492628,ERBB2,eligibility_criteria
NCT06568692,ERBB2,eligibility_criteria
NCT07109726,BRAF,eligibility_criteria
NCT07109726,EGFR,eligibility_criteria
NCT07109726,ERBB2,eligibility_criteria
NCT07109726,KRAS,eligibility_criteria
NCT07109726,NRAS,eligibility_criteria
NCT07109726,PIK3CA,eligibility_criteria
NCT07109726,PTEN,eligibility_criteria
NCT04576143,ERBB2,eligibility_criteria
NCT05955170,EGFR,eligibility_criteria
NCT05955170,ERBB2,eligibility_criteria
NCT06435429,ERBB2,eligibility_criteria
NCT07281833,ERBB2,eligibility_criteria
NCT07281833,PIK3CA,eligibility_criteria
NCT07281833,PTEN,eligibility_criteria
NCT07242352,ERBB2,eligibility_criteria
NCT07315750,ERBB2,eligibility_criteria
NCT06533670,ERBB2,eligibility_criteria
NCT05601440,CDK4,eligibility_criteria
NCT05601440,ERBB2,eligibility_criteria
NCT05601440,PTEN,eligibility_criteria
NCT02261389,ERBB2,eligibility_criteria
NCT07484087,ERBB2,eligibility_criteria
NCT04819243,BRCA1,eligibility_criteria
NCT04819243,BRCA2,eligibility_criteria
NCT04819243,CDK4,eligibility_criteria
NCT04819243,ERBB2,eligibility_criteria
NCT05904964,ERBB2,eligibility_criteria
NCT07393425,ERBB2,eligibility_criteria
NCT06217185,ERBB2,eligibility_criteria
NCT05981014,ERBB2,eligibility_criteria
NCT05504707,ERBB2,eligibility_criteria
NCT06109467,ERBB2,eligibility_criteria
NCT05077449,CDK4,eligibility_criteria
NCT05721248,ERBB2,eligibility_criteria
NCT06221748,ERBB2,eligibility_criteria
NCT03900884,CDK4,eligibility_criteria
NCT03900884,ERBB2,eligibility_criteria
NCT05827081,ERBB2,eligibility_criteria
NCT06413745,ERBB2,eligibility_criteria
NCT06905301,ERBB2,eligibility_criteria
NCT05977036,CDK4,eligibility_criteria
NCT05977036,ERBB2,eligibility_criteria
NCT05378464,ERBB2,eligibility_criteria
NCT05935384,ERBB2,eligibility_criteria
NCT06767436,ERBB2,eligibility_criteria
NCT06171360,CDK4,eligibility_criteria
NCT06171360,ERBB2,eligibility_criteria
NCT07455188,ERBB2,eligibility_criteria
NCT04561362,ALK,eligibility_criteria
NCT04561362,BRAF,eligibility_criteria
NCT04561362,EGFR,eligibility_criteria
NCT04561362,ERBB2,eligibility_criteria
NCT04561362,KRAS,eligibility_criteria
NCT04561362,MET,eligibility_criteria
NCT04561362,ROS1,eligibility_criteria
NCT05058183,ERBB2,eligibility_criteria
NCT02957968,ERBB2,eligibility_criteria
NCT07356544,ERBB2,eligibility_criteria
NCT03944434,CDK4,eligibility_criteria
NCT03944434,ERBB2,eligibility_criteria
NCT06334432,CDK4,eligibility_criteria
NCT06334432,ERBB2,eligibility_criteria
NCT06087120,ERBB2,eligibility_criteria
NCT06058988,ERBB2,eligibility_criteria
NCT05856383,ERBB2,eligibility_criteria
NCT06418594,CDK4,eligibility_criteria
NCT06418594,ERBB2,eligibility_criteria
NCT07524322,PIK3CA,eligibility_criteria
NCT02344472,CDK4,eligibility_criteria
NCT02344472,ERBB2,eligibility_criteria
NCT04893109,ERBB2,eligibility_criteria
NCT06079983,ERBB2,eligibility_criteria
NCT07421141,ERBB2,eligibility_criteria
NCT06942234,CDK4,eligibility_criteria
NCT06942234,ERBB2,eligibility_criteria
NCT05768139,ERBB2,eligibility_criteria
NCT05768139,PIK3CA,eligibility_criteria
NCT05525767,ERBB2,eligibility_criteria
NCT04546009,CDK4,eligibility_criteria
NCT04546009,ERBB2,eligibility_criteria
NCT03989089,ERBB2,eligibility_criteria
NCT07287917,BRAF,eligibility_criteria
NCT07287917,ERBB2,eligibility_criteria
NCT07287917,PIK3CA,eligibility_criteria
NCT07287917,PTEN,eligibility_criteria
NCT04208178,ERBB2,eligibility_criteria
NCT04208178,PIK3CA,eligibility_criteria
NCT06227117,ERBB2,eligibility_criteria
NCT06145308,ERBB2,eligibility_criteria
NCT07241793,ERBB2,eligibility_criteria
NCT03425838,CDK4,eligibility_criteria
NCT06500052,ERBB2,eligibility_criteria
NCT05582499,ERBB2,eligibility_criteria
NCT04144569,ERBB2,eligibility_criteria
NCT06974370,ALK,eligibility_criteria
NCT06974370,BRAF,eligibility_criteria
NCT06974370,EGFR,eligibility_criteria
NCT06974370,ERBB2,eligibility_criteria
NCT05306041,ERBB2,eligibility_criteria
NCT05306041,PIK3CA,eligibility_criteria
NCT06420973,ERBB2,eligibility_criteria
NCT06875128,ERBB2,eligibility_criteria
NCT03389230,ERBB2,eligibility_criteria
NCT01996267,ERBB2,eligibility_criteria
NCT06977893,ERBB2,eligibility_criteria
NCT03653507,ERBB2,eligibility_criteria
NCT06686394,ERBB2,eligibility_criteria
NCT07085767,CDK4,eligibility_criteria
NCT07085767,ERBB2,eligibility_criteria
NCT07000253,ERBB2,eligibility_criteria
NCT07510802,ERBB2,eligibility_criteria
NCT07401537,ERBB2,eligibility_criteria
NCT07117630,CDK4,eligibility_criteria
NCT07117630,ERBB2,eligibility_criteria
NCT07607119,ERBB2,eligibility_criteria
NCT05098210,BRAF,eligibility_criteria
NCT05098210,EGFR,eligibility_criteria
NCT05098210,ERBB2,eligibility_criteria
NCT05098210,KRAS,eligibility_criteria
NCT05098210,ROS1,eligibility_criteria
NCT04854005,ERBB2,eligibility_criteria
NCT03917082,ERBB2,eligibility_criteria
NCT06734182,ALK,eligibility_criteria
NCT06734182,BRAF,eligibility_criteria
NCT06734182,EGFR,eligibility_criteria
NCT06734182,ERBB2,eligibility_criteria
NCT06734182,KRAS,eligibility_criteria
NCT06734182,MET,eligibility_criteria
NCT06734182,RET,eligibility_criteria
NCT06734182,ROS1,eligibility_criteria
NCT06727227,ERBB2,eligibility_criteria
NCT06101082,ERBB2,eligibility_criteria
NCT06612814,CDK4,eligibility_criteria
NCT06612814,ERBB2,eligibility_criteria
NCT07514065,CDK4,eligibility_criteria
NCT07514065,ERBB2,eligibility_criteria
NCT06255392,BRCA1,eligibility_criteria
NCT06255392,ERBB2,eligibility_criteria
NCT05809752,ERBB2,eligibility_criteria
NCT06068985,ERBB2,eligibility_criteria
NCT05744687,CDK4,eligibility_criteria
NCT06907043,ERBB2,eligibility_criteria
NCT06830889,ERBB2,eligibility_criteria
NCT06000917,ERBB2,eligibility_criteria
NCT05831878,ERBB2,eligibility_criteria
NCT05728268,ERBB2,eligibility_criteria
NCT01674140,ERBB2,eligibility_criteria
NCT05188313,ERBB2,eligibility_criteria
NCT07400523,CDK4,eligibility_criteria
NCT07400523,ERBB2,eligibility_criteria
NCT06611813,ERBB2,eligibility_criteria
NCT06341894,ERBB2,eligibility_criteria
NCT04750122,ERBB2,eligibility_criteria
NCT06797531,CDK4,eligibility_criteria
NCT06797531,ERBB2,eligibility_criteria
NCT03789110,ERBB2,eligibility_criteria
NCT06136897,ERBB2,eligibility_criteria
NCT06966700,ERBB2,eligibility_criteria
NCT05524584,CDK4,eligibility_criteria
NCT05524584,ERBB2,eligibility_criteria
NCT03384914,ERBB2,eligibility_criteria
NCT03769415,ERBB2,eligibility_criteria
NCT04851613,CDK4,eligibility_criteria
NCT04851613,ERBB2,eligibility_criteria
NCT04851613,PIK3CA,eligibility_criteria
NCT04851613,PTEN,eligibility_criteria
NCT03515798,ERBB2,eligibility_criteria
NCT05232916,ERBB2,eligibility_criteria
NCT06377852,CDK4,eligibility_criteria
NCT06377852,ERBB2,eligibility_criteria
NCT05424835,ERBB2,eligibility_criteria
NCT06806982,ERBB2,eligibility_criteria
NCT05965479,ERBB2,eligibility_criteria
NCT06281210,ERBB2,eligibility_criteria
NCT05766410,CDK4,eligibility_criteria
NCT05766410,ERBB2,eligibility_criteria
NCT04020575,ERBB2,eligibility_criteria
NCT05398861,ERBB2,eligibility_criteria
NCT04661150,ERBB2,eligibility_criteria
NCT05038735,CDK4,eligibility_criteria
NCT05038735,ERBB2,eligibility_criteria
NCT05038735,PIK3CA,eligibility_criteria
NCT04567420,CDK4,eligibility_criteria
NCT04567420,ERBB2,eligibility_criteria
NCT06691035,ERBB2,eligibility_criteria
NCT06691035,PIK3CA,eligibility_criteria
NCT06637150,ERBB2,eligibility_criteria
NCT05889390,ERBB2,eligibility_criteria
NCT04884282,ALK,eligibility_criteria
NCT04884282,EGFR,eligibility_criteria
NCT04884282,ROS1,eligibility_criteria
NCT07142226,FGFR2,eligibility_criteria
NCT07142226,IDH1,eligibility_criteria
NCT05023967,ERBB2,eligibility_criteria
NCT07229417,ERBB2,eligibility_criteria
NCT07192068,ERBB2,eligibility_criteria
NCT05150691,ERBB2,eligibility_criteria
NCT04254263,ERBB2,eligibility_criteria
NCT03900637,ERBB2,eligibility_criteria
NCT06706557,ERBB2,eligibility_criteria
NCT05608252,CDK4,eligibility_criteria
NCT05608252,ERBB2,eligibility_criteria
NCT05867251,CDK4,eligibility_criteria
NCT05867251,ERBB2,eligibility_criteria
NCT04514419,ERBB2,eligibility_criteria
NCT04439136,ERBB2,eligibility_criteria
NCT05826964,CDK4,eligibility_criteria
NCT05826964,ERBB2,eligibility_criteria
NCT04547907,ERBB2,eligibility_criteria
NCT05222971,ATM,eligibility_criteria
NCT05222971,BRCA1,eligibility_criteria
NCT05222971,BRCA2,eligibility_criteria
NCT05222971,CHEK2,eligibility_criteria
NCT05222971,MLH1,eligibility_criteria
NCT05222971,MSH2,eligibility_criteria
NCT05222971,MSH6,eligibility_criteria
NCT05222971,PALB2,eligibility_criteria
NCT05222971,POLE,eligibility_criteria
NCT05222971,RAD51,eligibility_criteria
NCT05252988,ERBB2,eligibility_criteria
NCT05861830,CDK4,eligibility_criteria
NCT05861830,ERBB2,eligibility_criteria
NCT06581432,ERBB2,eligibility_criteria
NCT06764875,ERBB2,eligibility_criteria
NCT03879629,ERBB2,eligibility_criteria
NCT05770531,ERBB2,eligibility_criteria
NCT06548919,ERBB2,eligibility_criteria
NCT07404202,ERBB2,eligibility_criteria
NCT04895761,ERBB2,eligibility_criteria
NCT06236269,CDK4,eligibility_criteria
NCT06236269,ERBB2,eligibility_criteria
NCT06774222,ERBB2,eligibility_criteria
NCT05634889,ERBB2,eligibility_criteria
NCT07211178,ERBB2,eligibility_criteria
NCT02445391,ERBB2,eligibility_criteria
NCT07335081,ERBB2,eligibility_criteria
NCT06805812,CDK4,eligibility_criteria
NCT06805812,ERBB2,eligibility_criteria
NCT07022002,ERBB2,eligibility_criteria
NCT06913777,ERBB2,eligibility_criteria
NCT06155383,ERBB2,eligibility_criteria
NCT06518837,ERBB2,eligibility_criteria
NCT00616967,ERBB2,eligibility_criteria
NCT05710328,ERBB2,eligibility_criteria
NCT06149130,CDK4,eligibility_criteria
NCT06149130,ERBB2,eligibility_criteria
NCT04030507,ERBB2,eligibility_criteria
NCT06311214,ERBB2,eligibility_criteria
NCT06767449,ERBB2,eligibility_criteria
NCT05800275,ERBB2,eligibility_criteria
NCT05708235,CDK4,eligibility_criteria
NCT05708235,ERBB2,eligibility_criteria
NCT05708235,PIK3CA,eligibility_criteria
NCT05514717,ERBB2,eligibility_criteria
NCT06784921,ERBB2,eligibility_criteria
NCT02772367,ERBB2,eligibility_criteria
NCT05635487,ERBB2,eligibility_criteria
NCT05059444,ERBB2,eligibility_criteria
NCT02204098,ERBB2,eligibility_criteria
NCT07179744,ERBB2,eligibility_criteria
NCT05034887,ERBB2,eligibility_criteria
NCT05851014,CDK4,eligibility_criteria
NCT05851014,ERBB2,eligibility_criteria
NCT06114511,ERBB2,eligibility_criteria
NCT07531693,ERBB2,eligibility_criteria
NCT02436993,ERBB2,eligibility_criteria
NCT05314114,ERBB2,eligibility_criteria
NCT06809764,ERBB2,eligibility_criteria
NCT07581834,ERBB2,eligibility_criteria
NCT05528133,ERBB2,eligibility_criteria
NCT07371585,ERBB2,eligibility_criteria
NCT07019363,CDK4,eligibility_criteria
NCT07019363,ERBB2,eligibility_criteria
NCT02743910,ERBB2,eligibility_criteria
NCT03546686,ERBB2,eligibility_criteria
NCT06167317,ERBB2,eligibility_criteria
NCT06126640,ERBB2,eligibility_criteria
NCT02115282,ERBB2,eligibility_criteria
NCT05311397,ERBB2,eligibility_criteria
NCT04733118,ERBB2,eligibility_criteria
NCT05672524,ERBB2,eligibility_criteria
NCT05672524,KRAS,eligibility_criteria
NCT06126276,CDK4,eligibility_criteria
NCT06126276,ERBB2,eligibility_criteria
NCT06813456,ERBB2,eligibility_criteria
NCT07389408,ERBB2,eligibility_criteria
NCT06957379,CDK4,eligibility_criteria
NCT06957379,ERBB2,eligibility_criteria
NCT05466786,ERBB2,eligibility_criteria
NCT03504397,ERBB2,eligibility_criteria
NCT06723990,ERBB2,eligibility_criteria
NCT07387874,ERBB2,eligibility_criteria
NCT06508216,BRCA1,eligibility_criteria
NCT06508216,ERBB2,eligibility_criteria
NCT04852887,ERBB2,eligibility_criteria
NCT04263298,ERBB2,eligibility_criteria
NCT05771584,ERBB2,eligibility_criteria
NCT04928261,ERBB2,eligibility_criteria
NCT07296705,ERBB2,eligibility_criteria
NCT06023758,ERBB2,eligibility_criteria
NCT07228247,ERBB2,eligibility_criteria
NCT06778031,ERBB2,eligibility_criteria
NCT06234137,ERBB2,eligibility_criteria
NCT05465031,ERBB2,eligibility_criteria
NCT07432295,ERBB2,eligibility_criteria
NCT05710666,ERBB2,eligibility_criteria
NCT06026657,ERBB2,eligibility_criteria
NCT06190600,ERBB2,eligibility_criteria
NCT05749900,ERBB2,eligibility_criteria
NCT04118192,ERBB2,eligibility_criteria
NCT07558733,CDK4,eligibility_criteria
NCT07558733,ERBB2,eligibility_criteria
NCT07558733,PIK3CA,eligibility_criteria
NCT04829604,ERBB2,eligibility_criteria
NCT03125928,ERBB2,eligibility_criteria
NCT05957536,ERBB2,eligibility_criteria
NCT05625087,CDK4,eligibility_criteria
NCT05625087,ERBB2,eligibility_criteria
NCT05625087,PIK3CA,eligibility_criteria
NCT02547987,ERBB2,eligibility_criteria
NCT03147287,CDK4,eligibility_criteria
NCT03147287,ERBB2,eligibility_criteria
NCT06782698,ERBB2,eligibility_criteria
NCT06121557,CDK4,eligibility_criteria
NCT06121557,ERBB2,eligibility_criteria
NCT05890287,CDK4,eligibility_criteria
NCT05890287,ERBB2,eligibility_criteria
NCT07498400,ERBB2,eligibility_criteria
NCT04191499,ERBB2,eligibility_criteria
NCT04191499,PIK3CA,eligibility_criteria
NCT06663787,ERBB2,eligibility_criteria
NCT05207709,CDK4,eligibility_criteria
NCT05207709,ERBB2,eligibility_criteria
NCT01564056,ERBB2,eligibility_criteria
NCT07117851,ERBB2,eligibility_criteria
NCT07297134,PTEN,eligibility_criteria
NCT06533826,CDK4,eligibility_criteria
NCT06533826,ERBB2,eligibility_criteria
NCT03892655,ERBB2,eligibility_criteria
NCT06110793,ERBB2,eligibility_criteria
NCT04293393,ERBB2,eligibility_criteria
NCT05892068,ERBB2,eligibility_criteria
NCT05251714,CDK4,eligibility_criteria
NCT05251714,ERBB2,eligibility_criteria
NCT06085755,ERBB2,eligibility_criteria
NCT05302284,ERBB2,eligibility_criteria
NCT05911958,ERBB2,eligibility_criteria
NCT06341621,ERBB2,eligibility_criteria
NCT07299825,ERBB2,eligibility_criteria
NCT03414658,ERBB2,eligibility_criteria
NCT05181033,CDK4,eligibility_criteria
NCT05181033,ERBB2,eligibility_criteria
NCT05982678,ERBB2,eligibility_criteria
NCT06642545,ERBB2,eligibility_criteria
NCT06003231,ERBB2,eligibility_criteria
NCT07203729,CDK4,eligibility_criteria
NCT07203729,ERBB2,eligibility_criteria
NCT05455619,ERBB2,eligibility_criteria
NCT05455619,PIK3CA,eligibility_criteria
NCT05455619,PTEN,eligibility_criteria
NCT05377684,ERBB2,eligibility_criteria
NCT07418125,ERBB2,eligibility_criteria
NCT06016738,CDK4,eligibility_criteria
NCT06016738,ERBB2,eligibility_criteria
NCT06874933,ERBB2,eligibility_criteria
NCT06731140,ERBB2,eligibility_criteria
NCT05900206,ERBB2,eligibility_criteria
NCT06263543,CDK4,eligibility_criteria
NCT06263543,ERBB2,eligibility_criteria
NCT06263543,PIK3CA,eligibility_criteria
NCT07371910,BRCA1,eligibility_criteria
NCT07371910,ERBB2,eligibility_criteria
NCT05420779,ERBB2,eligibility_criteria
NCT06123988,CDK4,eligibility_criteria
NCT06123988,ERBB2,eligibility_criteria
NCT06471673,ERBB2,eligibility_criteria
NCT05638594,ERBB2,eligibility_criteria
NCT06253494,ERBB2,eligibility_criteria
NCT06185569,ERBB2,eligibility_criteria
NCT02515110,ERBB2,eligibility_criteria
NCT06155396,ERBB2,eligibility_criteria
NCT04606446,CDK4,eligibility_criteria
NCT04606446,ERBB2,eligibility_criteria
NCT05305924,CDK4,eligibility_criteria
NCT05305924,ERBB2,eligibility_criteria
NCT06081959,ERBB2,eligibility_criteria
NCT04495296,ERBB2,eligibility_criteria
NCT07100600,ERBB2,eligibility_criteria
NCT07191730,ERBB2,eligibility_criteria
NCT07237256,CDK4,eligibility_criteria
NCT07237256,ERBB2,eligibility_criteria
NCT06107673,ERBB2,eligibility_criteria
NCT06548529,ERBB2,eligibility_criteria
NCT05408845,ERBB2,eligibility_criteria
NCT07407439,CDK4,eligibility_criteria
NCT07407439,ERBB2,eligibility_criteria
NCT06222957,ERBB2,eligibility_criteria
NCT02568839,ERBB2,eligibility_criteria
NCT05949541,CDK4,eligibility_criteria
NCT05949541,ERBB2,eligibility_criteria
NCT06764186,CDK4,eligibility_criteria
NCT06764186,ERBB2,eligibility_criteria
NCT06764186,PIK3CA,eligibility_criteria
NCT06764186,PTEN,eligibility_criteria
NCT06042894,ERBB2,eligibility_criteria
NCT05253651,ERBB2,eligibility_criteria
NCT06148506,ERBB2,eligibility_criteria
NCT06750484,ERBB2,eligibility_criteria
NCT05596409,CDK4,eligibility_criteria
NCT05596409,ERBB2,eligibility_criteria
NCT00877500,ERBB2,eligibility_criteria
NCT06031584,ERBB2,eligibility_criteria
NCT04568616,ERBB2,eligibility_criteria
NCT06293898,ERBB2,eligibility_criteria
NCT04540692,ERBB2,eligibility_criteria
NCT06891833,ERBB2,eligibility_criteria
NCT06340516,ERBB2,eligibility_criteria
NCT06722599,ERBB2,eligibility_criteria
NCT07081555,ERBB2,eligibility_criteria
NCT05780567,ERBB2,eligibility_criteria
NCT04282031,CDK4,eligibility_criteria
NCT04282031,ERBB2,eligibility_criteria
NCT05911295,ERBB2,eligibility_criteria
NCT06927895,ERBB2,eligibility_criteria
NCT06265428,ERBB2,eligibility_criteria
NCT07233928,ERBB2,eligibility_criteria
NCT03331601,ERBB2,eligibility_criteria
NCT04230109,ERBB2,eligibility_criteria
NCT06439771,ERBB2,eligibility_criteria
NCT05834764,ERBB2,eligibility_criteria
NCT07029399,CDK4,eligibility_criteria
NCT07029399,ERBB2,eligibility_criteria
NCT06272799,ERBB2,eligibility_criteria
NCT05837806,ERBB2,eligibility_criteria
NCT07408089,CDK4,eligibility_criteria
NCT07408089,ERBB2,eligibility_criteria
NCT07408089,FGFR1,eligibility_criteria
NCT07285382,CDK4,eligibility_criteria
NCT07285382,ERBB2,eligibility_criteria
NCT06447623,CDK4,eligibility_criteria
NCT06447623,ERBB2,eligibility_criteria
NCT02945579,ERBB2,eligibility_criteria
NCT05671822,ERBB2,eligibility_criteria
NCT06207734,CDK4,eligibility_criteria
NCT06207734,ERBB2,eligibility_criteria
NCT05705401,ERBB2,eligibility_criteria
NCT06833502,ERBB2,eligibility_criteria
NCT06762483,ERBB2,eligibility_criteria
NCT04293796,BRCA1,eligibility_criteria
NCT04293796,ERBB2,eligibility_criteria
NCT05476796,ERBB2,eligibility_criteria
NCT05683418,ERBB2,eligibility_criteria
NCT05683418,PIK3CA,eligibility_criteria
NCT05683418,PTEN,eligibility_criteria
NCT06830382,ERBB2,eligibility_criteria
NCT07589517,ERBB2,eligibility_criteria
NCT05957757,ERBB2,eligibility_criteria
NCT07369505,ERBB2,eligibility_criteria
NCT07195695,ALK,eligibility_criteria
NCT07195695,EGFR,eligibility_criteria
NCT07195695,ERBB2,eligibility_criteria
NCT06994377,CDK4,eligibility_criteria
NCT06994377,ERBB2,eligibility_criteria
NCT04538742,ERBB2,eligibility_criteria
NCT06450873,ERBB2,eligibility_criteria
NCT04379596,ERBB2,eligibility_criteria
NCT06120283,CDK4,eligibility_criteria
NCT06120283,ERBB2,eligibility_criteria
NCT04556773,CDK4,eligibility_criteria
NCT04556773,ERBB2,eligibility_criteria
NCT06678269,CDK4,eligibility_criteria
NCT06678269,ERBB2,eligibility_criteria
NCT03878342,ERBB2,eligibility_criteria
NCT02422641,ERBB2,eligibility_criteria
NCT05181462,BRCA1,eligibility_criteria
NCT05181462,ERBB2,eligibility_criteria
NCT02738866,ERBB2,eligibility_criteria
NCT05814354,ERBB2,eligibility_criteria
NCT06277024,ERBB2,eligibility_criteria
NCT03742102,ERBB2,eligibility_criteria
NCT06309290,ERBB2,eligibility_criteria
NCT03165487,BRCA1,eligibility_criteria
NCT03165487,ERBB2,eligibility_criteria
NCT06783569,BRAF,eligibility_criteria
NCT06783569,ERBB2,eligibility_criteria
NCT06663137,KIT,eligibility_criteria
NCT05113537,CDK4,eligibility_criteria
NCT04194944,RET,eligibility_criteria
NCT02864992,ALK,eligibility_criteria
NCT02864992,EGFR,eligibility_criteria
NCT02864992,MET,eligibility_criteria
NCT04920149,MLH1,eligibility_criteria
NCT04920149,MSH2,eligibility_criteria
NCT04920149,MSH6,eligibility_criteria
NCT06495125,ALK,eligibility_criteria
NCT06495125,BRAF,eligibility_criteria
NCT06495125,EGFR,eligibility_criteria
NCT06495125,ERBB2,eligibility_criteria
NCT06495125,KRAS,eligibility_criteria
NCT06495125,MET,eligibility_criteria
NCT06495125,RET,eligibility_criteria
NCT06495125,ROS1,eligibility_criteria
NCT05833724,ALK,eligibility_criteria
NCT07042685,BRAF,eligibility_criteria
NCT05417321,ALK,eligibility_criteria
NCT05417321,EGFR,eligibility_criteria
NCT03152318,IDH1,eligibility_criteria
NCT05836571,MET,eligibility_criteria
NCT02974647,JAK2,eligibility_criteria
NCT03947385,ALK,eligibility_criteria
NCT03947385,MET,eligibility_criteria
NCT03947385,ROS1,eligibility_criteria
NCT05752552,MET,eligibility_criteria
NCT06630260,BRAF,eligibility_criteria
NCT05489237,KIT,eligibility_criteria
NCT05489237,PDGFRA,eligibility_criteria
NCT06141369,KRAS,eligibility_criteria
NCT06141369,TP53,eligibility_criteria
NCT07199296,TP53,eligibility_criteria
NCT05957367,KIT,eligibility_criteria
NCT05957367,PDGFRA,eligibility_criteria
NCT05944237,ERBB2,eligibility_criteria
NCT05944237,PIK3CA,eligibility_criteria
NCT03841617,BRAF,eligibility_criteria
NCT07510308,BRAF,eligibility_criteria
NCT07510308,EGFR,eligibility_criteria
NCT07510308,MSH2,eligibility_criteria
NCT07130032,ALK,eligibility_criteria
NCT07130032,BRAF,eligibility_criteria
NCT07130032,EGFR,eligibility_criteria
NCT07130032,RET,eligibility_criteria
NCT07130032,ROS1,eligibility_criteria
NCT03766126,JAK2,eligibility_criteria
NCT03696784,ALK,eligibility_criteria
NCT03696784,MYC,eligibility_criteria
NCT03539536,EGFR,eligibility_criteria
NCT03539536,MET,eligibility_criteria
NCT07153887,MET,eligibility_criteria
NCT05641428,MYC,eligibility_criteria
NCT06630234,KIT,eligibility_criteria
NCT06630234,PDGFRA,eligibility_criteria
NCT05241093,FLT3,eligibility_criteria
NCT03162536,MYC,eligibility_criteria
NCT06536257,BRAF,eligibility_criteria
NCT05053802,ALK,eligibility_criteria
NCT05053802,BRAF,eligibility_criteria
NCT05053802,EGFR,eligibility_criteria
NCT05053802,ROS1,eligibility_criteria
NCT04739813,MYC,eligibility_criteria
NCT03842228,BRCA1,eligibility_criteria
NCT03842228,BRCA2,eligibility_criteria
NCT03842228,PALB2,eligibility_criteria
NCT03842228,PIK3CA,eligibility_criteria
NCT03842228,PTEN,eligibility_criteria
NCT03842228,RAD51,eligibility_criteria
NCT05009836,EGFR,eligibility_criteria
NCT05009836,MET,eligibility_criteria
NCT06234098,ERBB2,eligibility_criteria
NCT07038122,MSH2,eligibility_criteria
NCT07038122,MSH6,eligibility_criteria
NCT07120698,ALK,eligibility_criteria
NCT07120698,EGFR,eligibility_criteria
NCT07120698,RET,eligibility_criteria
NCT07120698,ROS1,eligibility_criteria
NCT04468061,ERBB2,eligibility_criteria
NCT06481241,ABL1,eligibility_criteria
NCT04077099,MET,eligibility_criteria
NCT06425133,BRAF,eligibility_criteria
NCT06425133,EGFR,eligibility_criteria
NCT06425133,KRAS,eligibility_criteria
NCT06425133,NRAS,eligibility_criteria
NCT05703516,MET,eligibility_criteria
NCT05979155,ERBB2,eligibility_criteria
NCT05583149,MYC,eligibility_criteria
NCT06625593,FGFR2,eligibility_criteria
NCT05377827,FLT3,eligibility_criteria
NCT05377827,IDH1,eligibility_criteria
NCT05377827,IDH2,eligibility_criteria
NCT07170293,NRAS,eligibility_criteria
NCT05439993,MET,eligibility_criteria
NCT04079712,MET,eligibility_criteria
NCT05484622,IDH1,eligibility_criteria
NCT06502977,EGFR,eligibility_criteria
NCT06031688,ALK,eligibility_criteria
NCT06031688,BRAF,eligibility_criteria
NCT06031688,EGFR,eligibility_criteria
NCT06031688,ERBB2,eligibility_criteria
NCT06031688,KRAS,eligibility_criteria
NCT06031688,MET,eligibility_criteria
NCT06031688,RET,eligibility_criteria
NCT06031688,ROS1,eligibility_criteria
NCT06868836,ALK,eligibility_criteria
NCT06868836,BRAF,eligibility_criteria
NCT06868836,EGFR,eligibility_criteria
NCT06868836,KRAS,eligibility_criteria
NCT06868836,RET,eligibility_criteria
NCT06868836,ROS1,eligibility_criteria
NCT07361003,EGFR,eligibility_criteria
NCT04572633,EGFR,eligibility_criteria
NCT06023576,ERBB2,eligibility_criteria
NCT04288726,ALK,eligibility_criteria
NCT04628494,MYC,eligibility_criteria
NCT06417476,MSH2,eligibility_criteria
NCT06417476,MSH6,eligibility_criteria
NCT03962543,NF1,eligibility_criteria
NCT06439225,ATM,eligibility_criteria
NCT06439225,BRCA1,eligibility_criteria
NCT06439225,BRCA2,eligibility_criteria
NCT06439225,CHEK2,eligibility_criteria
NCT06439225,PALB2,eligibility_criteria
NCT07601178,ERBB2,eligibility_criteria
NCT04966481,CDK4,eligibility_criteria
NCT04966481,CDKN2A,eligibility_criteria
NCT06183762,MET,eligibility_criteria
NCT03682289,ATM,eligibility_criteria
NCT06379087,ROS1,eligibility_criteria
NCT07379463,MET,eligibility_criteria
NCT04787263,TP53,eligibility_criteria
NCT07030712,ERBB2,eligibility_criteria
NCT05902988,POLE,eligibility_criteria
NCT04270591,ALK,eligibility_criteria
NCT04270591,BRAF,eligibility_criteria
NCT04270591,EGFR,eligibility_criteria
NCT04270591,MET,eligibility_criteria
NCT04270591,ROS1,eligibility_criteria
NCT06614192,MET,eligibility_criteria
NCT05620134,ERBB2,eligibility_criteria
NCT02099058,EGFR,eligibility_criteria
NCT05925530,ALK,eligibility_criteria
NCT05925530,EGFR,eligibility_criteria
NCT07025018,IDH1,eligibility_criteria
NCT07025018,IDH2,eligibility_criteria
NCT06811870,ERBB2,eligibility_criteria
NCT07109323,TP53,eligibility_criteria
NCT02677922,IDH1,eligibility_criteria
NCT02677922,IDH2,eligibility_criteria
NCT05800366,ALK,eligibility_criteria
NCT05800366,MYC,eligibility_criteria
NCT06159166,NF1,eligibility_criteria
NCT04950322,ERBB2,eligibility_criteria
NCT07308106,MET,eligibility_criteria
NCT04256317,ABL1,eligibility_criteria
NCT06855823,ALK,eligibility_criteria
NCT07310784,BRAF,eligibility_criteria
NCT07310784,NRAS,eligibility_criteria
NCT06202404,ALK,eligibility_criteria
NCT06202404,EGFR,eligibility_criteria
NCT06202404,KRAS,eligibility_criteria
NCT06202404,MET,eligibility_criteria
NCT06202404,ROS1,eligibility_criteria
NCT05904106,FLT3,eligibility_criteria
NCT05904106,NPM1,eligibility_criteria
NCT04684563,ALK,eligibility_criteria
NCT04684563,MYC,eligibility_criteria
NCT04693468,ALK,eligibility_criteria
NCT04693468,BRCA1,eligibility_criteria
NCT04693468,MET,eligibility_criteria
NCT04693468,MYC,eligibility_criteria
NCT04693468,PALB2,eligibility_criteria
NCT04693468,ROS1,eligibility_criteria
NCT03223610,MYC,eligibility_criteria
NCT02896335,CDK4,eligibility_criteria
NCT02896335,CDK6,eligibility_criteria
NCT02896335,CDKN2A,eligibility_criteria
NCT05269381,ALK,eligibility_criteria
NCT05269381,BRAF,eligibility_criteria
NCT05269381,EGFR,eligibility_criteria
NCT05269381,ERBB2,eligibility_criteria
NCT05269381,KRAS,eligibility_criteria
NCT05269381,MET,eligibility_criteria
NCT05269381,RET,eligibility_criteria
NCT06259513,ERBB2,eligibility_criteria
NCT06979596,ERBB2,eligibility_criteria
NCT05288166,CDK4,eligibility_criteria
NCT05288166,CDK6,eligibility_criteria
NCT06854003,TP53,eligibility_criteria
NCT06188702,CDKN2A,eligibility_criteria
NCT07271667,TP53,eligibility_criteria
NCT06298058,EGFR,eligibility_criteria
NCT05586074,FLT3,eligibility_criteria
NCT06680050,ALK,eligibility_criteria
NCT06680050,EGFR,eligibility_criteria
NCT06680050,MET,eligibility_criteria
NCT06680050,RET,eligibility_criteria
NCT06680050,ROS1,eligibility_criteria
NCT05144698,ALK,eligibility_criteria
NCT05144698,BRAF,eligibility_criteria
NCT05144698,EGFR,eligibility_criteria
NCT00248287,EGFR,eligibility_criteria
NCT00248287,ERBB2,eligibility_criteria
NCT06564324,ROS1,eligibility_criteria
NCT06357975,MET,eligibility_criteria
NCT06388031,ALK,eligibility_criteria
NCT06388031,EGFR,eligibility_criteria
NCT05947851,TP53,eligibility_criteria
NCT06083857,ALK,eligibility_criteria
NCT06083857,EGFR,eligibility_criteria
NCT06083857,MET,eligibility_criteria
NCT02965755,ERBB2,eligibility_criteria
NCT06947291,MET,eligibility_criteria
NCT06360575,MET,eligibility_criteria
NCT05784142,ALK,eligibility_criteria
NCT05784142,EGFR,eligibility_criteria
NCT05784142,ROS1,eligibility_criteria
NCT04722341,ERBB2,eligibility_criteria
NCT06699472,CDK4,eligibility_criteria
NCT03505320,ERBB2,eligibility_criteria
NCT06980532,BRAF,eligibility_criteria
NCT06980532,MET,eligibility_criteria
NCT06411821,BRAF,eligibility_criteria
NCT06411821,KRAS,eligibility_criteria
NCT06411821,NF1,eligibility_criteria
NCT06411821,NRAS,eligibility_criteria
NCT07375355,ABL1,eligibility_criteria
NCT05361174,BRAF,eligibility_criteria
NCT05209243,MET,eligibility_criteria
NCT00044304,KIT,eligibility_criteria
NCT00044304,PDGFRA,eligibility_criteria
NCT07436728,EGFR,eligibility_criteria
NCT07436728,ERBB2,eligibility_criteria
NCT07436728,MET,eligibility_criteria
NCT05520567,ABL1,eligibility_criteria
NCT05520567,FLT3,eligibility_criteria
NCT02496208,MET,eligibility_criteria
NCT05456191,ABL1,eligibility_criteria
NCT03598244,MET,eligibility_criteria
NCT06340737,MYC,eligibility_criteria
NCT06842498,BRCA1,eligibility_criteria
NCT05006716,ALK,eligibility_criteria
NCT05006716,MYC,eligibility_criteria
NCT03182244,FLT3,eligibility_criteria
NCT07414758,ALK,eligibility_criteria
NCT05536128,ATM,eligibility_criteria
NCT05536128,BRCA1,eligibility_criteria
NCT05536128,BRCA2,eligibility_criteria
NCT05536128,CDK4,eligibility_criteria
NCT05536128,CHEK2,eligibility_criteria
NCT05536128,ERBB2,eligibility_criteria
NCT05536128,PALB2,eligibility_criteria
NCT05536128,RAD51,eligibility_criteria
NCT06988475,MET,eligibility_criteria
NCT06529731,FLT3,eligibility_criteria
NCT06529731,IDH1,eligibility_criteria
NCT06529731,IDH2,eligibility_criteria
NCT06529731,NPM1,eligibility_criteria
NCT07196644,MET,eligibility_criteria
NCT04322578,EGFR,eligibility_criteria
NCT04322578,MET,eligibility_criteria
NCT06049212,ALK,eligibility_criteria
NCT06049212,EGFR,eligibility_criteria
NCT06049212,ROS1,eligibility_criteria
NCT03090165,ERBB2,eligibility_criteria
NCT01639508,MET,eligibility_criteria
NCT01639508,RET,eligibility_criteria
NCT01639508,ROS1,eligibility_criteria
NCT07510321,MET,eligibility_criteria
NCT05316935,MET,eligibility_criteria
NCT04771520,PDGFRA,eligibility_criteria
NCT06951646,ALK,eligibility_criteria
NCT06951646,EGFR,eligibility_criteria
NCT06951646,ROS1,eligibility_criteria
NCT05198154,ALK,eligibility_criteria
NCT05198154,EGFR,eligibility_criteria
NCT05198154,ROS1,eligibility_criteria
NCT05989542,ALK,eligibility_criteria
NCT05989542,EGFR,eligibility_criteria
NCT05989542,KRAS,eligibility_criteria
NCT05989542,MET,eligibility_criteria
NCT05989542,ROS1,eligibility_criteria
NCT04614103,ALK,eligibility_criteria
NCT04614103,EGFR,eligibility_criteria
NCT04614103,ROS1,eligibility_criteria
NCT03589326,ABL1,eligibility_criteria
NCT06315309,ABL1,eligibility_criteria
NCT06772623,EGFR,eligibility_criteria
NCT05061134,BRAF,eligibility_criteria
NCT06939127,ALK,eligibility_criteria
NCT06939127,EGFR,eligibility_criteria
NCT05318573,ALK,eligibility_criteria
NCT05318573,EGFR,eligibility_criteria
NCT04211337,BRAF,eligibility_criteria
NCT04211337,RET,eligibility_criteria
NCT04585477,ALK,eligibility_criteria
NCT04585477,EGFR,eligibility_criteria
NCT04585477,ROS1,eligibility_criteria
NCT05989204,ALK,eligibility_criteria
NCT05989204,MYC,eligibility_criteria
NCT06780085,ALK,eligibility_criteria
NCT06780085,EGFR,eligibility_criteria
NCT06780085,ROS1,eligibility_criteria
NCT05139004,FLT3,eligibility_criteria
NCT05139004,NPM1,eligibility_criteria
NCT07353684,ERBB2,eligibility_criteria
NCT00840047,MET,eligibility_criteria
NCT06386705,MET,eligibility_criteria
NCT04409639,ABL1,eligibility_criteria
NCT04409639,BRAF,eligibility_criteria
NCT04409639,FLT3,eligibility_criteria
NCT04409639,JAK2,eligibility_criteria
NCT04409639,KRAS,eligibility_criteria
NCT04409639,NF1,eligibility_criteria
NCT04409639,NRAS,eligibility_criteria
NCT04962867,ALK,eligibility_criteria
NCT04962867,BRAF,eligibility_criteria
NCT04962867,EGFR,eligibility_criteria
NCT04962867,FGFR1,eligibility_criteria
NCT04962867,FGFR2,eligibility_criteria
NCT04962867,FGFR3,eligibility_criteria
NCT04962867,KRAS,eligibility_criteria
NCT04962867,NRAS,eligibility_criteria
NCT04962867,ROS1,eligibility_criteria
NCT05347134,BRCA1,eligibility_criteria
NCT05347134,BRCA2,eligibility_criteria
NCT05347134,ERBB2,eligibility_criteria
NCT06291987,IDH1,eligibility_criteria
NCT04370587,ALK,eligibility_criteria
NCT04370587,EGFR,eligibility_criteria
NCT06105619,MET,eligibility_criteria
NCT06233942,ERBB2,eligibility_criteria
NCT01251861,EGFR,eligibility_criteria
NCT07281924,BRAF,eligibility_criteria
NCT07281924,KIT,eligibility_criteria
NCT04040205,CDK4,eligibility_criteria
NCT04040205,CDK6,eligibility_criteria
NCT04040205,CDKN2A,eligibility_criteria
NCT04439253,ROS1,eligibility_criteria
NCT06643455,CDK4,eligibility_criteria
NCT06643455,ERBB2,eligibility_criteria
NCT07607418,IDH1,eligibility_criteria
NCT07222800,BRAF,eligibility_criteria
NCT06554600,MYC,eligibility_criteria
NCT04671511,ERBB2,eligibility_criteria
NCT06096844,ALK,eligibility_criteria
NCT06096844,EGFR,eligibility_criteria
NCT06182306,MET,eligibility_criteria
NCT05011422,FLT3,eligibility_criteria
NCT05011422,NPM1,eligibility_criteria
NCT07315854,ERBB2,eligibility_criteria
NCT05781308,ALK,eligibility_criteria
NCT05781308,EGFR,eligibility_criteria
NCT05781308,MET,eligibility_criteria
NCT05781308,RET,eligibility_criteria
NCT05781308,ROS1,eligibility_criteria
NCT06532032,ALK,eligibility_criteria
NCT06532032,BRAF,eligibility_criteria
NCT06532032,EGFR,eligibility_criteria
NCT06532032,ERBB2,eligibility_criteria
NCT06532032,KRAS,eligibility_criteria
NCT06532032,MET,eligibility_criteria
NCT06532032,RET,eligibility_criteria
NCT06532032,ROS1,eligibility_criteria
NCT05882292,MET,eligibility_criteria
NCT05620628,MET,eligibility_criteria
NCT05089734,ALK,eligibility_criteria
NCT05089734,EGFR,eligibility_criteria
NCT05843253,CDK4,eligibility_criteria
NCT05843253,CDK6,eligibility_criteria
NCT05843253,CDKN2A,eligibility_criteria
NCT05843253,PIK3CA,eligibility_criteria
NCT05843253,PTEN,eligibility_criteria
NCT03934372,FLT3,eligibility_criteria
NCT03934372,KIT,eligibility_criteria
NCT03934372,RET,eligibility_criteria
NCT07226752,MYC,eligibility_criteria
NCT07398079,CDK4,eligibility_criteria
NCT03114527,CDK4,eligibility_criteria
NCT06930794,ALK,eligibility_criteria
NCT06930794,BRAF,eligibility_criteria
NCT06930794,EGFR,eligibility_criteria
NCT06930794,ERBB2,eligibility_criteria
NCT06930794,KRAS,eligibility_criteria
NCT06930794,MET,eligibility_criteria
NCT06930794,RET,eligibility_criteria
NCT06930794,ROS1,eligibility_criteria
NCT05984888,CDK4,eligibility_criteria
NCT06501482,BRAF,eligibility_criteria
NCT02546661,CDKN2A,eligibility_criteria
NCT02546661,FGFR3,eligibility_criteria
NCT02546661,MYC,eligibility_criteria
NCT06908993,ALK,eligibility_criteria
NCT06908993,BRAF,eligibility_criteria
NCT06908993,EGFR,eligibility_criteria
NCT06908993,ERBB2,eligibility_criteria
NCT06908993,KRAS,eligibility_criteria
NCT06908993,MET,eligibility_criteria
NCT06908993,RET,eligibility_criteria
NCT06908993,ROS1,eligibility_criteria
NCT05319314,EGFR,eligibility_criteria
NCT04728893,TP53,eligibility_criteria
NCT05541822,ALK,eligibility_criteria
NCT05541822,BRAF,eligibility_criteria
NCT05541822,EGFR,eligibility_criteria
NCT05541822,KRAS,eligibility_criteria
NCT05541822,MET,eligibility_criteria
NCT05541822,RET,eligibility_criteria
NCT05541822,ROS1,eligibility_criteria
NCT06158828,FLT3,eligibility_criteria
NCT06158828,NPM1,eligibility_criteria
NCT05208047,KIT,eligibility_criteria
NCT05633667,ALK,eligibility_criteria
NCT05633667,EGFR,eligibility_criteria
NCT06127407,IDH1,eligibility_criteria
NCT02867592,MET,eligibility_criteria
NCT02867592,RET,eligibility_criteria
NCT06642857,ERBB2,eligibility_criteria
NCT07197671,ATM,eligibility_criteria
NCT06562543,EGFR,eligibility_criteria
NCT04269902,TP53,eligibility_criteria
NCT07104877,EGFR,eligibility_criteria
NCT04282044,ERBB2,eligibility_criteria
NCT04015700,IDH1,eligibility_criteria
NCT04015700,IDH2,eligibility_criteria
NCT06880991,NF1,eligibility_criteria
NCT05854498,BRAF,eligibility_criteria
NCT05854498,EGFR,eligibility_criteria
NCT05854498,ERBB2,eligibility_criteria
NCT06359847,BRAF,eligibility_criteria
NCT06359847,MET,eligibility_criteria
NCT06712927,BRAF,eligibility_criteria
NCT04716946,ALK,eligibility_criteria
NCT04716946,EGFR,eligibility_criteria
NCT04785196,TP53,eligibility_criteria
NCT05043090,MET,eligibility_criteria
NCT05696782,EGFR,eligibility_criteria
NCT05969171,BRCA1,eligibility_criteria
NCT03462719,TP53,eligibility_criteria
NCT06940739,BRAF,eligibility_criteria
NCT07222566,ALK,eligibility_criteria
NCT07222566,BRAF,eligibility_criteria
NCT07222566,EGFR,eligibility_criteria
NCT07222566,MET,eligibility_criteria
NCT07222566,RET,eligibility_criteria
NCT07222566,ROS1,eligibility_criteria
NCT06687772,MYC,eligibility_criteria
NCT06487221,KRAS,eligibility_criteria
NCT04794699,CDKN2A,eligibility_criteria
NCT05673200,ERBB2,eligibility_criteria
NCT06129734,FLT3,eligibility_criteria
NCT06321484,BRCA1,eligibility_criteria
NCT06321484,BRCA2,eligibility_criteria
NCT03091192,MET,eligibility_criteria
NCT03091192,VHL,eligibility_criteria
NCT06099769,CDK4,eligibility_criteria
NCT06099769,ERBB2,eligibility_criteria
NCT06669117,MET,eligibility_criteria
NCT06935188,CDK4,eligibility_criteria
NCT06935188,EGFR,eligibility_criteria
NCT05896189,CDK4,eligibility_criteria
NCT04963283,BRAF,eligibility_criteria
NCT01660984,RET,eligibility_criteria
NCT04268550,ALK,eligibility_criteria
NCT04268550,BRAF,eligibility_criteria
NCT04268550,EGFR,eligibility_criteria
NCT04268550,KRAS,eligibility_criteria
NCT04268550,MET,eligibility_criteria
NCT04268550,RET,eligibility_criteria
NCT04268550,ROS1,eligibility_criteria
NCT04879368,ERBB2,eligibility_criteria
NCT03899792,RET,eligibility_criteria
NCT04280081,RET,eligibility_criteria
NCT06147570,RET,eligibility_criteria
NCT05265091,ALK,eligibility_criteria
NCT05265091,BRAF,eligibility_criteria
NCT05265091,EGFR,eligibility_criteria
NCT05265091,KRAS,eligibility_criteria
NCT05265091,NRAS,eligibility_criteria
NCT05265091,RET,eligibility_criteria
NCT05265091,ROS1,eligibility_criteria
NCT05653869,RET,eligibility_criteria
NCT06031558,ALK,eligibility_criteria
NCT06031558,BRAF,eligibility_criteria
NCT06031558,EGFR,eligibility_criteria
NCT06031558,KRAS,eligibility_criteria
NCT06031558,MET,eligibility_criteria
NCT06031558,RET,eligibility_criteria
NCT06031558,ROS1,eligibility_criteria
NCT04683250,ALK,eligibility_criteria
NCT04683250,BRAF,eligibility_criteria
NCT04683250,EGFR,eligibility_criteria
NCT04683250,ERBB2,eligibility_criteria
NCT04683250,KRAS,eligibility_criteria
NCT04683250,RET,eligibility_criteria
NCT04683250,ROS1,eligibility_criteria
NCT04320888,RET,eligibility_criteria
NCT04819100,RET,eligibility_criteria
NCT04759911,RET,eligibility_criteria
NCT06458036,RET,eligibility_criteria
NCT05241834,RET,eligibility_criteria
NCT06530316,RET,eligibility_criteria
NCT05668962,RET,eligibility_criteria
NCT05451602,RET,eligibility_criteria
NCT05443126,RET,eligibility_criteria
NCT03157128,RET,eligibility_criteria
NCT07449754,NRAS,eligibility_criteria
NCT06346067,NRAS,eligibility_criteria
NCT04835805,NRAS,eligibility_criteria
NCT06970353,NRAS,eligibility_criteria
NCT06008106,NRAS,eligibility_criteria
NCT04439344,NRAS,eligibility_criteria
NCT07445022,NRAS,eligibility_criteria
NCT07584226,BRAF,eligibility_criteria
NCT07584226,KRAS,eligibility_criteria
NCT07584226,NRAS,eligibility_criteria
NCT05490771,ERBB2,eligibility_criteria
NCT05490771,KRAS,eligibility_criteria
NCT05490771,PIK3CA,eligibility_criteria
NCT06706570,ERBB2,eligibility_criteria
NCT06706570,PIK3CA,eligibility_criteria
NCT04345913,ERBB2,eligibility_criteria
NCT04345913,PIK3CA,eligibility_criteria
NCT04345913,PTEN,eligibility_criteria
NCT05043922,PIK3CA,eligibility_criteria
NCT05307705,CDK4,eligibility_criteria
NCT05307705,ERBB2,eligibility_criteria
NCT05307705,PIK3CA,eligibility_criteria
NCT05154487,PIK3CA,eligibility_criteria
NCT06496568,PIK3CA,eligibility_criteria
NCT05948943,PIK3CA,eligibility_criteria
NCT00001403,PIK3CA,eligibility_criteria
NCT03006172,CDK4,eligibility_criteria
NCT03006172,ERBB2,eligibility_criteria
NCT03006172,PIK3CA,eligibility_criteria
NCT06208410,CDK4,eligibility_criteria
NCT06208410,ERBB2,eligibility_criteria
NCT06208410,PIK3CA,eligibility_criteria
NCT05950464,ATM,eligibility_criteria
NCT04317105,PIK3CA,eligibility_criteria
NCT04317105,PTEN,eligibility_criteria
NCT04192981,PIK3CA,eligibility_criteria
NCT04192981,PTEN,eligibility_criteria
NCT06463028,PIK3CA,eligibility_criteria
NCT04439188,BRAF,eligibility_criteria
NCT04439188,KRAS,eligibility_criteria
NCT04439188,NF1,eligibility_criteria
NCT04439188,NRAS,eligibility_criteria
NCT04439188,PIK3CA,eligibility_criteria
NCT04439188,PTEN,eligibility_criteria
NCT05498896,PTEN,eligibility_criteria
NCT06360588,BRAF,eligibility_criteria
NCT06360588,ERBB2,eligibility_criteria
NCT06360588,KRAS,eligibility_criteria
NCT06360588,NRAS,eligibility_criteria
NCT06360588,PIK3CA,eligibility_criteria
NCT06360588,PTEN,eligibility_criteria
NCT02573636,PTEN,eligibility_criteria
NCT05057013,PTEN,eligibility_criteria
NCT06712095,APC,eligibility_criteria
NCT06712095,CHEK2,eligibility_criteria
NCT06712095,MLH1,eligibility_criteria
NCT06712095,MSH2,eligibility_criteria
NCT06712095,MSH6,eligibility_criteria
NCT06712095,PTEN,eligibility_criteria
NCT06712095,SMAD4,eligibility_criteria
NCT06712095,STK11,eligibility_criteria
NCT06712095,TP53,eligibility_criteria
NCT06400238,BRAF,eligibility_criteria
NCT06400238,ERBB2,eligibility_criteria
NCT06400238,KRAS,eligibility_criteria
NCT06400238,NRAS,eligibility_criteria
NCT06400238,PIK3CA,eligibility_criteria
NCT06400238,PTEN,eligibility_criteria
NCT04042831,ATM,eligibility_criteria
NCT04042831,CHEK2,eligibility_criteria
NCT04042831,PALB2,eligibility_criteria
NCT04042831,PTEN,eligibility_criteria
NCT04042831,RAD51,eligibility_criteria
NCT04439149,BRAF,eligibility_criteria
NCT04439149,KRAS,eligibility_criteria
NCT04439149,NF1,eligibility_criteria
NCT04439149,NRAS,eligibility_criteria
NCT04439149,PIK3CA,eligibility_criteria
NCT04439149,PTEN,eligibility_criteria
NCT06805734,PTEN,eligibility_criteria
NCT03131908,PTEN,eligibility_criteria
NCT06462430,PTEN,eligibility_criteria
NCT02461446,PTEN,eligibility_criteria
NCT05593497,PTEN,eligibility_criteria
NCT03673787,PIK3CA,eligibility_criteria
NCT03673787,PTEN,eligibility_criteria
NCT06029998,PTEN,eligibility_criteria
NCT04090736,ABL1,eligibility_criteria
NCT07304011,IDH1,eligibility_criteria
NCT06214689,IDH1,eligibility_criteria
NCT05401097,IDH1,eligibility_criteria
NCT05401097,IDH2,eligibility_criteria
NCT03953898,FLT3,eligibility_criteria
NCT03953898,IDH1,eligibility_criteria
NCT03953898,IDH2,eligibility_criteria
NCT06607302,IDH1,eligibility_criteria
NCT07032727,FLT3,eligibility_criteria
NCT07032727,IDH1,eligibility_criteria
NCT07032727,JAK2,eligibility_criteria
NCT07032727,KIT,eligibility_criteria
NCT07032727,KRAS,eligibility_criteria
NCT07032727,NF1,eligibility_criteria
NCT07032727,NRAS,eligibility_criteria
NCT05052957,IDH1,eligibility_criteria
NCT04250051,IDH1,eligibility_criteria
NCT04458272,IDH1,eligibility_criteria
NCT03503409,IDH1,eligibility_criteria
NCT07486713,IDH1,eligibility_criteria
NCT02074839,IDH1,eligibility_criteria
NCT03718767,IDH1,eligibility_criteria
NCT03718767,IDH2,eligibility_criteria
NCT04493164,IDH1,eligibility_criteria
NCT07130695,FLT3,eligibility_criteria
NCT07130695,IDH1,eligibility_criteria
NCT07130695,IDH2,eligibility_criteria
NCT03030066,IDH1,eligibility_criteria
NCT06387069,FLT3,eligibility_criteria
NCT06387069,IDH1,eligibility_criteria
NCT06387069,IDH2,eligibility_criteria
NCT06387069,KRAS,eligibility_criteria
NCT06387069,NRAS,eligibility_criteria
NCT04603001,IDH1,eligibility_criteria
NCT04603001,IDH2,eligibility_criteria
NCT05756777,FLT3,eligibility_criteria
NCT05756777,IDH1,eligibility_criteria
NCT05756777,IDH2,eligibility_criteria
NCT06478212,CDKN2A,eligibility_criteria
NCT06478212,IDH1,eligibility_criteria
NCT06478212,IDH2,eligibility_criteria
NCT03212274,IDH1,eligibility_criteria
NCT03212274,IDH2,eligibility_criteria
NCT07075016,ABL1,eligibility_criteria
NCT07075016,IDH1,eligibility_criteria
NCT07075016,IDH2,eligibility_criteria
NCT07075016,NPM1,eligibility_criteria
NCT05588141,IDH1,eligibility_criteria
NCT05588141,IDH2,eligibility_criteria
NCT02704858,IDH1,eligibility_criteria
NCT06566742,IDH1,eligibility_criteria
NCT04521686,IDH1,eligibility_criteria
NCT04521686,IDH2,eligibility_criteria
NCT03878095,IDH1,eligibility_criteria
NCT03878095,IDH2,eligibility_criteria
NCT02632708,IDH1,eligibility_criteria
NCT02632708,IDH2,eligibility_criteria
NCT04774393,IDH1,eligibility_criteria
NCT04774393,IDH2,eligibility_criteria
NCT06717958,IDH1,eligibility_criteria
NCT05076513,IDH1,eligibility_criteria
NCT05076513,IDH2,eligibility_criteria
NCT05969691,IDH1,eligibility_criteria
NCT07315542,IDH1,eligibility_criteria
NCT07315542,IDH2,eligibility_criteria
NCT05609994,IDH1,eligibility_criteria
NCT05406700,IDH1,eligibility_criteria
NCT05406700,IDH2,eligibility_criteria
NCT05303519,CDKN2A,eligibility_criteria
NCT05303519,IDH1,eligibility_criteria
NCT05303519,IDH2,eligibility_criteria
NCT01358058,IDH1,eligibility_criteria
NCT07548710,FLT3,eligibility_criteria
NCT07548710,IDH1,eligibility_criteria
NCT07392242,IDH1,eligibility_criteria
NCT07007949,IDH1,eligibility_criteria
NCT03471260,IDH1,eligibility_criteria
NCT06668584,IDH1,eligibility_criteria
NCT06780930,IDH1,eligibility_criteria
NCT06780930,IDH2,eligibility_criteria
NCT03173248,IDH1,eligibility_criteria
NCT02381886,IDH1,eligibility_criteria
NCT07417761,CDKN2A,eligibility_criteria
NCT06707493,IDH1,eligibility_criteria
NCT04195555,IDH1,eligibility_criteria
NCT07282262,IDH1,eligibility_criteria
NCT07604064,IDH1,eligibility_criteria
NCT07604064,IDH2,eligibility_criteria
NCT04278781,IDH1,eligibility_criteria
NCT06161974,IDH1,eligibility_criteria
NCT06161974,IDH2,eligibility_criteria
NCT06481345,IDH1,eligibility_criteria
NCT04164901,IDH1,eligibility_criteria
NCT04164901,IDH2,eligibility_criteria
NCT03749187,IDH1,eligibility_criteria
NCT03749187,IDH2,eligibility_criteria
NCT06377579,IDH1,eligibility_criteria
NCT07006688,IDH1,eligibility_criteria
NCT06611839,IDH1,eligibility_criteria
NCT06543381,IDH1,eligibility_criteria
NCT05907057,IDH1,eligibility_criteria
NCT06782542,FLT3,eligibility_criteria
NCT06782542,IDH1,eligibility_criteria
NCT06782542,NPM1,eligibility_criteria
NCT07240662,IDH1,eligibility_criteria
NCT07240662,IDH2,eligibility_criteria
NCT06176989,IDH1,eligibility_criteria
NCT06176989,IDH2,eligibility_criteria
NCT07131059,FLT3,eligibility_criteria
NCT07131059,NPM1,eligibility_criteria
NCT03825796,FLT3,eligibility_criteria
NCT03825796,IDH2,eligibility_criteria
NCT06550713,IDH2,eligibility_criteria
NCT04203316,IDH2,eligibility_criteria
NCT03383575,IDH2,eligibility_criteria
NCT03383575,TP53,eligibility_criteria
NCT06672146,IDH2,eligibility_criteria
NCT03744390,IDH2,eligibility_criteria
NCT03683433,IDH2,eligibility_criteria
NCT06756308,IDH2,eligibility_criteria
NCT03728335,IDH2,eligibility_criteria
NCT05727176,FGFR2,eligibility_criteria
NCT06793709,FGFR2,eligibility_criteria
NCT04963153,FGFR2,eligibility_criteria
NCT06915753,FGFR3,eligibility_criteria
NCT06160752,FGFR2,eligibility_criteria
NCT06653777,FGFR1,eligibility_criteria
NCT06653777,FGFR2,eligibility_criteria
NCT04353375,FGFR2,eligibility_criteria
NCT04463771,POLE,eligibility_criteria
NCT05052801,ERBB2,eligibility_criteria
NCT05948475,FGFR2,eligibility_criteria
NCT05651672,FGFR1,eligibility_criteria
NCT06995677,FGFR3,eligibility_criteria
NCT07292168,ALK,eligibility_criteria
NCT07292168,EGFR,eligibility_criteria
NCT07292168,ERBB2,eligibility_criteria
NCT07292168,FGFR1,eligibility_criteria
NCT04659616,ABL1,eligibility_criteria
NCT04659616,FLT3,eligibility_criteria
NCT04659616,NPM1,eligibility_criteria
NCT04659616,TP53,eligibility_criteria
NCT05544552,FGFR3,eligibility_criteria
NCT06777316,FGFR2,eligibility_criteria
NCT06777316,FGFR3,eligibility_criteria
NCT07265947,FGFR3,eligibility_criteria
NCT06906562,FGFR1,eligibility_criteria
NCT06906562,FGFR2,eligibility_criteria
NCT06906562,KRAS,eligibility_criteria
NCT05758610,CDK4,eligibility_criteria
NCT06926088,CDK4,eligibility_criteria
NCT06926088,ERBB2,eligibility_criteria
NCT02905318,CDK4,eligibility_criteria
NCT04526587,CDK4,eligibility_criteria
NCT04526587,ERBB2,eligibility_criteria
NCT04750928,CDK4,eligibility_criteria
NCT04750928,CDKN2A,eligibility_criteria
NCT04750928,NF1,eligibility_criteria
NCT06586957,CDK4,eligibility_criteria
NCT06586957,ERBB2,eligibility_criteria
NCT07222267,CDK4,eligibility_criteria
NCT07252726,CDK4,eligibility_criteria
NCT03959891,ERBB2,eligibility_criteria
NCT07399808,CDK4,eligibility_criteria
NCT04438824,CDK4,eligibility_criteria
NCT04523857,CDK4,eligibility_criteria
NCT05694871,CDK4,eligibility_criteria
NCT03454035,KRAS,eligibility_criteria
NCT03454035,NF1,eligibility_criteria
NCT03454035,NRAS,eligibility_criteria
NCT07226349,CDK4,eligibility_criteria
NCT06955156,ERBB2,eligibility_criteria
NCT06307249,CDK4,eligibility_criteria
NCT07490236,CDK4,eligibility_criteria
NCT04486911,CDK4,eligibility_criteria
NCT04486911,ERBB2,eligibility_criteria
NCT06364956,CDKN2A,eligibility_criteria
NCT04921904,ERBB2,eligibility_criteria
NCT04393285,CDK4,eligibility_criteria
NCT02603679,ERBB2,eligibility_criteria
NCT07524829,CDK4,eligibility_criteria
NCT04557449,CDK4,eligibility_criteria
NCT04557449,ERBB2,eligibility_criteria
NCT03709680,CDK4,eligibility_criteria
NCT05372640,CDK4,eligibility_criteria
NCT04841148,CDK4,eligibility_criteria
NCT04469764,CDK4,eligibility_criteria
NCT05940493,CDK4,eligibility_criteria
NCT02592083,ERBB2,eligibility_criteria
NCT06390839,CDK4,eligibility_criteria
NCT06390839,CDK6,eligibility_criteria
NCT06109207,CDK4,eligibility_criteria
NCT06109207,EGFR,eligibility_criteria
NCT06413706,ALK,eligibility_criteria
NCT06413706,BRAF,eligibility_criteria
NCT06413706,CDKN2A,eligibility_criteria
NCT03285412,CDK4,eligibility_criteria
NCT03285412,ERBB2,eligibility_criteria
NCT04439201,CDK4,eligibility_criteria
NCT03891784,CDK4,eligibility_criteria
NCT03439735,CDK4,eligibility_criteria
NCT03439735,ERBB2,eligibility_criteria
NCT06810544,CDK4,eligibility_criteria
NCT05795335,CDK4,eligibility_criteria
NCT03675893,CDK4,eligibility_criteria
NCT03675893,TP53,eligibility_criteria
NCT05617885,CDK4,eligibility_criteria
NCT06478927,CDK4,eligibility_criteria
NCT05413304,CDK4,eligibility_criteria
NCT07123090,CDK4,eligibility_criteria
NCT03310879,CDK4,eligibility_criteria
NCT03310879,CDK6,eligibility_criteria
NCT04751929,CDK4,eligibility_criteria
NCT06409390,CDK4,eligibility_criteria
NCT06409390,ERBB2,eligibility_criteria
NCT04821895,KIT,eligibility_criteria
NCT04821895,PDGFRA,eligibility_criteria
NCT04557969,KIT,eligibility_criteria
NCT04557969,PDGFRA,eligibility_criteria
NCT05009992,FGFR1,eligibility_criteria
NCT05009992,NF1,eligibility_criteria
NCT05009992,PDGFRA,eligibility_criteria
NCT05461664,KIT,eligibility_criteria
NCT05461664,PDGFRA,eligibility_criteria
NCT07559864,KIT,eligibility_criteria
NCT05658172,CDK4,eligibility_criteria
NCT06917911,FLT3,eligibility_criteria
NCT05009927,KIT,eligibility_criteria
NCT05009927,PDGFRA,eligibility_criteria
NCT03941080,EGFR,eligibility_criteria
NCT07070648,ALK,eligibility_criteria
NCT07070648,MYC,eligibility_criteria
NCT05751733,PDGFRA,eligibility_criteria
NCT06316960,KIT,eligibility_criteria
NCT05186753,KIT,eligibility_criteria
NCT07038785,ATM,eligibility_criteria
NCT07038785,BRCA1,eligibility_criteria
NCT07038785,BRCA2,eligibility_criteria
NCT07038785,CHEK2,eligibility_criteria
NCT07038785,PALB2,eligibility_criteria
NCT07038785,PTEN,eligibility_criteria
NCT07038785,STK11,eligibility_criteria
NCT07038785,TP53,eligibility_criteria
NCT07028073,KIT,eligibility_criteria
NCT06087263,KIT,eligibility_criteria
NCT06381960,ALK,eligibility_criteria
NCT06381960,EGFR,eligibility_criteria
NCT06381960,ROS1,eligibility_criteria
NCT06208748,BRAF,eligibility_criteria
NCT06208748,KIT,eligibility_criteria
NCT06208748,NF1,eligibility_criteria
NCT06208748,PDGFRA,eligibility_criteria
NCT06783790,FLT3,eligibility_criteria
NCT06783790,KIT,eligibility_criteria
NCT05916755,ERBB2,eligibility_criteria
NCT05743595,IDH1,eligibility_criteria
NCT05743595,IDH2,eligibility_criteria
NCT07171203,KIT,eligibility_criteria
NCT03762590,APC,eligibility_criteria
NCT03762590,ATM,eligibility_criteria
NCT03762590,BRCA1,eligibility_criteria
NCT03762590,BRCA2,eligibility_criteria
NCT03762590,CDKN2A,eligibility_criteria
NCT03762590,MLH1,eligibility_criteria
NCT03762590,MSH2,eligibility_criteria
NCT03762590,MSH6,eligibility_criteria
NCT03762590,PALB2,eligibility_criteria
NCT03762590,STK11,eligibility_criteria
NCT03762590,TP53,eligibility_criteria
NCT07562542,KIT,eligibility_criteria
NCT06327685,KIT,eligibility_criteria
NCT06327685,PDGFRA,eligibility_criteria
NCT02371135,APC,eligibility_criteria
NCT02371135,MLH1,eligibility_criteria
NCT02371135,MSH2,eligibility_criteria
NCT02371135,MSH6,eligibility_criteria
NCT02371135,SMAD4,eligibility_criteria
NCT02371135,STK11,eligibility_criteria
NCT06141226,ALK,eligibility_criteria
NCT06141226,EGFR,eligibility_criteria
NCT06141226,ROS1,eligibility_criteria
NCT04298086,ERBB2,eligibility_criteria
NCT03694756,ERBB2,eligibility_criteria
NCT03305341,APC,eligibility_criteria
NCT07143669,KIT,eligibility_criteria
NCT07255638,KIT,eligibility_criteria
NCT07264959,KIT,eligibility_criteria
NCT03731260,KIT,eligibility_criteria
NCT06641310,APC,eligibility_criteria
NCT04598009,KIT,eligibility_criteria
NCT05734105,KIT,eligibility_criteria
NCT04996875,KIT,eligibility_criteria
NCT04996875,PDGFRA,eligibility_criteria
NCT05366816,KIT,eligibility_criteria
NCT05367700,ABL1,eligibility_criteria
NCT06124157,ABL1,eligibility_criteria
NCT03862157,FGFR1,eligibility_criteria
NCT03862157,NPM1,eligibility_criteria
NCT03862157,PDGFRA,eligibility_criteria
NCT05304377,ABL1,eligibility_criteria
NCT07224100,ABL1,eligibility_criteria
NCT02143414,ABL1,eligibility_criteria
NCT02143414,PDGFRA,eligibility_criteria
NCT05143840,ABL1,eligibility_criteria
NCT05940961,ABL1,eligibility_criteria
NCT04925479,ABL1,eligibility_criteria
NCT07074496,ABL1,eligibility_criteria
NCT02689440,ABL1,eligibility_criteria
NCT01746836,ABL1,eligibility_criteria
NCT02003222,ABL1,eligibility_criteria
NCT02003222,CDKN2A,eligibility_criteria
NCT03906292,ABL1,eligibility_criteria
NCT05605379,ABL1,eligibility_criteria
NCT03739814,ABL1,eligibility_criteria
NCT03007147,ABL1,eligibility_criteria
NCT03007147,PDGFRA,eligibility_criteria
NCT04971226,ABL1,eligibility_criteria
NCT05535855,ABL1,eligibility_criteria
NCT02494882,ABL1,eligibility_criteria
NCT07152041,ABL1,eligibility_criteria
NCT04188405,ABL1,eligibility_criteria
NCT05413915,ABL1,eligibility_criteria
NCT05306301,ABL1,eligibility_criteria
NCT02883049,ABL1,eligibility_criteria
NCT05701215,ABL1,eligibility_criteria
NCT04626024,ABL1,eligibility_criteria
NCT01371630,MYC,eligibility_criteria
NCT06409936,ABL1,eligibility_criteria
NCT06514534,ABL1,eligibility_criteria
NCT07003737,ABL1,eligibility_criteria
NCT07003737,FGFR1,eligibility_criteria
NCT07003737,MYC,eligibility_criteria
NCT07003737,PDGFRA,eligibility_criteria
NCT07003737,TP53,eligibility_criteria
NCT07549516,ABL1,eligibility_criteria
NCT07354074,ABL1,eligibility_criteria
NCT04530565,ABL1,eligibility_criteria
NCT07493161,ABL1,eligibility_criteria
NCT03817398,ABL1,eligibility_criteria
NCT06754267,ABL1,eligibility_criteria
NCT06163430,ABL1,eligibility_criteria
NCT05020652,JAK2,eligibility_criteria
NCT07356245,ALK,eligibility_criteria
NCT06218628,JAK2,eligibility_criteria
NCT06675123,JAK2,eligibility_criteria
NCT03801434,FGFR1,eligibility_criteria
NCT03801434,JAK2,eligibility_criteria
NCT03801434,PDGFRA,eligibility_criteria
NCT06480591,JAK2,eligibility_criteria
NCT04285086,JAK2,eligibility_criteria
NCT07394153,JAK2,eligibility_criteria
NCT06052618,JAK2,eligibility_criteria
NCT03645824,JAK2,eligibility_criteria
NCT04517851,JAK2,eligibility_criteria
NCT06303193,FLT3,eligibility_criteria
NCT06303193,JAK2,eligibility_criteria
NCT06366789,FLT3,eligibility_criteria
NCT07162116,FLT3,eligibility_criteria
NCT07259707,FLT3,eligibility_criteria
NCT05918692,FLT3,eligibility_criteria
NCT05918692,NPM1,eligibility_criteria
NCT03793478,FLT3,eligibility_criteria
NCT06222580,FLT3,eligibility_criteria
NCT06222580,NPM1,eligibility_criteria
NCT05143996,FLT3,eligibility_criteria
NCT04385290,FLT3,eligibility_criteria
NCT06262438,FLT3,eligibility_criteria
NCT06262438,NPM1,eligibility_criteria
NCT05199051,ABL1,eligibility_criteria
NCT05199051,FLT3,eligibility_criteria
NCT05010122,FLT3,eligibility_criteria
NCT05599360,FLT3,eligibility_criteria
NCT03609060,ABL1,eligibility_criteria
NCT06764459,FLT3,eligibility_criteria
NCT06578247,FLT3,eligibility_criteria
NCT04493138,FLT3,eligibility_criteria
NCT04493138,TP53,eligibility_criteria
NCT05947344,FLT3,eligibility_criteria
NCT03164057,ABL1,eligibility_criteria
NCT03591510,FLT3,eligibility_criteria
NCT06439199,FLT3,eligibility_criteria
NCT06696183,FLT3,eligibility_criteria
NCT05445011,FLT3,eligibility_criteria
NCT06317649,FLT3,eligibility_criteria
NCT06235801,FLT3,eligibility_criteria
NCT05024552,FLT3,eligibility_criteria
NCT06824168,FLT3,eligibility_criteria
NCT06760260,FLT3,eligibility_criteria
NCT07117422,ABL1,eligibility_criteria
NCT04817241,FLT3,eligibility_criteria
NCT06786533,FLT3,eligibility_criteria
NCT06786533,IDH1,eligibility_criteria
NCT06786533,IDH2,eligibility_criteria
NCT04581512,FLT3,eligibility_criteria
NCT02756962,FLT3,eligibility_criteria
NCT02756962,NPM1,eligibility_criteria
NCT06313437,ABL1,eligibility_criteria
NCT06313437,DNMT3A,eligibility_criteria
NCT06313437,FLT3,eligibility_criteria
NCT06313437,NPM1,eligibility_criteria
NCT06313437,TP53,eligibility_criteria
NCT07463651,FLT3,eligibility_criteria
NCT04140487,FLT3,eligibility_criteria
NCT03513484,FLT3,eligibility_criteria
NCT05735184,FLT3,eligibility_criteria
NCT05735184,NPM1,eligibility_criteria
NCT05241106,FLT3,eligibility_criteria
NCT06962163,ERBB2,eligibility_criteria
NCT06325748,FLT3,eligibility_criteria
NCT05546580,FLT3,eligibility_criteria
NCT04293562,FLT3,eligibility_criteria
NCT06022003,FLT3,eligibility_criteria
NCT03836209,FLT3,eligibility_criteria
NCT05886049,FLT3,eligibility_criteria
NCT05886049,NPM1,eligibility_criteria
NCT07566585,NPM1,eligibility_criteria
NCT06424340,NPM1,eligibility_criteria
NCT07500441,ABL1,eligibility_criteria
NCT07500441,DNMT3A,eligibility_criteria
NCT07500441,IDH2,eligibility_criteria
NCT07500441,JAK2,eligibility_criteria
NCT07500441,NPM1,eligibility_criteria
NCT04065399,NPM1,eligibility_criteria
NCT04988555,FLT3,eligibility_criteria
NCT04988555,IDH1,eligibility_criteria
NCT04988555,NPM1,eligibility_criteria
NCT07211958,NPM1,eligibility_criteria
NCT06440135,NPM1,eligibility_criteria
NCT07559695,FLT3,eligibility_criteria
NCT07559695,NPM1,eligibility_criteria
NCT06001788,FLT3,eligibility_criteria
NCT06001788,NPM1,eligibility_criteria
NCT07223814,NPM1,eligibility_criteria
NCT06802718,NPM1,eligibility_criteria
NCT04067336,NPM1,eligibility_criteria
NCT07101497,FLT3,eligibility_criteria
NCT07101497,IDH1,eligibility_criteria
NCT07101497,NPM1,eligibility_criteria
NCT06226571,NPM1,eligibility_criteria
NCT07356154,NPM1,eligibility_criteria
NCT05453903,NPM1,eligibility_criteria
NCT06652438,ABL1,eligibility_criteria
NCT06652438,IDH1,eligibility_criteria
NCT06652438,NPM1,eligibility_criteria
NCT05580861,FLT3,eligibility_criteria
NCT07007312,FLT3,eligibility_criteria
NCT07007312,NPM1,eligibility_criteria
NCT06376162,NPM1,eligibility_criteria
NCT05558124,FLT3,eligibility_criteria
NCT06575296,FLT3,eligibility_criteria
NCT01238250,DNMT3A,eligibility_criteria
NCT06161896,MYC,eligibility_criteria
NCT04170153,ATM,eligibility_criteria
NCT03423628,ATM,eligibility_criteria
NCT03423628,IDH1,eligibility_criteria
NCT05882734,ALK,eligibility_criteria
NCT05882734,EGFR,eligibility_criteria
NCT06134375,ERBB2,eligibility_criteria
NCT05687110,ATM,eligibility_criteria
NCT05687110,BRCA1,eligibility_criteria
NCT05687110,PALB2,eligibility_criteria
NCT06829173,ATM,eligibility_criteria
NCT03250078,ATM,eligibility_criteria
NCT03250078,BRCA1,eligibility_criteria
NCT03250078,BRCA2,eligibility_criteria
NCT03250078,CDKN2A,eligibility_criteria
NCT03250078,MLH1,eligibility_criteria
NCT03250078,MSH2,eligibility_criteria
NCT03250078,MSH6,eligibility_criteria
NCT03250078,PALB2,eligibility_criteria
NCT05071209,ATM,eligibility_criteria
NCT05071209,BRCA1,eligibility_criteria
NCT05071209,BRCA2,eligibility_criteria
NCT05071209,CHEK2,eligibility_criteria
NCT05071209,MSH2,eligibility_criteria
NCT05071209,PALB2,eligibility_criteria
NCT05071209,RAD51,eligibility_criteria
NCT05687136,ATM,eligibility_criteria
NCT05687136,MYC,eligibility_criteria
NCT05011383,ATM,eligibility_criteria
NCT05011383,CHEK2,eligibility_criteria
NCT04657068,ATM,eligibility_criteria
NCT07371663,ALK,eligibility_criteria
NCT07371663,ATM,eligibility_criteria
NCT07371663,BRAF,eligibility_criteria
NCT07371663,EGFR,eligibility_criteria
NCT07371663,KRAS,eligibility_criteria
NCT07371663,MET,eligibility_criteria
NCT07371663,NRAS,eligibility_criteria
NCT07371663,RET,eligibility_criteria
NCT07371663,ROS1,eligibility_criteria
NCT05058846,ATM,eligibility_criteria
NCT05058846,PALB2,eligibility_criteria
NCT05059522,ATM,eligibility_criteria
NCT05566574,ATM,eligibility_criteria
NCT05010031,ATM,eligibility_criteria
NCT06433219,BRCA1,eligibility_criteria
NCT06433219,BRCA2,eligibility_criteria
NCT05917145,ATM,eligibility_criteria
NCT05917145,IDH1,eligibility_criteria
NCT05396833,ATM,eligibility_criteria
NCT06078787,PALB2,eligibility_criteria
NCT01585805,BRCA1,eligibility_criteria
NCT01585805,PALB2,eligibility_criteria
NCT03965689,ALK,eligibility_criteria
NCT03965689,BRAF,eligibility_criteria
NCT03965689,EGFR,eligibility_criteria
NCT03965689,ROS1,eligibility_criteria
NCT03289910,FLT3,eligibility_criteria
NCT03289910,JAK2,eligibility_criteria
NCT03556228,NTRK1,eligibility_criteria
NCT02637687,NTRK1,eligibility_criteria
NCT02637687,NTRK2,eligibility_criteria
NCT02637687,NTRK3,eligibility_criteria
NCT06528691,NTRK1,eligibility_criteria
NCT06528691,ROS1,eligibility_criteria
NCT06140836,ROS1,eligibility_criteria
NCT06128148,ROS1,eligibility_criteria
NCT06552234,ROS1,eligibility_criteria
NCT07154706,ALK,eligibility_criteria
NCT07154706,EGFR,eligibility_criteria
NCT07154706,ROS1,eligibility_criteria
NCT07008287,ALK,eligibility_criteria
NCT07008287,EGFR,eligibility_criteria
NCT07008287,RET,eligibility_criteria
NCT07008287,ROS1,eligibility_criteria
NCT06716138,ROS1,eligibility_criteria
NCT05770544,ROS1,eligibility_criteria
NCT04395677,ALK,eligibility_criteria
NCT04395677,ROS1,eligibility_criteria
NCT04603807,ROS1,eligibility_criteria
NCT03375242,ROS1,eligibility_criteria
NCT07199959,ALK,eligibility_criteria
NCT07199959,BRAF,eligibility_criteria
NCT07199959,EGFR,eligibility_criteria
NCT07199959,ERBB2,eligibility_criteria
NCT07199959,KRAS,eligibility_criteria
NCT07199959,MET,eligibility_criteria
NCT07199959,NTRK1,eligibility_criteria
NCT07199959,RET,eligibility_criteria
NCT07199959,ROS1,eligibility_criteria
NCT04996121,ROS1,eligibility_criteria
NCT04919811,ROS1,eligibility_criteria
NCT05118789,ROS1,eligibility_criteria
NCT05297890,ROS1,eligibility_criteria
NCT06436885,ROS1,eligibility_criteria
NCT06307795,MET,eligibility_criteria
NCT06307795,ROS1,eligibility_criteria
NCT06262113,NF1,eligibility_criteria
NCT05581511,NF1,eligibility_criteria
NCT04481048,NF1,eligibility_criteria
NCT05677594,NF1,eligibility_criteria
NCT06961565,NF1,eligibility_criteria
NCT06541847,NF1,eligibility_criteria
NCT06507748,NF1,eligibility_criteria
NCT07539441,ALK,eligibility_criteria
NCT07539441,NF1,eligibility_criteria
NCT07539441,RET,eligibility_criteria
NCT03820778,NF1,eligibility_criteria
NCT02390752,NF1,eligibility_criteria
NCT06222203,CDKN2A,eligibility_criteria
NCT06222203,NF1,eligibility_criteria
NCT03873610,NF1,eligibility_criteria
NCT02407405,NF1,eligibility_criteria
NCT05309668,NF1,eligibility_criteria
NCT06693284,NF1,eligibility_criteria
NCT06175637,NF1,eligibility_criteria
NCT04439318,NF1,eligibility_criteria
NCT03190915,NF1,eligibility_criteria
NCT07233408,NF1,eligibility_criteria
NCT00924196,NF1,eligibility_criteria
NCT05891847,NF1,eligibility_criteria
NCT06188741,NF1,eligibility_criteria
NCT02544022,NF1,eligibility_criteria
NCT07088991,NF1,eligibility_criteria
NCT07407803,NF1,eligibility_criteria
NCT06147414,NF1,eligibility_criteria
NCT03871257,NF1,eligibility_criteria
NCT05913037,NF1,eligibility_criteria
NCT05361811,NF1,eligibility_criteria
NCT05849662,ABL1,eligibility_criteria
NCT05849662,KRAS,eligibility_criteria
NCT05849662,NF1,eligibility_criteria
NCT05849662,NRAS,eligibility_criteria
NCT04954001,NF1,eligibility_criteria
NCT07102394,NF1,eligibility_criteria
NCT03872427,KEAP1,eligibility_criteria
NCT03872427,NF1,eligibility_criteria
NCT03872427,STK11,eligibility_criteria
NCT04590235,NF1,eligibility_criteria
NCT02964884,NF1,eligibility_criteria
NCT02728388,NF1,eligibility_criteria
NCT05388370,NF1,eligibility_criteria
NCT05363267,NF1,eligibility_criteria
NCT07237100,NF1,eligibility_criteria
NCT01362803,NF1,eligibility_criteria
NCT01885767,NF1,eligibility_criteria
NCT05101148,NF1,eligibility_criteria
NCT07221331,NF1,eligibility_criteria
NCT04924608,NF1,eligibility_criteria
NCT06104488,BRAF,eligibility_criteria
NCT06104488,KRAS,eligibility_criteria
NCT06104488,NF1,eligibility_criteria
NCT06104488,NRAS,eligibility_criteria
NCT06515860,NF1,eligibility_criteria
NCT05331105,NF1,eligibility_criteria
NCT05489783,NF1,eligibility_criteria
NCT03401788,VHL,eligibility_criteria
NCT05424016,VHL,eligibility_criteria
NCT00001238,VHL,eligibility_criteria
NCT04989959,VHL,eligibility_criteria
NCT04924075,VHL,eligibility_criteria
NCT06553339,VHL,eligibility_criteria
NCT07167329,VHL,eligibility_criteria
NCT06195150,VHL,eligibility_criteria
NCT07300241,VHL,eligibility_criteria
NCT02420067,VHL,eligibility_criteria
NCT06194669,VHL,eligibility_criteria
NCT04074135,VHL,eligibility_criteria
NCT03749980,VHL,eligibility_criteria
NCT07161479,APC,eligibility_criteria
NCT04678011,APC,eligibility_criteria
NCT05919264,APC,eligibility_criteria
NCT06557733,APC,eligibility_criteria
NCT06614738,APC,eligibility_criteria
NCT06959563,APC,eligibility_criteria
NCT05292664,ABL1,eligibility_criteria
NCT05292664,FLT3,eligibility_criteria
NCT05552755,APC,eligibility_criteria
NCT04230499,APC,eligibility_criteria
NCT04677998,APC,eligibility_criteria
NCT05929768,ERBB2,eligibility_criteria
NCT04095364,TP53,eligibility_criteria
NCT06578637,APC,eligibility_criteria
NCT03851445,ALK,eligibility_criteria
NCT03851445,BRAF,eligibility_criteria
NCT03851445,EGFR,eligibility_criteria
NCT03851445,MET,eligibility_criteria
NCT06435533,APC,eligibility_criteria
NCT03488693,ERBB2,eligibility_criteria
NCT07461246,APC,eligibility_criteria
NCT07461246,POLE,eligibility_criteria
NCT03348631,JAK2,eligibility_criteria
NCT07255664,BRAF,eligibility_criteria
NCT02403505,APC,eligibility_criteria
NCT05103969,POLE,eligibility_criteria
NCT02715284,ALK,eligibility_criteria
NCT02715284,BRCA1,eligibility_criteria
NCT02715284,BRCA2,eligibility_criteria
NCT02715284,EGFR,eligibility_criteria
NCT02715284,MLH1,eligibility_criteria
NCT02715284,MSH2,eligibility_criteria
NCT02715284,MSH6,eligibility_criteria
NCT04656652,ALK,eligibility_criteria
NCT04656652,BRAF,eligibility_criteria
NCT04656652,EGFR,eligibility_criteria
NCT04656652,MET,eligibility_criteria
NCT04656652,RET,eligibility_criteria
NCT04656652,ROS1,eligibility_criteria
NCT05255653,POLE,eligibility_criteria
NCT05608044,BRAF,eligibility_criteria
NCT06219317,ALK,eligibility_criteria
NCT06219317,EGFR,eligibility_criteria
NCT06219317,ROS1,eligibility_criteria
NCT07114653,POLE,eligibility_criteria
NCT05640999,POLE,eligibility_criteria
NCT07319429,POLE,eligibility_criteria
NCT05215340,ALK,eligibility_criteria
NCT05215340,BRAF,eligibility_criteria
NCT05215340,EGFR,eligibility_criteria
NCT05215340,KRAS,eligibility_criteria
NCT05215340,MET,eligibility_criteria
NCT05215340,RET,eligibility_criteria
NCT05215340,ROS1,eligibility_criteria
NCT03810339,POLE,eligibility_criteria
NCT02912572,MLH1,eligibility_criteria
NCT02912572,MSH2,eligibility_criteria
NCT02912572,MSH6,eligibility_criteria
NCT02912572,POLE,eligibility_criteria
