molecular_profile_id,name,summary,evidence_score,aliases
1,BCR::ABL1 Fusion,"The BCR-ABL fusion protein, commonly referred to as the Philadelphia chromosome, is one of the most studied fusion genes in cancer. It has widely been considered the initiating event in chronic myelogenous leukemia (CML). However, despite its ability to initiate disease in mice, its status as an initiating mutation is in dispute. In what is commonly used as the poster-child for targeted therapeutics, the development and use of imatinib in the clinic has led to profound improvements in the prognosis of the disease. However, imatinib resistance is still seen in patients with mutations in the ABL kinase domain of the fusion, most notably the T315I variant. In patients resistant to imatinib, either acquired or otherwise, second generation BCR-ABL TKI's (dasatinib and nilotinib) have seen some success in delivering a tumor response. Third generation ABL1 inhibitor ponatinib is the only FDA approved drug with activity against T315I . However due to risk of life-threatening blood clots and severe narrowing of blood vessels ponatinib is ONLY approved for T315I-positive CML or T315I-positive Ph+ ALL or in cases of CML, Ph+ ALL with resistance or intolerance to other approved ABL1 inhibitors.",433.5,BCR-ABL;BCR-ABL1;T(9;22)(Q34;Q11)
4,AKT1 E17K,"AKT1 E17K is a recurrent mutation that has been observed in breast, colorectal, lung, and ovarian cancer. It has been convincingly shown to be an activating mutation resulting in PI3K/AKT/mTOR pathway activity. It has been suggested that this mutation decreases the cell's sensitivity to AKT1 allosteric kinase inhibitors. This, and other AKT1 mutations, are the subject of much research and development for therapeutics.",33.5,RS34409589;GLU17LYS
5,EML4::ALK Fusion,"The EML4-ALK fusion variant 1 consisting of ALK kinase domain (exons 20-29) fused to EML4 exons 1-13 is the most common EML4-ALK variant, and was discovered in non-small cell lung cancer. Multiple EML4 breakpoint shave been described with differential sensitivity to inhibitors with variant 1 showing greater sensitivity than 3a in cell lines. EML4-ALK is crizotinib sensitive; however, several mutations that confer resistance mutations have been described in case studies. In the only clinical trial for crizotinib that included determination of EML4-ALK variant type in a subset of its participants, a very high response rate was observed, although the numbers were insufficient to validate correlation of variant type to outcome. Preclinical studies with this variant have indicated sensitivity to Hsp90 inhibitors.",48.0,EML4-ALK
8,ALK F1174L,"ALK F1174L has been observed as recurrent in neuroblastoma, non-small cell lung cancer (NSCLC), and other cancer types. Neuroblastoma cells containing this mutation have shown resistance to low doses of criztonib. However, increased dosage can overcome this resistance in cell lines studies. TAE684 has also proven effective in both NSCLC and neuroblastoma F1174L containing cells.",33.5,RS863225281;PHE1174LEU
9,ALK R1275Q,"ALK R1275Q has been observed as a recurrent mutation in neuroblastoma, non-small cell lung cancer (NSCLC), as well as other cancer types. Neuroblastoma cells with this mutation have shown sensitivity to the ALK-inhibitor TAE684. This and the geldanamycin deriviative 17-DMAG have been shown to be effective in NSCLC cell lines.",23.0,ARG1275GLN;RS113994087
10,ARAF S214C,"ARAF S214C has been found to be a recurrent oncogenic mutation in non-small cell lung cancer. It has been shown to confer sensitivity to sorafenib and trametenib in cell lines. In a case study of advanced stage lung adenocarcinoma harboring this mutation, sorafenib also acheived near-complete clinical remission. This case has brought more interest to the variant from a research and clinical perspective.",14.0,SER214CYS;RS1057519786
11,BRAF V600D,"Patients harboring mutations in valine 600 residue of BRAF have been shown to be sensitive to dabrafenib. For more information on the V600 locus, see the V600E entry.",47.0,RS121913377;VAL600ASP
12,BRAF V600E,"BRAF V600E has been shown to be recurrent in many cancer types. It is one of the most widely studied variants in cancer. This variant is correlated with poor prognosis in certain cancer types, including colorectal cancer and papillary thyroid cancer. The targeted therapeutic dabrafenib has been shown to be effective in clinical trials with an array of BRAF mutations and cancer types. Dabrafenib has also shown to be effective when combined with the MEK inhibitor trametinib in colorectal cancer and melanoma. However, in patients with TP53, CDKN2A and KRAS mutations, dabrafenib resistance has been reported. Ipilimumab, regorafenib, vemurafenib, and a number of combination therapies have been successful in treating V600E mutations. However, cetuximab and panitumumab have been largely shown to be ineffective without supplementary treatment.",1476.5,RS113488022;VAL600GLU;V640E;VAL640GLU
17,BRAF V600,"BRAF mutations of the valine 600 residue have been shown to be recurrent in many cancer types. Of the V600 mutations, V600E is the most widely researched. V600 mutations as a whole have been correlated to poorer prognosis in colorectal and papilarry thyroid cancers. V600 mutations have also been shown to confer sensitivity to the BRAF inhibitor dabrafenib. For a more detailed summary, click the individual mutations.",460.0,VAL600
18,CCND1 Amplification,CCND1 amplification has been implicated in poorer prognosis in non-small cell lung cancer.,47.0,
19,CCND1 Expression,"CCND1 expression, and its prognositc impact, is still in dispute. Three experiments in non-small cell lung cancer have shown it to have no impact on survival, but three additional studies have shown it results in poorer prognosis. There is also some ambiguity in how the boundaries between expression and overexpression are defined.",30.0,
20,CCND1 Overexpression,"Cyclin D has been shown in many cancer types to be misregulated. Well established for their oncogenic properties, the cyclins and the cyclin-dependent kinases (CDK's) they activate have been the focus of major research and development efforts over the past decade. The methods by which the cyclins are misregulated are widely variable, and range from genomic amplification to promoter methylation changes. While Cyclin D2 has only been found to be significantly misregulated in glioma, Cyclin D1 in particular seems to be a pan-cancer actor. Cyclin D misregulation has been shown to lead to poorer outcomes in a number of studies, and currently there are no FDA-approved targeted therapies.",116.0,
21,CCND2 OVEREXPRESSION,"Cyclin D has been shown in many cancer types to be misregulated. Well established for their oncogenic properties, the cyclins and the cyclin-dependent kinases (CDK's) they activate have been the focus of major research and development efforts over the past decade. The methods by which the cyclins are misregulated are widely variable, and range from genomic amplification to promoter methylation changes. While Cyclin D2 has only been found to be significantly misregulated in glioma, Cyclin D1 in particular seems to be a pan-cancer actor. Cyclin D misregulation has been shown to lead to poorer outcomes in a number of studies, and currently there are no FDA-approved targeted therapies.",16.0,
22,CCND2 PROMOTER DEMETHYLATION,"Cyclin D has been shown in many cancer types to be misregulated. Well established for their oncogenic properties, the cyclins and the cyclin-dependent kinases (CDK's) they activate have been the focus of major research and development efforts over the past decade. The methods by which the cyclins are misregulated are widely variable, and range from genomic amplification to promoter methylation changes. While Cyclin D2 has only been found to be significantly misregulated in glioma, Cyclin D1 in particular seems to be a pan-cancer actor. Cyclin D misregulation has been shown to lead to poorer outcomes in a number of studies, and currently there are no FDA-approved targeted therapies.",3.0,
23,CCND3 Loss,"Cyclin D has been shown in many cancer types to be misregulated. Well established for their oncogenic properties, the cyclins and the cyclin-dependent kinases (CDK's) they activate have been the focus of major research and development efforts over the past decade. The methods by which the cyclins are deregulated are widely variable, and range from genomic amplification to promoter methylation changes. Cyclin D3 loss has been reported in T-cell acute lymphoblastic leukemia (T-ALL), a seemingly unique trend when compared to the amplifcations and overexpressions of the other cyclin D's. Treating cyclin D3 knockout mice with the targeted therapeutic palbociclib significantly increased the median survival of a Notch-driven model of T-ALL.",3.0,
24,CCNE1 Overexpression,"Cyclin E, while currenly not as widely implicated as its counterpart, cyclin D, has been implicated in various carcinomas, including breast, gastric, stomach and colorectal. High levels of cyclin E, either by gene amplification or overexpression, are correlated with later stage disease and have been shown to lead to poorer prognosis in gastic carcinoma. It has also been shown, in lung cancer specifically, that neoplastic cells with higher levels of the cyclin E/CDK2 complex are more radiosensitive than their lowly expressed counterparts.",42.0,
25,CDK4 EXPRESSION,"CDK4, along with its partner CDK6, are key players in cell cycle progression. The complex has been implicated in a number of cancer types, and is the focus of therapeutic research and development. One targeted therapy for CDK inhibition is palbociclib, which may slow the growth of advanced stage breast cancers. It has also been shown, in mouse, that CDK inhibition may sensitize mutant PIK3CA tumors to PI3K inhibitors.",10.0,
27,CDKN2A Promoter Hypermethylation,"CDKN2A loss has been shown to be a significant event in a number of cancer types. One mechanism by which this can occur is by hypermethylation of the CDKN2A promoter region. While no targeted therapeutic has been engaged in clinical trials, the prognostic impact has been studied by a number of meta-analyses. The prognostic impact of promoter hypermethylation has been relatively ambiguous. Many studies have shown significant p-values suggesting poorer prognostic outcomes for patients with hypermethylation in colorectal, liver, and younger lung cancer patients. This being said, there is still research to be done before this becomes a widely-accepted prognostic indicator.",30.0,
28,CEBPA N-TERMINAL FRAME SHIFT,"CEBPA N-terminal frame shift mutations that result in a premature stop codon are associated with cytogenetically normal acute myeloid leukemia (CN-AML). CEBPA mutations are associated with a favorable prognosis; however, NPM1 and FLT3 mutations should also be assessed in CN-AML patients as concurrent mutations may have prognostic implications. N-terminal frame shift mutations within amino acids 1-120 have been shown to disrupt expression of the full-length 42kDa isoform while maintaining expression of a 30kDa isoform (translated from the AUG at full-length protein isoform amino acid M120). This 30kDa isoform exhibits dominant negative activity.",18.0,
29,CEBPA Mutation,"CEBPA mutations are associated with cytogenetically normal acute myeloid leukemia (CN-AML) and a favorable prognosis. However, NPM1 and FLT3 mutations should also be assessed in CN-AML patients as concurrent mutations may have prognostic implications.",163.0,
30,MEF2D::CSF1R Fusion,"MEF2D-CSF1R is a fusion that has been observed in acute lymphocytic leukemia. In cell lines harboring this event, treatment with imatinib has shown notable sensitivity.",10.5,MEF2D-CSF1R
31,DNAJB1::PRKACA Fusion,"This fusion has been found to be very recurrent in the rare form of adolescent liver cancer, fibrolamellar hepatocellular carcinoma. In one study, this fusion was observed in 15/15 FL-HCC cases examined and functional studies found that the fusion retained kinase activity. The presence of this fusion may be used as a diagnostic marker for this rare tumor type.",75.0,DNAJB1-PRKACA
32,DNMT3A R882,"DNMT3A R882 mutations are associated with cytogenetically normal acute myeloid leukemia (CN-AML) with R882H as the most common form. Mutations in DNMT3A have largely been associated with poorer prognosis, however this is not consistent across all studies. This may be a result of patient age or combining R882 and non-R882 mutations during analysis as studies have indicated independent mechanisms of action and differential prognostic implications for these mutation types. One study that independently analyzed R882 and non-R882 mutations showed R882 mutations were associated with poorer prognosis than patients with wildtype and non-R882 mutations, but only in older patients with AML.",490.0,R693;ARG882;ARG693
33,EGFR L858R,"EGFR L858R has long been recognized as a functionally significant mutation in cancer, and is one of the most prevalent single mutations in lung cancer. Best described in non-small cell lung cancer (NSCLC), the mutation seems to confer sensitivity to first and second generation TKI's like gefitinib and neratinib. NSCLC patients with this mutation treated with TKI's show increased overall and progression-free survival, as compared to chemotherapy alone. Third generation TKI's are currently in clinical trials that specifically focus on mutant forms of EGFR, a few of which have shown efficacy in treating patients that failed to respond to earlier generation TKI therapies.",379.0,LEU858ARG;L813R;RS121434568;LEU813ARG
34,EGFR T790M,"EGFR T790M was one of the very first mutations recognized to confer resistance to targeted therapies in non-small cell lung cancer. While successful in amplified EGFR, the efficacy of the first and second generation TKI's (erlotinib, gefitinib, neratinib) in treating patients harboring this mutation before treatment is notably lower. This lack of efficacy can likely be to blame for the poorer prognosis for patients with this mutation as compared to patients with wildtype EGFR or other types of EGFR mutations. Approximately half of EGFR mutant tumors with acquired resistance to TKI inhibition have been shown to harbor this mutation, implicating it as a mechanism of acquired therapy resistence. A third generation TKI (osimertinib) has been approved for the treatment of EGFR T790M mutant NSCLC. Patients positive for T790M in a plasma-based test have similar outcomes like those with tumor biopsy testing.",406.25,THR790MET;RS121434569
35,ERBB2 D769H,"ERBB2 D769H was one of the first ERBB2 variants to be functionally classified (Bose et al. 2013). This mutation was shown to be an activating mutation in an in vitro assay. In the same paper, this mutation (along with other ERBB2 activating mutations) in MCF10A breast cancer cell lines were shown to be sensitive to the kinase inhibitor neratinib. More recent evidence may show that HER2 activating mutations confer sensitivity to a host of tyrosine kinase inhibitors, which is the topic of current clinical trials and research.",4.0,RS121913468;D739H;D754H;ASP739HIS;D769H;ASP769HIS;ASP754HIS
36,ERBB2 D769Y,"ERBB2 D769Y was one of the first ERBB2 variants to be functionally classified (Bose et al., 2013). This mutation was shown to be an activating mutation in an in vitro assay. In the same paper, this mutation (along with other ERBB2 activating mutations) in MCF10A breast cancer cell lines have been shown to be sensitive to the kinase inhibitor neratinib. More recent evidence may show that HER2 acitivating mutations confer sensitivity to a host of tyrosine kinase inhibitors, which is the topic of current clinical trials and research.",11.5,ASP739TYR;ASP769TYR;ASP754TYR;D739Y;D754Y;D769Y;RS121913468
37,ERBB2 L755_T759del,"ERBB2 in-frame deletion of 755-759 was one of the first ERBB2 variants to be functionally classified (Bose et al. 2013). This mutation was shown to be an activating mutation in an in vitro assay. In the same paper, this mutation (along with other ERBB2 activating mutations) in MCF10A breast cancer cell lines have been shown to be sensitive to the kinase inhibitor neratinib. More recent evidence may show that HER2 acitivating mutations confer sensitivity to a host of tyrosine kinase inhibitors, which is the topic of current clinical trials and research.",5.0,LEU755_THR759DEL;RS1131692241
38,ERBB2 G309A,"ERBB2 G309A was one of the first ERBB2 variants to be functionally classified (Bose et al. 2013). This mutation was shown to be an activating mutation in an in vitro assay. In the same paper, this mutation (along with other ERBB2 activating mutations) in MCF10A breast cancer cell lines have been shown to be sensitive to the kinase inhibitor neratinib. More recent evidence may show that HER2 acitivating mutations confer sensitivity to a host of tyrosine kinase inhibitors, which is the topic of current clinical trials and research.",5.0,RS1057519787;G279A;G294A;GLY309ALA;GLY279ALA;GLY294ALA
39,ERBB2 L755S,"ERBB2 L755S was one of the first ERBB2 variants to be functionally classified (Bose et al. 2013). This mutation was not shown to be an activating mutation, unlike many of the other variants queried. This mutation was also shown to confer resistance to the tyrosine kinase inhibitor lapatinib in MCF10A cell lines.",23.5,L725S;LEU755SER;L740S
40,ERBB2 L755W,"ERBB2 L755W was one of the first ERBB2 variants to be functionally classified (Bose et al., 2013). This mutation was shown to be an activating mutation in an in vitro assay. In the same paper, this mutation (along with other ERBB2 activating mutations) in MCF10A breast cancer cell lines have been shown to be sensitive to the kinase inhibitor neratinib. More recent evidence may show that HER2 acitivating mutations confer sensitivity to a host of tyrosine kinase inhibitors, which is the topic of current clinical trials and research.",5.0,L725W;L740W;LEU755TRP;RS121913470
42,ERBB2 R678Q,"ERBB2 R678Q was shown to have NO functional effect in tissue culture assay (Bose et al 2013). This conclusion was confirmed by a second, independent lab.",5.0,ARG678GLN;R648Q;RS1057519862;R663Q
43,ERBB2 R896C,"ERBB2 R896C was one of the first ERBB2 variants to be functionally classified (Bose et al. 2013). This mutation was shown to be an activating mutation in an in vitro assay. In the same paper, this mutation (along with other ERBB2 activating mutations) in MCF10A breast cancer cell lines have been shown to be sensitive to the kinase inhibitor neratinib. More recent evidence may show that HER2 acitivating mutations confer sensitivity to a host of tyrosine kinase inhibitors, which is the topic of current clinical trials and research.",5.0,R881C;R866C;RS758222990;ARG896CYS
44,ERBB2 V777L,"ERBB2 V777L was one of the first ERBB2 variants to be functionally classified (Bose et al. 2013). This mutation was shown to be an activating mutation in an in vitro assay. In the same paper, this mutation (along with other ERBB2 activating mutations) in MCF10A breast cancer cell lines have been shown to be sensitive to the kinase inhibitor neratinib. More recent evidence may show that HER2 acitivating mutations confer sensitivity to a host of tyrosine kinase inhibitors, which is the topic of current clinical trials and research.",11.0,V747L;VAL777LEU;V762L;RS121913471
45,ERBB2 V842I,"ERBB2 V842I was one of the first ERBB2 variants to be functionally classified (Bose et al. 2013). This mutation was shown to be an activating mutation in an in vitro assay. In the same paper, this mutation (along with other ERBB2 activating mutations) in MCF10A breast cancer cell lines have been shown to be sensitive to the kinase inhibitor neratinib. More recent evidence may show that HER2 acitivating mutations confer sensitivity to a host of tyrosine kinase inhibitors, which is the topic of current clinical trials and research.",9.0,RS1057519738;V812I;VAL842ILE;V827I;VAL827ILE;VAL812ILE
46,ESR1 L536Q,"ESR1 biology has become a central focus in breast cancer therapy. In ER+ tumors, mutations in the ESR1 ligand binding domain have been shown to confer resistance to hormone therapy. This evidence has led to an increased use of targeted sequencing of the estrogen receptor in breast and ovarian cancer. Y536Q is one of these ligand binding domain mutations, and is commonly implicated in this hormone resistance. Preliminary data suggests ER-degrading agents, such as fulvestrant, may be beneficial in treating ESR1 mutant, hormone resistant breast cancers.",8.0,LEU536GLN
47,ESR1 D538G,"ESR1 biology has become a central focus in breast cancer therapy. In ER+ tumors, mutations in the ESR1 ligand binding domain have been shown to confer resistance to hormone therapy. This evidence has led to an increased use of targeted sequencing of the estrogen receptor in breast and ovarian cancer. D538G is one of these ligand binding domain mutations, and is commonly implicated in this hormone resistance. Preliminary data suggests ER-degrading agents, such as fulvestrant, may be beneficial in treating ESR1 mutant, hormone resistant breast cancers.",18.0,ASP538GLY
48,ESR1 Y537C,"ESR1 biology has become a central focus in breast cancer therapy. In ER+ tumors, mutations in the ESR1 ligand binding domain have been shown to confer resistance to hormone therapy. This evidence has led to an increased use of targeted sequencing of the estrogen receptor in breast and ovarian cancer. Y537C is one of these ligand binding domain mutations, and is commonly implicated in this hormone resistance. Preliminary data suggests ER-degrading agents, such as fulvestrant, may be beneficial in treating ESR1 mutant, hormone resistant breast cancers.",8.0,GLY537CYS
49,ESR1 Y537N,"ESR1 biology has become a central focus in breast cancer therapy. In ER+ tumors, mutations in the ESR1 ligand binding domain have been shown to confer resistance to hormone therapy. This evidence has led to an increased use of targeted sequencing of the estrogen receptor in breast and ovarian cancer. Y537N is one of these ligand binding domain mutations, and is commonly implicated in this hormone resistance. Preliminary data suggests ER-degrading agents, such as fulvestrant, may be beneficial in treating ESR1 mutant, hormone resistant breast cancers.",8.0,GLY537ASN
50,ESR1 Y537S,"ESR1 biology has become a central focus in breast cancer therapy. In ER+ tumors, mutations in the ESR1 ligand binding domain have been shown to confer resistance to hormone therapy. This evidence has led to an increased use of targeted sequencing of the estrogen receptor in breast and ovarian cancer. Y537S is one of these ligand binding domain mutations, and is commonly implicated in this hormone resistance. Preliminary data suggests ER-degrading agents, such as fulvestrant, may be beneficial in treating ESR1 mutant, hormone resistant breast cancers.",8.0,GLY537SER
52,FGFR2::OGA Fusion,"In a clinical sequencing program for advanced stage cancers, Wu et al (2013, Cancer Discovery) has idenified a number of FGFR fusions in patients with many different cancer types. These fusions were also found to retain oligomerization capability, and result in enhanced cell proliferation. Cell lines harboring these fusions were shown to respond to pazopanib. Additionally, tumor size reduction was achieved by both ponatinib and pazopanib treatments administered separately in a single patient with intrahepatic cholangiocarcinoma and this fusion. The authors use these cases to highlight the need for enhanced clinical sequencing efforts.",5.0,FGFR2-MGEA5
53,FGFR3::BAIAP2L1 Fusion,"In a clinical sequencing program for advanced stage cancers, Wu et al (2013, Cancer Discovery) has identified a number of FGFR fusions in patients with many different cancer types. These fusions were also found to retain oligomerization capability, and result in enhanced cell proliferation. These fusions were shown to respond to pazopanib. The authors use these cases to highlight the need for enhanced clinical sequencing efforts.",3.0,FGFR3-BAIAP2L1
54,FGFR2::TACC3 Fusion,"In a clinical sequencing program for advanced stage cancers, Wu et al has identified a number of FGFR fusions in patients with many different cancer types. These fusions were also found to retain oligomerization capability, and result in enhanced cell proliferation. These fusions were shown to respond to pazopanib. The authors use these cases to highlight the need for enhanced clinical sequencing efforts.",7.5,FGFR2-TACC3
55,FLT3 ITD,"FLT3-ITD (internal tandem duplications) frequently occur in patients with hematologic malignancies such as chronic myelogenous leukemia, acute myeloid leukemia (AML) and myelodysplastic syndrome, but particularly in cytogenetically normal AML (CN-AML). These duplication events disrupt the juxtamembrane domain of FLT3 and can be the result of a duplication of internal FLT3 sequence or other unrelated sequence resulting in an in-frame duplication event. The length of these duplications can vary widely which may have prognostic consequences, but this has not been conclusively determined. FLT3-ITD mutations overall have generally been associated with poor prognosis. Additional genes associated with CN-AML such as NPM1 may modulate the prognosis associated with this variant.",448.5,
56,FLT3 TKD MUTATION,"FLT3 tyrosine kinase domain mutations (FLT3-TKD) are much less common than FLT3-ITD (internal tandem duplication) mutations and may not confer the same prognostic impact. Although the majority of mutations are point mutations effecting D835 (most frequently D835Y), a small proportion involve an in-frame deletion of I836. These mutations are within the activation loop of the second tyrosine kinase domain of FLT3 and thought to result in constitutive activation of the receptor.",120.0,
57,GATA2 EXPRESSION,"GATA2 misregulation has been observed in a number of hematologic malignancies, as well as non-small cell lung cancer. Treatment of over-active GATA2 pathways using the proteasome inhibitor bortezomib has shown dramatic tumor regression in lung cancer.",4.0,
58,IDH1 R132,"IDH1 R132 mutations have been observed in a number of cancer types, and appear to behave quite differently in different environments. In myelodysplastic syndromes, IDH1 R132 mutations have been shown to be associated with worse outcome and shorter overall survival. They have also been linked to cytogenetically normal AML, an intermediate risk subtype of the disease. However, in glioblastoma and astrocytoma, patients with IDH1 mutations have shown better overall survival than patients with wild-type IDH1. Also in contrast to AML, in glioblastoma, IDH1 mutations have been associated with the specific cytogenetic abnormalities, 1p and 19q deletions.",199.0,ARG132
59,IDH1 R132C,"IDH1 R132 mutations have been observed in a number of cancer types, and appear to behave quite differently in different environments. In myelodysplastic syndromes and acute myeloid leukemia (AML), IDH1 R132 mutations have been shown to be associated with worse outcome and shorter overall survival. They have also been linked to cytogenetically normal AML, an intermediate risk subtype of the disease. However, in glioblastoma and astrocytoma, patients with IDH1 mutations have shown better overall survival than patients with wild-type IDH1. Also in contrast to AML, in glioblastoma, IDH1 mutations have been associated with the specific cytogenetic abnormalities, 1p and 19q deletions.",56.0,ARG132CYS;RS121913499
62,IDH2 R140,"IDH2 mutations have been observed in a number of hematologic malignancies. In acute myeloid leukemia, the R140 mutants show mixed results affecting overall survival as compared to their wild-type counterparts. In myelodysplastic syndromes, however, no prognostic link was discovered between IDH2 mutation status and overall survival.",60.0,ARG140
63,IDH2 R172K,"IDH2 mutations have been observed in a number of hematologic malignancies. In acute myeloid leukemia, the R172K mutation has been linked with poorer prognosis and worse overall survival than IDH2 wild-type patients. However, in myelodisplastic syndromes, studies did not find a prognostic association between this variant and patient outcomes.",35.0,R120K;RS121913503;ARG172LYS
64,JAK2 V617F,"JAK2 V617F is a highly recurrent mutation in myeloproliferative diseases. It is found in around 98% of patients with polycythemia vera, and just over half of the patients with essential thrombocythemia and primary myelofibrosis. While less associated with cancer, when it is seen, it is more likely to be in myeloid leukemias than lymphoid leukemias. The V617F mutation is an activating mutation, resulting in increased kinase activity. The mutation seems to be restricted to hematologic malignancies. Treatment of JAK mutant diseases with ruxolitinib has seen some clinical success.",103.0,RS77375493;VAL617PHE
65,KIT D816V,KIT D816V is a mutation observed in acute myeloid leukemia (AML). This variant has been linked to poorer prognosis and worse outcome in AML patients.,83.0,ASP816VAL;RS121913507
66,KIT Exon 11 Mutation,"c-KIT mutations in exon 11 lie within the juxtamembrane domain, and are very recurrent in gastrointestinal stromal tumors, often bearing a poorer prognosis than other KIT mutations. Cells harboring exon 11 mutations have shown sensitivity to the tyrosine kinase inhibitor imatinib, offering a better prognosis to patients treated with the drug in the first year. Small cohorts of melanoma patients harboring exon 11 KIT mutations have shown response to imatinib and sunitinib.",197.5,
67,KIT Internal Duplication,"c-KIT internal duplications have been observed in exon 11, within the juxtamembrane domain. In a case study of an anal melanoma patient harboring this event, imatinib confered marked response. Also, cells harboring exon 11 mutations have shown sensitivity to the tyrosine kinase inhibitor imatinib, offering a better prognosis to patients treated with the drug in the first year.",7.5,
69,KIT Exon 14 Mutation,"c-KIT exon 14 mutations lie within the tyrosine kinase domain of the protein. While relatively rare in primary gastrointestinal tumors, they are notably more prevalent in refractory disease, suggesting a role in imatinib resistance. Unlike mutations in other KIT exons, exon 14 mutations seem relatively rare in melanoma.",15.0,
72,KIT L576P,"KIT L576P is an exon 11 mutation that lies within the juxtamembrane domain. It is one of the most recurrent KIT mutations in melanoma, and both in vitro and in vivo studies have shown sensitivity to imatinib.",16.0,RS121913513;LEU576PRO
73,KIT V654A,"KIT V654A is an exon 13 mutation that lies within the tyrosine kinase 1 domain of the protein. It has been shown to be an activating mutation by in vitro studies. This mutation is associated with imatinib resistance in melanoma patients. However, second generation TKI's such as sunitinib and midostaurin (PKC 412) have seen success in acheiving tumor response.",18.0,RS121913523;VAL654ALA
75,KRAS Exon 2 Mutation,Exon 2 mutations have been associated with reduced response rates or resistance to EGFR inhibitors in non-small cell lung and colorectal cancer. The NCCN guidelines for colorectal cancer contain recommendations that the targeted therapies cetuximab and panitumumab should only be used in the context of wild type KRAS.,168.0,
76,KRAS G12,"While the KRAS G12 region is a widely studied recurrent region in cancer, its impact on clinical action is still debated. Often associated with tumors that are wild-type for other drivers (EGFR and ALK specifically), the prognosis for patients with this mutation seems to be worse than the KRAS wild-type cohort in patients with colorectal and pancreatic cancer, however this hypothesis is in need of further validation. This mutation, along with the mutations affecting the neighboring G13 position, may result in a less responsive tumor when treated with first-generation TKI's like gefitinib. However, cetuximab treatment was shown to extend survival in a cohort of colorectal patients.",115.0,GLY12
77,KRAS G12/G13,"While the KRAS G12 region is a widely studied recurrent region in cancer, its impact on clinical action is still debated. Often associated with tumors that are wild-type for other drivers (EGFR and ALK specifically), the prognosis for patients with this mutation seems to be worse than the KRAS wild-type cohort in patients with colorectal and pancreatic cancer, however this hypothesis is in need of further validation. This mutation, along with the mutations affecting the neighboring G13 position, may result in a less responsive tumor when treated with first-generation TKI's like gefitinib. However, cetuximab treatment was shown to extend survival in a cohort of colorectal patients.",191.0,
78,KRAS G12C,"While the KRAS G12 region is a widely studied recurrent region in cancer, its impact on clinical action is still debated. Often associated with tumors that are wild-type for other drivers (EGFR and ALK specifically), the prognosis for patients with this mutation seems to be worse than the KRAS wild-type cohort in patients with colorectal and pancreatic cancer, however this hypothesis is in need of further validation. This mutation, along with the mutations affecting the neighboring G13 position, may result in a less responsive tumor when treated with first-generation TKI's like gefitinib. However, cetuximab treatment was shown to extend survival in a cohort of colorectal patients.",246.5,RS121913530;GLY12CYS
79,KRAS G12D,"While the KRAS G12 region is a widely studied recurrent region in cancer, its impact on clinical action is still actively debated. Often associated with tumors that are wild-type for other drivers (EGFR and ALK specifically), the prognosis for patients with this mutation seems to be worse than the KRAS wild-type cohort in patients with colorectal and pancreatic cancer, however this hypothesis is in need of further validation. This mutation, along with the mutations affecting the neighboring G13 position, may result in a less responsive tumor when treated with first-generation TKI's like gefitinib. The NCCN guidelines for colorectal cancer contain recommendations that the targeted therapies cetuximab and panitumumab should only be used in the context of wild type KRAS. However, cetuximab treatment was shown to extend survival in a single cohort of colorectal patients with G12D mutations. Overall, the interpretation for KRAS mutations in most clinical scenarios is still undecided.",157.0,RS121913529;GLY12ASP
80,KRAS G13,"While the KRAS G13 region is a widely studied recurrent region in cancer, its impact on clinical action is still debated. Often associated with tumors that are wild-type for other drivers (EGFR and ALK specifically), the prognosis for patients with this mutation seems to be worse than the KRAS wild-type cohort in patients with colorectal and pancreatic cancer, however this hypothesis is in need of further validation. This mutation, along with the mutations affecting the neighboring G12 position, may result in a less responsive tumor when treated with first-generation TKI's like gefitinib. However, cetuximab treatment was shown to extend survival in a cohort of colorectal patients.",20.0,GLY13
81,KRAS G13D,"While the KRAS G13 region is a widely studied recurrent region in cancer, its impact on clinical action is still debated. Often associated with tumors that are wild-type for other drivers (EGFR and ALK specifically), the prognosis for patients with this mutation seems to be worse than the KRAS wild-type cohort. This mutation, along with the mutations affecting the neighboring G12 position, may result in a less responsive tumor when treated with first-generation TKI's like gefitinib. However, results are conflicting with retrospective analyses suggesting a better response to EGFR-Inhibition. A recent prospective phase-II study (12 patients, Schirripa et. al. 2015) could not reproduce this finding and another prospective phase II trial is currently ongoing.",108.5,GLY13ASP;RS112445441
82,MAP2K1 P124S,"MAP2K1 P124S is a recurrent mutation in melanoma, and is seen in bladder and colon cancer to a lesser degree. The P124S mutation has been shown to contribute to AZD6244 resistance in melanoma cell lines, but considerably less so than its Q56P counterpart.",3.0,PRO124SER
83,MAP2K1 Q56P,MAP2K1 Q56P is a recurrent mutation in melanoma and gastric cancer. This mutation has been shown to confer considerable resistance to AZD6244 treatment of melanoma cell lines.,3.0,RS1057519729;GLN56PRO
85,MGMT Promoter Methylation,"MGMT promoter methylation has been observed to impact tumor progression in glioblastoma multiforme. In patients exhibiting promoter methylation, the akylating agent carmustine has shown efficacy. In patients lacking methylation, combining carmustine with the MGMT inhibitor O(6)-benzylguanine may be effective, but more experiments are required. Clinical trials have also shown selective sensitivity of promoter methylation-positive patients to temozolomide, making a case for wider methylation screening in GBM patients.",136.0,
86,NPM1 EXON 11 MUTATION,"NPM1 exon 12 mutations are frequently identified in patients with cytogenetically normal acute myeloid leukemia (AML) and often co-occur with FLT3-ITD. FLT3 status should also be evaluated as co-occurence with FLT3-ITD may impact prognosis. Exon 12 mutations have been identified as a predictor of good prognostic outcomes in the absence of FLT3-ITD. Due to their high frequency, NPM1 mutations have been retrospectively analyzed in the context of a number of therapies including variable results following ATRA treatment as well as improved response to high-dose daunorubicin or valproic acid. Additionally, multiple groups have shown increased surface expression of CD33 associated with NPM1 mutation, suggesting these patients may respond to anti-CD33 therapy. Cytoplasmic sequestration of NPM1 (NPM1c) is associated with a good response to induction therapy.",454.0,EXON 12 MUTATION
87,NPM1 W288FS,"NPM1 W288fs (aka NPM1-A) is located in exon 12 of NPM1 and is the most common NPM1 mutation identified in acute myeloid leukemia. This mutation results in cytoplasmic localization of NPM1 (NPM1c) which is associated with a good response to induction therapy. Although it is the most extensively studied NPM1 exon 12 mutation, it is generally grouped with other exon 12 mutations for patient analysis (see NPM1 Exon 12 variants for more information).",13.75,NPM1-A;TRP288FS;RS587776806
92,NRAS G12,"While the NRAS G12 region is a widely studied recurrent region in cancer, its impact on clinical action is still debated.",15.0,
93,NRAS G13D,"While the NRAS G12 region is a widely studied recurrent region in cancer, its impact on clinical action is still debated.",5.0,GLY13ASP;RS121434596
94,NRAS Q61,"NRAS Q61 mutations have been found in multiple myeloma, gastrointestinal stromal tumors, melanoma, and others. Two melanoma patients, each harboring mutations at this locus (Q61L and Q61R), responded to treatment with the akylating agent temozolomide. However, in colorectal cancer patients, mutations at this locus have been shown to confer resistance to cetuximab. The prognostic impact of mutations at this locus is currently under study.",100.0,GLN61
95,NRAS Q61L,"NRAS Q61 mutations have been found in multiple myeloma, gastrointestinal stromal tumors, melanoma, and others. A melanoma patient harboring a mutation at this locus responded to treatment with the akylating agent temozolomide. However, in colorectal cancer patients, mutations at this locus have been shown to confer resistance to cetuximab. The prognostic impact of mutations at this locus is currently under study.",12.5,RS11554290;GLN61LEU
96,NRAS Q61R,"NRAS Q61 mutations have been found in multiple myeloma, gastrointestinal stromal tumors, melanoma, and others. A melanoma patient harboring a mutation at this locus responded to treatment with the akylating agent temozolomide. However, in colorectal cancer patients, mutations at this locus have been shown to confer resistance to cetuximab. The prognostic impact of mutations at this locus is currently under study.",10.0,GLN61ARG;RS11554290
98,PDGFRA D842I,"PDGFRA D842 mutations are characterized broadly as imatinib resistance mutations. This is most well characterized in gastrointestinal stromal tumors, but other cell lines containing these mutations have been shown to be resistant as well. In imatinib resistant cell lines, a number of other therapeutics have demonstrated efficacy. These include; crenolanib, sirolimus, and midostaurin (PKC412).",4.0,ASP842ILE
99,PDGFRA D842V,"PDGFRA D842 mutations are characterized broadly as imatinib resistance mutations. This is most well characterized in gastrointestinal stromal tumors, but other cell lines containing these mutations have been shown to be resistant as well. Exogenous expression of the A842V mutation resulted in constitutive tyrosine phosphorylation of PDGFRA in the absence of ligand in 293T cells and cytokine-independent proliferation of the IL-3-dependent Ba/F3 cell line, both evidence that this is an activating mutation. In imatinib resistant cell lines, a number of other therapeutics have demonstrated efficacy. These include; crenolanib, sirolimus, and midostaurin (PKC412).",100.5,ASP842VAL;RS121908585
100,PDGFRA D842Y,"PDGFRA D842 mutations are characterized broadly as imatinib resistance mutations. This is most well characterized in gastrointestinal stromal tumors, but other cell lines containing these mutations have been shown to be resistant as well. In imatinib resistant cell lines, a number of other therapeutics have demonstrated efficacy. These include; crenolanib, sirolimus, and midostaurin (PKC412).",4.0,RS121913265;ASP842TYR
101,PDGFRA I843DEL,"PDGFRA D842 mutations are characterized broadly as imatinib resistance mutations. This is most well characterized in gastrointestinal stromal tumors, but other cell lines containing these mutations have been shown to be resistant as well. In imatinib resistant cell lines, a number of other therapeutics have demonstrated efficacy. These include; crenolanib, sirolimus, and midostaurin (PKC412).",5.0,DELI843
102,PDGFRA D842_I843delinsVM,"PDGFRA D842 mutations are characterized broadly as imatinib resistance mutations. The DI842-843VM variant is the result of a double point mutation. This is most well characterized in gastrointestinal stromal tumors, but other cell lines containing these mutations have been shown to be resistant as well. In imatinib resistant cell lines, a number of other therapeutics have demonstrated efficacy. These include; crenolanib, sirolimus, and midostaurin (PKC412).",4.0,
103,PIK3CA E542K,"PIK3CA E545K/E542K variants are the second most recurrent PIK3CA mutations in breast cancer and are highly recurrent mutations in many other cancer types. Colorectal cancer patients with the PIK3CA E545K variant, and possibly other variants in the E545 region, may indicate poor prognosis relative to patients with other PIK3CA variants or wild-type PIK3CA. The literature also suggests that E545/E542 variants may confer resistance to EGFR inhibitors (e.g., cetuximab). An FDA approved treatment regimen including a targeted PIK3CA inhibitor is available for specific subtypes of breast cancer. While PIK3CA variants are highly prevalent in many other cancer types, targeted therapies for PIK3CA variants are still in early clinical trial phases in other cancer types.",75.5,GLU542LYS;RS121913273
104,PIK3CA E545K,"PIK3CA E545K/E542K are the second most recurrent PIK3CA mutations in breast cancer, and are highly recurrent mutations in many other cancer types. E545K, and possibly the other mutations in the E545 region, may present patients with a poorer prognosis than patients with either patients with other PIK3CA variant or wild-type PIK3CA. There is also data to suggest that E545/542 mutations may confer resistance to EGFR inhibitors like cetuximab. While very prevalent, targeted therapies for variants in PIK3CA are still in early clinical trial phases.",83.5,RS104886003;GLU545LYS
105,PIK3CA Exon 21 Mutation,"PIK3CA Exon 21 Mutations (e.g., H1047R; often referred to as Exon 20 mutations if counting only coding exons) are among the most recurrent mutations in cancer, especially breast cancer. Of PIK3CA mutant breast cancers, over half harbor this mutation. Meta-analyses have shown that patients harboring this mutation may have worse overall survival, but other studies have shown no difference between Exon 21 and other PIK3CA mutants from a prognostic standpoint. While very prevalent, targeted therapies for this particular mutation are still in early clinical trial phases.",45.0,EXON 20 MUTATION
106,PIK3CA Exon 10 Mutation,"PIK3CA Exon 10 Mutations (e.g. E545K/E542K; often referred to as Exon 9 mutations if counting only coding exons) are the second most recurrent PIK3CA mutations in breast cancer, and highly recurrent mutations in many other cancer types. E545K, and possibly the other mutations in the E545 region, may present patients with a poorer prognosis than patients with either patients with other PIK3CA variant or wild-type PIK3CA. There is also data to suggest that exon 10 mutations may confer resistance to EGFR inhibitors like cetuximab. While very prevalent, targeted therapies for variants in PIK3CA are still in early clinical trial phases.",45.0,EXON 9 MUTATION
107,PIK3CA H1047R,"PIK3CA H1047R is one of the most recurrent single nucleotide variants in cancer, especially breast cancer. Of PIK3CA-mutant breast cancers, over half harbor this mutation. Meta-analyses have shown that patients harboring this mutation may have worse overall survival, but other studies have shown no difference between H1047R and other PIK3CA mutants from a prognostic standpoint. While very prevalent, targeted therapies for this particular mutation are still in early clinical trial phases.",102.5,RS121913279;HIS1047ARG
108,PML::RARA Fusion,"The PML-RARA fusion is seen as a diagnostic event in acute promyelocytic leukemia (APL). Both in vitro and in vivo studies have shown sensitivity to ATRA in APL patients harboring the PML-RARa fusion. Recent interest has been shown in combining ATRA and arsenic trioxide for treating these patients, and early results seem promising.",192.5,PML-RARA
110,PTEN R233*,"PTEN R233* has been shown to be a loss of function mutation, and PTEN loss has been the subject of considerable research in breast cancer. PTEN loss may sensitize cells to PI3K-mTOR inhibition. While still being debated, there is data to support that PTEN loss is both associated with poorer prognosis, and no change in prognosis.",19.0,R233X;ARG233TER;RS121909219
112,RET C634W,"RET C634W has been implicated as an alternate mechanism of activating RET in medullary thyroid cancer. While there currently are no RET-specific inhibiting agents, promiscuous kinase inhibitors have seen some success in treating RET overactivity. Data suggests however, that the C634W mutation may lead to drug resistance, especially against the VEGFR-inhibitor motesanib.",3.0,CYS634TRP
113,RET M918T,"RET M918T is the most common somatically acquired mutation in medullary thyroid cancer (MTC). While there currently are no RET-specific inhibiting agents, promiscuous kinase inhibitors have seen some success in treating RET overactivity. Data suggests however, that the M918T mutation may lead to drug resistance, especially against the VEGFR-inhibitor motesanib. It has also been suggested that RET M918T leads to more aggressive MTC with a poorer prognosis.",139.0,RS74799832;MET918THR
114,SF3B1 K666N,"SF3B1 K666N is a variant found in myelodysplastic syndromes, chronic leukemias, and more recently, breast cancer. This somatic mutation has been linked to better overall outcome and event-free survival in MDS patients.",2.0,RS377023736;LYS666ASN
116,TP53 R175H,"While loss-of-function events in TP53 are very common in cancer, the R175H variant seems not only to result in loss of tumor-suppression, but also acts as a gain-of-function mutation that promotes tumorigenesis in mouse models. Cell lines harboring this mutant is also more responsive to treatment with doxorubicin than its wild-type counterparts. While the prognostic impact of individual TP53 mutations is influenced by the cohort being studied, it has been shown that the R175H mutation is correlated with worse overall survival than wild-type TP53, but is not as detrimental as the R248W variant. This variant is rare in population databases (ACMG code: PM2; 0.000003980 total exome AF gnomAD v2.1.1).",29.0,R136H;R43H;RS28934578;ARG175HIS
117,TP53 R248Q,"While loss-of-function events in TP53 are very common in cancer, the R248 variants seem not only to result in loss of tumor-suppression, but also act as a gain-of-function mutation that can promote tumorigenesis in mouse models. This mutant is also more responsive to treatment with doxorubicin than its wild-type counterparts. While the prognostic impact of individual TP53 mutations is influenced by the cohort being studied, R248 mutations have been shown to confer worse overall survival. The R248Q mutation has also shown an increased invasive behavior in cell lines. This is specific to the 248Q variant.",49.0,RS11540652;ARG248GLN
118,TP53 R248W,"While loss-of-function events in TP53 are very common in cancer, the R248 variants seem not only to result in loss of tumor-suppression, but also act as a gain-of-function mutation that can promote tumorigenesis in mouse models. This mutant is also more responsive to treatment with doxorubicin than its wild-type counterparts. While the prognostic impact of individual TP53 mutations is influenced by the cohort being studied, R248 mutations have been shown to confer worse overall survival.",22.0,RS121912651;ARG248TRP
119,TP53 R249,"This mutant is also more responsive to treatment with doxorubicin than its wild-type counterparts. While the prognostic impact of individual TP53 mutations is influenced by the cohort being studied, it has been suggested that the R249 mutants have been correlated with worse overall survival in breast cancer patients when compared to wild-type.",30.0,ARG249
121,TP53 R273C,"While loss-of-function events in TP53 are very common in cancer, the R273 variants seem not only to result in loss of tumor-suppression, but also act as a gain-of-function mutation that can promote tumorigenesis in mouse models. This mutant is also more responsive to treatment with doxorubicin than its wild-type counterparts. While the prognostic impact of individual TP53 mutations is influenced by the cohort being studied, it has been suggested that the R273 mutants have been correlated with worse overall survival in breast cancer patients when compared to wild-type.",44.5,RS121913343;ARG273CYS
122,TP53 R273H,"While loss-of-function events in TP53 are very common in cancer, the R273 variants seem not only to result in loss of tumor-suppression, but also act as a gain-of-function mutation that can promote tumorigenesis in mouse models. This mutant is also more responsive to treatment with doxorubicin than its wild-type counterparts. While the prognostic impact of individual TP53 mutations is influenced by the cohort being studied, it has been suggested that the R273 mutants have been correlated with worse overall survival in breast cancer patients when compared to wild-type.",41.0,ARG273HIS;RS28934576
124,TSC1 Frameshift Truncation,"In a small cohort study of bladder cancer, patients with TSC1 mutations showed better responses to and increased treatment duration tolerance with the mTOR inhibitor everolimus. Additionally, patient-derived bladder cancer cell lines with TSC1 or TSC2 mutations are much more sensitive to everolimus treatment than TSC1/TSC2 wildtype cells.",18.0,
125,TSC1 Loss-of-function,"In a small cohort study of bladder cancer, patients with TSC1 mutations showed better responses to and increased treatment duration tolerance with the mTOR inhibitor everolimus. Additionally, patient-derived bladder cancer cell lines with TSC1 or TSC2 mutations are much more sensitive to everolimus treatment than TSC1/TSC2 wildtype cells.",15.0,
127,U2AF1 Q157P/R,"U2AF1 Q157P/R has been shown to be a recurrent mutation in acute myeloid leukemia (AML), myelodysplastic syndromes (MDS) and lung adenocarcinomas. This mutation is less common than the S34F mutation, occurs in the second zinc finger domain of U2AF1 and has been demonstrated to alter splicing. The impact of U2AF1 mutations on overall survival in MDS has been debated, however, patients with U2AF1 mutations were shown to be at an increased risk of transformation to secondary AML. The presence of this mutation was not associated with a specific prognostic outcome in AML when compared to U2AF1 wildtype patients.",50.0,
128,U2AF1 S34Y/F,"U2AF1 S34Y/F has been shown to be a recurrent mutation in acute myeloid leukemia (AML), myelodysplastic syndromes (MDS) and lung adenocarcinomas. This mutation is the most commonly identified variant in MDS, occurs in the first zinc finger domain of U2AF1 and has been demonstrated to alter splicing. The impact of U2AF1 mutations on overall survival in MDS has been debated, however, patients with U2AF1 mutations were shown to be at an increased risk of transformation to secondary AML. The presence of this mutation was not associated with a specific prognostic outcome in AML when compared to U2AF1 wildtype patients.",25.0,
129,WT1 Exon 7 Mutation,"WT1 exon 7 mutations have been shown to be recurrent in acute myeloid leukemia. Many sources have examined the prognostic impact of these, agreeing that the mutant exon 7 cohort is correlated with worse overall survival and a number of poor prognistic outcomes. This may be the result of an overall poor response to chemotherapy from WT1 mutant tumors.",130.0,
130,WT1 Exon 9 Mutation,"WT1 exon 9 mutations have been shown to be recurrent in acute myeloid leukemia, although at a less frequent rate than their exon 7 counterparts. Many sources have examined the prognostic impact of these, agreeing that the mutant exon 9 cohort is correlated with worse overall survival and a number of poor prognistic outcomes. This may be the result of an overall poor response to chemotherapy from WT1 mutant tumors.",35.0,
131,BRCA1 Loss-of-function,BRCA1 loss of function mutations have been shown to increase risk of breast and ovarian cancer in those carrying the allele in their germline. Treating BRCA mutant patients with PARP inhibitors such as Olaparib has led to significant response.,254.0,
132,BRCA2 Loss-of-function,BRCA2 loss of function mutations have been shown to increase risk of breast and ovarian cancer in those carrying the allele in their germline. Treating BRCA mutant patients with PARP inhibitors such as Olaparib has led to significant response.,261.0,
133,EGFR Exon 19 Deletion,"Deletions within exon 19 of EGFR are most common in lung cancer. These deletions, in non-small cell lung cancer, have been shown to be sensitive to the EGFR tyrosine kinase inhibitors gefitinib, afatinib, and erlotinib. There is also data to suggest that this event is a good prognostic marker in lung adenocarcinoma. Examples of exon 19 deletions include: p.746_A750delELREA, p.747_753delinsS, p.747_752delLREATS, and p.747_751delLREAT.",318.0,
134,EGFR G719S,"While not as recurrent as the L858R mutation, EGFR G719S has also been shown to be an activating mutation. In lung cancer cell lines, it also confers sensitivity to the tyrosine kinase inhibitors gefitinib and erlotinib.",23.0,RS28929495;GLY719SER
135,NOTCH1 D1642H,"Activating mutations in NOTCH1, including D1642H, have been shown to be poor prognostic markers in lung cancer.",20.0,ASP1642HIS
136,NOTCH1 R2327W,"Activating mutations in NOTCH1, including R2327W, have been shown to be poor prognostic markers in lung cancer.",20.0,ARG2327TRP
137,NOTCH1 V2444FS,"Activating mutations in NOTCH1, including a frameshift insertion at V2444, have been shown to be poor prognostic markers in lung cancer.",20.0,VAL2444FS
138,NOTCH1 S2275FS,"Activating mutations in NOTCH1, including a frameshift insertion at S2275, have been shown to be poor prognostic markers in lung cancer.",20.0,
139,DDR2 L63V,"Activating mutations in DDR2, including L63V, has been shown to be sensitive to dasatinib in cell lines.",4.0,LEU63VAL
140,DDR2 L239R,"Activating mutations in DDR2, including L239R, has been shown to be sensitive to dasatinib in cell lines.",4.0,LEU239ARG
141,DDR2 G253C,"Activating mutations in DDR2, including G253C, has been shown to be sensitive to dasatinib in cell lines.",4.0,GLY253CYS
142,DDR2 G505S,"Activating mutations in DDR2, including G505S, has been shown to be sensitive to dasatinib in cell lines.",4.0,RS115169993;GLY505SER
143,DDR2 I638F,"DDR2 I638F has been shown to be a loss of function mutation, but also confers sensitivity to dasatinib in cell lines.",4.0,ILE638PHE;RS1057519789
144,DDR2 G774V,"Activating mutations in DDR2, including G774V, has been shown to be sensitive to dasatinib in cell lines.",4.0,GLY774VAL
145,DDR2 S768R,"Activating mutations in DDR2, including S768R, has been shown to be sensitive to dasatinib in cell lines.",7.5,SER768ARG
148,KRAS G12A,"KRAS G12A, like EGFR T790M, has been shown to be capable of driving acquired resistance to tyrosine kinase inhibitors in lung adenocarcinoma.",63.0,GLY12ALA;RS121913529
151,BCL2 reg_e@[IGH]::BCL2,"The typically reciprocal t(14;18)(q32;q21) translocation involves rearrangement between the immunoglobulin heavy chain locus on chromosome 14 and the 3' UTR of BCL2 on chromosome 18, leading to the overexpression of BCL2. This rearrangment is observed in >80% of patients with follicular lymphoma.",20.0,IGH-BCL2;RECIPROCAL T(14;18)(Q32;Q21)
152,BCL2 Overexpression,,20.0,
153,FOXP1 AMPLIFICATION,Amplication in FOXP1 has been shown to be associated with the ABC subtype of DLBCL.,15.0,
154,REL AMPLIFICATION,,20.0,
155,RUNX1 Mutation,"RUNX1 mutations are associated with poor prognosis in patients with acute myeloid leukemia or adult T-cell acute lymphocytic leukemia. In younger (<60 years old) AML patients, allogeneic stem cell transplant at complete remission led to much better relapse-free survival than repetitive cycles of high-dose cytarabine.",110.0,
156,IGF2 Overexpression,,6.0,
157,TET2 Mutation,"TET2 mutations are commonly found in acute myeloid leukemia occurring in 9-23% of cases with many occurring in the elderly. Generally these mutations are loss-of-function which have been shown in mouse models to impair hematopoietic stem cell differentiation and cause aberrant hematopoiesis. These mutations have been found to be mutually exclusive with MLL and IDH1/2 mutations and have been associated with shortened event-free-survival and disease-free-survival when co-occurring with NPM1+/FLT3- genotypes. Overall Survival has been found to be shorter when occurring with NPM1+/FLT3+ genotypes. Studies involving ""CN AML"" and ""de novo AML"" however have been unable to elucidate a clinical impact.",120.0,
158,AURKA EXPRESSION,,30.0,
159,VHL Loss-of-function,,15.0,
160,VHL Mutation,,85.0,
161,PBRM1 Mutation,,30.0,
163,EZH2 Mutation,,35.0,
164,EWSR1::FLI1 e7::e6,"Although multiple fusion transcripts have been described, type 1 consists of EWSR1 exon 7 fused to FLI1 exon 6, the most common arrangement in Ewings Sarcoma.",20.0,EWSR1-FLI1 TYPE 1;EWSR1-FLI1 E7-E6
165,EZH2 Y646,"Mutations of Y646 are associated with a diagnosis of Germinal Center B type DLBCL and Follicular non-Hodgkin Lymphoma. In vitro experimental findings suggest that this may be due to reduced methyltransferase activity of EZH2 on protein H3K27 (Morin et al., 2010).",45.0,Y641;TYR646
167,KMT2D Loss-of-function,,15.0,
168,BTK C481S,,40.0,CYS481SER;RS1057519826
169,AKT1 Q79K,,16.0,Q17K;RS1057519804;GLN79LYS
174,APC Mutation,,7.0,
175,AR F877L,,4.0,PHE877LEU
176,AR W742,,4.0,TRP742
177,ASXL1 Mutation,ASXL1 mutations are most frequently observed in the absence of FLT3-ITD and NPM1 mutations in acute myeloid leukemia (AML) patients and seem to be enriched in older patients (>60 years). These mutations are associated with poor prognosis with respect to both survival and compete remission rates.,100.0,
178,ATM Mutation,,130.5,
179,ATM Underexpression,,39.0,
180,AURKA Amplification,,0.75,
181,AURKA Overexpression,,38.0,
182,BAP1 EXPRESSION,,15.0,
183,BAP1 Mutation,"BAP1 is a tumor suppressor gene, mutations in this gene have been observed in a number of cancers including melanoma, and renal cancers. These mutations generally lead to loss-of-function and mutations in the UHC domain of BAP1 have been shown to lead to structural instability and β-amyloid aggregation in models. Germline mutations are associated with an increased risk of tumorgenesis and can lead to the development of ""atypical Spitz tumours (ASTs), cutaneous melanoma (CM), epithelioid malignant mesothelioma (MM) and clear cell RCC"".",98.5,
184,AKAP9::BRAF Fusion,,20.0,AKAP9-BRAF
185,BRCA1 Mutation,,455.0,
186,BRCA2 Mutation,,462.5,
187,CCNE1 Amplification,,33.0,
189,DNMT3A Mutation,"DNMT3A mutations occur in a variety of myeloid malignancies. These mutations are associated with adverse prognosis in acute myeloid leukemia (AML), particularly in the context of NPM1 and FLT3-ITD mutations, which often co-occur. Early results indicate AML patients with DNMT3A mutations may respond better to decitabine than those with wild-type. Shorter survival has been indicated in patients with T-cell acute lymphoblastic leukemia and myelodysplastic syndrome, however, larger cohorts are required to verify this finding. DNMT3A mutations have been suggested as a pre-leukemic lesion and found in older individuals with clonal hematopoiesis but no overt malignancy.",115.0,
190,EGFR Amplification,,173.0,
191,EGFR Copy Number Variation,,20.0,
193,EGFR Overexpression,,145.0,
195,TMPRSS2::ERG Fusion,"TMPRSS2 fusions are prevalent in Prostate Cancer. TMPRSS2 fusion with ETS family members such as ERG are among the most common. Fusion of TMPRSS2 with ERG may result in overexpression of ERG driven by the TMPRSS2 androgen-responsive promoter elements. Due to the high prevalence of this fusion, it may have diagnostic utility for prostate cancer, especially ERG expression positive prostate cancer.",15.0,TMPRSS2-ERG
198,FOXL2 C134W,"The variant C134W on the FOXL2 gene was revealed to have a high frequency (95-97%) in the adult form of granulosa cell tumors that comprises 5% of ovarian cancers. Due to the mutation's high frequency, future therapeutics might target for this single apparent mechanism. However, the consequence of this mutation remain unknown.",70.0,
199,IDH2 R172,"IDH2 R172 is a gain-of-function mutation commonly observed in acute myeloid leukemia and is enriched in those patients which are cytogenetically normal. R172 is analogous to IDH1 R132 mutations and leads to neomorphic enzymatic activity. Specifically this mutation ""catalyzes the conversion of alpha ketoglurarate to beta-hydrozyglutarate"" leading to increased levels of beta-hydrozyglutarate. This in turn leads to hypermethylation of target genes and an inhibition of cellular differentiation. R172 mutations generally lead to worse overall survival and higher rates of relapse compared to the most common IDH2 mutations in AML (R140).",105.0,ARG172
200,IKZF1 Deletion,"IKZF1 deletions have been reported in a variety of cancer types including pediatric B-cell precursor acute lymphoblastic leukemia (BCP ALL), Chronic Myeloid Leukemia, diffuse large B-cell lymphoma, myelodysplastic syndrome, T-cell ALL as well as solid tumors of the large intestine, lung, and liver. The clinical impact of these deletions is unknown for many cancer types however a poor outcome has been observed in leukemia based disease. This gene has been strongly implicated as a regulator for ""normal hematopoiesis"". In regards to BCP ALL, mouse models have shown that mutations in IKZF1 are not sufficient in and of themselves to cause disease. Haploinsuffeciency in combination with BCR-ABL1 however, will accelerate leukemiagenesis possibly indicating that at least in regards to BCP ALL these are secondary events that may be necessary for the development of leukaemic clones.",240.0,
201,KIT M541L,,25.5,RS3822214;MET541LEU
202,KIT V560DEL,V560 Resides within the Juxtamembrane domain on exon 11 of KIT. In melanoma this region is one 4 hotspots and is the 3rd highest recurrently mutated region. Mouse models have shown that mutations in this hotspot lead to constitutive phosphorylation of KIT which will induce a stronger activation of the PI3K pathway however it is currently unknown if deletions follow the same model. Case studies in Gastrointestinal Stromal Tumors with V560DEL have reported a sensitivity when treated with imatinib and regorafenib.,12.5,V559DEL;VAL560DEL;V556DEL;V555DEL
203,KRAS Q61,,40.0,GLN61
204,NCOA3 AMPLIFICATION,,15.0,
205,NCOA3 OVEREXPRESSION,,15.0,
206,NOTCH1 Mutation,,100.0,
207,NOTCH1 P2514FS,"This mutation disrupts the C-terminal PEST domain that in normal conditions promotes degradation, resulting in accumulation of an active NOTCH1 isoform sustaining deregulated signaling.",35.0,PRO2514ARGFS
208,NRAS Mutation,,213.0,
209,PAX8::PPARG Fusion,PAX8-PPAR gamma is a oncogene caused by a translocation between 2q13 and 3p25 resulting in an in-frame fusion between the two genes. It has been observed in Follicular Thyroid Cancer (FTC) and is one of two known fusion products involving PPAR gamma in FTC indicating this region may be a breakpoint hotspot. Studies have indicated that the fusion product increases cell viability and proliferation and decreases apoptosis.,15.0,PAX8-PPARG;T(2;3)(Q13;P25)
210,PGR Expression,,60.0,
212,PIK3CA Amplification,,45.0,
213,PTEN Deletion,,55.0,
214,PTEN Loss,,266.5,
215,SF3B1 Mutation,,130.0,
216,SMAD4 Mutation,,25.0,
217,SMARCA4 Mutation,,25.0,
218,SMARCA4 INACTIVATING MUTATION,,20.75,
219,TERT Amplification,,15.0,
220,TERT Promoter Mutation,"TERT promoter mutations are activating and commonly found at two hotspots within the TERT promoter region which occur 124 and 146 base pairs (hg19) upstream of the translation start site. These hotspots, termed C228T and C250T are observed in many cancer types and have a particularly high prevalence in glioblastoma (83%), melanoma (71%), bladder cancer (66%) and hepatocelluar carcinoma (HCC) (47%). The two mutations are usually heterozygous and mutually exclusive and result in an increased similarity to an ETS binding domain and may act as a binding site to an ETS transcription factor. These mutations are thought to be early events in tumorgenesis and aid in cellular immortality. Decreased overall survival in patients with these mutations have been observed in medulloblastoma, thyroid cancer, urogenital cancer, melanoma, and laryngeal tumors. The presence of these mutations has also been shown to be predictive of malignant/premalignant nodules in HCC and meningiomas.",105.0,-146C>T;-124C>T
221,TP53 Deleterious Mutation,Deleterious mutations are mutations of TP53 with prior characterization demonstrating significant deleterious effect on TP53 protein function. Inactivating TP53 mutations prevent on target activity and efficacy of MDM2-TP53 interaction inhibitors.,78.0,
222,TP53 Mutation,,457.0,
223,TP53 Truncating Mutation,,40.0,
224,TTF1 AMPLIFICATION,,15.0,
227,CHEK2 Loss-of-function,,25.0,
232,CDK12 Loss-of-function,,4.0,
234,NT5C2 R367Q,,21.0,ARG367GLN
235,NT5C2 K359Q,,28.0,LYS359GLN
236,NT5C2 D407A,,8.0,ASP407ALA
238,TP53 DNA Binding Domain Mutation,,35.0,
239,ATM S2289*,A frameshift mutation at the DNA level predicted to cause truncation before the C-terminal phosphoinositide 3-kinase (PI3K) catalytic domain at amino acid 2289.,7.5,V2288FS*1
240,ATM N2875H,A missense mutation within the C-terminal phosphoinositide 3-kinase (PI3K) catalytic domain,7.5,RS1057519869;ASN2875HIS
241,NF2 Y177fs,,7.5,TYR177FS
243,PDGFRA V561A,,3.0,VAL561ALA;RS121908586
244,TERT C228T,"Two TERT promotor mutations -124 (C228T, most common) and -146 (C250T) occur in up to 83% of primary glioblastomas, 71% of melanomas, 66% of urothelial carcinomas of the bladder, 47% of hapatocellular carcinomas, 21% of medulloblastomas and up to 40% of thyroid cancers. These promoter mutations reactivate TERT expression by recruitment of the GABP transcription factor.",40.0,-124C>T
245,XRCC1 R194W,,20.0,RS1799782;ARG194TRP
246,GSTP1 Deletion,,4.0,
247,BIRC7 Amplification,,4.0,
248,EGFR Exon 4 Deletion,,4.0,
250,KRAS RS61764370,Germline variant in the 3' UTR of KRAS that predicts resistance to platinum-based therapy.,30.0,
251,ERCC5 RS751402,,15.0,
252,KIT rs17084733,,15.0,3' UTR MUTATION
253,EZH2 Intron 6 Mutation,,20.0,RS3757441
254,MTHFR A222V,,55.0,RS1801133;ALA222VAL;C677T
255,GSTP1 I105V,,20.0,ILE105VAL
256,ABCG2 Q141K,,15.0,GLN141LYS;RS2231142
257,XRCC1 Q399R,XRCC1 Q399R germline polymorphism (NM_006297.2:c.1196A>G) is associated with better outcome for patients with NSCLC and increased response to chemotherapy for patients with cervical cancer.,40.0,RS25487;GLN399ARG
258,ABCB1 S893T,,15.0,A893S;RS2032582;SER893THR
259,ABCB1 I1145I,"ABCB1 I1145I is a germline polymorphism that has improved responses in cancer. Specifically, it can indicate sensitivity to platinum-based chemotherapies for patients with NSCLC or better outcome for HER2-positive metastatic breast cancer patients.",25.0,ILE1145=;RS1045642;T3435C;3435C-T
260,ERCC2 K751Q,,35.0,LYS751GLN
261,TYMS 3TRP/3TRP genotype,,15.0,5' TANDEM REPEAT
262,LRP1B Exon 12-22 Deletion,,3.0,
263,FGFR1 Amplification,"FGFR1 amplifications are the most common aberrations of the FGFR family in cancer. One study reports FGFR1 aberrations in 3.5% of 4,853 patients of which most are FGFR1 amplifications (Helsten et. al., 2016). Preclinically, FGFR1 amplifications have also been shown to confer sensitivity to FGFR1 inhibitors (Weiss et. al., 2010). Clinical studies are currently ongoing (e.g. NCT01004224).",313.0,
264,FGFR1 Expression,"FGFR1 high expression has been reported in 11.8% (178 patients) of oral squamous cell carcinoma patients, and was enriched in early stages (Freier et. al., 2007). Another study reports FGFR1 expression in 35% of primary HNSSC (353 patients) (Göke et. al., 2015). In both studies, FGFR1 gene amplification and expression do not correlate well with about 35% of samples with FGFR1 amplification overexpressing FGFR1 (Göke et. al., 2015). FGFR1 expression also correlated with sensitivity to FGFR1 inhibitors in preclinical models of lung cancer (Wynes et. al., 2014), HNSSC (Göke et. al., 2015) and urothelial carcinoma (Lamont et. al., 2011).",46.0,
266,MET Amplification,,81.5,
267,ATR I774FS,"Single A insertion or deletion in the 10 A mononucleotide run in exon 10 of ATR results in a frameshift of codon I774. In patients with endometrial cancer, this mutation has only been observed in patients with microsatellite instability.",20.0,
268,CDKN2A p16 Expression,"CDKN2A (p16) expression is a surrogate marker of HPV infection in oropharyngeal squamous cell carcinoma. CDKN2A and p53 are inactivated through HPV proteins E6 and E7 and therefore not altered in expression level in HPV-associated carcinomas. However, there is no perfect overlap between p16 expression and HPV status with some 10-12.5% of HPV-negative tumors expressing p16. (Seiwert, T JCO, 2014). p16 positivity is a well-established positive prognostic factor in squamous cell cancer of the head and neck in the primary and, as increasing evidence suggests, recurrent/metastatic disease settings. Predictive information from HPV status have not been established to date. A lack of benefit from EGFR-inhibitors has been proposed by some studies. Other studies were not able to reproduce this finding.",180.0,
269,KIF5B::RET Fusion,"In a study by Takeuchi et. al. a fusion screen was performed in 1529 lung cancer samples. 14 adenocarcinomas with KIF5B-RET and CCDC6-RET fusions were identified. (Takeuchi K et. al., 2012)",10.0,KIF5B-RET
270,HRAS G13D,,7.5,RS104894226;GLY13ASP
271,HRAS Mutation,,23.0,
272,CD274 Expression,,330.0,
273,MTOR Mutation,,22.5,
274,AKT2 EXPRESSION,,15.0,
275,NF2 K159fs,,7.5,LYS159FS*16
277,FBXW7 Mutation,,20.0,
278,SMAD4 Underexpression,,3.0,
279,MTOR H1968Y,,3.0,HIS1968TYR
280,MTOR P2213S,,3.0,PRO2213SER
281,AGK::BRAF Fusion,,7.0,AGK-BRAF
282,PAPSS1::BRAF Fusion,,6.0,T(4;7)(Q24;Q34);PAPSS1-BRAF
283,TRIM24::BRAF Fusion,,6.0,TRIM24-BRAF
284,BRAF L597R,,12.0,RS121913366;LEU597ARG
285,ERBB3 Overexpression,,37.0,
286,NT5E Overexpression,,15.0,
287,EZH2 Overexpression,,20.0,
288,MYD88 Overexpression,,2.0,
290,PIK3CA P471L,,7.5,PRO471LEU;RS1057519872
292,RIT1 OVEREXPRESSION,,15.0,
293,RIT1 Mutation,,3.0,
294,MYCN Amplification,,46.0,
295,SMO D473H,,13.5,ASP473HIS
296,SMO Mutation,,44.0,
297,PTCH1 Mutation,,25.0,
298,PTCH1 LOH,,10.0,
299,STK11 EXON 1-2 MUTATION,,20.0,
300,STK11 Underexpression,,2.0,
301,SYK OVEREXPRESSION,,3.0,
302,ERBB2 Amplification,"Her2 (ERBB2) amplifications are seen in up to 20% of breast cancers and were associated with aggressive disease and poor prognosis when discovered. Trastuzumab first found considerable success, and was approved for treatment, in HER2 positive metastatic breast cancer (MBC) which had progressed under chemotherapy. These metastatic cancers nonetheless progressed under trastuzumab, and other forms of therapy were studied for next line treatments, including tyrosine kinase inhibitors. Lapatinib, a reversible inhibitor of tyrosine kinase activity in ErbB1 and ErbB2, and afatinib, an irreversible inhibitor of all 4 ErbB forms were shown to have activity in trastuzumab-progressed HER2 MBC. Interestingly trastuzumab itself also turned out to remain effective in treatment of trastuzumab-progressed HER2 MBC. The LUX-Breast 1 trial compared a TKI-based treatment (afatinib) to a trastuzumab-based treatment of trastuzumab-progressed HER2 MBC, and the LUX-Breast 3 trial addressed TKI application in the context of HER2 MBC with difficult to treat brain metastases. In neither of these cases was the TKI more effective, making successful future replacement of trastuzumab-based therapy with a TKI in trastuzumab-progressed HER2 MBC seem unlikely. Instead, a potential role for TKIs in this disease context is revealed in preclinical work suggesting synergism between TKI and trastuzumab action, and clinical trials with lapatinib or afatinib combined with trastuzumab indicate that dual HER2 blockade may be an effective therapy. Dual antibody HER2 blockade with pertuzumab instead of TKI in HER2 MBC has also recently shown strong results in the CLEOPATRA trial. HER2 overexpression is targeted in neoadjuvant breast cancer treatment, and has also been successfully targeted in gastric cancer.",891.0,OVEREXPRESSION
306,ERBB4 Mutation,"ERBB4 mutations have been identified in melanoma, lung adenocarcinoma and medulloblastoma. In-vitro studies suggest that melanoma cell lines harboring an ERBB4 mutation are sensitive to ERBB4 inhibition with lapatinib.",4.0,
307,PIK3CA Mutation,"PIK3CA mutations are observed in many cancers among the most prevalent are breast cancer, colorectal cancer, and head and neck squamous cell carcinoma. These mutations have been observed in up to 40%, 20%, and 21% respectively for each of these cancer types with mutations commonly occurring within the helical exon 9 and kinase domain of exon 20. In breast cancer PIK3CA mutations have been associated with better prognosis, and a greater survival outcome, however the PI3K pathway is also associated with increased drug resistance (trastuzumab/lapatinib). PIK3CA mutations in both HNSCC and CRC have been associated with resistance to anti-EGFR therapeutic agents and mutations in exon 9 and 20 are associated with a poorer prognosis in CRC. Interestingly PIK3CA mutations in HNSCC have been observed to be absent from a number of ethnic groups including greek, german, and vietnamese populations.",446.5,
308,EGFR VIII,"The EGFRvIII variant is an oncogenic mutation that has been reported in several cancers including glioblastoma multiforme, breast, lung, head and neck, ovarian and prostate. In high-grade gliomas, EGFRvIII has been reported in about 30% of cases with EGFR amplification. The EGFRvIII mutation leads to deletion of the receptor ectodomain exons 2-7. The presence of this variant has been linked with clinical response to EGFR TKI. (Arteaga and Engelmann, 2014)",69.0,
309,PTEN Expression,,54.5,
310,NRG1 Expression,,37.0,
311,AREG Expression,,58.0,
312,TGFA EXPRESSION,,15.0,
313,EGFR G724S,,4.0,RS1051753269;GLY724SER
314,EREG EXPRESSION,,35.5,
316,MAPK1 E322K,,10.0,GLU322LYS
317,MAPK1 Amplification,,4.0,
318,KRAS A146V,,8.0,ALA146VAL;RS1057519725
319,MET Mutation,,15.0,
320,MET Exon 14 Skipping Mutation,"Exon 14 mutations have been observed in ~3% of patients with NSCLC (28/933 reported by Awad et al J Clin Onc 2016), confirmed to cause exon skipping when available, and associated with concurrent MET amplification. Responses to the c-MET inhibitor crizotinib have been reported in preclinical models and in individual case reports as well as a small-scale clinical trial (17 patients treated, Drilon et al., 2016 (suppl; abstr 108; ASCO ID 167889-176)). Larger studies are needed but enrollment of patients with MET exon 14 skipping mutation in trials with MET inhibitors or off-label treatment is encouraged (Paik et al., 2015 (suppl; abstr 8021)).",108.5,
321,FGFR3 Overexpression,,6.0,
322,CBLC EXPRESSION,,2.0,
323,PTPRD Mutation,,3.0,
324,DEFA1 EXPRESSION,,10.0,
325,ERCC1 Expression,,30.0,
326,NOTCH1 Amplification,,12.0,
327,WEE1 RS3910384,,15.0,INTRON POLYMORPHISM
328,FNTB RS11623866,,10.0,
329,PTPRT Promoter Hypermethylation,,2.0,
330,VEGFA Decreased Peri-therapeutic Expression,,10.0,
331,DNMT1 EXPRESSION,,18.0,
332,KRAS Mutation,,545.5,
333,PDCD4 EXPRESSION,"A new study, a retrospective analysis of 77 patients, has implicated PDCD4 expression in the sensitivity to paclitaxel. However, this finding came from a large proteome screen and has not yet been replicated in independent patient sets.",20.0,
334,MGMT RS16906252,,15.0,
335,TFF3 EXPRESSION,,15.0,
336,DKK1 NUCLEAR EXPRESSION,,15.0,
337,CD44 CD44s Expression,,3.0,
338,EGF EXPRESSION,,3.0,
339,MDM2 EXPRESSION,,20.0,
340,HMOX1 EXPRESSION,,15.0,
341,SPHK1 OVEREXPRESSION,,10.0,
342,CASP8 Overexpression,,3.0,
343,TYMS Overexpression,,40.0,
344,PBK OVEREXPRESSION,,3.0,
345,SMARCA4 Underexpression,,30.0,
346,SETBP1 Exon 4 Mutation,,15.0,
347,SETBP1 G870S,,3.0,GLY870SER;RS267607040
350,EGFR Expression,,60.0,
351,CDKN1A EXPRESSION,,15.0,
352,ALCAM EXPRESSION,,15.0,
353,STMN1 EXPRESSION,,15.0,
354,RSF1 Amplification,,10.0,
355,AR OVEREXPRESSION,,3.0,
356,CDKN1B CYTOPLASMIC MISLOCALIZATION,,3.0,
357,ERBB3 EXPRESSION,,6.0,
358,AR AR-V7,,83.0,ARV7;A3
359,UGT1A EXPRESSION,,3.0,
360,ERBB4 NUCLEAR TRANSLOCATION,,2.0,
361,ERBB4 EXPRESSION,,5.0,
362,SLFN11 EXPRESSION,,2.0,
363,RAC1 P29S,,4.0,PRO29SER
364,BIRC5 NUCLEAR EXPRESSION,,15.0,
365,TP53 Wildtype,,68.0,
366,MRE11 Loss,,2.0,
367,TOP1 Amplification,,5.0,
368,CDKN1B EXPRESSION,,10.0,
369,AGR2 EXPRESSION,,5.0,
370,NAPRT Promoter Hypermethylation,,3.0,
371,EGFR Exon 18 Overexpression,,10.0,
372,ZEB1 Expression,,5.0,
373,TIMP1 Overexpression,,12.0,
374,PTP4A3 OVEREXPRESSION,,3.0,
375,TYMS Amplification,,15.0,
376,IGF1R EXPRESSION,,2.0,
377,EPHB4 EXPRESSION,,10.0,
378,TYMS Underexpression,,20.0,
379,TOP2A EXPRESSION,,10.0,
380,TOP1 EXPRESSION,,25.0,
381,PRKAA2 T172 PHOSPHORYLATION,,0.5,
382,HSPA5 EXPRESSION,,20.0,
383,EIF4EBP1 PHOSPHORYLATION,,4.0,
384,KIT Mutation,,17.0,
385,TUBB3 EXPRESSION,,12.0,
386,EGFR Y1092 PHOSPHORYLATION,"Although referred to as Y1068 in the literature, based on the recognition peptide described, this tyrosine occurs at Y1039 (ENST00000454757.2 v75) or Y1092 (ENST00000275493.2 v75).",15.0,Y1039 PHOSPHORYLATION
387,IGF1R NUCLEAR EXPRESSION,,10.0,
388,CFLAR EXPRESSION,,3.0,
389,PROM1 EXPRESSION,,10.0,
390,FOXP3 EXPRESSION,,20.0,
391,RPS6 PHOSPHORYLATION,,2.0,
392,JAK1 OVEREXPRESSION,,11.5,
393,BRCA1 Expression,,2.0,
394,DUSP6 EXPRESSION,,3.0,
395,BRAF Mutation,,166.0,
396,HSPB1 EXPRESSION,,2.0,
397,NQO1 EXPRESSION,,2.0,
398,NQO1 P187S,,2.0,PRO187SER
399,BRCA1 Underexpression,,15.0,
401,CXCR4 EXPRESSION,,10.0,
402,MAGEH1 EXPRESSION,,2.0,
403,ABCC3 Amplification,,3.0,
404,ABCC10 Overexpression,,3.0,
405,ASNS Amplification,,2.0,
406,CDX2 EXPRESSION,,20.0,
407,STAT3 SH2 DOMAIN MUTATION,,20.0,
408,POU5F1 EXPRESSION,,2.0,
409,ERBB2 Kinase Domain Mutation,,17.5,
410,ERBB2 Y772_A775DUP,"Mutations in the HER2 kinase domain occur at a 2-4% frequency in lung adenocarcinomas, the majority of which are in exon 20 as in-frame duplications or insertions in a small 8 codon region (774-781 or 775-782). These are analogous to the exon 20 alterations found in EGFR TK domain. The M774 insertion, M774insAYVM, represents 62.5% of all HER2 kinase domain mutations identified (when combined with the A775insYVMA mutations as they translate to the identical amino acid sequence changes). As demonstrated in mouse models (Perrera et al., PNAS 2009) and subsequent clinical trials in human lung adenocarcinoma with these insertions, HER2 YVMA mutants predict response to several targeted HER2 agonists such as afatinib, trastuzumab, neratinib and TDM-1 (trastuzumab emtansine) as monotherapy or combined with specific chemotherapies.",42.0,P.A775_G776INSYVMA;TYR772_ALA775DUP;P.E770_A771INSAYVM;A775INSYVMA;A775_G776INSYVMA;M774INSAYVM
411,EGFR C797S,,17.5,RS1057519861;CYS797SER
412,ERBB2 SERUM LEVELS,,35.0,
413,THBS2 UNDEREXPRESSION,,15.0,
415,v::NTRK1 Fusion,,135.0,NTRK1 Fusion
416,IDH1 R132H,"IDH1 R132 mutations have been observed in a number of cancer types, and appear to behave quite differently in different environments. In myelodysplastic syndromes and acute myeloid leukemia (AML), IDH1 R132 mutations have been shown to be associated with worse outcome and shorter overall survival. They have also been linked to cytogenetically normal AML, an intermediate risk subtype of the disease. However, in glioblastoma and astrocytoma, patients with IDH1 mutations have shown better overall survival than patients with wild-type IDH1. Also in contrast to AML, in glioblastoma, IDH1 mutations have been associated with the specific cytogenetic abnormalities, 1p and 19q deletions.",9.0,RS121913500;ARG132HIS
417,TERT RS2736100,,10.0,
418,STAG2 Underexpression,,14.0,
419,HLA-DRA EXPRESSION,,15.0,
420,MYD88 L265P,,31.0,LEU273PRO;LEU265PRO;RS387907272;L273P
421,KRAS G12V,KRAS mutations are the most common mutations in pancreatic cancer occurring in > 90% of cases. Of these the G12D activating mutation is the most prevalent and results in a loss of GTPase activity which in turn leads to a constitutively active form of KRAS. This is enough to cause pre-cancerous pancreatic intraepithelial lesions,67.5,GLY12VAL;RS121913529
422,BRAF Wildtype,,10.0,
423,NRAS Q61K,,24.5,RS121913254;GLN61LYS
424,MRE11 Frameshift,,10.0,
425,KIT EXPRESSION,,35.0,
427,CBFB::MYH11 Fusion,"CBFB-MYH11 is the result of inv(16)(p13q22) or t(16;16)(p13;q22) and is sufficient for the diagnosis of acute myeloid leukemia (in the correct setting) according to WHO criteria, even when blast counts are <20% (Vardiman et al, Blood 2008). This fusion is typically associated with favorable prognosis relative to other AML subtypes (including cytogenetically normal); however, the impact of additional mutations in the context of this fusion is incompletely understood. AMLs with this fusion are often grouped with other rearrangements affecting genes encoding core binding factor subunits, referred to as CBF AMLs.",60.0,CBFB-MYH11;INV(16)(P13.1;Q22);T(16;16)(P13.1;Q22)
429,HIF1A 3' UTR Polymorphism,,10.0,
430,HIF1A OVEREXPRESSION,,25.0,
431,EPAS1 Overexpression,,25.0,
432,VHL Loss,,3.0,
433,FLT3 D835,,46.0,ASP835
434,PSMB8 NUCLEAR EXPRESSION,,10.0,
435,PBK NUCLEAR EXPRESSION,,10.0,
436,PTTG1 OVEREXPRESSION,,10.0,
437,LEPR UNDEREXPRESSION,,10.0,
438,EGFR Mutation,,340.0,
439,EGFR G465R,,20.0,GLY465ARG
440,NEDD9 EXPRESSION,,15.0,
441,ETS2 RS461155,,10.0,P341P;P481P;PRO341=
442,KRT18 UNDEREXPRESSION,,2.0,
443,FGF13 CYTOPLASMIC EXPRESSION,,15.0,
444,SS18::SSX1 Fusion,,165.0,SYT-SSX1;SS18-SSX;SYT-SSX;SS18-SSX1;T(X;18)(P11.23;Q11)
445,SS18::SSX2 Fusion,,85.0,T(X;18)(P11.21;Q11);SS18-SSX2
446,SS18::SSX4 Fusion,,5.0,SS18-SSX4
447,ABCB1 S893A/T,Refer to https://www.pharmgkb.org/rsid/rs2032582 for more information.,15.0,RS2032582
449,EGFR S492R,,23.0,SER492ARG;RS1057519860
450,EGFR R451C,,2.0,RS377567759;ARG451CYS
451,EGFR K467T,,6.0,LYS467THR
452,FCGR2A H167R,,35.0,H131R;HIS167ARG;RS1801274;H166R
453,FCGR3A F212V,,35.0,PHE176VAL;V158F;RS396991
454,FCGR2B I232T,,20.0,RS1050501;ILE232THR
456,EGFR P753S,,7.5,RS121913231;PRO753SER
457,PML B2 DOMAIN MUTATION,The B2 domain in PML is the binding site for ATRA. Point mutations in this region have been associated with ATRA resistance in patients with APL.,20.0,
463,KDR A1065T,,3.0,RS56302315;ALA1065THR
464,KDR D717V,,3.0,ASP717VAL
465,TSC2 Q1178*,,12.5,RS45517297;GLN1178TER;Q1178X
466,MTOR F2108L,,16.5,PHE2108LEU
467,RAD51D R186*,,5.0,R186X;RS387906843;ARG186TER
468,ALDH1A2 Overexpression,,30.0,
469,ALDH1A2 Underexpression,,2.0,
470,CIP2A EXPRESSION,,15.0,
471,CIP2A Underexpression,,3.0,
472,MIR218-1 EXPRESSION,,30.0,
473,BRCA1 P968FS,,20.0,PRO968LEUFS;RS398122670;3021INSTC
475,KRAS Q22*,,5.0,Q22X;GLN22TER
477,DDX43 Overexpression,,4.0,
478,KIT RS3733542,,5.0,LEU862=
479,TBK1 Overexpression,,2.0,
481,STK11 Loss,,25.0,
482,HAVCR2 Overexpression,,10.5,
483,MMP2 SERUM LEVELS,,25.0,
484,MMP9 SERUM LEVELS,,15.0,
486,HSPH1 NUCLEAR EXPRESSION,,11.0,
487,HSPH1 T17 DELETION,,10.0,
488,ECSCR EXPRESSION,,5.0,
489,ROBO4 EXPRESSION,,5.0,
490,PIM1 NUCLEAR EXPRESSION,,10.0,
491,MDM2 SNP309,,10.0,
492,ERBB2 L866M,This mutation was shown to be an activating mutation and conferred sensitivity to a combination of trastuzumab with neratinib or lapatinib in colorectal cancer patient-derived xenografts.,4.0,LEU866MET
493,ERBB2 S310F/Y,"ERBB2 S310F/Y was one of the first ERBB2 variants to be functionally classified (Greulich et al. 2012). This mutation was shown to be an activating mutation (through hyperphosphorylation) in an in vitro assay. In the same paper, this mutation (along with other ERBB2 activating mutations) in murine Ba/F3 cells have been shown to be sensitive to the ERBB2 inhibitors (afatinib, lapatinib and neratinib). More recent evidence may show that HER2 acitivating mutations confer sensitivity to a host of tyrosine kinase inhibitors, which is the topic of current clinical trials and research.",4.0,
494,MIR218-1 UNDEREXPRESSION,,3.0,
495,v::ALK Fusion,"Following the initial discovery and characterization of NPM-ALK fusion mutation in anaplastic large cell lymphoma (ALCL), EML4-ALK fusions were found to be driver mutations in a subset of lung adenocarcinomas. ALK fusions bring the C-terminal ALK kinase domain together with the N terminal region of the fusion partner, and have since been found in a range of cancers including inflammatory myofibroblastic tumor, renal cell carcinoma, diffuse large B cell lymphoma and colorectal cancer. In a Phase I trial for crizotinib, a 92% response rate was seen in the subset of patients with a specific EML4-ALK variant, which was higher than the 57% rate in the overall ALK-rearranged population, but the subpopulation numbers were insufficient to correlate variant type with patient response. Due to restricted wild-type ALK expression, and also mild phenotypes seen in ALK knockout mice, ALK fusions are desirable targets. ALK inhibitor TAE684 was used in initial characterizations of ALK fusion cancer drivers, and crizotinib – a small molecule ATP-competitor RTK inhibitor which is highly selective for ALK and MET - has been approved as first line therapy in ALK-rearranged NSCLC. ALK-rearrangement defines an NSCLC subtype that makes up 3-5% of NSCLC cases, and is characterized by higher proportions of younger patients and never smokers. EML4-ALK variant 1 is the most common ALK fusion in NSCLC and was the first to be discovered and demonstrate cancer driver properties in vitro and in mouse models. A Phase I study of crizotinib in ALK-rearranged NSCLC demonstrated an increase in overall survival when compared to standard chemotherapy. These and other initial results prompted accelerated approval for crizotinib in NSCLC. Continued clinical work demonstrated benefit with crizotinib over chemotherapy in multi-armed studies, and as first line therapy. Crizotinib was also found to remain beneficial to NSCLC patients who had progressed on crizotinib. Additionally, crizotinib was shown to increase intracranial disease control in brain metastasis occurring from ALK-rearranged NSCLC.",798.0,ALK Fusion;REARRANGEMENT
496,EML4::ALK e20::e20,"EML4-ALK variant 2 consists of a fusion of the ALK kinase domain (exons 20-29) with EML4 exons 1-20. Variant 2 has cytoplasmic distribution and makes up ~10% of EML4-ALK fusions found in NSCLC,. Although the specific variant is not consistently reported, single cases demonstrating response to crizotinib treatment in NSCLC and a differentiated malignant neoplasm of unknown origin have been reported. In vitro, this variant has shown greater sensitivity to ALK inhibition with TAE684 and crizotinib than the EML4-ALK variants 1 (E13;A20), 3a (E6;A20) and 3b (E6ins33;A20). The variant was reported to be less stable in cells than other variants, and may be a client protein of Hsp90. Along these lines the variant has shown preclinical sensitivity to Hsp90 inhibition.",16.5,EML4-ALK E20-E20
497,EML4::ALK e2::e20,,1.75,EML4-ALK E2-E20
498,KDR R961W,,2.5,RS530419081;ARG961TRP
499,EML4::ALK e6::e20,"The EML4-ALK variant 3a consists of the ALK kinase domain fused to EML4 exons 1-6, while the 3b variant has an additional 33bp of intronic EML4 sequence between EML4 and ALK regions. The two variants were found to originate from a single genomic rearrangement, and 3a/3b is found in ~ 30% of EML4-ALK positive NSCLC. Variant 3a has cytoplasmic and nuclear distribution. In vitro, these variants have shown sensitivity to ALK inhibitors TAE684 and crizotinib but less sensitive than other EML4-ALK variants. The H2228 cell line contains 3a and 3b variants and is described as having cyctostatic response to ALK inhibition as opposed to apoptotic. In a study of 31 NSCLC patients with EML4-ALK rearrangements, 4/5 patients with the 3a variant showed a partial response while 1 showed progressive disease (the only PD observed). In cells the 3a variant was reported to be more stable than other variants, less sensitive to crizotinib and not to respond to Hsp90 inhibition.",25.0,EML4-ALK E6-E20
500,TP53 P47S,,0.5,RS1800371;PRO47SER
501,GNAQ Mutation,,26.0,
502,GNA11 Mutation,,24.0,
503,GNAQ Q209,,20.0,GLN209
504,PMS2 K706FS*19,,10.0,LYS706SERFS;RS587782704
505,KIT Exon 9 Mutation,"In patients with gastrointestinal stromal tumors (GIST), imatinib has improved outcomes for patients with KIT mutations. However, acquired resistance to imatinib is common. Patients harboring exon 9 KIT mutations may benefit from higher imatinib doses (800mg/daily). Similarly, imatinib-refractory tumors showed sensitivity to sunitinib treatment. Improved responses to either treatment were not observed in patients with exon 11 mutations.",122.5,
506,PTEN Mutation,,31.0,
507,FGFR2 Mutation,,28.0,
508,ALK Mutation,,20.0,
509,NPM1::ALK Fusion,,27.0,NPM1-ALK;NPM-ALK;T(2;5)(P23;Q35)
510,RANBP2::ALK Fusion,,10.0,RANBP2-ALK
511,FGFR1 N546K,,8.0,RS779707422;ASN546LYS
515,FLT3 Mutation,,85.0,
516,CLTC::ALK Fusion,"The t(2;17)(p23;q23) translocation results in the CLTC-ALK fusion protein, the most common ALK fusion observed in diffuse large B cell lymphoma (DLBCL). ALK-rearranged DLBCL is less responsive to CHOP chemotherapy. Preclinical work indicates that CLTC-ALK DLBCL is responsive to ALK inhibition in cell lines and mouse models, and two case studies show short response followed by progression when heavily pretreated and advanced ALK-positive DLBCL is treated with crizotinib (one case CLTC-ALK, one case an unknown ALK fusion).",19.0,T(2;17)(P23;Q23);CLTC-ALK
517,U2AF1 MUTATION,,20.0,
518,BRAF L485_P490del,,3.0,DEL 485-490;LEU485_PRO490DEL
520,DUX4::v Fusion,,11.5,DUX4 Fusion
521,B4GALT1 Overexpression,,15.0,
522,BCL2L11 Deletion Polymorphism,,40.0,
523,ALK I1171,Multiple case reports indicate that the I1171T missense mutation in ALK-rearranged non-small cell lung cancer (NSCLC) confers resistance to crizotinib and alectinib but is sensitive to ceritinib treatment. These results have been validated in vitro. In vitro evidence indicates this mutation interferes with alectinib binding the active site of ALK and may explain the sensitivity to the structurally distinct ALK inhibitor ceritinib.,42.5,ILE1171
525,SIRT1 Overexpression,,16.0,
526,KRAS G12R,,32.5,GLY12ARG;RS121913530
527,TP53 P72R,"This polymorphism is relatively widely studied across cancer types, but meta-analyses in breast, lung and cervical cancer cohorts have so far been inconclusive as to the significance of a patient's genotype at this locus as it relates to cancer susceptibility and prognosis.",45.0,PRO72ARG;RS1042522;P33R
528,PALB2 Biallelic Inactivation,,17.5,
529,SMAD4 Expression,,15.0,
530,FANCC Loss-of-function,,3.0,
531,EBF1::PDGFRB Fusion,EBF1-PDGFRB fusions are associated with Ph-like acute lymphoblastic leukemia lacking the BCR-ABL fusion. Case reports have shown positive responses to imatinib treatment.,32.5,EBF1-PDGFRB
533,RB1 EXPRESSION,,10.0,
534,MLH1 METHYLATION,,10.0,
535,PTPN11 Overexpression,,10.0,
536,FLT3 T227M,"FLT3 T227M (rs1933437) is a common polymorphism with a GMAF around .60 based on the Exome Aggregation Consortium (ExAC) data. Its role in cancer predisposition is still unknown, however it may be associated with the development of leukopenia in patients treated with sunitinib.",15.0,THR227MET;RS1933437
537,PALB2 L531FS*30,,15.0,LEU531FS*30
538,MTOR S2215Y,,2.0,SER2215TYR
539,MTOR C1483Y,,2.0,CYS1483TYR
540,MTOR E1799K,,2.0,RS863225264;GLU1799LYS
541,FGFR2 N550K,,3.0,N549K;RS121913476;ASN550LYS
542,ACTA1 EXPRESSION,,10.0,
543,RB1 Overexpression,,2.0,
544,PPP1R15A RS557806,,5.0,ARG251PRO;R251P
545,ALK F1245C,,10.5,PHE1245CYS;RS863225283
546,ALK Exon 4-11 Deletion,,3.0,
549,CDK4 Amplification,,30.0,
550,CDKN2A Loss,,67.5,
551,CDKN2B Loss,,5.0,
552,CDK4 R24C,,1.0,RS11547328;ARG24CYS
553,ASXL1 EXON 12 MUTATION,,20.0,
554,GNA11 Q209,,15.0,
555,CALR EXON 9 FRAMESHIFT,"Exon 9 insertions and deletions have become part of the WHO diagnostic criteria for essential thrombocythemia (ET) and primary myelofibrosis (PMF) (Arber et al, 2016). These mutations are typically heterozygous and in the absence of JAK2 and MPL mutations. Approximately 80% of observed mutations are type 1 (p.L367fs*46), the result of a 52 bp deletion, or type 2 (p.K385fs*47), the result of a 5-bp TTGTC insertion, and studies have suggested phenotypic and prognostic differences between them. In PMF patients, CALR exon 9 mutations have been associated with improved median survival.",80.0,
556,CSF3R Mutation,,30.0,
558,EGFR S768I,,20.5,RS121913465;SER768ILE
559,BRAF V600K,,142.5,RS121913227;VAL600LYS
560,SMAD4 LOSS,,15.0,
561,SF3B1 K700E,,5.0,LYS700GLU;RS559063155
562,MAP2K7 E116K,,25.0,GLU116LYS
563,v::PDGFRA Fusion,,100.0,PDGFRA Rearrangement;PDGFRA Fusion
564,v::PDGFRB Fusion,,140.0,PDGFRB Fusion
565,v::FGFR1 Fusion,,103.0,FGFR1 Fusion
566,IDH2 Mutation,,101.5,
567,PCM1::JAK2 Fusion,,57.5,T(8;9)(P22;P24.1);PCM1-JAK2
569,RICTOR Amplification,,12.5,
570,FIP1L1::PDGFRA Fusion,"Prospective trials of patients with hypereosinophilic syndrome harboring the FIP1L1-PDGFRA fusion identified marked response to imatinib treatment (Gotlib and Cool, Leukemia 2008). Imatinib is FDA approved for the treatment of &quot;adult patients with hypereosinophilic syndrome (HES) and/or chronic eosinophilic leukemia (CEL) who have the FIP1L1-PDGFRα fusion kinase&quot; (NDA021588).",63.5,FIP1L1-PDGFRA
572,TFG::ROS1 Fusion,,15.0,TFG-ROS1
574,BIRC5 Overexpression,,20.0,
575,BRAF D594A,,0.75,ASP594ALA;RS121913338
576,BRAF D594V,,0.75,RS121913338;ASP594VAL
577,BRAF K483M,The K483M variant is a kinase dead loss-of-function variant in the catalytic site of BRAF. This engineered variant is often used as a control when evaluating other BRAF variants.,0.75,LYS483MET
578,BRAF L597S,,9.5,LEU597SER
579,BRAF L597Q,,14.5,RS121913366;LEU597GLN
580,BRAF K601E,,3.0,RS121913364;LYS601GLU
581,BRAF L597V,,7.5,LEU597VAL;RS121913369
582,KIT Amplification,,15.0,
583,NF1 Mutation,,102.0,
586,BIRC3 TRUNCATING MUTATION,,10.0,
587,RAF1 Amplification,,10.0,
588,KRAS Amplification,,27.0,
590,CEBPA BIALLELIC INACTIVATION,,25.0,
591,SRSF2 MUTATION,,25.0,
592,NRAS G12/G13,,20.0,
593,RET Overexpression,,24.5,
595,CTLA4::CD28 Fusion,"A survey of 115 T-cell lymphoma samples of diverse subtypes identified this fusion in 26 of 45 cases of angioimmunoblastic T-cell lymphomas (58%), nine of 39 peripheral T-cell lymphomas, not otherwise specified (23%), and nine of 31 extranodal NK/T cell lymphomas (29%).",5.0,CTLA4-CD28
596,AR Mutation,,20.0,
597,NOTCH1 Loss-of-function,,2.0,
598,CDK6 Overexpression,,24.0,
599,FLT3 Overexpression,,7.5,
600,GNAQ Q209P,,8.0,RS121913492;GLN209PRO
601,PTEN V317FS,,3.0,VAL317FS
602,RB1 Loss-of-function,,6.0,
603,ESR1 Overexpression,,20.0,
605,MTOR M2327I,,7.0,MET2327ILE
606,MTOR A2034V,,8.0,ALA2034VAL
607,BRAF D594G,This BRAF mutation has a markedly reduced kinase activity and leads to paradoxical MEK-pathway activation via CRAF binding.,43.5,RS121913338;ASP594GLY
608,FLT3 D835H,,9.5,RS121913488;ASP835HIS
609,FLT3 D835H/Y,,1.0,ASP835TYR;ASP835HIS
610,JAK1 Q503*,,10.0,GLN503TER;Q503X
611,JAK2 c.1641+1dup,,10.0,
612,B2M S14FS,,7.5,
613,PPFIBP2::BRAF Fusion,,5.0,PPFIBP2-BRAF
614,KIAA1549::BRAF Fusion,,109.5,KIAA1549-BRAF
617,MET Overexpression,,64.0,
619,POT1 MUTATION,,15.0,
620,MKI67 EXPRESSION,,35.0,
621,RAD23B EXPRESSION,,2.0,
622,CCDC6::RET Fusion,,12.5,CCDC6-RET
623,MAP2K1 C121S,,10.0,CYS121SER
624,FGFR3 S249C,This is a pilot variant of the FGFR ClinGen Somatic Cancer Variant Curation Expert Panel (SC-VCEP) used to establish FGFR specific modifications to the ClinGen/CGC/VICC procedure for classification of somatic variant oncogenicity.,25.0,SER249CYS;RS121913483
625,FGFR2 Amplification,,25.0,
626,FGF3 Amplification,,10.0,
627,VHL R200W (c.598C>T),,10.0,RS28940298;ARG200TRP;C.598C>T
628,RB1 PHOSPHORYLATION,,15.0,
629,PIK3R1 Mutation,,2.0,
630,STK11 D194E,,5.0,RS786202134;ASP194GLU
631,AKT2 Amplification,,2.5,
632,PTEN R130*,,2.0,ARG130TER;R130X;RS121909224
633,FBXW7 Loss-of-function,,4.5,
634,RB1 M695FS*26,,2.0,
635,JUN Overexpression,,5.0,
636,FOS Overexpression,,5.0,
637,CDKN2A RS3814960,,15.0,
638,MDM2 RS34886328,,10.0,
639,CBLB RS2305035,,10.0,D424D
640,PRDM1 MUTATION,,20.0,
641,IDH1 Mutation,,90.5,
642,SMAD4 Deletion,,15.0,
643,LRP1B Deletion,,20.0,
644,ATRX Underexpression,,39.0,UNDEREXPRESSION
645,MET D1228N,,5.0,ASP1228ASN;D1246N;ASP1246ASN
646,CASP8 D302H,,15.0,D285H;ASP302HIS;RS1045485
647,AXL EXPRESSION,,20.0,
648,GAS6 EXPRESSION,,23.0,
649,ETV4 Overexpression,,15.0,
650,STAG3 Underexpression,,4.0,
651,MAP2K1 Q56_V60del,,10.0,
652,BRAF::CUL1 Fusion,,5.0,BRAF-CUL1
653,ZKSCAN1::BRAF Fusion,,7.5,ZKSCAN1-BRAF
654,BRAF L505H,,19.0,LEU505HIS
656,HIF1A EXPRESSION,,10.0,
657,BRCA2 D3095E,,7.5,ASP3095GLU;RS80359198
658,MLH1 EXPRESSION,,15.0,
659,BCOR Mutation,,15.0,
660,CDH1 MUTATION,,0.5,
661,RHOA MUTATION,,0.5,
662,ERBB2 Mutation,,97.5,
663,MEN1 FRAMESHIFT TRUNCATION,,5.0,
664,KMT2C Mutation,,15.0,
665,STAG2 MUTATION,,30.0,
666,MYCL EXPRESSION,,1.0,
667,HGF EXPRESSION,,2.0,
668,SOX10 Loss,,4.0,
669,FGF2 EXPRESSION,,4.0,
670,EIF1AX MUTATION,,10.0,
671,PAX8 Expression,,40.0,
672,ERRFI1 E384*,,5.0,E384X;GLU384TER
673,ESR1 S463P,,2.0,RS1057519714;SER463PRO
674,SGK1 Overexpression,,24.0,
675,BRAF G596C,,2.0,GLY596CYS;RS121913361
676,SMARCB1 Underexpression,,2.0,
677,SMARCB1 Deletion,,3.0,
678,NF2 Loss,,4.0,
679,NF1 Loss,,3.0,
680,SH2B3 RS3184504,,10.0,TRP262ARG;R262W;ARG262TRP
681,KIF23 EXPRESSION,,15.0,
682,ERBB3 V104M,,15.0,VAL104MET
683,ERBB3 R103G,,15.0,ARG103GLY
684,ERBB3 G284R,,15.0,GLY284ARG
686,GADD45A rs681673,,15.0,1506T>C
687,EWSR1::FLI1 Fusion,"In approximately 90% of Ewing sarcoma/primitive neuroectodermal tumor (ES/PNET) a translocation t(11;22)(q24; q12) is identified, fusing the 5’ exons (containing the transactivatin domain, at least exon 1-7) of EWSR1, with the 3’ exons (from exon 9, coding the DNA binding domain) of FLI1.",87.0,EWS-FLI;T(11;22)(Q24;Q12);EWSR1-FLI1
689,BRCA2 TRUNCATING MUTATION,,2.5,
690,BRCA1 Alu insertion,,7.5,
692,KLLN PROMOTER METHYLATION,,30.0,
693,EGFR D761Y,,7.5,ASP761TYR;RS121913418
694,CRBN Mutation,,7.5,
695,TSC1 R1062W,,8.0,ARG1062TRP
696,STK11 Mutation,,50.0,
697,PDGFRA Amplification,,3.0,
698,EWSR1::DDIT3 Fusion,,7.5,T(12;22)(Q13;Q12);EWS-CHOP;EWSR1-DDIT3
699,EGFR G719,"This is a ""bucket"" variant for evidence that refers generically to missense variants happening at this position such as: G719A, G719D, G719S.",25.0,GLY719;G719X
701,EGFR S720,,7.5,SER720
702,CYP2D6 Loss-of-function,,20.0,
703,FUS::DDIT3 Fusion,,29.0,FUS-DDIT3
704,EGFR K757R,,7.5,RS397517102;LYS757ARG
705,EGFR E746G,,2.5,GLU746GLY
706,MLH1 E13fs,,2.5,E13FS*3;RS63750081;GLU13ARGFS
707,EGFR Exon 20 Insertion,,185.0,
708,MSH2 R383*,,2.5,RS63749849;ARG383TER;R383X
709,MLH1 V534R,,2.5,VAL534ARG
710,UGT1A1 UGT1A1*28,,50.0,RS8175347
711,MLH1 G606FS*2,,2.5,GLY606FS
712,MLH1 c.790+1G>A,,2.5,RS267607789
713,UGT1A1 UGT1A1*60,,20.0,
714,MLH1 K618DEL,,2.5,LYS618DEL;RS63751247
716,MLH1 R687FS,,2.5,ARG687GLYFS;RS863225381
717,EGFR V769_D770insASV,,7.5,VAL769_ASP770INSALASERVAL;V769_770INSASV
718,DPYD DPYD*2A HOMOZYGOSITY,,50.0,RS3918290;C.1905+1G>A;DPYD*2A;DPYD:IVS14 + 1G>A
719,DPYD DPYD*13 HOMOZYGOSITY,,50.0,RS55886062;ILE560SER;I560S
720,FOS::v Fusion,,7.5,FOS Truncating Fusion
721,DPYD RS67376798 HOMOZYGOSITY,,50.0,P.ASP949VAL;N949V;C.2846A>T
722,MLH1 R100*,,2.5,ARG100TER;R100X;RS63751221
723,WWTR1::CAMTA1 Fusion,,40.0,T(1;3)(P36.3;Q25);WWTR1-CAMTA1
724,MLH1 T117M,,2.5,RS63750781;THR117MET
725,MLH1 Q426FS,,2.5,GLN426FS
726,MLH1 V49A,,2.5,VAL49ALA
727,MLH1 D667FS,,2.5,ASP667FS
728,MLH1 M1L,,2.5,MET1LEU
729,MLH1 *757L,,2.5,X757L
730,MLH1 R265G,,2.5,ARG265GLY
731,MLH1 V213FS,,2.5,VAL213FS
732,MLH1 N551T,,2.5,RS63750271;ASN551THR
733,MLH1 A424T,,2.5,RS377433038;ALA424THR
734,MLH1 Q149*,,2.5,RS63751302;Q149X;GLN149TER
735,MLH1 R226*,,2.5,RS63751615;R128*;ARG226TER;R226X
737,MLH1 P536FS,,2.5,PRO536FS
738,MLH1 G67R,,2.5,GLY67ARG;RS63750206
739,MLH1 I68S,,2.5,ILE68SER
740,MLH1 G65D,,2.5,GLY65ASP;RS63751465
741,MLH1 A681V,,2.5,A440V;RS63750864;ALA681VAL
742,MSH6 P138T,,2.5,PRO138THR
743,MSH2 V273FS,,2.5,
744,MSH2 E28FS,,2.5,
745,VHL E55FS (c.163_164delGA),,2.5,C.163_164DELGA;GLU55FS
746,MSH6 I891FS,,2.5,ILE891FS
747,VHL E55RfsTer11 (c.163delG),,7.5,C.163DELG;GLU55ARGFS
748,MSH6 R1242H,,2.5,ARG1242HIS;RS63750119
749,PMS2 R315*,,2.5,RS200640585;R315X;ARG315TER
750,MLH1 M490T,,2.5,MET490THR
751,MSH2 K172*,,2.5,LYS172TER;K172X
752,VHL A56FS (c.164_165insG),,7.5,C.164_165INSG;377_378INSG;164INSG
753,HOXB13 G84E,,40.0,GLY84GLU;RS138213197
754,MSH2 E483G,,2.5,GLU483GLY
755,TNKS2::PDGFRA Fusion,,7.5,TNKS2-PDGFRA
756,MSH6 V352I,,2.5,RS730881787;VAL352ILE
757,MSH6 R1242C,,2.5,RS587779285;ARG1242CYS
758,SLCO1B1 RS4149056,,15.0,V174A;VAL174ALA
759,SLCO1B1 N130D,,15.0,RS2306283;ASN130ASP
760,TYMS RS34743033,,15.0,
761,ACTB::GLI1 Fusion,"Fusion of the hedgehog pathway component gene GLI1 to the β-actin gene (ACTB) has been described as a mechanism of GLI1,and by extension hedgehog pathway, activation. These fusions have been described in histologically distinctive soft tissue tumours showing a pericytic phenotype. Gene fusions retain the DNA-binding zinc finger domains of GLI1 and it is likely that the replacement of the promoter region of GLI1with that of the ubiquitously expressed ACTB gene leads to deregulation of GLI expression and its downstream target genes.",15.0,ACTB-GLI1;T(7;12)(P21-22;Q13-15)
762,ERBB3 V855A,,2.0,VAL855ALA
763,FGFR2::BICC1 Fusion,,38.0,FGFR2-BICC1
764,FGFR2::AHCYL1 Fusion,,23.0,FGFR2-AHCYL1
765,CDKN2B METHYLATION,,20.0,
766,CHEK2 1100DELC,,15.0,RS555607708;THR367METFS
768,CHEK2 I157T,,15.0,RS17879961;ILE157THR;I200T
769,CHEK2 IVS2+1G>A,,10.0,
770,PTPRD V253I,,10.0,VAL253ILE
771,VHL A56fs (c.164_165insA),,5.0,C.164_165INSA;165INSA
772,VHL E55= (c.165G>A),,5.0,C.165G>A;E55E (C.165G>A);GLU55GLU;RS1553619391;GLU55=
773,RRM1 Overexpression,,2.0,
774,RRM2 OVEREXPRESSION,,2.0,
775,POLE Mutation,,15.0,
776,MET D1228V,,20.0,ASP1246VAL;ASP1228VAL;D1246V
777,RB1 Mutation,,10.0,
778,SQSTM1::NTRK1 Fusion,,45.0,SQSTM1-NTRK1
779,ETV6::NTRK3 Fusion,,352.0,ETV6-NTRK3
780,RUNX1 K83E,,10.0,RS121912498;K110E;LYS83GLU
781,RUNX1 Y260*,,7.5,Y260X;RS121912499;TYR260TER
782,RUNX1 R135FSX177,,10.0,
784,RUNX1 D198Y,"D198Y was observed in a pedigree with a history of Familial platelet disorder with predisposition to acute myeloid leukemia. It occurs within the Runt domain of RUNX1, known to be associated with the disease.",7.5,ASP198TYR
785,RUNX1 A107P,,12.5,A134P;ALA134PRO;RS74315451
786,MSH2 Loss,,7.5,
787,MSH6 LOSS,,7.5,
788,RUNX1 T148HFSX9,,5.0,C.442_449DEL;RS587776811;THR148HISFSX9
792,DDX41 R164W,,7.5,
794,ERBB2 G776L,,7.5,GLY776LEU
796,ERBB2 M774DELINSWLV,,7.5,
797,PTPRB Loss-of-function,,18.0,
798,VHL A149S (c.445G>T),,17.5,RS587780077;C.445G>T;ALA149SER
799,HLA-C COPY-NEUTRAL LOSS OF HETEROZYGOSITY,,7.5,
800,JAK1 S703I,,4.0,SER703ILE
801,EPCAM 3' Exon Deletion,,20.0,
805,FGFR3 Mutation,,70.0,
807,VHL M54IFS (c.162_166delGGAGG),,2.5,C.162_166DELGGAGG;MET54ILEFS
808,FGFR3::TACC3 Fusion,,22.5,FGFR3-TACC3
812,PTEN R173C,,13.0,RS121913293;ARG173CYS
813,ALK Alternative Transcript (ATI),A novel ALK transcript (alternative isoform) that initiates from a de novo alternative transcription initiation (ATI) site in ALK intron 19 produces three protein products with slight variation in size and all containing the tyrosine kinase domain. ALK(ATI) products have been shown to stimulate oncogenic pathways and promote tumourigenesis in vivo. ALK(ATI) expression was found in 11% of melanomas examined and rarely in other cancer types.,20.0,ALK INTRON 19 ATI ISOFORM;ALK(ATI);ALK ALTERNATIVE ISOFORM
817,VHL Exon 1-3 Deletion,,17.5,
818,VHL Exon 1 Deletion,,20.0,
819,VHL Exon 1-2 Deletion,,7.5,
820,VHL M1FS (c.1_17del17),,2.5,MET1FS;C.1_17DEL17
821,VHL M1? (c.1-1_20del21),,2.5,C.1-1_20DEL21;START LOSS;NO INITIATION;MET1 LOSS
822,VHL M1? (c.3G>A),,2.5,C.3G>A;NO INITIATION;START LOSS;MET1 LOSS;RS578091032
823,VHL N7D (c.19A>G),,2.5,C.19A>G;ASN7ASP;RS1311403806
824,VHL P25L (c.74C>T),,7.5,PRO25LEU;RS35460768;C.74C>T
825,VHL P59fs (c.173_174insC),,7.5,PRO59FS;C.173_174INSC
826,VHL Y98FS (c.291_310del20),,2.5,TYR98FS;C.291_310DEL20
834,NTRK1 Overexpression,,20.0,
836,PDGFRA P577S,,3.0,RS1057519811;PRO577SER
837,PDGFRA R841K,,3.0,ARG841LYS;RS1057519813
838,PDGFRA H845Y,,3.0,HIS845TYR;RS1057519814
839,PDGFRA G853D,,3.0,RS763576329;GLY853ASP
841,MTAP Underexpression,,1.0,
842,VPS37A Underexpression,,3.0,
844,BTK T316A,,10.0,THR316ALA
845,ERBB2 T862A,,3.0,THR862ALA
846,ERBB2 V773A,,1.0,VAL773ALA
847,ERBB2 N857S,,1.0,N827S;N842S;RS28933370;ASN857SER
848,ERBB2 H878Y,,1.0,HIS878TYR
849,ERBB2 Overexpression,,77.5,
850,GNAS R201,,15.0,
851,GNAS c.393T>C,,165.0,I131=;RS7121;L131=
852,NRAS G12D,,7.5,GLY12ASP;RS121913237
853,TP53 G245S,,13.0,RS28934575
855,PIK3CA E545Q,,7.5,RS104886003;GLU545GLN
857,PIK3CA E545G,,2.0,GLU545GLY;RS121913274
859,PIK3CA Q546K,,5.0,GLN546LYS;RS121913286
867,NRAS Q61H,,5.0,GLN61HIS;RS121913255
870,NRAS G13R,,5.0,GLY13ARG;RS121434595
871,NRAS G12C,,7.5,GLY12CYS;RS121913250
875,ATM T2666A,,3.0,
877,ATM R3008C,,3.0,
879,KRAS A146P,,7.5,ALA146PRO;RS121913527
880,KRAS A146T,,21.0,ALA146THR;RS121913527
881,KRAS Q61H,,10.5,GLN61HIS;RS17851045
882,KRAS Q61L,,7.5,RS121913240;GLN61LEU
883,KRAS Q61R,,7.5,GLN61ARG;RS121913240
884,KRAS Q61K,,7.5,RS121913238;GLN61LYS
887,KRAS G12S,,38.0,RS121913530;GLY12SER
889,TP53 E286K,,2.0,
890,TP53 R282W,,3.0,RS28934574
892,TP53 R273L,,0.0,ARG273LEU;RS28934576
896,TP53 Y220C,,18.5,TYR220CYS;RS121912666
898,TP53 C135W,,3.0,C3W;C96W;CYS135TRP
903,PIK3CA R88Q,,7.5,ARG88GLN;RS121913287
904,PIK3CA N345K,,2.5,ASN345LYS;RS121913284
905,PIK3CA C420R,,15.5,CYS420ARG;RS121913272
914,PIK3CA G1049R,,7.5,GLY1049ARG;RS121913277
915,PDGFRA V561D,,8.5,RS121908586
917,PDGFRA D842_H845DELDIMH,,2.0,RS121913259
920,KIT Y503_F504insAY,,2.0,
922,KIT K550_W557del,,2.0,
923,KIT K550_K558del,,5.0,KPMYEVQWK550-558DEL;RS121913234
935,KIT W557_K558del,,14.5,
938,KIT K558_V559del,,5.0,
942,KIT V559D,,11.5,RS121913517;VAL559ASP
945,KIT V560D,,14.5,VAL560ASP;RS121913521
946,KIT V560G,,5.0,VAL560GLY;RS121913521
951,KIT D579del,,5.0,ASP579DEL;RS1060502543
952,KIT K642E,,10.0,RS121913512;LYS642GLU
957,KIT D816H,,7.5,ASP816HIS;RS121913506
960,KIT D820Y,,14.5,ASP820TYR;RS1057519710
961,KIT N822H,,2.0,
963,KIT Y823D,,7.5,RS1057519761;TYR823ASP
964,KIT A829P,,8.0,ALA829PRO;RS1057519713
966,BRAF G469A,,5.0,RS121913355;GLY469ALA
967,BRAF G469E,The BRAF G469E mutation has a markedly reduced kinase activity and thus activates the MEK pathway through CRAF binding.,6.0,RS121913355
968,EGFR R108K,,3.0,ARG108LYS
969,EGFR T263P,,3.0,THR263PRO
970,EGFR A289V,,3.0,RS149840192;ALA289VAL
971,EGFR G598V,,3.0,RS139236063
973,EGFR G719A,,5.0,RS121913428;GLY719ALA
975,EGFR V742A,,0.0,RS121913466
976,EGFR E746_A750del,,19.5,RS121913421;E746_A750DELELREA
977,EGFR E746_T751>I,,5.0,
986,EGFR L747_P753delinsS,,7.5,RS121913438
991,EGFR R831H,,3.0,RS150036236;ARG831HIS
992,EGFR L838V,,2.0,LEU838VAL
994,EGFR L861Q,,10.5,RS121913444
1010,TP53 G245D,,3.0,RS121912656
1017,TP53 E285K,,0.0,GLU285LYS
1018,TP53 D281E,,3.0,D149E;D242E;ASP281GLU
1023,TP53 P278S,,3.0,RS17849781
1024,TP53 A276V,,3.0,ALA276VAL
1027,TP53 F270S,,3.0,F138S;F231S;PHE270SER
1029,TP53 G266R,,3.0,
1034,TP53 G244S,,3.0,G112S;G205S;GLY244SER
1036,TP53 C242F,,0.0,RS121912655
1037,TP53 C242S,,0.0,RS121912655
1038,TP53 C242Y,,3.0,RS121912655
1040,TP53 M237I,,7.0,MET237ILE
1042,TP53 Y234C,,0.0,Y195C;RS587780073;TYR234CYS;Y102C
1056,TP53 H179R,,3.0,H47R;H140R;HIS179ARG
1057,TP53 H179Y,,3.0,HIS179TYR;H140Y;H47Y
1066,TP53 V157F,,4.0,RS121912654;VAL157PHE
1067,TP53 P151H,,3.0,P112H;PRO151HIS;P19H
1080,BRAF G464V,,5.0,RS121913348;GLY464VAL
1082,TP53 R282L,,0.0,RS730882008;ARG282LEU;R150L;R243L
1083,TP53 R213P,,0.0,ARG213PRO;R174P;R81P;RS587778720
1088,TP53 A161T,,3.0,
1125,PIK3CA H1047L,,12.5,RS121913279;HIS1047LEU
1129,ATM K293*,,3.0,LYS293TER;RS1057516442;K293X
1132,ATM F1025L,,3.0,PHE1025LEU
1134,ATM D1930V,,2.0,MET72LEU;M72L;ASP1930VAL
1136,ATM E2187*,,3.0,E2187X;GLU2187TER
1137,ATM L2427P,,3.0,LEU2427PRO
1138,ATM F2732V,,3.0,RS876659619;PHE2732VAL
1140,ATM K468FS,,2.0,LYS468GLUFS
1142,ATM D1682H,,3.0,RS121434217;ASP1682HIS
1143,ATM A2062V,,3.0,ALA2062VAL
1146,ATM C2488Y,,3.0,RS774281788;CYS2488TYR
1152,PIK3CA R93W,,5.0,ARG93TRP
1155,EGFR R776C,,0.0,R723C;R731C
1160,BRAF N581S,,5.0,N189S;N9S;RS121913370
1161,EGFR A864T,,0.0,A819T;ALA864THR;RS1171287261;A811T
1162,EGFR N826S,,0.0,N773S;N781S
1172,BRAF A728V,,2.0,A336V
1181,KRAS R164Q (exon 5b),,3.0,ARG164GLN
1201,AKT3 E17K,,3.0,GLU17LYS;RS397514606
1208,PIK3CA K111N,,13.0,LYS111ASN;RS1057519934
1209,PIK3CA I391M,,5.0,ILE391MET;RS2230461
1220,BRCA1 Q1467*,,0.0,GLN1467TER;Q1467X;RS397509171
1221,BRCA2 M1R,,0.0,MET1ARG;RS80358547
1222,BRCA2 M1I,,0.0,MET1ILE;RS80358650
1223,BRCA2 V159M,,0.0,RS80358702;VAL159MET
1224,BRCA2 V211L,,0.0,
1225,BRCA2 V211I,,0.0,
1226,BRCA2 R2336P,,0.0,ARG2336PRO;RS28897743
1229,MGMT Underexpression,,65.0,
1231,RRM1 Underexpression,,100.0,
1234,RET C609Y,"There is some functional evidence that this variant leads to reduced RET activity (PMID: 9230192) and increased cell proliferation and resistance to apoptosis (PMID: 16715139). It has been widely reported in both familial and sporadic cases of multiple endocrine neoplasia type 2 with medullary thyroid cancers. Despite extensive WGS and Exome coverage for a combined total of ~150k alleles in the GNOMAD browser, this variant has never been observed.",20.0,CYS609TYR
1237,KIT N822K,,29.5,RS121913514;ASN822LYS
1238,KIT C809G,,7.5,CYS809GLY
1239,KIT D820A,,7.5,ASP820ALA
1240,KIT D820G,,7.5,ASP820GLY;RS121913682
1241,KIT T670I,,21.5,RS121913516;THR670ILE
1243,BRAF Amplification,,17.5,
1245,ROS1 G2032R,,2.5,GLY2026ARG;G2028R;RS1057519788;GLY2032ARG;G2026R;GLY2028ARG
1246,MAP2K1 K57N,,17.0,RS869025608;LYS57ASN
1247,CTAG1B Overexpression,,15.0,
1248,CTAG2 Overexpression,,15.0,
1251,v::NTRK3 Fusion,,105.0,Fusion (multiple partners)
1252,LMNA::NTRK1 Fusion,,115.0,LMNA-NTRK1
1254,NTRK1 Amplification,,17.5,
1255,NTRK3 Amplification,,5.0,
1258,DCC EXPRESSION,,15.0,
1259,CTNNB1 T41A,,55.0,THR41ALA;RS121913412
1260,CTNNB1 S45F,,80.0,RS121913409;SER45PHE
1261,CTNNB1 S45P,,35.0,SER45PRO;RS121913407
1267,ARID1A Loss,,7.0,
1268,VHL W8* (c.24G>A),,2.5,TRP8STOP;C.24G>A;TRP8X
1269,ALK F1245V,,7.5,PHE1245VAL;RS281864720
1270,CTNNB1 Activating Mutation,,4.0,
1272,BRAF T599dup,,7.5,THR599DUP
1273,MERTK OVEREXPRESSION,,3.0,
1274,TP53 CONSERVED DOMAIN MUT,"This conserved domain mutation variant covers mutations in regions of p53 reported to be highly conserved during evolution. These regions span codons 117-143 (region II), 171-181 (region III), 234-258 (region (IV), and 270-286 (region V). Region I covers approximately codons 10 through 25 but does not appear in all studies on conserved domain mutations. There is overlap with these regions and reported regions of hotspot p53 mutations, where it is observed that hotspots for detrimental mutation correspond to more highly evolutionary conserved regions. While there is agreement and overlap between different reports, the literature does not seem to indicate an exact consensus on these regions of human p53 at this time, but the four highly conserved regions are part of the DNA binding domain, and are reported to exist within codons 97 to 292.",15.0,
1275,AKT3 Overexpression,,7.0,
1276,FLT3 D835V,,19.0,RS121909646;ASP835VAL
1277,MYC Overexpression,,9.0,
1278,ERBB2 L755P,,2.0,LEU755PRO
1279,ERBB2 T798M,,2.0,THR798MET
1280,TP53 Overexpression,,65.0,
1281,TP53 ALTERATION,P53 ALTERATION is a bucket type variant used in studies which is constructed by combining all cases of p53 mutation together with p53 overexpression. This includes cases which have p53 mutation or overexpression alone or as well as cases where both occur in combination.,60.0,
1293,GNAS R201H,,5.0,
1301,HRAS G13R,,0.0,RS104894228
1308,FGFR3 K650E,This is a pilot variant of the FGFR ClinGen Somatic Cancer Variant Curation Expert Panel (SC-VCEP) used to establish FGFR specific modifications to the ClinGen/CGC/VICC procedure for classification of somatic variant oncogenicity.,10.0,LYS650GLU;TDII;LYS652GLU;K652E;RS78311289
1328,EGFR G719D,,7.5,GLY719ASP;RS121913428
1353,EGFR D770_N771insSVD,,0.0,ASP770_ASN771INSSERVALASP;S768_D770DUP
1354,EGFR H773_V774insH,,0.0,
1365,EGFR L838P,,7.5,LEU838PRO
1371,EGFR T847I,,5.0,
1374,EGFR V851I,,5.0,
1385,EGFR L861R,,7.5,LEU861ARG;RS121913444
1390,EGFR E868G,,3.0,GLU868GLY
1405,KIT P551_E554delPMYE,,6.0,
1407,PIK3CA S158L,,7.5,SER158LEU
1408,PIK3CA E81K,,5.0,RS1057519929;GLU81LYS
1414,ABL1 L298V,,2.5,LEU298VAL;L317V
1418,ARID1A Q456*,,0.0,Q73X
1419,EGFR S768_D770dup,,7.5,
1420,EGFR D770_N771insG,,7.5,ASP770_ASN771INSGLY
1421,EGFR H773_V774insNPH,,7.5,
1422,EGFR D770_N771insGL,,10.0,RS397517111
1423,EGFR A763_Y764insFQEA,,5.0,RS397517106
1425,KRAS G13V,,5.0,GLY13VAL;RS397517040
1457,KIT K558delinsNP,,3.0,
1458,KIT V560_L576del,,6.0,
1463,BRCA1 W1815X,,2.0,W48X;W632X;W125X;W664X;W1519X;W1550X;W711X;W673X;W1576X;W1768X;W1836X;W306X
1466,KIT A502_Y503insAY,,7.0,Ala502_Tyr503insAlaTyr
1467,KIT D816E,,8.0,ASP816GLU;D812E
1474,EGFR D770_N771insGT,,0.0,ASP770_ASN771INSGLYTHR
1477,EGFR D770_N771insNPG,,3.0,
1478,SMO L412F,,0.0,
1479,EGFR W731L,,3.0,RS397517089;W678L;W686L
1480,EGFR E734Q,,3.0,GLU734GLN;E689Q;E681Q
1481,EGFR T785A,,3.0,T732A;T740A
1482,EGFR C797Y,,3.0,C752Y;C744Y;CYS797TYR
1483,EGFR Y801H,,3.0,Y756H;Y748H
1487,EGFR A767_V769dupASV,,7.5,
1488,EGFR L747_S752delinsQ,,7.5,DEL L747-S752INSQ;LEU747_SER752DELINSGLN
1517,ABL1 V379I,,19.5,VAL379ILE;VAL398ILE;V398I
1535,BRAF G596R,,6.0,GLY596ARG;G24R;G204R;RS121913361
1547,ABL1 C475V,,5.0,CYS475VAL
1555,POLD1 C284Y,,0.0,CYS284TYR
1556,POLD1 E374K,,0.0,GLU374LYS
1561,PIK3CA D350G,,2.0,ASP350GLY
1562,NRAS Q179*,,0.0,Q179X;GLN179TER
1564,ABL1 R351W,,9.0,R332W;ARG351TRP;RS779478267
1565,ABL1 G340L,,3.0,GLY340LEU;Gly321Leu;G321L
1567,KIT S628N,,9.5,S624N
1572,EGFR M766_A767insAI,,0.0,
1573,EGFR Y764_V765insHH,,0.0,
1575,EGFR P772_H773insYNP,,7.5,
1576,EGFR P772_V774insPHV,,7.5,
1588,RAF1 R391W,,3.0,R310W;R270W;R411W;R176W
1589,JAK2 Splice Site (c.1641+2T>G),,7.5,F547 SPLICE SITE MUTATION;(C.1641+2T>G) F547 SPLICE SITE
1590,ARID1A P1175FS*5,,2.0,
1594,ACVR1 G328V,,35.0,RS387906589;GLY328VAL
1595,v::RET Fusion,,192.5,RET Fusion
1598,RET Mutation,,95.0,
1601,CHEK1 Overexpression,,4.0,
1603,TP53 R158H,,9.0,ARG158HIS
1604,TP53 R249S,,10.0,
1605,TP53 R280K,,4.0,R148K;ARG280LYS;R241K
1606,TP53 R280T,,4.0,ARG241THR;R241T;R148T
1607,TP53 R158L,,4.0,ARG158LEU
1608,RET C634R,,3.0,
1609,VHL E46* (c.136G>T),,10.0,E46X;C.136G>T;GLU46TER
1610,VHL E52K (c.154G>A),,15.0,GLU52LYS;RS373068386;C.154G>A
1612,VHL E55* (c.163G>T),,7.5,GLU55TER
1614,VHL L158P (c.473T>C),,30.0,C.473T>C;LEU158PRO;RS121913346
1615,VHL R167Q (c.500G>A),R167Q is the most common point mutation in hereditary Von Hippel-Lindau (VHL) disease and disrupts the VHL genes binding to elongin C reducing the levels of the VHL-elongin B-elongin C (VBC) E3 ligase complex and inhibiting the ability of VHL to regulate HIF2α. This partial function in turn leads to an increased risk of tumorgenesis. VHL derived clear cell renal cell carcinoma models however have shown the proteasome inhibitors bortezomib and carfilzomib can act to stabilize mutant VHL-R167Q leading to downregulation of HIF2α and suprressed tumorgenesis.,110.0,C.500G>A;RS5030821;ARG167GLN
1617,VHL Y98H (c.292T>C),,67.5,RS5030809;TYR98HIS;C.292T>C
1618,VHL H115Q (c.345C>A),,5.0,C.345C>A;RS864622646;HIS115GLN
1619,VHL F119L (c.357C>G),,22.5,C.357C>G;RS1559428077;PHE119LEU
1620,VHL A149T (c.445G>A),,5.0,C.445G>A;RS587780077;ALA149THR
1621,VHL T157I (c.470C>T),,32.5,RS869025660;C.470C>T;THR157ILE
1622,VHL R161Q (c.482G>A),,72.5,ARG161GLN;C.482G>A;RS730882035
1623,VHL R167W (c.499C>T),,127.5,ARG167TRP;C.499C>T;R126W;RS5030820
1624,VHL L178P (c.533T>C),,50.0,LEU178PRO;C.533T>C;RS5030822
1628,VHL Q73* (c.217C>T),,27.5,RS869025619;Q73X;C.217C>T;GLN73TER
1630,VHL N78H (c.232A>C),,32.5,C.232A>C;ASN78HIS
1631,VHL N78S (c.233A>G),,72.5,ASN78SER;C.233A>G;RS5030804
1632,VHL N78T (c.233A>C),,5.0,C.233A>C;RS5030804;ASN78THR
1633,VHL S80I (c.239G>T),,15.0,C.239G>T;RS5030805;SER80ILE
1634,VHL P86fs (c.254_255insC),,10.0,P86AFS*46
1635,VHL P86A (c.256C>G),,5.0,RS398123481;C.256C>G;PRO86ALA
1636,VHL P86L (c.257C>T),,27.5,PRO86LEU;C.257C>T;RS730882034
1637,VHL W88R (c.262T>A),,10.0,RS1553619431;C.262T>A;TRP88ARG
1638,VHL S111FS (c.331delA),,10.0,SER111FS;C.331DELA
1639,VHL S111N (c.332G>A),,12.5,SER111ASN;C.332G>A;RS869025631
1640,VHL S111R (c.333C>G),,15.0,SER111ARG;RS765978945;C.333C>G
1641,EGFR Gain-of-function,,20.0,ACTIVATING MUTATION
1642,VHL Y112* (c.336C>A),,10.0,Y112X;TYR112TER;C.336C>A
1643,VHL W117C (c.351G>T),,22.5,C.351G>T;TRP117CYS;RS727504215
1644,VHL L129Q (c.386insAGA),,10.0,
1645,VHL L135* (c.404T>A),,17.5,L135X;LEU135TER;C.404T>A
1646,VHL N150fs (c.449del),There are no similar variants in ClinVar with this exact genomic location.,7.5,N150FS (C.448DELA);N150IFS*9
1647,VHL P154fs (c.462delA),,7.5,C.462DELA;PRO154FS
1648,VHL C162R (c.484T>C),,22.5,RS1553620313;C.484T>C;CYS162ARG
1649,VHL C162F (c.485G>T),,22.5,RS397516444;CYS162PHE;C.485G>T
1650,VHL C162W (c.486C>G),,32.5,C.486C>G;RS869025662;CYS162TRP
1651,VHL V166D (c.497T>A),,10.0,VAL166ASP;C.497T>A
1652,VHL L184P (c.551T>C),,32.5,C.551T>C;RS1064793878;LEU184PRO
1653,VHL E186* (c.556G>T),,15.0,E186X;C.556G>T;GLU186TER;RS367545984
1654,VHL E186K (c.556G>A),,5.0,GLU186LYS;C.556G>A;RS367545984
1655,VHL R167fs (c.502insTTGTCCGT),,0.0,
1656,VHL R176fs (c.526del),,17.5,C.526DELA;R176GFS*26 (C.526DEL);RS1559429711;ARG176FS
1658,VHL P154L (c.461C>T),,25.0,C.461C>T;PRO154LEU
1659,VHL L158fs (c.471dupT),,5.0,C.685INST
1660,VHL S183* (c.548C>A),,15.0,SER183TER;RS5030823;S183X;C.548C>A
1661,VHL A56fs (c.166_167insA),,5.0,L15409.1:380INSA;380INSA
1663,VHL S65W (c.194C>G),,105.0,C.194C>G;RS5030826;SER65TRP
1664,VHL S65L (c.194C>T),,72.5,C.194C>T;SER65LEU;RS5030826
1667,VHL R79P (c.236G>C),,7.5,ARG79PRO;C.236G>C
1668,VHL S80R (c.240T>G),,12.5,SER80ARG;C.240T>G
1669,VHL L89P (c.266T>C),,27.5,RS5030807;LEU89PRO;C.266T>C
1670,VHL E94* (c.280G>T),,40.0,C.280G>T;RS5030829;E94X;GLU94TER
1671,VHL P103FS (c.309_310delTG),,7.5,C.309_310DELTG;PRO103FS
1672,VHL R113* (c.337C>T),,52.5,R113X;C.337C>T;ARG113TER;RS5030810
1673,VHL G114C (c.340G>T),,12.5,C.340G>T;GLY114CYS
1674,VHL L118P (c.353T>C),,45.0,RS5030830;LEU118PRO;C.353T>C
1676,VHL N131fs (c.390_391del),,15.0,C.390_391DELTA;N131PFS*3;ASN131PRO;ASN131PROFSTER3
1677,VHL F136S (c.407T>C),,47.5,C.407T>C;PHE136SER;RS5030833
1678,VHL L153fs (c.457delC),There are two similar variants in ClinVar at this exact genomic location with ClinVar IDs: 526670 and 486714.,17.5,LEU153FS;C.457DELC
1679,VHL L158V (c.472C>G),,22.5,LEU158VAL;C.472C>G
1680,VHL R161* (c.481C>T),,85.0,RS5030818;ARG161TER;R161X;C.481C>T
1682,VHL V170F (c.508G>T),,7.5,C.508G>T;VAL170PHE
1683,VHL I180V (c.538A>G),,7.5,C.538A>G;ILE180VAL;RS377715747
1684,VHL L184R (c.551T>G),,7.5,LEU184ARG;C.551T>G
1685,VHL Y185* (c.555C>G),,15.0,TYR185TER;Y185X;RS864622109;C.555C>G
1686,VHL Q195* (c.583C>T),,60.0,Q195X;RS5030825;GLN195TER;C.583C>T
1687,VHL S65* (c.194C>A),,15.0,C.194C>A;RS5030826;SER65TER;S65X
1689,VHL D121G (c.362A>G),,17.5,ASP121GLY;RS5030832;C.362A>G
1690,VHL F136C (c.407T>G),,12.5,RS5030833;PHE136CYS;C.407T>G
1691,VHL V84L (c.250G>T),,10.0,VAL84LEU;RS5030827;C.250G>T
1692,VHL S72fs (c.214del),,10.0,C.214DELT;SER72FS;S72FS (C.214DELT)
1696,VHL L116V (c.346C>G),,10.0,LEU116VAL;C.346C>G
1700,VHL C162Y (c.485G>A),,27.5,C.485G>A;RS397516444;CYS162TYR
1701,VHL V166F (c.496G>T),,17.5,RS104893825;VAL166PHE;C.496G>T
1702,VHL V170D (c.509T>A),,40.0,C.509T>A;VAL170ASP
1703,VHL R177* (c.529A>T),,7.5,C.529A>T;R177X;ARG177TER;RS1559429717
1706,POLE P286R,,15.0,PRO286ARG
1707,POLE V411L,,15.0,VAL411LEU
1708,POLE S459F,,15.0,SER459PHE
1710,VHL E70* (c.208G>T),,27.5,E70X;GLU70TER;RS5030802;C.208G>T
1711,VHL F76S (c.227T>C),,7.5,C.277T>C;PHE76SER;RS730882033
1712,VHL L188V (c.562C>G),,15.0,RS5030824;LEU188VAL;C.562C>G
1713,VHL P81S (c.241C>T),,20.0,PRO81SER;RS104893829;C.241C>T
1714,VHL L101G (c.301_302delinsGG),Note that there is a different variant reported at this amino acid position of VHL in ClinVar: NM_000551.3(VHL):c.302T>C (p.Leu101Pro; L101P) (https://www.ncbi.nlm.nih.gov/clinvar/variation/480963/),5.0,C.301_302CT>GG
1715,VHL T105P (c.313A>C),,12.5,RS1553619461;C.313A>C;THR105PRO
1716,VHL R107P (c.320G>C),,7.5,RS193922609;ARG107PRO;C.320G>C
1717,VHL L118fs (c.352_353insA),,7.5,RS869025641;LEU118FS
1719,VHL T133fs (c.397del),,15.0,T133LFS*26;Q132FS (C.395DELA)
1720,VHL D143fs (c.430delG),,7.5,
1721,VHL Q164* (c.490C>T),,30.0,RS5030819;GLN164TER;Q164X;C.490C>T
1722,VHL Y175D (c.523T>G),,7.5,TYR175ASP;C.523T>G
1723,VHL V181fs (c.540_543del),,7.5,C.540_543DELCGTC;RS869025664;VAL181FS
1724,VHL Q96* (c.286C>T),,22.5,C.286C>T;Q96X;GLN96TER;RS1131690959
1725,VHL P86R (c.257C>G),,17.5,PRO86ARG;C.257C>G;RS730882034
1726,VHL G144* (c.430G>T),,7.5,GLY144TER;RS869025650;G144X;C.430G>T
1728,VHL L188P (c.563T>C),,15.0,LEU188PRO;C.563T>C
1729,VHL S111C (c.330_331delinsTT),Note that there is a different variant reported at this amino acid position of VHL in ClinVar. Clinvar ID: 565557,7.5,S111C (C.330_331CA>TT)
1731,VHL R161P (c.482G>C),,7.5,ARG161PRO;C.482G>C
1732,VHL Q164R (c.491A>G),,20.0,GLN164ARG;RS267607170;C.491A>G
1733,VHL G114R (c.340G>C),,12.5,GLY114ARG;C.340G>C;RS869025636
1734,VHL G93D (c.278G>A),,0.0,C.278G>A;RS1553619440;GLY93ASP
1735,VHL G93S (c.277G>A),,22.5,GLY93SER;C.277G>A;RS5030808
1737,VHL L188Q (c.563T>A),,10.0,C.563T>A;LEU188GLN
1739,EGFR Rare Exon 18-21 Mutation,"Rare exon 18-21 mutations in EGFR consist of all EGFR mutations excluding sensitizing L858R substitutions and exon 19 deletions, as well as resistance mutation T790M.",30.0,
1741,VHL Y112H (c.334T>C),,10.0,RS104893824;C.334T>C;TYR112HIS
1742,EGFR L861,,15.0,
1743,VHL R64P (c.191G>C),,7.5,C.191G>C;RS104893826;ARG64PRO
1745,VHL E189fs (c.565del),,15.0,GLU189LYSFS*13;E189FS (C.565DELG);E189KFS*13 (C.565DEL)
1747,VHL I151T (c.452T>C),,25.0,RS869025655;C.452T>C;ILE151THR
1748,VHL K159fs (c.473dup),,7.5,C.473DUPT;C.473INST
1749,VHL S68P (c.202T>C),,7.5,C.202T>C;SER68PRO
1750,VHL S80N (c.239G>A),,25.0,C.239G>A;RS5030805;SER80ASN
1759,VHL Q145* (c.433C>T),,10.0,C.433C>T;Q145X;GLN145TER
1761,VHL H115P (c.344A>C),,7.5,RS5030812;C.344A>C;HIS115PRO
1762,VHL L128R (c.383T>G),,17.5,LEU128ARG;C.383T>G
1763,VHL L169P (c.506T>C),,17.5,RS1131690962;LEU169PRO;C.506T>C
1764,VHL L178R (c.533T>G),,15.0,LEU178ARG;C.533T>G
1765,VHL M54fs (c.161dup),,17.5,M54IFS*78 (C.161DUP);M54FS (C.161INST);M54FS (C.161DUPT)
1767,EGFR L747P,,5.0,LEU747PRO
1768,EGFR V774A,,7.5,VAL774ALA
1769,VHL F91* (c.272_273delinsAA),,10.0,C.272TC>AA
1770,EGFR V774M,,5.0,VAL774MET
1771,EGFR K806E,,5.0,LYS806GLU;RS754652044
1772,EGFR N826Y,,5.0,ASN826TYR
1773,EGFR V834I,,7.5,
1775,EGFR N842S,,5.0,ASN842SER
1778,VHL P86S (c.256C>T),,42.5,RS398123481;PRO86SER;C.256C>T
1779,VHL S65P (c.193T>C),,10.0,C.193T>C;SER65PRO;RS869025616
1780,VHL S72P (c.214T>C),,10.0,RS869025618;SER72PRO;C.214T>C
1782,VHL L135fs (c.404del),,7.5,C.404DELT;L135Y*24;LEU135FS
1783,VHL R177fs (c.528del),,15.0,R176FS (C.528DELG);R177DFS*25 (C.528DELG);R176FS (C.528DEL);C.528DELG;ARG176FS
1784,VHL W88* (c.264G>A),,7.5,C.264G>A;TRP88TER;W88X
1785,VHL V155E (c.464T>A),,10.0,C.464T>A;VAL155GLU
1788,VHL F76fs (c.223_224insT),,7.5,C.223_224INST;C.224DUPT;ILE75FS
1789,VHL K196* (c.586A>T),,5.0,C.586A>T;K196X;RS281860296;LYS196TER
1790,VHL R120G (c.358A>G),,22.5,RS869025642;C.358A>G;ARG120GLY
1791,VHL R161G (c.481C>G),,7.5,ARG161GLY;RS5030818;C.481C>G
1792,VHL R167L (c.500G>T),,7.5,RS5030821;ARG167LEU;C.500G>T
1794,VHL D126FS (c.375_376insC),,5.0,C.375_376INSC;ASP126FS
1795,VHL E160fs (c.479_480delAG),,10.0,G160AFS*13;C.479_480DELAG;GLU160FS;C.477_478DEL
1796,VHL G93R (c.277G>C),,10.0,GLY93ARG;RS5030808;C.277G>C
1797,VHL H115Y (c.343C>T),,10.0,RS5030811;C.343C>T;HIS115TYR
1799,VHL L153P (c.458T>C),,7.5,C.458T>C;LEU153PRO
1800,VHL L188R (c.563T>G),,7.5,LEU188ARG;C.563T>G
1804,VHL P138T (c.412C>A),,10.0,PRO138THR;C.412C>A
1805,VHL P59fs (c.176delC),,10.0,C.176DELC;PRO59FS;P59RFS*8 (C.176DELC)
1808,VHL Y175* (c.525C>A),"Note that there is a different variant reported at this amino acid position of VHL in ClinVar, which produces the same protein change. NM_000551.3(VHL):c.525C>G (p.Tyr175Ter), https://www-ncbi-nlm-nih-gov/clinvar/variation/182974/",5.0,TYR175TER;C.525C>A;Y175X
1809,VHL Y98C (c.293A>G),,5.0,TYR98CYS;C.293A>G;RS864321643
1810,VHL V155G (c.464T>G),,2.5,C.464T>G;VAL155GLY
1811,VHL V170G (c.509T>G),,15.0,C.509T>G;VAL170GLY
1814,VHL Exon 2 Deletion,,7.5,
1815,VHL Exon 3 Deletion,,25.0,c.464-?_642+?del
1816,VHL EXON 2-3 DELETION,,7.5,
1822,VHL Y156C (c.467A>G),,27.5,RS397516441;TYR156CYS;C.467A>G
1824,VHL R69fs (c.204insG),,5.0,C.204DUPG
1825,VHL G144fs (c.432insG),,5.0,
1829,VHL N131K (c.393C>A),,10.0,ASN131LYS;RS1064794272;C.393C>A
1831,VHL P71fs (c.211insT),,7.5,
1832,VHL E70K (c.208G>A),"The VHL gene has a low rate of benign missense variation and is known to be definitively associated with VHL disease. The E70K missense mutation, located in the Beta-domain of VHL, is rare in open-source genome databases (0.00001489 allele frequency in ExAC, 4.365e-6 allele frequency in gnomAD) and was identified in several individuals with VHL disease symptoms (see evidence statements). Thus, this variant could be assigned ACMG code 'PP2' - Missense mutation in a gene with a low rate of benign missense variation where missense variants are a common mechanism of disease. Although this variant is registered once in ExAC and gnomAD, 'PM2' could be applied (Absent from controls in ESP, 1000 Genomes or ExAC) because VHL manifestations sometimes emerge later in adulthood. Thus, the allele may have been detected in a proband who was not yet affected by symptoms.",37.5,GLU70LYS;C.208G>A;RS5030802
1833,VHL H115Q (c.345C>G),,22.5,RS864622646;C.345C>G;HIS115GLN
1834,VHL H191FS (c.571delC),,7.5,HIS191FS;C.571DELC
1836,VHL L140fs (c.417_418delTC),,7.5,
1838,VHL P154= (c.462A>C),Note that there is a different variant reported at this amino acid position of VHL in ClinVar: NM_000551.3(VHL):c.462A>G (p.Pro154=).(https://www.ncbi.nlm.nih.gov/clinvar/variation/411977/),15.0,P154P (C.462A>C);C.462A>C;PRO154PRO
1839,VHL S80R (c.238A>C),,32.5,RS786202787;C.238A>C;SER80ARG
1840,VHL R60FS (c.179delG),,7.5,ARG60FS;C.179DELG
1842,VHL W88S (c.263G>C),,12.5,TRP88SER;C.263G>C;RS119103277
1843,VHL Y156D (c.466T>G),,17.5,TYR156ASP;C.466T>G
1844,VHL Y156* (c.468T>G),,7.5,C.468T>G;Y156X;TYR156TER
1845,VHL Y175* (c.525C>G),,30.0,Y175X;TYR175TER;RS5030835;C.525C>G
1846,VHL V130L (c.388G>C),,12.5,C.388G>C;RS104893830;VAL130LEU
1850,VHL Splice Site (c.464-1G>A),,5.0,C.464-1G>A;RS5030817
1853,VHL V194fs (c.581_582del),,7.5,C.581_582DELTG;VAL194FSX39;V194FS (C.581_582DELTG);V153FS;C.579_580DELTG
1856,VHL R82P (c.245G>C),,17.5,RS794726890;ARG82PRO;C.245G>C
1862,VHL *214L (c.641G>T),,10.0,*214LEXT*15;X214L;RS869025668
1863,VHL *214W (c.642A>G),,5.0,C.642A>G;TER214TRP;NM_000551:*214WEXT*14
1864,VHL *214C (c.642A>T),,5.0,X214C;TER214CYS;RS1559430011;C.642A>T
1866,VHL Splice Site (c.464-1G>T),"There are three similar variants in ClinVar with this exact genomic position with ClinVar IDs: 223221, 223220, and 43603 of which only 223221 is an exact match (NM_000551.3:c.464-1G>T).",12.5,RS5030817;C.464-1G>T;IVS2-1G>T
1868,VHL Splice Site (c.464-2A>T),,5.0,C.464-2A>T;RS5030816
1870,VHL Q132* (c.394C>T),,10.0,RS5030813;C.394C>T;GLN132TER;Q132X
1872,VHL L129fs (c.384delT),,7.5,LEU129FS;C.384DELT
1873,VHL L178Q (c.533T>A),,12.5,RS5030822;C.533T>A;LEU178GLN
1874,VHL Splice Site (c.463+1G>C),,5.0,RS869025657;C.463+1G>C
1875,VHL V74G (c.221T>G),,15.0,C.221T>G;RS5030803;VAL74GLY
1876,VHL H115R (c.344A>G),,10.0,C.344A>G;RS5030812;HIS115ARG
1877,VHL N131S (c.392A>G),,7.5,
1883,VHL R107G (c.319C>G),,7.5,C.319C>G;RS397516440;ARG107GLY
1884,VHL G93C (c.277G>T),,7.5,RS5030808;GLY93CYS;C.277G>T
1885,VHL G93V (c.278G>T),,7.5,GLY93VAL;C.278G>T
1886,VHL L198Q (c.593T>A),,12.5,LEU198GLN;C.593T>A
1887,VHL S65A (c.193T>G),,7.5,SER65ALA;RS869025616;C.193T>G
1888,VHL S68W (c.203C>G),One similar submission at this exact genomic location has been entered into ClinVar (ClinVar ID: 625222 C>T).,7.5,
1889,VHL Y156N (c.466T>A),,7.5,TYR156ASN;C.466T>A
1890,VHL P61fs (c.183insC),,7.5,
1896,VHL L85P (c.254T>C),,5.0,RS5030828;C.254T>C;LEU85PRO
1897,VHL R108dup (c.322_324dup),,5.0,R108INS (C.324INSCGC);R107DUP
1899,VHL N150fs (c.449_462del),,5.0,
1900,VHL 3'UTR alteration (c.639+10C>G),,5.0,C.639+10C>G
1902,VHL G114S (c.340G>A),,5.0,GLY114SER;C.340G>A
1903,VHL W117fs (c.349dup),,5.0,C.349DUPT;TRP117LEUFS
1904,VHL A122I (c.364_365GC>AT),,12.5,ALA122ILE;C.364_365GC>AT
1905,VHL N150fs (c.445_458del),,5.0,ASN150FS;C.445_458DEL
1906,VHL I151M (c.453C>G),,5.0,ILE151MET;C.453C>G
1909,VHL L163H (c.488T>A),,5.0,LEU163HIS;C.488T>A
1911,VHL C162fs (c.483del),,5.0,C162AFS*8;CYS162FS;C.483DELA
1912,VHL Null (Partial deletion of Exons 2 & 3),,7.5,
1913,VHL N78I (c.233A>T),,5.0,ASN78ILE;C.233A>T;RS5030804
1915,VHL W88FS (c.263_265delGGCinsTT),,5.0,C.263_265DELGGCINSTT;TRP88FS
1916,VHL K159fs (c.477_478insCA),,5.0,LYS159FS;C.477_478INSCA
1917,VHL Q73FS (c.217delC),,5.0,C.217DELC;GLN73FS
1918,VHL A149fs (c.445del),,5.0,ALA149FS;C.445DELG
1919,VHL G104A (c.311G>C),,15.0,GLY104ALA;RS869025630;C.311G>C
1920,VHL R107H (c.320G>A),,10.0,C.320G>A;ARG107HIS;RS193922609
1921,VHL S111C (c.331A>T),,17.5,SER111CYS;RS1559426203;C.331A>T
1922,VHL V155L (c.463G>C),,10.0,
1926,DICER1 E1705K,,20.0,GLU1705LYS
1927,DICER1 D1709N,,37.5,
1928,DICER1 E1813Q,,22.5,GLU1813GLN
1931,VHL P146fs (c.437del),,7.5,P146LFS*13;C.437DELC;C.436DELC;PRO146FS
1932,VHL W88R (c.262T>C),,7.5,TRP88ARG;C.262T>C;RS1553619431
1933,VHL H115fs (c.344del),,7.5,HIS115PROFSTER44 (C.344DEL);H115FS (C.344DELA);C.344DELA;H115PFS*44 (C.344DEL);HIS115FS;RS1553619937
1934,VHL P102fs (c.305delC),,7.5,PRO102FS;C.305DELC
1937,ACVR1 Gain-of-Function,,15.0,
1942,VHL Y175N (c.523T>A),,7.5,TYR175ASN;C.523T>A
1943,VHL Y175C (c.524A>G),,7.5,C.524A>G;RS193922613;TYR175CYS
1951,VHL Splice Site (c.463+2T>C),,27.5,C.463+2T>C;RS5030814
1953,VHL Splice Site (c.464-1G>C),"There are three variants in ClinVar at this exact position: (ClinVar ID: 223220, ClinVar ID:223221, and ClinVar ID:43603). ClinVar ID: 223220 is an exact match.",5.0,C.464-1G>C;IVS2-1G>C;RS5030817
1954,VHL Splice Site (c.464-2A>G),,15.0,RS5030816;C.464-2A>G
1955,VHL Q164L (c.491A>T),,7.5,C.491A>T;GLN164LEU
1964,VHL F76del (c.227_229del),Note that this variant occurs within a short TCT repeat and there are several variant notations that resolve to the same sequence when they are shifted or justified. Each results in the same in-frame single amino acid deletion (Phe76del aka F76del).,120.0,C.226_228DELTTC;PHE76DEL;F76DEL (C.227_229DELTCT);DELPHE76;C.227_229DELTCT;C.224_226DELTCT
1965,VHL R82_V84del (c.243_251del),,17.5,ARG82_VAL84DEL;P81DELRVV (C.243_251DELGCGCGTCGT)
1966,VHL P40fs (c.118ins),,7.5,
1967,VHL T152fs (c.455insA),,15.0,
1968,VHL T157fs (c.472ins),,7.5,
1973,VHL G93_Y98del (c.275_292del),,7.5,D92_Y98DEL
1974,VHL E160fs (c.477del),,7.5,LYS159FS;C.475DELA;E160SFS*10
1975,VHL V66del (c.197_220del),,5.0,197DEL24
1977,VHL V84M (c.250G>A),,5.0,RS5030827;VAL84MET;C.250G>A
1980,VHL Splice Region (c.340+5G>C),,5.0,C.533+5G>C;C.340+5G>C;IVS1+5G>C
1984,ARID1A Underexpression,,34.0,
1990,VHL Splice Site (c.340+1G>A),,50.0,C.340+1G>A;C.553+1G>A
2001,VHL Q132P (c.395A>C),,17.5,GLN132PRO;C.395A>C;RS1347416980
2003,VHL E94FS (c.279delC),,5.0,GLY93FS;C.279DELC;GLU94FS
2005,VHL G114dup (c.342dupGGT),,5.0,
2006,VHL S65FS (c.194delC),,7.5,C.194DELC;SER65FS
2007,VHL Q73fs (c.214insGCCC),,7.5,
2008,VHL C77fs (c.228dup),,17.5,F76FS;C.227_228INSC;C.227INSC;440_441INSC
2009,VHL Splice Site (c.341-2A>C),,12.5,C.341-2A>C
2010,VHL Intronic deletion (c.341-13delCGTTTCCAACAATTTCTCGGTGT),,5.0,
2011,VHL G123fs (c.369_375delGACACAC),,2.5,GLY123FS;C.369_375DELGACACAC
2012,VHL H125fs (c.374insA),,7.5,
2013,VHL K159fs (c.474_476delGAAinsC),,7.5,LYS159FS;K159FS;LEU158FS;C.474_476DELGAAINSC
2014,VHL Y175* (c.525delC),,7.5,TYR175FS;C.525DELC
2015,VHL L188fs (c.562delC),,10.0,C.562DELC;LEU188FS
2016,VHL K196fs (c.584_585delAG),,10.0,C.584_585DELAG;GLN195FS
2017,VHL D197FS (c.589delG),,7.5,C.589DELG;ASP197FS
2018,VHL T202fs (c.606insA),,7.5,T202FS (C.606DUPA)
2019,VHL R113FS (c.337delC),,7.5,ARG113FS;C.337DELC
2020,VHL A56fs (c.166dup),,7.5,C.165_166DUPG;A56GFS*76 (C.166DUP);C.165DUP
2021,VHL P61FS (c.182_185delCCGT),,10.0,C.182_185DELCCGT;PRO61FS
2024,VHL R161= (c.481C>A),,5.0,R161R (C.481C>A)
2026,VHL I151F (c.451A>T),,5.0,ILE151PHE;C.451A>T
2027,VHL W88* (c.263G>A),,7.5,W88X;TRP88TER;C.263G>A;RS119103277
2028,VHL 3'UTR alteration (c.*70C>A),,5.0,(C.642+70C>A);C.*70C>A
2036,VHL Y98FS (c.291delC),,10.0,C.291DELC;TYR98FS
2038,VHL N150S (c.449A>G),,5.0,ASN150SER;RS760184234;C.449A>G
2042,SLC3A2::NRG1 Fusion,,15.0,SLC3A2-NRG1
2044,RAD50 L1237F,,10.0,
2045,BTK MUTATION,,20.0,
2046,PLCG2 MUTATION,,25.0,
2050,EGFR Wildtype,,20.0,
2054,ATP1B1::NRG1 Fusion,,15.0,ATP1B1-NRG1
2055,SDC4::NRG1 Fusion,,7.5,SDC4-NRG1
2057,VHL R177ins (c.531insCTGAGAGTAAAGCCTGAA),,5.0,
2058,VHL Null (Large deletion),,20.0,
2071,DICER1 D1709G,,10.0,
2072,DICER1 D1709E,,7.5,
2078,FGFR2::v Fusion,,95.0,
2079,EGFR::RAD51 Fusion,,45.0,EGFR-RAD51
2087,BAP1 ALTERNATIVE TRANSCRIPT (ATI),,3.0,
2088,BAP1 Loss,,0.0,
2089,EGFR M766_A767insASV,,7.5,
2090,EGFR D770delinsGY,,10.0,
2094,STRN::ALK Fusion,,7.5,STRN-ALK
2095,BARD1 Loss-of-function,,3.0,
2097,BRAF G496A,,5.0,
2098,BRAF G466V,,14.0,GLY466VAL;RS121913351
2099,BRAF G606E,,5.0,GLY606GLU
2100,BRAF P731T,,5.0,PRO731THR
2101,BRAF intron 9 rearrangement,,20.0,
2102,BRAF intron 10 rearrangement,,20.0,
2103,MACF1::BRAF Fusion,,5.0,MACF1-BRAF
2105,CUX1::BRAF Fusion,,5.0,CUX1-BRAF
2106,ASS1 Loss,,6.0,
2109,BCL2 Mutation,,15.0,
2111,RASA1 Loss-of-function,,3.0,
2116,TLK2 Amplification,,3.0,
2140,VHL R82_V84del (c.244_252del),,10.0,C.244_252DEL;C.245_253DEL
2141,VHL A56_P59del (c.166_178del),,7.5,
2156,ACVR1 G328W,,5.0,GLY328TRP
2159,ACVR1 G328E,This mutation occurs within the kinase domain of ACVR1 and has been shown to be activating of downstream BMP signaling with increased cell proliferation in cells overexpressing this variant.,7.5,
2162,v::NRG1 Fusion,"NRG1 fusions have been described in cases of invasive mucinous adenocarcinoma of the lung, pancreatic ductal adenocarcinoma, cholangiocarcinoma and lung adenocarcinoma. In many cases these tumors were negative for the more common known driver genes of these diseases (e.g., KRAS wild-type pancreatic ductal adenocarcinoma). These events have been proposed as an attractive therapeutic target and some promising results have been observed with pan-HER inhibitors such as afatinib.",57.5,NRG1 Fusion
2163,STRN::NTRK2 Fusion,,7.5,STRN-NTRK2
2165,PDE4DIP::NTRK1 Fusion,,12.5,PDE4DIP-NTRK1
2166,VHL G144E (c.431G>A),,5.0,
2168,VHL Splice Region (c.463+8C>T),,5.0,
2169,VHL G104= (c.312C>G),Note that there is a different variant reported at this amino acid position of VHL in ClinVar: NM_000551.3(VHL):c.312C>T (p.Gly104=; G104=) https://www-ncbi-nlm-nih-gov/clinvar/variation/456582/,2.5,G104G (C.312C>G)
2170,VHL F91L (c.273C>G),Note that there is a different variant reported at this amino acid position of VHL in ClinVar: NM_000551.3(VHL):c.273C>A (p.Phe91Leu; F91L) (https://www-ncbi-nlm-nih-gov/clinvar/variation/411978/),5.0,C.273C>G;PHE91LEU
2172,VHL W88fs (c.261dup),,7.5,C.261DUP;W88MFS*44;TRP88METFSTER44;C.261INSA
2204,ERBB2 T798I,,3.0,THR798ILE
2206,EGFR R705K,,5.0,ARG705LYS
2207,EGFR Rare Mutation,This subset of EGFR mutations consists of mutations other than L858R and exon 19 deletion. Reports of responsiveness to tyrosine kinase inhibitors in this EGFR mutation subgroup do not differ widely from those reported for known common sensitizing EGFR mutations.,5.0,
2223,P2RY8::CRLF2 Fusion,"The P2RY8-CRLF2 fusion has been associated with the BCR-ABL1-like (Philadelphia (Ph)-like) molecular subtype of B-ALL, but it has also been observed in other genetic subtypes including hyperdiploid, iAMP21 and B-ALL with dic(9;20). The fusion is generated by a ~320-kb interstitial deletion in Xp22 (in the so-called pseudo-autosomal (PAR) region) which fuses the exon 1 of P2RY8 with the exon 1 of CRLF2. The P2RY8-CRLF2 fusion has been shown to be enriched in Down syndrome B-ALL cases. CRLF2 rearrangements are also significantly associated with activating mutations of JAK1 or JAK2, deletion or mutation of IKZF1, and Hispanic/Latino ethnicity.",2.5,PAR DELETION;P2RY8-CRLF2
2233,AKT1 Overexpression,,3.0,
2236,PIK3R2 Overexpression,,2.0,
2237,PREX2 R172I,,10.0,ARG172ILE
2240,VHL 3p26.3-25.3 11Mb del,,7.5,
2244,ABL1 TKD Mutation,,60.0,
2246,VHL c.128-?_250+?,,5.0,
2248,ABL1 P-Loop Mutation,,30.0,
2249,ABL1 Non-P-Loop Mutation,,30.0,
2260,CSF3R T618I,,14.0,THR618ILE
2261,CALR Mutation,,50.0,
2266,TRIM63::NTRK1 Fusion,,0.5,NTRK1-TRIM63
2267,DDR2::NTRK1 Fusion,,0.5,NTRK1-DDR2
2268,GON4L::NTRK1 Fusion,,0.5,NTRK1-GON4L
2269,ETV6::NTRK2 Fusion,,13.0,ETV6-NTRK2
2271,BRAF D594K,,30.0,
2273,FGFR3 V555M,This is a pilot variant of the FGFR ClinGen Somatic Cancer Variant Curation Expert Panel (SC-VCEP) used to establish FGFR specific modifications to the ClinGen/CGC/VICC procedure for classification of somatic variant oncogenicity.,2.0,V443M;VAL555MET;ENSP00000414914.2:P.VAL555MET;VAL443MET
2276,FGFR3 R248C,This is a pilot variant of the FGFR ClinGen Somatic Cancer Variant Curation Expert Panel (SC-VCEP) used to establish FGFR specific modifications to the ClinGen/CGC/VICC procedure for classification of somatic variant oncogenicity.,8.0,RS121913482;ARG248CYS
2277,FGFR3 Y373C,This is a pilot variant of the FGFR ClinGen Somatic Cancer Variant Curation Expert Panel (SC-VCEP) used to establish FGFR specific modifications to the ClinGen/CGC/VICC procedure for classification of somatic variant oncogenicity.,21.0,RS121913485;Y375C;TYR373CYS;TYR375CYS
2278,FGFR3 G380R,This is a pilot variant of the FGFR ClinGen Somatic Cancer Variant Curation Expert Panel (SC-VCEP) used to establish FGFR specific modifications to the ClinGen/CGC/VICC procedure for classification of somatic variant oncogenicity.,2.0,GLY382ARG;GLY380ARG;G382R
2279,FGFR3 G370C,This is a pilot variant of the FGFR ClinGen Somatic Cancer Variant Curation Expert Panel (SC-VCEP) used to establish FGFR specific modifications to the ClinGen/CGC/VICC procedure for classification of somatic variant oncogenicity.,3.0,GLY372CYS;GLY370CYS;G372C
2281,BRAF Non-V600,,45.0,
2282,ERCC1 Underexpression,,30.0,
2284,SDHB p.193_196dupSTSC (c.577_588dupAGCACCAGCTGC),ClinGen Canonical Allele Identifier: CA658820851,5.0,C.589_600DUP
2289,H3-3A K28M,"K28M is a highly recurrent mutation in this gene in multiple cancer types but particularly well known in brain cancers. In amino acid position 27 of H3F3A there is an arginine (R). The medically relevant Lysine (K) is in position 28. Also UNIPROT records the lysine in position 28. However, K27M is common in the literature so is included as a synonym.",65.0,K27M
2293,H3-3B K36M,,20.0,
2294,H3-3A G35W,,60.0,G34W;G35W;Gly35Trp;Gly34Trp
2301,VHL G104V (c.311G>T),,7.5,GLY104VAL;C.311G>T;RS869025630
2304,VHL c.−213− ?_463 ?del,,7.5,
2305,VHL V87fs (c.259_260insA),,7.5,C.259_260INSA;V87DFS*45;VAL87FS
2308,VHL c.341-59_341-14del,,7.5,
2310,VHL V166A (c.497T>C),,7.5,VAL166ALA
2312,VHL Rearrangement,,10.0,
2313,VHL P138R (c.413C>G),,2.5,C.413C>G;PRO138ARG
2320,VHL V66Gfs*89 (c.197_209del),,5.0,
2321,VHL R79_S80del (c.236_241delGCAGTC),,5.0,
2322,VHL D92G (c.275A>G),,5.0,ASP92GLY;C.275A>G
2328,VHL G114Vfs*45 (c.339delA),,7.5,
2331,VHL R167P (c.500G>C),,7.5,RS5030821;C.500G>C;ARG167PRO
2332,VHL L178P (c.532C>T),,7.5,
2341,PRKCB D427N,,3.0,
2361,VHL *214G (c.640T>G),,5.0,X > GLY + 14AA;C.640T>G;TER214GLY;X214G
2362,VHL *214C (c.641_642insC),,5.0,C.641INSC;X214C;TER214CYS
2381,VHL L129P (c.386T>C),,5.0,L129P (C.386T>G)
2384,VHL S80fs (c.239del),,7.5,SER80ILEFS*79;C.239DELG;S80IFS*79 (C.239DELG)
2426,VHL D121_A122del (c.361_366del),,2.5,
2434,VHL N150fs (c.447del),,2.5,N150IFS*9;C.446DELC;A149FS
2441,RET V804M,,7.5,
2443,HRAS Q61,,10.0,
2445,v::JAK2 Fusion,,50.0,JAK2 Fusion
2448,ETV6::ABL1 Fusion,,32.5,ETV6-ABL1
2453,VHL N131T (c.392A>C),A similar but distinct variant the same position has been reported in ClinVar (c.392A>G (p.Asn131Ser); https://www.ncbi.nlm.nih.gov/clinvar/variation/496062/). It involves the same base position but a different nucleotide change leading to a different amino acid change.,15.0,
2454,HEY1::NCOA2 Fusion,HEY1-NCOA2 is a specific and recurrent translocation in mesenchymal chondrosarcoma. The resulting chimeric transcription factor consists of the HEY1 DNA binding domain (exons 1-4) and two activating domains and a histone methyltransferase-interacting domain from NCOA2 (exon 13-23).,75.0,HEY1-NCOA2
2455,PAX3::FOXO1 Fusion,,78.0,PAX3-FOXO1
2456,PAX7::FOXO1 Fusion,,75.0,PAX7-FOXO1
2459,PARP1 OVEREXPRESSION,,3.0,
2460,JAK2 F694L,,5.0,
2463,PIK3CA Wildtype,,15.0,
2466,NUP98::NSD1 Fusion,,20.0,NUP98-NSD1
2486,EGFR V441F,,0.5,VAL441PHE
2492,FLT3 Amplification,,15.0,
2493,KIT T417_D419delinsY,,5.0,
2494,KIT F506_F508DUP,,2.5,
2495,KIT K484_G487DEL,,2.5,
2496,PDGFRA Exon 18 Mutation,,2.5,
2499,CBFA2T3::GLIS2 Fusion,,60.0,CBFA2T3-GLIS2
2507,CBL Y371H,,7.5,
2509,v::NTRK2 Fusion,,30.0,
2512,KIT Exon 13 Mutation,,5.0,
2513,SMARCA4 Loss,,4.0,
2517,TP53 C238Y,,2.75,CYS238TYR
2519,BRAF Exon 15 Mutation,,7.5,
2520,KIT Wildtype,,10.0,
2521,H3-3A MUTATION,,20.0,
2523,CDKN2A Deletion,,20.0,
2524,MYB AMPLIFICATION,,20.0,
2526,ERBB2 Activating Mutation,,0.0,
2528,FGFR1 Internal Duplication,,20.0,
2529,NUP214::ABL1 Fusion,"The NUP214 -ABL1 fusion is composed of part of the NUP214 (Nucleoporin 214) gene at the 5’ end (N-terminus of the fusion protein), and part of the ABL1 (ABL proto-oncogene 1, non-receptor tyrosine kinase) gene at the 3’ end (C-terminus of the fusion protein). ABL1 is considered as the key partner that defines the functional/oncogenic effects of the fusion protein. The published breakpoint joins exon 34 of NUP214 to exon 2 of ABL1 (NUP214-ABL1 34-2). In T-ALL, the fusion is typically expressed from amplified extrachromosomal bodies (episomes) that arise when the genomic region from ABL1 to NUP214 circularizes to generate the NUP214-ABL1 fusion. In B-ALL, the fusion commonly results from an intrachromosomal duplication involving chromosome 9, with breakpoints within the NUP214 and ABL1 genes. The fusion has been identified in 6% of cases of T-lymphoblastic leukemia and rare cases of B-lymphoblastic leukemia by multiplex ligation-dependent probe amplification, single nucleotide polymorphism array, real-time polymerase chain reaction, and fluorescence in situ hybridization targeting the ABL1 gene. The fusion is in-frame and results in production of an abnormal hybrid protein, containing the WD40 repeat and coiled-coil domains of NUP214 and the SH2, tyrosine kinase, and F actin binding domains of ABL1, which is thought to upregulate the mitogen-activate protein kinase (MAPK) and MAPK and phosphoinositide 3-kinase (PI3K) pathways. Specifically, the inclusion of the tyrosine kinase domain may affect functionality and offer a target for therapeutic inhibition. Clinical significance: The case report that illustrates the clinical significance of the NUP214-ABL1 fusion describes a 6-year-old boy and a 15-year-old girl with BCR-ABL1-like B-lymphoblastic leukemia with normal karyotype. Both patients demonstrated minimal residual disease after induction chemotherapy, and later experienced relapse after either consolidation therapy or bone marrow transplant. Dasatinib was then prescribed and follow-up information is available for the older child, who successfully achieved a complete response for three months before succumbing to the disease. The clinical details of this case could predict response to treatment with tyrosine kinase inhibitors and is the focus of an ongoing prospective clinical trial evaluating the efficacy of these drugs when treating young patients with high-risk and BCR-ABL1-like B-lymphoblastic leukemia (Clinicaltrials.gov Identifier: NCT02883049).",27.0,NUP214-ABL1
2530,SSBP2::JAK2 Fusion,,25.0,T(5;9)(Q14.1;P24)
2532,IGH::CRLF2 Fusion,,85.0,IGH-CRLF2
2535,EZH2 Y646S,,3.0,TYR646SER;TYR641SER;Y641S
2540,CDKN1A rs1801270,,15.0,
2547,SNX2::ABL1 Fusion,"The SNX2-ABL1 fusion is composed of part of the SNX2 (Sorting Nexin 2) gene at the 5’ end (N-terminus of the fusion protein), and part of the ABL1 (ABL proto-oncogene 1, non-receptor tyrosine kinase) gene at the 3’ end (C-terminus of the fusion protein). ABL1 is considered as the key partner that defines the functional/oncogenic effects of the fusion protein. The published breakpoint joins exon 3 of SNX2 to exon 4 of ABL1 (SNX2-ABL1 3-4). The fusion is the result of a reciprocal translocation t(5;9)(p23.2;q34.12) and has been identified by RT-PCR, Sanger sequencing, and RNA sequencing. The fusion is in-frame and results in production of an abnormal hybrid protein, containing the sorting nexin, N-terminal domain of SNX2 and the SH2, tyrosine kinase, and F actin binding domains of ABL1, which is thought to upregulate the mitogen-activate protein kinase (MAPK) and phosphoinositide 3-kinase (PI3K) pathways. Specifically, the inclusion of the tyrosine kinase domain may affect functionality and offer a target for therapeutic inhibition. Clinical significance: The SNX2-ABL1 fusion has been documented in six young men between the ages of 7 and 29 years with B-lymphoblastic leukemia, some of which were further diagnosed with BCR-ABL1 (Ph)-like subtype. Two patients had tyrosine kinase inhibitors (imatinib and dasatinib + imatinib) added to their chemotherapy regimens that, while producing initially encouraging results, ultimately did not prevent these individuals from succumbing to their disease. The clinical details of these cases may predict response to treatment with tyrosine kinase inhibitors and is the focus of an ongoing prospective clinical trial evaluating the efficacy of these drugs when treating young patients with high-risk and BCR-ABL1-like B-lymphoblastic leukemia (Clinicaltrials.gov Identifier: NCT02883049).",30.5,SNX2-ABL1
2550,RCSD1::ABL1 Fusion,"The RCSD1-ABL1 fusion is composed of part of the RCSD1 (RCS Domain Containing 1) gene at the 5’ end (N-terminus of the fusion protein), and part of the ABL1 (ABL proto-oncogene 1, non-receptor tyrosine kinase) gene at the 3’ end (C-terminus of the fusion protein). ABL1 is considered as the key partner that defines the functional/oncogenic effects of the fusion protein. The published breakpoint joins exon 2 or, more frequently, exon 3 of RCSD1 to exon 4 of ABL1 (RCSD1-ABL1 3-4). The fusion is the result of a reciprocal translocation t(1;9)(q24.2;q34.12) and has been identified by FISH/karyotype, RT-PCR, Sanger sequencing, and RNA sequencing. The fusion is in-frame and results in production of an abnormal hybrid protein, containing the ABL1 SH2, actin binding domain, and tyrosine kinase domain, which is thought to upregulate the mitogen-activate protein kinase (MAPK) and phosphoinositide 3-kinase (PI3K) pathways. Specifically, the inclusion of the tyrosine kinase domain may affect functionality and offer a target for therapeutic inhibition. Clinical significance: The RCSD1-ABL1 fusion has been documented in greater than fifteen pediatric and adult patients with B-lymphoblastic leukemia, some of which were further diagnosed with BCR-ABL1 (Ph)-like subtype. The majority that that were exposed to tyrosine kinase inhibitors (TKIs: imatinib, dasatinib, or ponatinib) experienced durable remissions until the TKIs were discontinued. The clinical details of these cases may predict response to treatment with TKIs and are the focus of an ongoing prospective clinical trial evaluating the efficacy of these drugs when treating young patients with high-risk and BCR-ABL1-like B-lymphoblastic leukemia (Clinicaltrials.gov Identifier: NCT02883049).",80.5,RCSD1-ABL1
2551,FOXP1::ABL1 Fusion,"The FOXP1-ABL1 fusion is composed of part of the FOXP1 (Forkhead box P1) gene at the 5’ end (N-terminus of the fusion protein), and part of the ABL1 (ABL proto-oncogene 1, non-receptor tyrosine kinase) gene at the 3’ end (C-terminus of the fusion protein). ABL1 is considered as the key partner that defines the functional/oncogenic effects of the fusion protein. The published breakpoint joins exon 27 of FOXP1to exon 4 of ABL1 (FOXP1-ABL1). The fusion is the result of a reciprocal translocation t(3;9)(p12;q34) and has been identified by RT-PCR, Sanger sequencing, and NGS. FOXP1 is critical for the transcriptional regulatory network of B lymphopoiesis; it may also act as a tumor suppressor gene. Absence or deficiency of FOXP1 during early B-cell development may block pro-B cell to pre-B cell development. The FOXP1-ABL1 fusion protein leads to activated tyrosine kinase and may further alter the critical cellular function of these 2 genes. Clinical significance: The FOXP1-ABL1 fusion has been documented in 3 young adult patients (2 male, 1 female) with B-lymphoblastic leukemia, some of which were further diagnosed with BCR-ABL1 (Ph)-like subtype. One patient had tyrosine kinase inhibitors (dasatinib) added to the chemotherapy regimens, who had bone marrow tested negative for MRD at end of consolidation. The clinical details of these cases may predict response to treatment with tyrosine kinase inhibitors. Functional studies are needed to substantiate the efficacy of TKI treatment of this particular ABL-class fusion.",12.5,FOXP1-ABL1
2562,v::ROS1 Fusion,"ROS1 is a receptor tyrosine kinase that frequently forms gene fusions in several cancer types. Approximately 2% of NSCLC patients harbor a ROS1 gene fusion. Several fusion partners have been described with a constant ROS1-breakpoint, maintaining the kinase domain (Solomon B, 2015). Following case-studies and retrospective analyses, an expansion cohort of a phase-1 study showed clinical benefit of crizotinib in ROS1 rearranged NSCLC. The benefit was independent of the type of ROS1-rearrangement",50.0,ROS1 Fusion;ROS1 Rearrangement
2564,KIT V555_V559DEL,,5.0,
2565,KIT K550_K559DEL,,5.0,
2566,PAX5 P80R,,50.0,Pro80Arg
2573,CDKN2A Mutation,,40.0,
2581,MTOR T1977K,,0.0,
2587,CCNE1 Underexpression,,0.0,
2612,FGFR1OP2::FGFR1 Fusion,,2.0,FGFR1OP2-FGFR1
2613,IKZF1 Loss-of-function,,20.0,
2618,NFE2L2 Mutation,,15.0,
2628,PALB2 Mutation,,40.0,
2633,CDK12 Mutation,,40.0,
2638,CAD::ALK Fusion,,7.5,CAD-ALK
2639,GOPC::ROS1 Fusion,,20.0,GOPC-ROS1
2641,APP::NRG1 Fusion,,7.5,APP-NRG1
2643,MET R1004G,,7.5,ARG1004GLY
2646,TP53 S241F,,3.0,
2653,FGF19 Overexpression,,20.0,
2662,BRAF L525R,,3.0,
2663,BRAF N486_P490del,,7.5,
2675,KMT2A::v Fusion,,140.0,KMT2A Fusion;MLL fusion
2684,H3C2 K27M,,20.0,
2689,BRAF V600_K601>E,,7.5,
2691,BRAF G469,,15.0,
2695,BRAF A598V,,7.5,ALA598VAL
2715,ATF7IP::JAK2 Fusion,"The ATF7IP-JAK2 fusion is composed of part of the ATF7IP (Activating Transcription Factor 7 Interacting Protein) gene at the 5’ end (N-terminus of the fusion protein), and a part of the JAK2 (Janus Kinase 2) gene at the 3’ end (C-terminus of the fusion protein). JAK2 is considered as the key partner that defines the functional/oncogenic effects of the fusion. Known breakpoint/splice variants join exon 10 of ATF7IP to exon 8 of JAK2 (ATF7IP-JAK2 10-8), exon 13 of ATF7IP to exon 16 of JAK2 (ATF7IP-JAK2 13-16), or exon 13 of ATF7IP to exon 17 of JAK2 (ATF7IP-JAK2 13-17). The fusion is predicted to result from a reciprocal translocation t(9;12) (p24;p13.1), and has been identified by RNA sequencing and Sanger sequencing in three adult patients with BCR-ABL1-like B-lymphoblastic leukemia. The fusion is in-frame and results in production of an abnormal hybrid protein, containing the coiled coil and MDN1 domains from ATF7IP and the JH2 pseudokinase and JH1 kinase domains from JAK2. The coiled coil domain is hypothesized to constitutively activate the JAK2 kinase domain, thereby upregulating the pathway shared with signal transducers and activators of transcription (STATs). Clinical significance: The novel ATF7IP-JAK2 fusion has been documented in three cases for which specific clinical information is unavailable. A pre-clinical xenograft model containing the fusion was sensitive to exposure to the JAK2 inhibitor, ruxolitinib. Therefore, the presence of the JAK2 JH1 kinase domain in the fusion protein may offer a target for therapeutic inhibition. Prospective clinical trials are ongoing to evaluate the efficacy of adding JAK2 inhibitors to the treatment of B-lymphoblastic leukemia patients with JAK2 fusions (Clinicaltrials.gov Identifier: NCT02723994).",15.0,ATF7IP-JAK2
2716,EBF1::JAK2 Fusion,"The EBF1-JAK2 fusion is composed of part of the EBF1 (Early B-Cell Factor Transcription Factor 1) gene at the 5’ end (N-terminus of the fusion protein), and part of the JAK2 (Janus Kinase 2) gene at the 3’ end (C-terminus of the fusion protein). JAK2 is considered as the key partner that defines the functional/oncogenic effects of the fusion protein. The published breakpoint joins exon 14 of EBF1 to exon 17 of JAK2 (EBF1-JAK2 14-17). The fusion is predicted to result from a reciprocal translocation t(5;9) (q33.3;p24), and has been identified by RNA sequencing in one adolescent patient with BCR-ABL1-like B-lymphoblastic leukemia. The fusion is in-frame and results in production of an abnormal hybrid protein, containing the DNA binding, immunoglobulin-life fold, and helix-loop-helix domains from EBF1 and an intact JH1 kinase domain from JAK2, as confirmed by RT-PCR and Sanger sequencing. The inclusion of the JH1 kinase domain is hypothesized to upregulate the pathway shared with signal transducers and activators of transcription (STATs). Functional analysis of the EBF1-JAK2 fusion protein has not been performed. Clinical significance: The novel EBF1-JAK2 fusion has been documented in one case for which specific clinical information is unavailable. However, the presence of the JAK2 JH1 kinase domain in the fusion protein may offer a target for therapeutic inhibition. Prospective clinical trials are ongoing to evaluate the efficacy of adding JAK2 inhibitors to the treatment of B-lymphoblastic leukemia patients with JAK2 fusions (Clinicaltrials.gov Identifier: NCT02723994).",7.5,EBF1-JAK2
2717,PPFIBP1::JAK2 Fusion,,15.0,PPFIBP1-JAK2
2718,STRN3::JAK2 Fusion,"The STRN3-JAK2 fusion is composed of part of the STRN3 (Striatin 3) gene at the 5’ end (N-terminus of the fusion protein), and a part of the JAK2 (Janus Kinase 2) gene at the 3’ end (C-terminus of the fusion protein). JAK2 is considered as the key partner that defines the functional/oncogenic effects of the fusion. The published breakpoint joins exon 9 of STRN3 to exon 17 of JAK2 (STRN3 -JAK2 9-17). The fusion is predicted to result from a reciprocal translocation t(9;14) (p24;q12), and has been identified by RNA sequencing in one pediatric patient with BCR-ABL1-like B-lymphoblastic leukemia. The fusion is in-frame and results in production of an abnormal hybrid protein, containing the Striatin domain from STRN3 and the JH2 pseudokinase domain and intact JH1 kinase domain from JAK2, as confirmed by RT-PCR and Sanger sequencing. The inclusion of the JH1 kinase domain is hypothesized to upregulate the pathway shared with signal transducers and activators of transcription (STATs). Functional analysis of the STRN3-JAK2 fusion protein has not been performed. Clinical significance: The novel STRN3-JAK2 fusion has been documented in a single case for which specific clinical information is unavailable. However, the presence of the JAK2 JH1 kinase domain in the fusion protein may offer a target for therapeutic inhibition. Prospective clinical trials are ongoing to evaluate the efficacy of adding JAK2 inhibitors to the treatment of B-lymphoblastic leukemia patients with JAK2 fusions (Clinicaltrials.gov Identifier: NCT02723994).",7.5,STRN3-JAK2
2719,TPR::JAK2 Fusion,"The TPR-JAK2 fusion is composed of part of the TPR (Translocated Promoter Region, Nuclear Basket Protein) gene at the 5’ end (N-terminus of the fusion protein), and a part of the JAK2 (Janus Kinase 2) gene at the 3’ end (C-terminus of the fusion protein). JAK2 is considered as the key partner that defines the functional/oncogenic effects of the fusion. The published breakpoint joins exon 39 of TPR to exon 17 of JAK2 (TPR -JAK2 39-17). The fusion stems from a reciprocal translocation t(1;9) (q31.1;p24), and has been identified by FISH and RNA sequencing in one young adult patient with BCR-ABL1-like B-lymphoblastic leukemia. The fusion is in-frame and results in production of an abnormal hybrid protein, containing the TPR/MLP1/MLP2-like protein domain from TERF2 and the JH2 pseudokinase domain and intact JH1 kinase domain from JAK2, as confirmed by RT-PCR and Sanger sequencing. The inclusion of the JH1 kinase domain is hypothesized to upregulate the pathway shared with signal transducers and activators of transcription (STATs). Functional analysis of the TPR-JAK2 fusion protein has not been performed. Clinical significance: The novel TPR-JAK2 fusion has been documented in one case for which specific clinical information is unavailable. However, the presence of the JAK2 JH1 kinase domain in the fusion protein may offer a target for therapeutic inhibition. Prospective clinical trials are ongoing to evaluate the efficacy of adding JAK2 inhibitors to the treatment of B-lymphoblastic leukemia patients with JAK2 fusions (Clinicaltrials.gov Identifier: NCT02723994).",7.5,TPR-JAK2
2720,SMAD4 R361C,,2.5,
2723,ERBB2 Exon 20 Insertion,,25.0,
2728,ETV6::JAK2 Fusion,"The ETV6-JAK2 fusion is composed of part of the ETV6 (ETS Variant Transcription Factor 6) gene at the 5’ end (N-terminus of the fusion protein), and part of the JAK2 (Janus Kinase 2) gene at the 3’ end (C-terminus of the fusion protein). JAK2 is considered as the key partner that defines the functional/oncogenic effects of the fusion. Known breakpoint/splice variants join exon 4 of ETV6 to exon 17 of JAK2 (ETV6-JAK2 4-17), exon 5 of ETV6 to exon 12 of JAK2 (ETV6-JAK2 5-12), or exon 5 of ETV6 to exon 19 of JAK2 (ETV6-JAK2 5-19). The fusion results from the reciprocal translocation t(9;12)(p24;p13), cytogenetically cryptic, and has been identified by FISH and RNA sequencing. The fusion gene is expressed from the der(9) chromosome. The fusion is in-frame and results in production of an abnormal hybrid protein, containing the PNT domain from ETV6 and JH1 kinase domain from JAK2. The ETV6 PNT domain is hypothesized to result in dimerization, which leads to aberrant JAK2 kinase domain activation. Depending on the breakpoint variant, the fusion protein may also contain the JAK2 JH2 pseudokinase domain. The inclusion of the JH1 domain may affect functional effects and disease specificity of the abnormal fusion. Functionally, the fusion results in aberrant activation of JAK2 kinase, leading to activation of downstream signaling through the signal transducers and activators of transcription (STATs). The ETV6-JAK2 fusion is associated with hematologic malignancies and has been observed in B-lymphoblastic leukemia (~10%), T-lymphoblastic leukemia (isolated cases), and myeloid/lymphoid neoplasms with eosinophilia and gene rearrangements (rare cases). Clinical significance: As a diagnostic biomarker, the ETV6-JAK2 fusion in B-lymphoblastic leukemia is associated with the BCR-ABL1-like subtype. As a prognostic marker, the ETV6-JAK2 fusion has been associated with high-risk disease. As a predictive marker, the ETV6-JAK2 fusion has been shown by limited pre-clinical data and case reports to predict response to treatment with JAK2 inhibitors. Prospective clinical trials are ongoing to evaluate the efficacy of adding JAK2 inhibitors to treatment of pediatric B-lymphoblastic leukemia patients with JAK2 fusions (Clinicaltrials.gov Identifier: NCT02723994).",25.0,ETV6-JAK2
2729,BCR::JAK2 Fusion,"The BCR-JAK2 fusion is composed of part of the BCR (Breakpoint Cluster Region) gene at the 5’ end (N-terminus of the fusion protein), and part of the JAK2 (Janus Kinase 2) gene at the 3’ end (C-terminus of the fusion protein). JAK2 is considered as the key partner that defines the functional/oncogenic effects of the fusion. Known breakpoint/splice variants join exon 14 of BCR to exon 17 of JAK2 (BCR-JAK2 4-17) and exon 1 of BCR to exons 15 (BCR-JAK2 1-15), 17 (BCR-JAK2 1-17), or 19 (BCR-JAK2 1-19). The fusion results from the reciprocal translocation t(9;22)(p24;p11.2), and has been identified by karyotype analysis, FISH, RT-PCR, targeted ligation amplification (TLA), and RNA sequencing. The fusion gene is expressed from the der(9) chromosome. The fusion is in-frame and results in production of an abnormal hybrid protein, containing the coiled coil domain from BCR and the JH1 kinase domain from JAK2. Depending on the breakpoint variant, the fusion protein may also contain the JAK2 JH2 pseudokinase domain. In pre-clinical studies, the coiled coil domain of BCR has been shown to mediate oligomeric activation of the JAK2 kinase domain, thereby promoting downstream signaling by signal transducers and activators of transcription (STATs). The BCR-JAK2 fusion is associated with hematologic malignancies and has been observed in myeloproliferative neoplasms with eosinophilia (multiple cases), B-lymphoblastic leukemia (multiple cases), acute myeloid leukemia (a rare case), and B-cell lymphoma (rare case of Burkitt lymphoma). Clinical significance: As a diagnostic biomarker in B-lymphoblastic leukemia, the BCR-JAK2 fusion is frequently observed in the BCR-ABL1-like subtype. As a prognostic marker, the fusion appears to be associated with high-risk disease in pediatric and adult populations. As a predictive marker, patients whose diseases exhibit the BCR-JAK2 fusion have experienced partial responses or even complete remission with hydroxyurea and/or interferon alfa. Case reports have demonstrated the limited utility of tyrosine kinase inhibitors. One patient diagnosed with a myeloid neoplasm initially responded to the JAK2 inhibitor ruxolitinib, but relapsed after 18 months. Current research has suggested a survival advantage following allogeneic or autologous stem cell transplantation.",35.0,BCR-JAK2
2730,PAX5::JAK2 Fusion,"The PAX5-JAK2 fusion is composed of part of the PAX5 (Paired Box 5) gene at the 5’ end (N-terminus of the fusion protein), and part of the JAK2 (Janus Kinase 2) gene at the 3’ end (C-terminus of the fusion protein). JAK2 is considered as the key partner that defines the functional/oncogenic effects of the fusion protein. The published breakpoint joins exon 5 of PAX5 to exon 19 of JAK2 (PAX5-JAK2 5-19). The fusion is hypothesized to result from an intrachromosomal translocation, inversion, or deletion of chromosome 9 (involving loci p13 and p24), and has been identified by RNA sequencing, RT-PCR, Sanger sequencing, and FISH in patients B-lymphoblastic leukemia. The fusion is in-frame and results in production of an abnormal hybrid protein, containing the DNA-binding paired domain from PAX5 and the JH1 kinase domain from JAK2. A pre-clinical study has revealed that this fusion protein deregulates the PAX5 transcriptional pathway while also autophosphorylating the JAK2 kinase domain, thereby promoting downstream signaling by signal transducers and activators of transcription (STATs). Clinical significance: As a diagnostic biomarker, the PAX5-JAK2 fusion in B-lymphoblastic leukemia is frequently associated with the BCR-ABL1-like subtype. As a prognostic marker, the fusion has been associated with intermediate to high-risk disease. As a predictive marker, the PAX5-JAK2 fusion has been shown in pre-clinical data to predict response to treatment with JAK2 inhibitors. Prospective clinical trials are ongoing to evaluate the efficacy of adding JAK2 inhibitors to treatment of B-lymphoblastic leukemia patients with JAK2 fusions (Clinicaltrials.gov Identifier: NCT02723994).",30.0,PAX5-JAK2
2731,TERF2::JAK2 Fusion,,7.5,TERF2-JAK2
2732,USP25::JAK2 Fusion,,7.5,USP25-JAK2
2733,ZNF274::JAK2 Fusion,,7.5,ZNF274-JAK2
2734,RFX3::JAK2 Fusion,,7.5,RFX3-JAK2
2740,BRCA2 K3326*,,7.5,
2752,NRF1::BRAF Fusion,,7.5,NRF1-BRAF
2753,CDKN2A c.151-1G>C,,7.5,
2761,CTNNB1 Exon 3 Mutation,,55.0,
2762,DPYD EXON 11-19 DELETION,,10.0,
2763,MET::ATXN7L1 Fusion,,7.5,MET-ATXN7L1
2765,NT5C2 R238W,,13.0,
2766,NT5C2 S445F,,13.0,
2767,NT5C2 Mutation,,20.0,
2774,FGFR2 P253R,,7.5,
2775,FGFR3 Amplification,,0.0,
2780,IL6 Overexpression,,2.0,
2784,ABCB1 Overexpression,,8.0,
2785,PRPS1 PRPS1 MUTATION,,20.0,
2786,LYN OVEREXPRESSION,,4.0,
2787,PRPS1 T303S,,7.0,
2788,PRPS1 L191F,,9.0,
2789,PRPS1 D183E,,7.0,
2790,PRPS1 K176N,,7.0,
2792,PRPS1 N144S,,9.0,
2794,PRPS1 S103I,,4.0,
2795,PRPS1 S103N,,7.0,
2796,PRPS1 S103T,,8.0,
2798,PRPS1 A190T,,26.0,
2799,VHL 106insR (c.316insGCC),,7.5,
2801,VHL Deletion,,5.0,
2804,PRPS1 D139G,,3.0,
2805,PRPS1 C77S,,3.0,
2806,PRPS1 I72V,,3.0,
2807,PRPS1 V53A,,3.0,
2808,PRPS1 A87T,,4.0,
2809,PRPS1 M115T,,4.0,
2810,EWSR1::WT1 Fusion,,20.0,EWSR1-WT1
2813,PDGFRA Overexpression,,3.0,
2828,CHEK2 R474C c.1420C>T,,7.5,
2829,BCL2 G101V,,8.0,GLY101VAL
2840,BCR::PDGFRA Fusion,,7.5,BCR-PDGFRA
2841,COL1A1::PDGFB Fusion,,105.0,COL1A1-PDGFB
2842,PDGFRB Overexpression,,7.5,
2843,OFD1::JAK2 Fusion,"The OFD1-JAK2 fusion is composed of part of the OFD1 (Oral-Facial-Digital Syndrome 1) gene at the 5’ end (N-terminus of the fusion protein), and part of the JAK2 (Janus Kinase 2) gene at the 3’ end (C-terminus of the fusion protein). JAK2 is considered as the key partner that defines the functional/oncogenic effects of the fusion protein. OFD1 is a centrosomal protein of primary cilia implicated in Oral-Facial-Digital Syndrome type 1, but it has not been previously described in hematologic malignancies. The published breakpoint joins exon 22 of OFD1 to exon 13 of JAK2 (OFD1-JAK2 22-13). This fusion is predicted to result from a reciprocal translocation t(X;9)(p22;p24), and has been identified in two patients by RNA sequencing, one of which demonstrated the abnormal karyotype 46,XY,-17+mar[11]/46,XY[9]. The fusion is in-frame and results in production of an abnormal hybrid protein, containing the FERM and SH2 domains from OFD1 and the JH2 pseudokinase and JH1 kinase domains from JAK2. The inclusion of the JH1 kinase domain is hypothesized to upregulate the pathway shared with signal transducers and activators of transcription (STATs). Functional analysis of the OFD1-JAK2 fusion protein is reportedly underway. Clinical significance: The novel OFD1-JAK2 fusion has been documented in one 3-year-old and one 11-year-old boy with BCR-ABL1-like B-lymphoblastic leukemia. Both children successfully maintained first complete remission following induction chemotherapy and allogeneic hematopoietic stem cell transplantation, with as long as 6 years of follow up. While neither patient was treated with a JAK2 inhibitor, the JH1 kinase domain present within the OFD1-JAK2 fusion protein may offer a target for therapeutic inhibition. Prospective clinical trials are ongoing to evaluate the efficacy of adding JAK2 inhibitors to the treatment of pediatric B-lymphoblastic leukemia patients with JAK2 fusions (Clinicaltrials.gov Identifier: NCT02723994).",10.0,OFD1-JAK2
2844,SMU1::JAK2 Fusion,"The SMU1-JAK2 fusion is composed of part of the SMU1 (SMU1 DNA Replication Regulator and Splicesomal Factor) gene at the 5’ end (N-terminus of the fusion protein), and part of the JAK2 (Janus Kinase 2) gene at the 3’ end (C-terminus of the fusion protein). JAK2 is considered as the key partner that defines the functional/oncogenic effects of the fusion protein. The published breakpoint joins exon 18 of SMU1 to exon 12 of JAK2 (SMU1-JAK2 18-12). The fusion is hypothesized to result from an intrachromosomal translocation, inversion, or deletion of chromosome 9 (involving loci p21 and p24), and has been identified by RNA sequencing in an older adult patient with BCR-ABL1-like B-lymphoblastic leukemia. The fusion is in-frame and results in production of an abnormal hybrid protein, containing the LisH, CTLH, HisP, and Wd40 domains from SMU1 and the JH2 pseudokinase and JH1 kinase domains from JAK2. Pre-clinical data demonstrates increased JH1 kinase expression as a result of the SMU1-JAK2 fusion event, which is hypothesized to upregulate the pathway shared with signal transducers and activators of transcription (STATs). Clinical significance: The novel SMU1-JAK2 fusion has been documented in one case for which specific clinical information is unavailable. However, the presence of the JAK2 JH1 kinase domain in the fusion protein may offer a target for therapeutic inhibition. Prospective clinical trials are ongoing to evaluate the efficacy of adding JAK2 inhibitors to the treatment of B-lymphoblastic leukemia patients with JAK2 fusions (Clinicaltrials.gov Identifier: NCT02723994).",7.5,SMU1-JAK2
2845,SNX29::JAK2 Fusion,"The SNX29-JAK2 fusion is composed of part of the SNX29 (Sorting Nexin 29) gene at the 5’ end (N-terminus of the fusion protein), and a part of the JAK2 (Janus Kinase 2) gene at the 3’ end (C-terminus of the fusion protein). JAK2 is considered as the key partner that defines the functional/oncogenic effects of the fusion. The published breakpoint joins exon 18 of SNX29 to exon 13 of JAK2 (SNX29 -JAK2 18-13). It is predicted to result from a reciprocal translocation t(9;16) (p24;q13.13), and has been identified by RNA sequencing in one normal-karyotype adult patient with BCR-ABL1-like B-lymphoblastic leukemia. The fusion is in-frame and results in production of an abnormal hybrid protein, containing the RUN and PX_RUN domains from SNX29 and the JH2 pseudokinase and JH1 kinase domains from JAK2. The inclusion of the JH1 kinase domain is hypothesized to upregulate the pathway shared with signal transducers and activators of transcription (STATs). Functional analysis of the SNX29-JAK2 fusion protein has not been performed. Clinical significance: The novel SNX29-JAK2 fusion has been documented in a single case that successfully maintained complete remission without relapse following induction chemotherapy. While the patient was not treated with a JAK2 inhibitor, the JH1 kinase domain present within the SNX29-JAK2 fusion protein may offer a target for therapeutic inhibition. Prospective clinical trials are ongoing to evaluate the efficacy of adding JAK2 inhibitors to the treatment of B-lymphoblastic leukemia patients with JAK2 fusions (Clinicaltrials.gov Identifier: NCT02723994).",7.5,SNX29-JAK2
2846,ZNF430::JAK2 Fusion,"The ZNF430-JAK2 fusion is composed of part of the ZNF430 (Zinc Finger Protein 430) gene at the 5’ end (N-terminus of the fusion protein), and part of the JAK2 (Janus Kinase 2) gene at the 3’ end (C-terminus of the fusion protein). JAK2 is considered as the key partner that defines the functional/oncogenic effects of the fusion protein. The published breakpoint joins exon 4 of ZNF430 to exon 19 of JAK2 (ZNF430-JAK2 4-19). The fusion is predicted to result from a reciprocal translocation t(9;19)(p24;p12), and has been identified by RNA sequencing in one adult patient with BCR-ABL1-like B-lymphoblastic leukemia. The fusion is in-frame and results in production of an abnormal hybrid protein, containing the KRAB_A-box domain from ZNF430 and the JH1 kinase domain from JAK2. The inclusion of the JH1 kinase domain is hypothesized to upregulate the pathway shared with signal transducers and activators of transcription (STATs). Functional analysis of the ZNF430-JAK2 fusion protein has not been performed. Clinical significance: The novel ZNF430-JAK2 fusion has been documented in one case for which clinical information is unavailable. However, the presence of the JAK2 JH1 kinase domain in the fusion protein may offer a target for therapeutic inhibition. Prospective clinical trials are ongoing to evaluate the efficacy of adding JAK2 inhibitors to the treatment of pediatric B-lymphoblastic leukemia patients with JAK2 fusions (Clinicaltrials.gov Identifier: NCT02723994).",7.5,ZNF430-JAK2
2848,KRAS A146,,15.0,
2852,ACVR1 Mutation,,15.0,
2858,EZH2 Y646F,"Y646F has been reported as one of the most recurrent alterations of EZH2 in DLBCL, FL and other malignancies. This mutation is thought to alter methyltransferase activity of EZH2 and confer sensitivity to EZH2 inhibitors such as tazemetostat.",14.0,TYR641PHE;TYR646PHE;Y641F
2861,TPM3::NTRK1 Fusion,,87.0,TPM3-NTRK1
2870,PIK3CA V955I,,10.0,VAL955ILE
2871,NF2 c.1396C>T,,5.0,
2878,ABL1 Double Ph,,10.0,DOUBLE PHILADELPHIA CHROMOSOME
2880,FLT3 D835Y,,16.0,ASP835TYR;RS121913488
2901,MYOD1 L122R,,165.0,LEU122ARG
2911,CDK6 EXPRESSION,,2.0,
2918,ATM c.902-1G>T,,3.0,
2919,ATM c.7089+1del,,3.0,
2920,ATM c.7515+1_2del,,3.0,
2923,EWSR1::ATF1 Fusion,,50.0,EWSR1-ATF1
2935,VHL L128F (c.382C>T),,5.0,
2939,FLT3 Y842C,,20.0,
2940,FLT3 F691L,,6.0,
2944,FLT3 D835I,,2.0,
2951,BCL2 F104I,,8.0,PHE104ILE
2965,VHL C77_N78insL (c.230_231insTCT),,12.5,77INSL
2985,RBM15::MRTFA Fusion,,60.0,RBM15-MKL1;OTT-MAL;RBM15-MRTFA
2995,RUNX1::RUNX1T1 Fusion,,120.0,RUNX1-RUNX1T1
3007,NPM1 MUTATION,,30.0,
3009,ETV6::RUNX1 Fusion,,90.0,ETV6-RUNX1
3012,VHL F148* (c.443_455delinsA),,5.0,
3027,KANK1::NTRK2 Fusion,,32.5,KANK1-NTRK2
3053,VHL V62Cfs*5 (c.180del),,10.0,
3069,KRAS Wildtype,,2.0,
3070,FLT3 N841I,,0.0,
3071,SMARCB1 Loss,,75.0,
3072,ATRX Mutation,,15.0,
3083,GOLGA5::JAK2 Fusion,"The GOLGA5-JAK2 fusion is composed of part of the GOLGA5 (Golgin A5) gene at the 5’ end (N-terminus of the fusion protein), and part of the JAK2 (Janus Kinase 2) gene at the 3’ end (C-terminus of the fusion protein). JAK2 is considered as the key partner that defines the functional/oncogenic effects of the fusion protein. The published breakpoint joins exon 10 of GOLGA5 to exon 12 of JAK2 (GOLGA5-JAK2 10-12). The fusion is predicted to result from a reciprocal translocation t(9;14)(p24;q32), and has been identified in one patient by RNA sequencing. The fusion is in-frame and results in production of an abnormal hybrid protein, containing the coiled coil domain from GOLGA5 and an aberrantly activated JH1 kinase domain from JAK2, which is thought to upregulate the pathway shared with signal transducers and activators of transcription (STATs). The inclusion of the JH1 domain may affect functionality and offer a target for therapeutic inhibition. Clinical significance: The novel GOLGA5-JAK2 fusion has been documented in one 10-year-old boy with BCR-ABL1-like B-lymphoblastic leukemia with complex karyotype. The clinical details of this case could predict response to treatment with JAK2 inhibitors. A xenograft model created from the patient's malignant cells demonstrated clearance of the leukemic clone in murine peripheral blood upon exposure to ruxolitinib. Moreover, this drug was added to the child's treatment regimen, resulting in nearly undetectable levels of the GOLGA5-JAK2 fusion measured after 64 days of therapy. The patient has reportedly remained in remission 20 months after CAR T-cell infusion and allogeneic hematopoietic stem cell transplantation. This child was included in the currently ongoing prospective clinical trial evaluating the efficacy of JAK2 inhibitors in treating pediatric B-lymphoblastic leukemia with JAK2 fusions (Clinicaltrials.gov Identifier: NCT02723994).",7.5,GOLGA5-JAK2
3091,PIK3CA Rare Mutation,,10.0,
3113,VHL R120fs (c.358_359insAC),,7.5,R120NFS*40
3114,VHL C77fs (c.230del),,7.5,
3115,VHL Q96_P97delinsH (c.288_290del),,7.5,C.288DELGCC;C.288_290DELGCC
3116,VHL G144fs (c.429_439del),,7.5,C.428_438DEL;G144FFS*26
3120,BCOR::CCNB3 Fusion,,65.0,BCOR-CCNB3
3121,CIC::DUX4 Fusion,,37.5,CIC-DUX4
3126,AKT1 S473 Phosphorylation,,15.0,
3128,IGF1R Overexpression,,20.0,
3137,RANBP2::ABL1 Fusion,"The RANBP2-ABL1 fusion is composed of part of the RANBP2 (RAN Binding Protein 2) gene at the 5’ end (N-terminus of the fusion protein), and part of the ABL1 (ABL proto-oncogene 1, non-receptor tyrosine kinase) gene at the 3’ end (C-terminus of the fusion protein). ABL1 is considered as the key partner that defines the functional/oncogenic effects of the fusion protein. The published breakpoint joins exon 18 of RANBP2 to exon 2 of ABL1 (RANBP2-ABL1 18-2). The fusion is the result of a reciprocal translocation t(2;9)(q12.3;q34.12) and has been identified by FISH/karyotype and RNA sequencing. The fusion is in-frame and results in production of an abnormal hybrid protein, includes the leucine zipper of RANBP2 and the tyrosine kinase of ABL1, which is thought to upregulate the mitogen-activate protein kinase (MAPK) and phosphoinositide 3-kinase (PI3K) pathways. Specifically, the inclusion of the tyrosine kinase domain may affect functionality and offer a target for therapeutic inhibition. Clinical significance: The RANBP2-ABL1 fusion has been documented in several juvenile and young adult patients with B-lymphoblastic leukemia, some of which were further classified as BCR-ABL1 (Ph)-like subtype. One 20-year-old female patient has been documented as being treated with dasatinib (140 mg daily) added to her clinical trial chemotherapy. While she experienced a brief response, her disease eventually relapsed and she expired. The use of tyrosine kinase inhibitors is the focus of an ongoing prospective clinical trial evaluating the efficacy of these drugs when treating young patients with high-risk and BCR-ABL1-like B-lymphoblastic leukemia (Clinicaltrials.gov Identifier: NCT02883049).",10.0,RANBP2-ABL1
3138,ZMIZ1::ABL1 Fusion,"The ZMIZ1-ABL1 fusion is composed of part of the ZMIZ1 (Zinc Finger MIZ-Type Containing 1) gene at the 5’ end (N-terminus of the fusion protein), and part of the ABL1 (ABL proto-oncogene 1, non-receptor tyrosine kinase) gene at the 3’ end (C-terminus of the fusion protein). ABL1 is considered as the key partner that defines the functional/oncogenic effects of the fusion protein. The most commonly published breakpoint joins exon 18 of ZMIZ1 to exon 2 of ABL1 (ZMIZ1-ABL1 18-2). The fusion is the result of a reciprocal translocation t(9;10)(q34.12;q22.3) and has been identified by FISH/karyotype, RT-PCR, and RNA sequencing. The fusion is in-frame and results in production of an abnormal hybrid protein, which contains one of the proline-rich domains of ZMIZ1 and the ABL1 tyrosine kinase domain. Similar to other oncogenic fusion proteins, the proline-rich domain of ZMIZ1 is involved in protein-protein interactions, and therefore the fusion may encode a constitutively activated tyrosine kinase that upregulates the mitogen-activate protein kinase (MAPK) and phosphoinositide 3-kinase (PI3K) pathways. Patients harboring the ZMIZ1-ABL1 fusion are hypothesized to be eligible for imatinib therapy.",37.5,ZMIZ1-ABL1
3139,CENPC::ABL1 Fusion,"The CENPC-ABL1 fusion is composed of part of the CENPC (Centromere Protein C) gene at the 5’ end (N-terminus of the fusion protein) and part of the ABL1 (ABL proto-oncogene 1, non-receptor tyrosine kinase) gene at the 3’ end (C-terminus of the fusion protein). ABL1 is considered as the key partner that defines the functional/oncogenic effects of the fusion protein. The CENPC-ABL1 fusion is in-frame and it has been documented in one pediatric patient with high risk BCR-ABL1-like B-lymphoblastic leukemia.",5.0,CENPC-ABL1
3140,NUP153::ABL1 Fusion,"The NUP153-ABL1 fusion is composed of part of the NUP153 (Nucleoporin 153) gene at the 5’ end (N-terminus of the fusion protein) and part of the ABL1 (ABL proto-oncogene 1, non-receptor tyrosine kinase) gene at the 3’ end (C-terminus of the fusion protein). ABL1 is considered as the key partner that defines the functional/oncogenic effects of the fusion protein, and the inclusion of the ABL1 tyrosine kinase domain may affect functionality and offer a target for therapeutic inhibition. The NUP153-ABL1 has been documented in one pediatric patient with BCR-ABL1-like B-lymphoblastic leukemia, as detected by RNA kinome capture and transcriptome sequencing.",5.0,NUP153-ABL1
3141,LSM14A::ABL1 Fusion,"The LSM14A-ABL1 fusion is composed of part of the LSM14A (LSM14A mRNA processing body assembly factor) gene at the 5’ end (N-terminus of the fusion protein) and part of the ABL1 (ABL proto-oncogene 1, non-receptor tyrosine kinase) gene at the 3’ end (C-terminus of the fusion protein). ABL1 is considered as the key partner that defines the functional/oncogenic effects of the fusion protein. The fusion is in-frame and it has been documented in two patients with BCR-ABL1-like B-lymphoblastic leukemia (Ph-like ALL). The first patient was a child with high risk Ph-like ALL and the second patient was a 36 years old male who had a poor prednisone response and did not reach complete remission after vincristine-dexamethasone-rituximab or a combination of dasatinib and chemotherapy. The second patient died early of sepsis in a context of uncontrolled disease (survival 2 months).",10.0,LSM14A-ABL1
3143,PDGFRA Mutation,,7.5,
3149,SPOP M117V,,3.0,
3156,ADAD2-AS1::ABL1 Fusion,"The SFPQ -ABL1 fusion is composed of part of the SFPQ (Splicing factor proline and glutamine rich) gene at the 5’ end (N-terminus of the fusion protein), and part of the ABL1 (ABL proto-oncogene 1, non-receptor tyrosine kinase) gene at the 3’ end (C-terminus of the fusion protein). ABL1 is considered as the key partner that defines the functional/oncogenic effects of the fusion protein. The published breakpoint joins exon 9 of SFPQ to exon 4 of ABL1 (SFPQ -ABL1). The fusion is the result of a reciprocal translocation t(1;9)(p34;q34) and has been identified by RT-PCR, Sanger sequencing, and RNA sequencing. The role of the partner gene SFPQ in this fusion remains to be investigated. SFPQ encodes for a protein belonging to a new functionally related group of fusion partners for tyrosine kinases involved in pre-mRNA processing. The presence of 2 coiled-coil domains in the 9 remaining exons of SFPQ could theoretically lead to SFPQ–ABL1 oligomerization, thus leading to constitutive activation of the resulting tyrosine kinase, as reported with other partner genes. Though uncommon, this translocation might be targeted by tyrosine kinase inhibitors. Clinical significance: The SFPQ -ABL1 fusion has been documented in six patients (3 male, 3 female) between the ages of 10 and 34 years with B-lymphoblastic leukemia, some of which were further diagnosed with BCR-ABL1 (Ph)-like subtype. Two patients had tyrosine kinase inhibitors (dasatinib + imatinib) added to their chemotherapy regimens, who did not have relapse. One additional patient who did not have tyrosine kinase inhibitor also did not suffer from relapse. The clinical details of these cases may predict response to treatment with tyrosine kinase inhibitors. Functional studies are needed to substantiate the efficacy of TKI treatment of this particular ABL-class fusion.",32.5,SFPQ-ABL1
3166,VHL P81S (c.241C>T) and L188V (c.562C>G),,0.0,
3167,PPP2R1A P179R,,4.0,
3168,SPOP R121Q,,3.0,
3169,SPOP M117I,,3.0,
3172,EGFR N771_P772insL,,2.5,
3177,ATRX Deletion,,3.0,
3181,CDKN1A rs1059234,,15.0,
3186,TP53 P250L,,5.0,
3205,PIK3CA C604R,,0.0,
3206,PIK3CA D350N,,0.0,
3209,KRAS G10_A11insG,,4.0,
3210,KRAS A11_G12insGA,,4.0,
3211,SPOP E47K,,2.0,
3212,EGFR R222C,,2.0,ARG222CYS
3213,SPOP E50K,,2.0,
3214,SPOP G75R,,2.0,
3215,SPOP S80R,,2.0,
3217,SPOP D140G,,2.0,
3218,KDR R1032Q,,2.0,
3227,TBL1XR1::CSF1R Fusion,"The TBL1XR1-CSF1R fusion is composed of part of the TBL1XR1 (Transducin Beta Like 1 X-Linked Receptor 1) gene at the 5’ end (N-terminus of the fusion protein), and part of the ABL1 (Colony Stimulating Factor 1 Receptor) gene at the 3’ end (C-terminus of the fusion protein). CSF1R is considered as the key partner that defines the functional/oncogenic effects of the fusion protein. The breakpoint is not published, but is predicted to be the result of a reciprocal translocation t(3;5)(q26.32;q32) and has been identified by RNA sequencing in a single pediatric patient. The consequence of this fusion with respect to treatment response and disease outcome is unknown.",7.5,TBL1XR1-CSF1R
3232,EZH2 Y646H,,8.0,Y641H;TYR646HIS;TYR641HIS
3239,ALK I1171T,,10.0,
3241,CD44 CD44v6,,20.0,
3247,H3-3A G34R,,15.0,
3249,PIK3R2 G373R,,1.0,
3250,PTEN C136R,,3.0,
3258,TP53 R181P,,3.0,
3269,TP53 D259V,,2.0,
3287,TP53 G154S,,0.0,
3300,BRAF G463E,,3.0,
3305,PIK3CA G1007R,,0.0,
3306,PIK3CA N1044K,,0.0,
3307,MTOR R2152C,,0.0,
3325,NFE2L2 G31A,,3.0,
3332,EGFR E114K,,0.0,GLU114LYS
3333,TPR::NTRK1 Fusion,,65.0,TPR-NTRK1
3336,NTRK3 F617L,,5.0,
3394,RCSD1::ABL2 Fusion,,0.0,RCSD1-ABL2
3447,TP53 R342P,,3.0,
3448,TP53 L330P,,3.0,
3449,TP53 L330R,,3.0,
3450,TP53 R337P,,3.0,
3451,TP53 L344P,,3.0,
3475,EZH2 Y646C,,2.0,Y641C;TYR641CYS;TYR646CYS
3490,ASPSCR1::TFE3 Fusion,,59.0,ASPSCR1-TFE3
3511,PIM1 L2V,,3.0,
3512,PIM1 P81S,,3.0,
3513,PIM1 S97N,,3.0,
3527,SMARCB1 LOSS OF NUCLEAR PROTEIN EXPRESSION,,15.0,
3529,ACVR1 R206H,,5.0,
3530,ACVR1 G356D,,5.0,
3534,PIK3CA K944N,,10.0,
3535,PIK3CA F930S,,10.0,
3536,PIK3CA V955G,,10.0,
3537,PIK3CA K966E,,10.0,
3538,PIK3CA L938*,,7.5,
3552,TP53 T125T,,4.0,
3556,ABL2 W469C,,0.0,
3563,FGFR3 K650N,This is a pilot variant of the FGFR ClinGen Somatic Cancer Variant Curation Expert Panel (SC-VCEP) used to establish FGFR specific modifications to the ClinGen/CGC/VICC procedure for classification of somatic variant oncogenicity.,2.0,LYS650ASN
3568,ETV6::NTRK1 Fusion,,3.0,ETV6-NTRK1
3569,VCL::NTRK2 Fusion,,3.0,VCL-NTRK2
3570,AFAP1::NTRK2 Fusion,,3.0,AFAP1-NTRK2
3584,AR R726L,,0.0,
3595,FLCN c.1285dupC,,2.5,HIS429FS
3596,SLC29A1 Overexpression,,20.0,
3598,v::TFE3 Fusion,,115.0,TFE3 Fusion;Xp11.2 translocation;Xp11 translocation
3605,EZH2 Activating Mutation,,35.0,
3609,VHL V87fs (c.255_256insC),,0.0,
3611,VHL N150fs (c.448delA),,0.0,
3612,VHL E55fs (c.163delG),,0.0,
3613,CTCF K365T,,3.0,
3628,TP53 P98S,,3.0,
3629,TP53 P98L,,3.0,
3630,TP53 Y126D,,3.0,
3631,TP53 Y126S,,3.0,
3632,TP53 K139E,,3.0,
3633,TP53 P151S,,3.0,
3635,TP53 P152L,,6.0,
3636,TP53 I162F,,3.0,
3637,TP53 Y163H,,3.0,
3638,TP53 Y236S,,3.0,
3639,TP53 L252F,,3.0,
3640,TP53 E258K,,3.0,
3641,TP53 G262D,,3.0,
3642,TP53 G266E,,6.0,
3643,TP53 L308M,,3.0,
3644,TP53 L323P,,3.0,
3645,TP53 Q144P,,3.0,
3646,TP53 P219H,,3.0,
3647,TP53 Y220H,,3.0,
3648,TP53 E224K,,3.0,
3649,TP53 Y234H,,3.0,
3650,TP53 T230S,,3.0,
3651,TP53 H168Y,,3.0,
3652,TP53 P177S,,3.0,
3653,TP53 P177F,,3.0,
3654,TP53 P177H,,3.0,
3655,TP53 N239S,,3.0,
3656,TP53 S241T,,3.0,
3657,TP53 M246L,,3.0,
3658,TP53 V274F,,3.0,
3659,TP53 G279E,,3.0,
3660,TP53 D281N,,3.0,
3662,TP53 P152T,,2.0,
3663,TP53 R156P,,2.0,
3664,TP53 R181C,,2.0,
3665,TP53 R181G,,2.0,
3666,TP53 R181H,,2.0,
3667,TP53 R283H,,2.0,
3668,TP53 Y163N,,2.0,
3669,TP53 L257P,,2.0,
3778,ESR1 Mutation,,30.0,
3807,H3-3A K27M,,40.0,
3822,IGH::EPOR Fusion,,67.5,IGH-EPOR
3829,EGFR R252C,,0.0,
3868,QKI::RAF1 Fusion,,7.5,QKI-RAF1
3869,KANK4::ALK Fusion,,7.5,KANK4-ALK
3881,FGFR3 K650M,This is a pilot variant of the FGFR ClinGen Somatic Cancer Variant Curation Expert Panel (SC-VCEP) used to establish FGFR specific modifications to the ClinGen/CGC/VICC procedure for classification of somatic variant oncogenicity.,1.0,LYS650MET
3886,MS4A1 Mutation,,15.0,
3887,FGFR3 K650Q,This is a pilot variant of the FGFR ClinGen Somatic Cancer Variant Curation Expert Panel (SC-VCEP) used to establish FGFR specific modifications to the ClinGen/CGC/VICC procedure for classification of somatic variant oncogenicity.,4.0,LYS651GLN;LYS650GLN;LYS652GLN;LYS538GLN;K652Q;K538Q;K651Q
3889,FGFR3 K650T,This is a pilot variant of the FGFR ClinGen Somatic Cancer Variant Curation Expert Panel (SC-VCEP) used to establish FGFR specific modifications to the ClinGen/CGC/VICC procedure for classification of somatic variant oncogenicity.,2.0,K651T;LYS652THR;LYS538THR;K652T;LYS651THR;K538T;LYS650THR
3891,FGFR3 A391E,This is a pilot variant of the FGFR ClinGen Somatic Cancer Variant Curation Expert Panel (SC-VCEP) used to establish FGFR specific modifications to the ClinGen/CGC/VICC procedure for classification of somatic variant oncogenicity.,4.0,A393E;ALA391GLU;ALA393GLU
3892,FGFR3 K650D,,3.0,LYS650ASP
3893,FGFR3 K650L,,2.0,LYS650LEU
3898,FGFR3 G697C,This is a pilot variant of the FGFR ClinGen Somatic Cancer Variant Curation Expert Panel (SC-VCEP) used to establish FGFR specific modifications to the ClinGen/CGC/VICC procedure for classification of somatic variant oncogenicity.,0.0,G699C;GLY699CYS;GLY697CYS
3958,EZH2 Y646N,,12.0,TYR641ASN;Y641N;TYR646ASN
3970,TP53 R156H,,3.0,
3971,TP53 H178P,,3.0,
3974,TP53 E68G,,3.0,
3979,TP53 L111R,,3.0,
3980,TP53 H115Y,,3.0,
3981,TP53 C124R,,3.0,
3982,TP53 L139N,,3.0,
3983,TP53 R158G,,3.0,
3990,TP53 G266V,,3.0,
3991,TP53 V272G,,3.0,
4110,VOPP1::EGFR Fusion,,5.0,VOPP1-EGFR
4120,NTRK3::SCAPER Fusion,,2.5,NTRK3-SCAPER
4121,SCP2::NTRK1 Fusion,,10.0,SCP2-NTRK1
4150,EGFR::PURB Fusion,,0.0,EGFR-PURB
4167,EML4::NTRK3 Fusion,,74.5,EML4-NTRK3
4169,KIF5B::EGFR Fusion,,7.5,KIF5B-EGFR
4170,BRAF V600E AND BRAF V600M,,2.5,
4172,EML4::ALK Fusion AND ALK Amplification,,15.5,
4173,BRAF V600E AND BRAF Amplification,,1.0,
4174,BRAF Amplification AND ( BRAF V600E OR BRAF V600K ),,10.0,
4175,EGFR Amplification AND EGFR::SEPTIN14 Fusion,,5.0,
4177,NTRK1 G595R AND NTRK1 G667S,,0.0,
4179,SRSF2 P95L,,3.0,PRO95LEU
4180,SRSF2 P95H,,3.0,PRO95HIS
4182,KLF5 E419K,,2.0,
4183,KLF5 E419Q,,2.0,
4190,SMAD2 S276L,,1.0,
4197,SMARCA2 R1159Q,,3.0,
4198,SMARCA2 K755R,,3.0,
4215,KMT2C Loss,,0.0,
4217,MYB::QKI Fusion,,40.0,MYB-QKI
4218,MYB Rearrangement,,42.5,
4221,EML4::ALK Fusion AND ALK F1245C,,14.5,
4225,EML4::ALK Fusion AND ALK C1156Y,,34.0,
4230,EML4::ALK Fusion AND ALK L1196M,,21.0,
4236,ALK G1202R AND v::ALK Fusion,"ALK fusion with G1202R mutation in the ALK kinase domain was first identified in a lung adenocarcinoma patient who had progressed after 10 months of responding to crizotinib. Further characterization of this variant verified crizotinib resistance and additionally demonstrated resistance to multiple next generation ALK inhibitors including ceritinib, alectinib and brigatinib. Experiments using the HSP90 inhibitor 17-AAG have indicated potential sensitivity of EML4-ALK G1202R to this drug, suggesting this variant may be an HSP90 client protein.",7.5,ALK FUSION GLY1202ARG
4237,EML4::ALK Fusion AND ALK G1202R,,16.0,
4241,BRAF V600E AND EZH2 Y646F,,0.0,
4243,FLT3 Overexpression AND FLT3LG Expression,,3.0,
4244,CHD7::BEND2 Fusion,,2.5,Translocation (t(8;X)(q12.2;p22.13));CHD7-BEND2
4245,EGFR Amplification AND EGFR EGFRVIII,,0.0,
4250,FLT3 D593del,,3.0,
4253,EML4::ALK Fusion AND ALK L1198F AND ALK C1156Y,EML4-ALK C1156Y alone is resistant to crizotinib in non-small cell lung cancer (NSCLC) which has been shown to be modulated (both increased sensitivity and resistance) by additional ALK mutations. A case report showed that an NSCLC harboring EML4-ALK C1156Y-L1198F was resistant to lorlatinib but this second mutation re-sensitized this tumor to crizotinib.,20.0,
4255,EML4::ALK Fusion AND ALK L1152R,,10.0,
4308,EML4::ALK Fusion AND ALK T1151dup,"The ALK fusion variant with insertion of T at amino acid 1151 was found in an ALK rearranged lung adenocarcinoma which had progressed after responding to crizotinib treatment. The mutation was absent in tumor sample taken before crizotinib treatment. Characterization of the variant using cell lines expressing EML4-ALK with 1151 T insert found the variant to be highly crizotinib resistant, and other work demonstrated resistance to next generation inhibitor alectinib, while resistance to tool compound TAE684 indicates potential resistance to the next generation ALK inhibitor ceritinib which is derived from TAE684. Other experiments suggest theraputic potential for HSP90 inhibitors, as EML4-ALK T1151 Tins sensitivity to 17-AAG has been observed.",18.0,
4309,EML4::ALK Fusion AND ALK S1206Y,,6.0,
4311,ALK G1269A AND v::ALK Fusion,,10.0,
4312,EML4::ALK Fusion AND ALK G1269A,The EML4-ALK G1269A mutation has been identified in non-small cell lung cancer patients resistant to crizotinib. Cell line data from multiple groups have shown this mutation enhances resistance to crizotinib treatment in vitro.,22.5,EML4-ALK GLY1269ALA;EML4-ALK G1269A
4328,EML4::ALK Fusion AND ALK I1171N AND ALK L1196M,,17.5,
4329,EML4::ALK Fusion AND ALK G1202R AND ALK I1171N AND ALK L1196M,,7.5,
4332,ALK I1171N AND HIP1::ALK Fusion,,5.0,
4336,EGFR S645C,,3.0,
4337,EGFR K754E,,3.0,
4338,ARAF S214F,,3.0,
4339,ARAF V145L,,3.0,
4340,GNA11 R183C,,3.0,
4341,GNA11 Q209L,,3.0,
4343,EZH2 A682G,,25.5,ALA682GLY;A677G;ALA677GLY
4344,EZH2 Y646S OR EZH2 Y646F OR EZH2 Y646H OR EZH2 Y646C OR EZH2 Y646N OR EZH2 A692V OR EZH2 A682G,"The cobas EZH2 Mutation Test is an FDA-companion, qualitative real-time PCR test currently used to identify specific EZH2 mutations to help determine whether patients with follicular lymphoma should be considered for treatment with Tazverik (Tazemetostat). Those mutations can be any of five present in exon 16 (Y646N, Y646F, or Y646X = Y646H, Y646S, Y646C), or two located in exon 18 (A682G and A692V). The Y646X is reported in this manner due to the used master mix in the assay that contains one fluorescent dye to report any of the three variants in the X group.",55.0,COBAS EZH2 MUTATION TEST
4347,EZH2 expression,,5.0,
4351,EML4::ALK Fusion AND ALK V1180L,,13.0,EML4-ALK V1180L;EML4-ALK VAL1180LEU
4353,NOT KIT D816V,,5.0,
4357,EML4::ALK Fusion AND ALK I1171S,,5.0,
4366,MET Amplification AND MET Splice Site (c.3028G>A),,7.5,
4368,MTOR E2014K AND MTOR E2419K,,5.0,
4373,BCR::ABL1 Fusion AND ABL1 T315I,,181.0,
4374,BCR::ABL1 Fusion AND ABL1 F311I,,5.0,BCR-ABL PHE311ILE;BCR-ABL F311I;BCR-ABL1 F311I;BCR-ABL1 PHE311ILE
4376,BCR::ABL1 Fusion AND ABL1 F317L,"BCR-ABL F317L, like the similar BCR-ABL T315I mutation, is becoming a common clinical marker for resistance to front-line therapies in CML. It has been shown to confer resistance to dasatinib, but responds well to ponatinib and other second generation inhibitors.",96.5,
4380,BCR::ABL1 Fusion AND ( ABL1 F317L OR ABL1 F317V ),,5.0,
4381,BCR::ABL1 Fusion AND ABL1 F317V,,13.0,
4386,CHEK2 mutation,,30.0,
4387,PPP2R2A Mutation,,10.0,
4388,RAD54L Mutation,,30.0,
4389,BRIP1 Mutation,,20.0,
4390,BARD1 Mutation,,20.0,
4391,CHEK1 Mutation,,20.0,
4393,RAD51B Mutation,,20.0,
4395,RAD51D Mutation,,20.0,
4399,EZH2 Y646S AND EZH2 Y646F AND EZH2 Y646H AND EZH2 Y646C AND EZH2 Y646N AND EZH2 A692V AND EZH2 A682G,,20.0,
4407,TP53 Loss,,3.0,
4409,BRCA1 Mutation OR BRCA2 Mutation,,125.0,
4424,v::RET Fusion OR RET Mutation,,90.0,
4431,BCR::ABL1 Fusion AND ABL1 E255K,,83.0,
4432,EGFR L858R OR EGFR Exon 19 Deletion,,410.0,
4447,RET M918T AND RET V804M,,10.0,
4453,BRAF V600E OR KIAA1549::BRAF Fusion,,0.0,
4463,ERBB2 A775_G776insYVMA,,40.0,
4464,ERBB2 G778_P780dup,,0.0,
4467,ERBB2 G776delinsVC,,0.0,
4470,ERBB2 S310F,,5.0,
4476,DCTN1::ALK Fusion,,7.5,DCTN1-ALK
4477,ZMYM2::FGFR1 Fusion,,0.0,ZMYM2-FGFR1
4482,ZMYM2::FGFR1 Fusion OR BCR::FGFR1 Fusion OR CEP43::FGFR1 Fusion OR TRIM24::FGFR1 Fusion OR FGFR1 Translocation,,0.0,
4499,EGFR S768I OR EGFR G719A OR EGFR L861Q,,50.0,
4503,LMNA::NTRK1 Fusion AND NTRK1 G595R,,6.0,
4505,LMNA::NTRK1 Fusion AND NTRK1 F589L,,6.0,
4507,LMNA::NTRK1 Fusion AND NTRK1 G595R AND NTRK1 F589L,,3.0,
4509,LMNA::NTRK1 Fusion AND NTRK1 G667C,,6.0,
4547,BCOR ITD,,165.0,INTERNAL TANDEM DUPLICATION
4548,ZFTA::RELA Fusion,,103.0,C11ORF95::RELA;RELA FUSION;ZFTA-RELA
4550,BCR::ABL1 Fusion AND ABL1 Y253H,,82.0,
4553,BCR::ABL1 Fusion AND ABL1 D276G,,18.0,
4555,BCR::ABL1 Fusion AND ABL1 G250E,,67.0,
4556,BCR::ABL1 Fusion AND ABL1 M351T,,65.5,
4560,ZFTA::NCOA1 Fusion,,5.0,ZFTA-NCOA1
4561,ZFTA::NCOA2 Fusion,,5.0,ZFTA-NCOA2
4562,ZFTA::MAML2 Fusion,,5.0,ZFTA-MAML2
4563,MN1::ZFTA Fusion,,2.5,MN1-ZFTA
4564,QKI::NTRK2 Fusion,,12.5,QKI-NTRK2
4566,ZFTA::v Fusion,,0.0,ZFTA-v;ZFTA Fusion
4596,NTRK3 G623R AND EML4::NTRK3 Fusion,,5.0,
4616,FLT3 ITD AND FLT3 D835Y,,0.0,
4620,FOXR2 Rearrangement,,60.0,
4622,YAP1::TFE3 Fusion,,40.0,YAP1-TFE3
4644,MTAP Deletion,,0.0,
4645,VGLL2::v Fusion,,52.5,VGLL2 Fusion
4646,v::NCOA2 Fusion,,72.5,NCOA2 Fusion
4659,EGFR T790M AND EGFR Exon 19 Deletion,,42.5,
4660,EGFR L858R AND EGFR T790M,,40.0,
4662,BCR::ABL1 Fusion AND ABL1 M244V,,0.0,
4664,BCR::ABL1 Fusion AND ABL1 F359V,,0.0,
4666,FUS::ERG Fusion,,40.0,FUS-ERG
4668,EWSR1::ERG Fusion,,32.5,EWSR1-ERG
4669,EWSR1::NFATC2 Fusion,,30.0,EWSR1-NFATC2
4670,FUS::NFATC2 Fusion,,27.5,FUS-NFATC2
4673,BCR::ABL1 Fusion AND ABL1 E255V,,54.5,
4675,BCR::ABL1 Fusion AND ABL1 F359I,,0.0,
4678,BCR::ABL1 Fusion AND ABL1 E355G,,0.0,
4680,BCR::ABL1 Fusion AND ABL1 F359C,,0.0,BCR-ABL F359C;BCR-ABL1 PHE359CYS;BCR-ABL1 F359C;BCR::ABL1 F359C;BCR-ABL PHE359CYS
4683,BCR::ABL1 Fusion AND ABL1 H396R,,0.0,BCR::ABL1 H396R;BCR::ABL H396R;BCR-ABL H396R;BCR-ABL1 H396R
4685,FGFR2::v Fusion OR FGFR2::? Fusion,,75.0,FGFR2 FUSION OR REARRANGEMENT
4706,ERBB2 Mutation OR ERBB3 Mutation,,0.0,
4707,BRAF V600E OR BRAF K601E,,15.0,
4709,CCND1 Amplification OR CCND2 Amplification OR CCND3 Amplification,,0.0,
4714,BCR::ABL1 Fusion AND ABL1 L248V,,0.0,
4715,BRAF V600E OR NRAS Mutation OR HRAS Mutation OR KRAS Mutation OR NF1 Mutation,,0.0,
4716,CDKN2A Loss OR CDKN2A Mutation,,15.0,
4719,BCR::ABL1 Fusion AND ABL1 Q252H,,31.0,
4721,BCR::ABL1 Fusion AND ABL1 F486S,,0.0,
4723,BCR::ABL1 Fusion AND ABL1 A397P,,0.0,
4725,BCR::ABL1 Fusion AND ABL1 D363G,,0.0,
4727,BCR::ABL1 Fusion AND ABL1 D421G,,0.0,
4729,BCR::ABL1 Fusion AND ABL1 E255K AND ABL1 V299L,,0.0,
4730,BCR::ABL1 Fusion AND ABL1 V299L,,31.5,
4733,MSH2 Loss OR MLH1 Loss,,0.0,
4742,BCR::ABL1 Fusion AND ABL1 T315A,,0.0,
4743,BCR::ABL1 Fusion AND ABL1 E279K,,0.0,
4744,BCR::ABL1 Fusion AND ABL1 E292L,,0.0,
4745,BCR::ABL1 Fusion AND ABL1 E292V,,0.0,
4746,BCR::ABL1 Fusion AND ABL1 E450Q,,0.0,
4747,v::TFEB Fusion,,20.0,TFEB Fusion;t(6;11)(p21;q12)
4748,BRAF V600E OR NRAS Mutation OR HRAS Mutation OR KRAS Mutation OR NF1 Inactivating Mutation,,0.0,
4750,RB1 Wildtype AND ( CDKN2A Loss OR CDKN2A Mutation ),,0.0,
4756,IDH2 Mutation OR IDH1 Mutation,,0.0,
4780,ERBB2 L755A,,0.0,
4783,ERBB2 L755M,,0.0,
4800,TCF3::PBX1 Fusion,,90.0,TCF3-PBX1
4828,BCR::ABL1 Fusion AND ABL1 E450V,,0.0,
4829,BCR::ABL1 Fusion AND ABL1 E453A,,0.0,
4830,BCR::ABL1 Fusion AND ABL1 E453K,,0.0,
4832,BCR::ABL1 Fusion AND ABL1 E453Q,,0.0,
4833,BCR::ABL1 Fusion AND ABL1 E459K,,0.0,
4834,BCR::ABL1 Fusion AND ABL1 E98G,,0.0,
4835,BCR::ABL1 Fusion AND ABL1 F311L,,0.0,
4836,BCR::ABL1 Fusion AND ABL1 F317C,,0.0,
4837,BCR::ABL1 Fusion AND ABL1 F317I,,0.0,
4838,BCR::ABL1 Fusion AND ABL1 F317R,,0.0,
4839,BCR::ABL1 Fusion AND ABL1 F317S,,0.0,
4852,ERBB2 A775_G776insTVMA,,0.0,
4853,ERBB2 A775_G776insV,,0.0,
4854,ERBB2 A775_G776insVVMA,,0.0,
4855,ERBB2 G776_V777delinsVCD,,0.0,
4856,ERBB2 G776delinsCV,,0.0,
4857,ERBB2 G776delinsLC,,0.0,
4858,ERBB2 G778_S779insLPS,,0.0,
4872,BCR::ABL1 Fusion AND ABL1 G398R,,0.0,
4873,BCR::ABL1 Fusion AND ABL1 H396P,,0.0,
4875,BCR::ABL1 Fusion AND ABL1 L248R,,0.0,
4876,BCR::ABL1 Fusion AND ABL1 L248R AND ABL1 F359I,,0.0,
4877,BCR::ABL1 Fusion AND ABL1 L364I,,0.0,
4878,MYBL1 Rearrangement,,40.0,
4880,SERPINE1::FOSB Fusion,,15.0,
4882,ARID1A Loss OR ARID1A Wildtype,,0.0,
4884,BCR::ABL1 Fusion AND ABL1 L364P,,0.0,
4885,BCR::ABL1 Fusion AND ABL1 L384M,,0.0,
4886,BCR::ABL1 Fusion AND ABL1 L387F,,0.0,
4887,BCR::ABL1 Fusion AND ABL1 L387M,,0.0,
4888,BCR::ABL1 Fusion AND ABL1 L364I AND ABL1 M244V,,0.0,
4889,BCR::ABL1 Fusion AND ABL1 M343T,,0.0,
4890,BCR::ABL1 Fusion AND ABL1 M388L,,0.0,
4891,BCR::ABL1 Fusion AND ABL1 N146S,,0.0,
4894,RALGPS2::NTRK3 e1::e4,,7.5,RALGPS2-NTRK3
4897,BCR::ABL1 Fusion AND ABL1 N331S,,0.0,
4898,BCR::ABL1 Fusion AND ABL1 N336S,,0.0,
4899,BCR::ABL1 Fusion AND ABL1 P480A,,0.0,
4901,BCR::ABL1 Fusion AND ABL1 Q300R,,0.0,
4902,BCR::ABL1 Fusion AND ABL1 S417Y,,0.0,
4903,BCR::ABL1 Fusion AND ABL1 S438C,,0.0,
4931,EEF1G::ROS1 Fusion,,7.5,
4932,EML1::NTRK2 Fusion,,7.5,
4938,RET E632_L633del,,18.0,
4939,RET C618R,,2.0,
4951,BCR::ABL1 Fusion AND ABL1 T315V,,0.0,
4952,YAP1::MAMLD1 Fusion,,0.0,
4953,YAP1::SIRAL1 Fusion,,0.0,
4954,YAP1::v Fusion,,0.0,YAP1 Fusion
5038,UFD1::NTRK2 e6::e7,,7.5,
5039,VPS18::NTRK3 e4::e1,,7.5,
5040,MYB Truncation,,0.0,
5065,PIK3CA Mutation OR PTEN Mutation OR AKT1 Mutation,,0.0,
5066,ROS1 G2032R AND v::ROS1 Fusion,,0.0,
5071,NF1 Mutation OR GNA11 Q209L,,0.0,
5073,ROS1 L2026M AND CD74::ROS1 Fusion,,0.0,
5074,FIP1L1::PDGFRA Fusion AND PDGFRA T674I,,0.0,
5075,ROS1 G2032R AND CD74::ROS1 Fusion,"The G2032R missense mutation has been observed in patients with crizotinib-resistant non-small cell lung cancer harboring CD74-ROS1 rearrangement. Independent in vitro studies have confirmed that this mutation confers marked resistance to crizotinib cells over CD74-ROS1 alone. Multiple groups have indicated CD74-ROS1 G2032R expressing cell lines are sensitive to both cabozantinib and foretinib individually administered in vitro. One group additionally showed this mutation conferred relative resistance to alectinib, brigatinib, ceritinib, and AZD3463 in vitro.",0.0,
5076,ROS1 G2032R AND SLC4A4::ROS1 Fusion,,0.0,
5077,BRAF V600 OR v::BRAF Fusion,,0.0,
5106,KMT2C Mutation OR KMT2A Mutation,,20.0,
5111,ROS1 G2101A AND CD74::ROS1 Fusion,,0.0,
5113,BCR::NTRK2 Fusion,,2.5,
5115,BCR::ABL1 Fusion AND ABL1 Y253F,,0.0,
5117,TMB High,Tumors with a high mutational burden (TMB-High) are reported to have increased sensitivity to immunotherapy. High Tumor Mutation Burden is defined as 10 or more mutations per MB of DNA in an FDA approved companion diagnostic test based on next generation sequencing.,265.0,High Tumor Mutational Burden;TMB-H
5118,MSI High,"High microsatellite instability will often arise in cases where mismatch repair is deficient (dMMR). In tumors with MSI, marker length at microsatellite sequences will differ from that in normal tissue. Determination of MSI-High will usually include criteria such as tumor DNA showing additional microsatellite alleles of different lengths in multiple microsatellite markers, or greater than one third of all microsatellite markers examined. MSI-H has been associated to better prognosis in colorectal cancer, and also reported to be associated with sensitivity to checkpoint inhibition therapy in some instances.",80.0,Microsatellite Instability High;dMMR;deficient DNA mismatch repair;MSI-H
5119,Kataegis Positive,"Tumors postitive for kataegis show areas of the genome with increased rates of mutation including C>T and C>G, where average intermutation distances may be less than 1kb apart in the enriched areas.",0.0,
5120,CK High,High complex karyotype (CK) is defined as having greater than or equal to 5 chromosomal aberrations (structural and/or numerical) identified by using chromosome-banding analysis (CBA),0.0,
5125,ROS1 L2155S AND CD74::ROS1 Fusion,,0.0,
5146,TP53 R72P,,0.0,
5149,PIK3CA Mutation OR RB1 Mutation OR ESR1 Mutation,,0.0,
5151,v::NUTM1 Fusion,,85.0,NUTM1 Fusion
5152,BRD4::NUTM1 Fusion,,45.5,
5154,EWSR1::CREB3L1 Fusion,,22.5,
5155,FUS::CREB3L2 Fusion,,35.0,
5161,ETV6::NTRK3 Fusion AND NTRK3 G623R,,10.0,
5162,KRAS G12 OR KRAS G13,,0.0,
5163,v::NTRK1 Fusion OR v::NTRK3 Fusion OR v::NTRK2 Fusion,,20.0,
5187,MN1 Rearrangement,,40.0,
5189,MALAT1::GLI1 Fusion,,20.0,
5190,LPP::HMGA2 Fusion OR HMGA2::LPP Fusion,,0.0,
5191,MN1::BEND2 Fusion,,0.0,MN1-BEND2
5195,MNX1::ETV6 Fusion,,30.0,MNX1-ETV6
5201,FGFR2 Mutation OR FGFR2::v Fusion OR FGFR2::? Fusion,,0.0,
5217,DEK::NUP214 Fusion,,40.0,DEK-NUP214
5218,NPM1::MLF1 Fusion,,37.5,
5220,CD72::ROS1 Fusion,,0.0,CD72-ROS1
5221,SDC4::ROS1 Fusion,,0.0,SDC4-ROS1
5222,v::ALK Fusion OR v::ROS1 Fusion,,0.0,
5232,FGFR3::TACC3 Fusion AND FGFR2::CCDC6 Fusion,,0.0,
5233,IFNGR1 Loss,,0.0,
5238,BCR::ABL1 Fusion AND ABL1 V379I,,0.0,
5239,PML::RARA Fusion AND PML A216V,,0.0,
5240,PML::RARA Fusion AND PML L218P,,0.0,
5241,BCR::ABL1 Fusion AND ABL1 V289I,,0.0,
5243,AGGF1::PDGFRB Fusion AND PDGFRB C843G,,0.0,
5244,LMNA::NTRK1 Fusion AND NTRK1 G595R AND NTRK1 G667C,,0.0,
5250,GOLGA4::RAF1 Fusion,,0.0,
5251,ANO10::RAF1 Fusion,,0.0,
5256,BCOR::CCNB3 Fusion OR BCOR::MAML3 Fusion,,15.0,
5257,v::MITF Fusion,,0.0,MITF Fusion
5267,KAT6A::CREBBP Fusion,,35.0,
5283,YWHAE::NUTM2A Fusion OR YWHAE::NUTM2B Fusion OR YWHAE::NUTM2E Fusion,,0.0,YWHAE::FAM22;NUTM2 FUSION;YWHAE-NUTM2 FUSION;YWHAE::NUTM2;YWHAE-FAM22;T(10;17)(Q23;P13)
5284,Methylation signature ST-EPN-ZFTA,"The Supratentorial Ependymoma ZFTA Fusion-Positive Methylation Signature (ST-EPN-ZFTA, formerly ST-EPN-RELA) methylation based signature (Heidelberg Brain Tumor Methylation Classifier; DKFZ Classifier) found almost exclusively among supratentorial ependymomas with ZFTA-RELA (or other ZFTA) fusions, used commonly as a diagnostic tool for identifying ""Supratentorial ependymoma, ZFTA fusion-positive"" subtype as defined by the WHO Classification of Tumors of the Central Nervous (2021) even in the absence of DNA or RNA testing or evidence for these fusions.",0.0,ST-EPN-RELA;ST-RELA;EPN-RELA;ST-ZFTA;EPN;RELA
5287,MTOR Mutation OR PIK3CA Mutation OR PTEN Mutation OR AKT1 Mutation OR AKT2 Mutation,,0.0,
5288,PIK3CA H1047R OR PIK3CA H1047Y OR PIK3CA H1047L,,0.0,
5292,MEF2D::v Fusion,,35.0,
5296,PIK3CA E545K OR PIK3CA E545A OR PIK3CA E545G OR PIK3CA E545D,,0.0,
5297,IDH2 R172K OR IDH2 R172G OR IDH2 R172W,,0.0,
5298,IDH1 R132C OR IDH1 R132H OR IDH1 R132L OR IDH1 R132G OR IDH1 R132S,,0.0,
5299,PIK3CA Q546E OR PIK3CA Q546R,,0.0,
5305,VPS18::NTRK3 e4::e18,,2.5,
5317,PIK3CA Exon 21 Mutation AND PIK3CA Exon 10 Mutation,,25.0,
5318,PIK3CA Exon 21 Mutation OR PIK3CA Exon 10 Mutation,,0.0,
5319,PIK3CA H1047R OR PIK3CA H1047L,,0.0,
5326,v::IRF4 Fusion,,35.0,
5328,LRP1B Loss-of-function,,30.0,
5334,TCF3::HLF Fusion,,0.0,
5335,IGH::IL3 Fusion,,0.0,
5360,IGH::DUX4 Fusion,,60.0,
5379,BRAF V600E AND NF1 Loss,,0.0,
5382,v::TFCP2 Fusion,,25.0,
5383,FUS::TFCP2 Fusion,,10.0,
5384,v::NR4A3 Fusion,,62.5,
5386,KEAP1 Mutation,,2.0,
5390,BRCA1 Loss-of-function OR BAP1 Loss-of-function,,15.0,
5411,BRAF V600 AND BRAF Amplification,,0.0,
5416,PIK3CA E542K OR PIK3CA E545K OR PIK3CA H1047R,,0.0,
5422,EGFR::RAD51 e24::e4,,0.0,
5423,NUP98::v Fusion,,60.0,
5427,IGH::MYC Fusion,,22.5,
5429,GOPC::ROS1 e7::e35,,0.0,
5437,C19MC Amplification,,0.0,
5438,C19MC TTYH1::C19MC fusion,,0.0,
5439,C19MC v::C19MC fusion,,0.0,
5442,EPOR rearrangements,,0.0,
5443,C19MC Alterations,,0.0,
5447,EGFR::USP42 Fusion,,2.5,
5448,MECOM rearrangement,,0.0,
5452,FUS::TFCP2 Fusion AND ALK Exon 2-18 Deletion,,10.0,
5469,KIT A829P AND ( KIT W557_K558del OR KIT V560_Y578del ),,0.0,
5475,v::ZNF384 Fusion,,35.0,
5491,BRAF V600E AND GNAS R201C,,0.0,
5492,BRAF V600E AND ARAF S490T,,0.0,
5513,EGFR T790M AND EGFR Exon 19 Deletion AND EGFR C797S,,0.0,
5535,KIF5B::RET Fusion AND ( RET G810C OR RET G810S OR RET G810R ),,0.0,
5537,RET M918T AND RET G810S,,0.0,
5545,SRF::v Fusion,,55.0,
5549,TMB Low,,5.0,
5556,PIK3CA H1047R OR PIK3CA H1047Y OR PIK3CA H1047L OR PIK3CA H1047D OR PIK3CA H1047I OR PIK3CA H1047N OR PIK3CA H1047P OR PIK3CA H1047Q OR PIK3CA H1047T,,30.0,
5563,PIK3CA E542K OR PIK3CA E542Q OR PIK3CA E542A OR PIK3CA E542D OR PIK3CA E542G OR PIK3CA E542R OR PIK3CA E542V,,30.0,
5567,PIK3CA Q546K OR PIK3CA Q546E OR PIK3CA Q546P OR PIK3CA Q546R OR PIK3CA Q546L OR PIK3CA K111E OR PIK3CA K111N OR PIK3CA K111R OR PIK3CA Q546H,,30.0,
5574,PIK3CA G1049S OR PIK3CA G1049R OR PIK3CA G106V OR PIK3CA G106R OR PIK3CA G1049A OR PIK3CA G106S OR PIK3CA G106A OR PIK3CA G106D OR PIK3CA G118D OR PIK3CA G1049C OR PIK3CA G1049D,,30.0,
5581,PIK3CA N345K OR PIK3CA N345D OR PIK3CA N345H OR PIK3CA N345I OR PIK3CA N345S OR PIK3CA N345T OR PIK3CA N345Y,,30.0,
5583,PIK3CA R88Q OR PIK3CA C420R OR PIK3CA M1043V OR PIK3CA M1043I OR PIK3CA M1043T,,30.0,
5588,PIK3CA E453K OR PIK3CA E453Q OR PIK3CA E453A OR PIK3CA E453D OR PIK3CA E453G OR PIK3CA E453V,,30.0,
5600,NFE2L2 Mutation OR KEAP1 Mutation OR CUL3 Mutation,,10.0,
5601,FGFR1 Amplification OR FGFR1 Overexpression,,4.0,
5606,ERBB2 L755P OR ERBB2 G776V OR ERBB2 G776delinsVC OR ERBB2 P780_Y781insGSP,,40.0,
5613,NQO1 Overexpression,,2.0,
5614,CTAG1B Expression,,15.0,
5618,PIK3CA E545K OR PIK3CA E545Q OR PIK3CA E545A OR PIK3CA E545G OR PIK3CA E545V OR PIK3CA E545D OR PIK3CA E545L OR PIK3CA E545R,,30.0,
5622,EWSR1::NR4A3 Fusion OR TAF15::NR4A3 Fusion,,5.0,
5626,MMP1 Overexpression,,3.0,
5627,PIK3CA Mutation OR PTEN Mutation OR PIK3R1 Mutation,,20.0,
5640,FLT3 ITD OR FLT3 D835 OR FLT3 I836,,0.0,
5687,EGFR D770delinsGY OR EGFR D770_N771insY OR EGFR N771_P772insT OR EGFR H773_V774insGNPH OR EGFR A767_S768insTLA OR EGFR S768_V769insLDS OR EGFR V769_D770insCV OR EGFR V769_D770insGA OR EGFR V769_D770insGVASV OR EGFR D770delinsAS,,40.0,
5688,EGFR D770_N771insGT OR EGFR D770_N771insD OR EGFR D770_N771insF OR EGFR D770_N771insGD OR EGFR D770_N771insT OR EGFR N771delinsCH OR EGFR N771delinsGF OR EGFR N771delinsRD OR EGFR N771delinsSQRGH OR EGFR N771_P772insDN,,40.0,
5690,EGFR H773delinsYNPY OR EGFR H773delinsYPNPY OR EGFR H773_V774insHPH OR EGFR H773_V774insTH OR EGFR C775_R776insNPHVC,,40.0,
5691,EGFR H773_V774insH OR EGFR D770_N771insG OR EGFR H773_V774insNPH OR EGFR A763_Y764insFQEA OR EGFR V774_C775insHV OR EGFR H773_V774insPH OR EGFR H773_V774insAH OR EGFR D770_N771insH OR EGFR N771dup,,40.0,
5696,MET Amplification AND NOT KRAS Mutation,,0.0,
5702,BRAF V600E AND PIK3R2 N561D,,0.0,
5725,EML4::ALK Fusion AND ABCB1 Overexpression,,6.0,
5752,NTRK1 Amplification OR NTRK3 Amplification OR NTRK2 Amplification,,0.0,
5782,EGFR S768_D770dup OR EGFR A767_V769dupASV,,40.0,
5787,EGFR N771delinsGY OR EGFR P772_H773insYNP OR EGFR N771_P772insRH OR EGFR N771_P772insVDN OR EGFR P772delinsHR OR EGFR P772_H773insDNP OR EGFR P772_H773insPHP OR EGFR P772_H773insQ OR EGFR P772_H773insRNP OR EGFR H773delinsNPY OR EGFR H773delinsPNPY,,0.0,
5796,TMB H-bTMB,,20.0,
5801,v::MAML2 Fusion,,50.0,
5803,PTEN Loss AND PIK3CA K111N,,0.0,
5804,BRAF V600E AND PIK3CA Overexpression,,0.0,
5805,KIT A502_Y503dup,,0.0,
5806,BRAF V600E AND KRAS G12D,,0.0,
5809,KIT W557_K558del AND KIT N822K,,0.0,
5814,TP53 R273C OR TP53 G245S OR TP53 R213*,,5.0,
5817,TP53 R175H OR TP53 H193R,,0.0,
5820,EWSR1::PATZ1 Fusion,,22.5,
5835,FOSB::WWTR1 Fusion,,10.0,
5852,FOSB FOSB fusions,,0.0,
5856,v::TYK2 Fusion,,10.0,
5858,v::LYN Fusion,,22.5,
5861,ERBB2 Y772_A775dup OR ERBB2 G778_P780dup OR ERBB2 G776delinsVC OR ERBB2 V659E OR ERBB2 S310F OR ERBB2 G776delinsLC,,40.0,
5862,ERBB2 Kinase Domain Mutation OR ERBB2 Exon 20 Insertion,,20.0,
5865,MYB::TYK2 Fusion,,7.5,
5867,SSTR5 Overexpression,,0.0,
5868,TMB mTMB,,25.0,
5872,EWSR1::TFCP2 Fusion,,27.5,
5875,NR4A3 rearrangement,,0.0,
5880,PAX5 PAX5::AUTS2,,20.0,
5883,EWSR1 EWSR1::CREB1,,37.5,
5887,PAX5::v Fusion,,75.0,
5888,ACT::FOSB Fusion,,0.0,
5906,TMB Low on-treatment bTMB,,20.0,
5908,EWSR1 Fusion,,37.5,
5909,EWSR1 Fsuion,,15.0,
5927,EGFR T790M AND EGFR Exon 19 del,,7.5,
200000,MSI-High,Stato fenotipico globale di instabilità dei microsatelliti,10.0,MSI-H;Microsatellite Instability-High
200002,TMB-High,Tumor Mutational Burden-High (>=10 mut/Mb),10.0,TMB-H;TMB-High;Tumor Mutational Burden-High
