entrez_id,hugo_symbol,gene_type,is_oncokb_annotated,grch38_isoform,grch38_refseq,aliases,categories,civic_description
25,ABL1,ONCOGENE,True,ENST00000318560,NM_005157.4,ABL;JTK7;c-ABL,CLINICALLY ACTIONABLE;KINASE;TYROSINE KINASE;TUMOR SUPPRESSOR;DRUG RESISTANCE;DRUGGABLE GENOME,"ABL1 is most relevant to cancer in its role in the BCR-ABL fusion protein that has become a signature of chronic myeloid leukemia (CML). Cells harboring this fusion have shown sensitivity to imatinib, greatly improving the prognostic outlook of the disease. However, additional mutations in ABL1 have been shown to confer resistance to imatinib. In these resistance cases, second-generation tyrosine kinase inhibitors such as dasatinib and nilotinib have exhibited some efficacy and are currently undergoing clinical trials for treating acquired resistance in CML."
207,AKT1,ONCOGENE,True,ENST00000349310,NM_001014431.1,AKT;PKB;PRKBA;RAC;RAC-alpha,CLINICALLY ACTIONABLE;KINASE;SERINE THREONINE KINASE;DRUGGABLE GENOME;DRUG RESISTANCE;ENZYME;TRANSCRIPTION FACTOR;TRANSPORTER,"AKT1, also referred to as protein kinase B, is a known oncogene. AKT activation relies on the PI3K pathway, and is recognized as a critical node in the pathway. The E17 hotspot is the most characterized of AKT1 mutations, and has been shown to result in activation of the protein. Mutations in AKT1 have also been shown to confer resistance to allosteric kinase inhibitors in vitro."
238,ALK,ONCOGENE,True,ENST00000389048,NM_004304.4,CD246,DRUG RESISTANCE;DRUGGABLE GENOME;CLINICALLY ACTIONABLE;TYROSINE KINASE;KINASE,"ALK amplifications, fusions and mutations have been shown to be driving events in non-small cell lung cancer. While crizontinib has demonstrated efficacy in treating the amplification, mutations in ALK have been shown to confer resistance to current tyrosine kinase inhibitors. Second-generation TKI's have seen varied success in treating these resistant cases, and the HSP90 inhibitor 17-AAG has been shown to be cytostatic in ALK-altered cell lines."
139285,AMER1,TSG,True,ENST00000374869,NM_152424.3,FAM123B;FLJ39827;RP11-403E24.2;WTX,CLINICALLY ACTIONABLE,
324,APC,TSG,True,ENST00000257430,NM_000038.5,DP2.5;PPP1R46,CLINICALLY ACTIONABLE,
367,AR,ONCOGENE,True,ENST00000374690,NM_000044.3,AIS;DHTR;HUMARA;NR3C4;SBMA;SMAX1,NUCLEAR HORMONE RECEPTOR;CLINICALLY ACTIONABLE;DRUG RESISTANCE;DRUGGABLE GENOME;G PROTEIN COUPLED RECEPTOR;TRANSCRIPTION FACTOR,
8289,ARID1A,TSG,True,ENST00000324856,NM_006015.4,B120;BAF250;BAF250a;C10rf4;C1orf4;P270;SMARCF1,CLINICALLY ACTIONABLE,
171023,ASXL1,TSG,True,ENST00000375687,NM_015338.5,KIAA0978,CLINICALLY ACTIONABLE;NUCLEAR HORMONE RECEPTOR,
472,ATM,TSG,True,ENST00000278616,NM_000051.3,ATA;ATC;ATD;ATDC;TEL1;TELO1,CLINICALLY ACTIONABLE;DRUGGABLE GENOME;DRUG RESISTANCE;SERINE THREONINE KINASE;TUMOR SUPPRESSOR;ENZYME;KINASE,"Ataxia-telangiectasia (A-T) is a recessive disorder resulting from germline mutation of the A-T mutated (ATM) gene on chromosome 11q. Upon sensing double-stranded breaks (DSB), the wild-type kinase encoded by ATM initiates the DNA-damage response by phosphorylating histone H2AX and, subsequently, various other proteins, such as BRCA1 and the MRE11–RAD50–NBS1 (MRN) complex, which are recruited to the damaged site. Additionally, ATM phosphorylates p53, resulting in expression of the cyclin-dependent kinase inhibitor p21 and leading to senescence or apoptosis. Somatic variants can result in inhibition or loss of these functions and can cause resistance to therapies that rely on inducing apoptosis via DSBs. Germline variants in A-T patients result in a predisposition to cancer, most frequently hematologic or breast. PARP inhibition has been studied for its potential in treating ATM mutated breast cancer patients."
546,ATRX,TSG,True,ENST00000373344,NM_000489.3,JMS;MRX52;RAD54;XH2;XNP,DNA REPAIR;CLINICALLY ACTIONABLE;ENZYME,
8312,AXIN1,TSG,True,ENST00000262320,NM_003502.3,PPP1R49,CLINICALLY ACTIONABLE;KINASE,
8314,BAP1,TSG,True,ENST00000460680,NM_004656.3,KIAA0272;UCHL2;hucep-6,CLINICALLY ACTIONABLE;PROTEASE;DRUG RESISTANCE;TUMOR SUPPRESSOR;ENZYME,"BAP1 is a deubiquitylase thought to be a key regulator of many cancer-associated pathways. Germline alterations in BAP1 have been characterized as predisposing variants to familial melanocytic skin tumors. These alterations also have been linked to the development of mesothelioma, uveal melanoma, cutaneous melanoma and others. Clinically, the role of BAP1 is still being investigated. However, the development of intradermal tumors known as melanocytic BAP1-associated intradermal tumors (MBAITs) are enough for a patient to be subject to more intense surveillance to catch other malignancies as early as possible."
596,BCL2,ONCOGENE,True,ENST00000333681,NM_000633.2,Bcl-2;PPP1R50,CLINICALLY ACTIONABLE;DRUG RESISTANCE;DRUGGABLE GENOME,
54880,BCOR,TSG,True,ENST00000378444,NM_001123385.1,FLJ20285;KIAA1575,CLINICALLY ACTIONABLE,
673,BRAF,ONCOGENE,True,ENST00000646891,NM_004333.4,BRAF1,DRUGGABLE GENOME;CLINICALLY ACTIONABLE;DRUG RESISTANCE;SERINE THREONINE KINASE;KINASE,"BRAF mutations are found to be recurrent in many cancer types. Of these, the mutation of valine 600 to glutamic acid (V600E) is the most prevalent. V600E has been determined to be an activating mutation, and cells that harbor it, along with other V600 mutations are sensitive to the BRAF inhibitor dabrafenib. It is also common to use MEK inhibition as a substitute for BRAF inhibitors, and the MEK inhibitor trametinib has seen some success in BRAF mutant melanomas. BRAF mutations have also been correlated with poor prognosis in many cancer types, although there is at least one study that questions this conclusion in papillary thyroid cancer. Oncogenic BRAF mutations are divided into three categories that determine their sensitivity to inhibitors. Class 1 BRAF mutations (V600) are RAS-independent, signal as monomers and are sensitive to current RAF monomer inhibitors. Class 2 BRAF mutations (K601E, K601N, K601T, L597Q, L597V, G469A, G469V, G469R, G464V, G464E, and fusions) are RAS-independent, signaling as constitutive dimers and are resistant to vemurafenib. Such mutants may be sensitive to novel RAF dimer inhibitors or MEK inhibitors. Class 3 BRAF mutations (D287H, V459L, G466V, G466E, G466A, S467L, G469E, N581S, N581I, D594N, D594G, D594A, D594H, F595L, G596D, and G596R) with low or absent kinase activity are RAS-dependent and they activate ERK by increasing their binding to activated RAS and wild-type CRAF. Class 3 BRAF mutations coexist with mutations in RAS or NF1 in melanoma may be treated with MEK inhibitors. In epithelial tumors such as CRC or NSCLC may be effectively treated with combinations that include inhibitors of receptor tyrosine kinase."
672,BRCA1,TSG,True,ENST00000357654,NM_007294.3,FANCS;PPP1R53;RNF53,CLINICALLY ACTIONABLE;DRUGGABLE GENOME;ENZYME;DRUG RESISTANCE;DNA REPAIR;TUMOR SUPPRESSOR,"BRCA1 mutations in the germline have become a hallmark for hereditary breast and ovarian cancers. Variants that have been demonstrated to reduce the function of the protein have been shown to increase the risk for these cancers, as well as prostate and pancreatic cancer. These findings have been the impetus for the increased popularity of genetic testing of healthy individuals to assess risk. Recent studies in ovarian cancer have also demonstrated that BRCA mutation status can predict treatment response. A number of trials assessing BRCA mutation status have shown an improved response to platinum agents, and more recently has led to the FDA-approval of PARP inhibitors for BRCA-positive ovarian cancers. These studies have resulted in the Society of Gynecologic Oncology to recommend germline BRCA testing in all patients with a diagnosis of ovarian cancer."
675,BRCA2,TSG,True,ENST00000380152,NM_000059.3,FAD1;FANCD1;XRCC11,CLINICALLY ACTIONABLE,"BRCA2 mutations in the germline have become a hallmark for hereditary breast and ovarian cancers. Variants that have been demonstrated to reduce the function of the protein have been shown to increase the risk for these cancers, as well as prostate and pancreatic cancer. These findings have been the impetus for the increased popularity of genetic testing of healthy individuals to assess risk. Recent studies in ovarian cancer have also demonstrated that BRCA mutation status can predict treatment response. A number of trials assessing BRCA mutation status have shown an improved response to platinum agents, and more recently has led to the FDA-approval of PARP inhibitors for BRCA-positive ovarian cancers. These studies have resulted in the Society of Gynecologic Oncology to recommend germline BRCA testing in all patients with a diagnosis of ovarian cancer."
84433,CARD11,ONCOGENE,True,ENST00000396946,NM_032415.4,BIMP3;CARMA1,CLINICALLY ACTIONABLE;KINASE,
867,CBL,TSG,True,ENST00000264033,NM_005188.3,CBL2;RNF55;c-Cbl,CLINICALLY ACTIONABLE;ENZYME;KINASE,
79577,CDC73,TSG,True,ENST00000367435,NM_024529.4,C1orf28;FIHP;HRPT1;HRPT2;parafibromin,CLINICALLY ACTIONABLE;ENZYME,
999,CDH1,TSG,True,ENST00000261769,NM_004360.3,CD324;UVO;uvomorulin,CLINICALLY ACTIONABLE;DRUGGABLE GENOME,
1029,CDKN2A,TSG,True,ENST00000304494,NM_000077.4,CDKN2;CMM2;INK4;INK4a;MLM;p16;p16INK4a;p19Arf,TUMOR SUPPRESSOR;CLINICALLY ACTIONABLE;DRUG RESISTANCE;KINASE,"CDKN2A loss has been shown to be a significant event in a number of cancer types. While no targeted therapeutic has been engaged in clinical trials, the prognostic impact has been studied by a number of meta-analyses. In majority of cases CDKN2A is inactivated by homozygous deletions. One of the mechanisms by which loss of CDKN2A can occur is by hypermethylation of the promoter region for the gene. However, the prognostic impact of promoter hypermethylation has been relatively ambiguous. Many studies have suggesting poorer prognostic outcome for patients with hypermethylation in colorectal, liver, and younger lung cancer patients. This being said, there is still research to be done before this becomes a widely-accepted prognostic indicator. Additionally, CDKN2A (p16) expression is a surrogate marker for HPV infection. As such, CDKN2A expression is prognostic in Oropharyngeal and probably also non-oropharyngeal head and neck squamous cell carcinomas."
1050,CEBPA,TSG,True,ENST00000498907,NM_004364.3,C/EBP-alpha;CEBP,TUMOR SUPPRESSOR;TRANSCRIPTION FACTOR COMPLEX;TRANSCRIPTION FACTOR;CLINICALLY ACTIONABLE,"'AML with mutated CEBPA' is a provisional entity in the WHO classification of acute myeloid leukemia (AML) and is recommended to be tested for in patients with AML. CEBPA mutations are particularly associated with cytogenetically normal AML (CN-AML). CEBPA is an intronless gene that is required for granulocyte formation in mice. N-terminal nonsense mutations result in a dominant negative C/EBP-alpha protein while C-terminal mutations reduce the DNA-binding potential of this transcription factor. CEBPA mutations are associated with a favorable prognosis, however, NPM1 and FLT3 mutations should also be assessed in CN-AML patients as concurrent mutations may have prognostic implications."
23152,CIC,TSG,True,ENST00000575354,NM_015125.3,KIAA0306,CLINICALLY ACTIONABLE;DRUG RESISTANCE,
1387,CREBBP,TSG,True,ENST00000262367,NM_004380.2,KAT3A;RSTS;RTS,CLINICALLY ACTIONABLE;TRANSCRIPTION FACTOR;ENZYME;DRUGGABLE GENOME;DRUG RESISTANCE;TRANSCRIPTION FACTOR COMPLEX,
1499,CTNNB1,ONCOGENE,True,ENST00000349496,NM_001904.3,CTNNB;armadillo;beta-catenin,CLINICALLY ACTIONABLE;TRANSCRIPTION FACTOR;DRUGGABLE GENOME;DRUG RESISTANCE;TRANSCRIPTION FACTOR COMPLEX,
1616,DAXX,TSG,True,ENST00000266000,NM_001141970.1,DAP6,CLINICALLY ACTIONABLE;TRANSCRIPTION FACTOR,
1788,DNMT3A,TSG,True,ENST00000264709,NM_022552.4,,CLINICALLY ACTIONABLE;DRUGGABLE GENOME;ENZYME,DNMT3A is one of several epigenetic modifiers identified as recurrently mutated in acute myeloid leukemia (AML). DNMT3A mutations are associated with cytogenetically normal AML. In vitro experiments indicate that the R882H mutation acts in a dominant negative manner to disrupt the de novo methyltransferase activity of wildtype homotetramers. AML patient bone marrow harboring R882 mutations were similarly demonstrated to be hypomethylated compared to patients with wildtype DNMT3A. These studies also indicated that non-R882 DNMT3A mutations may act in a functionally distinct manner from R882 mutations. Alternative mechanisms indicate independent prognostic outcomes and treatment protocols may need to be considered for these two classes of DNMT3A mutations.
1956,EGFR,ONCOGENE,True,ENST00000275493,NM_005228.3,ERBB;ERBB1;ERRP,CLINICALLY ACTIONABLE;DRUG RESISTANCE;DRUGGABLE GENOME;KINASE;TYROSINE KINASE;CELL SURFACE,"EGFR is widely recognized for its importance in cancer. Amplification and mutations have been shown to be driving events in many cancer types. Its role in non-small cell lung cancer, glioblastoma and basal-like breast cancers has spurred many research and drug development efforts. Tyrosine kinase inhibitors have shown efficacy in EGFR amplfied tumors, most notably gefitinib and erlotinib. Mutations in EGFR have been shown to confer resistance to these drugs, particularly the variant T790M, which has been functionally characterized as a resistance marker for both of these drugs. The later generation TKI's have seen some success in treating these resistant cases, and targeted sequencing of the EGFR locus has become a common practice in treatment of non-small cell lung cancer. Overproduction of ligands is another possible mechanism of activation of EGFR. ERBB ligands include EGF, TGF-a, AREG, EPG, BTC, HB-EGF, EPR and NRG1-4 (for detailed information please refer to the respective ligand section)."
2033,EP300,TSG,True,ENST00000263253,NM_001429.3,KAT3B;p300,CLINICALLY ACTIONABLE;ENZYME;DRUGGABLE GENOME;TRANSCRIPTION FACTOR COMPLEX,
2064,ERBB2,ONCOGENE,True,ENST00000269571,NM_004448.2,CD340;HER-2;HER2;NGL,DRUGGABLE GENOME;CLINICALLY ACTIONABLE;DRUG RESISTANCE;TYROSINE KINASE;KINASE,"ERBB2, commonly referred to as HER2, is amplified and/or overexpressed in 20-30% of invasive breast carcinomas. HER2-positive breast cancer is treated in a separate manner from other subtypes of breast cancer and commonly presents as more aggressive disease. Metastatic HER2-positive breast cancer is now commonly treated with HER2-targeted therapy. Apart from being amplified/overexpressed, ERBB2 activating mutations have been shown to have clinical importance in HER2-negative breast cancer. These mutations have shown sensitivity to the tyrosine kinase inhibitor neratinib, and highlight the importance of clinical sequencing efforts in treating breast cancer."
2146,EZH2,ONCOGENE_AND_TSG,True,ENST00000320356,NM_004456.4,ENX-1;KMT6;KMT6A,TRANSCRIPTION FACTOR;NUCLEAR HORMONE RECEPTOR;CLINICALLY ACTIONABLE;ENZYME,
55294,FBXW7,TSG,True,ENST00000281708,NM_033632.3,AGO;CDC4;FBW7;FBX30;FBXW6;FLJ11071;SEL-10;SEL10,CLINICALLY ACTIONABLE;DNA REPAIR,
2263,FGFR2,ONCOGENE,True,ENST00000358487,NM_000141.4,BEK;CD332;CEK3;CFD1;ECT1;JWS;K-SAM;KGFR;TK14;TK25,CLINICALLY ACTIONABLE;DRUGGABLE GENOME;TYROSINE KINASE;KINASE;CELL SURFACE,"The FGFR proteins are involved in a wide array of pathways known to play a signficant role in cancer. Activation of these receptors can lead to activation of the RAS-MAPK pathway and the PI3K-AKT pathway, among others. The mechanisms by which FGFR can be misregulated vary between cancers. Amplification of the receptors has been observed in lung and breast cancers, coding mutations and deletions have been seen in many cancers, and more recently, FGFR fusions that lead to pathway actiation have been demonstrated to have oncogenic potential across multiple cancer types. The targeted therapeutics ponatinib, dovitinib and pazopanib have seen success in treating over-active FGFR signalling, prompting use of diagnostic sequencing targeting the FGFR genes, especially in lung cancer patients."
2261,FGFR3,ONCOGENE,True,ENST00000440486,NM_000142.5,ACH;CD333;CEK2;JTK4,CLINICALLY ACTIONABLE;DRUGGABLE GENOME;TYROSINE KINASE;KINASE;DRUG RESISTANCE;CELL SURFACE,"The FGFR proteins are involved in a wide array of pathways known to play a signficant role in cancer. Activation of these receptors can lead to activation of the RAS-MAPK pathway and the PI3K-AKT pathway, among others. The mechanisms by which FGFR can be misregulated vary between cancers. Amplification of the receptors has been observed in lung and breast cancers, coding mutations and deletions have been seen in many cancers, and more recently, FGFR fusions that lead to pathway actiation have been demonstrated to have oncogenic potential across multiple cancer types. The targeted therapeutics ponatinib, dovitinib and pazopanib have seen success in treating over-active FGFR signalling, prompting use of diagnostic sequencing targeting the FGFR genes, especially in lung cancer patients."
2322,FLT3,ONCOGENE,True,ENST00000241453,NM_004119.2,CD135;FLK2;STK1,TYROSINE KINASE;KINASE;CLINICALLY ACTIONABLE;DRUGGABLE GENOME;DRUG RESISTANCE,"FLT3 is an important cytokine receptor involved in normal hematopoiesis. Mutations in this gene are common in acute myeloid leukemia (AML) and screening for mutations in this gene has been recommended by the World Health Organization in patients with AML, particularly in cases of cytogenetically normal AML (CN-AML). FLT3 mutations commonly co-occur with mutations such as NPM1 that are associated with CN-AML and likely modulate prognostic impact. While FLT3-ITD mutations have been associated with poorer prognosis in AML, the prognostic impact of FLT3-TKD mutations are still up for debate."
668,FOXL2,ONCOGENE_AND_TSG,True,ENST00000648323,NM_023067.3,BPES;BPES1,CLINICALLY ACTIONABLE;TRANSCRIPTION FACTOR,
2625,GATA3,ONCOGENE_AND_TSG,True,ENST00000346208,NM_002051.2,HDR,CLINICALLY ACTIONABLE;TRANSCRIPTION FACTOR,
2767,GNA11,ONCOGENE,True,ENST00000078429,NM_002067.2,FBH;FBH2;FHH2;HHC2,CLINICALLY ACTIONABLE,
2776,GNAQ,ONCOGENE,True,ENST00000286548,NM_002072.3,G-ALPHA-q;GAQ,CLINICALLY ACTIONABLE;DRUG RESISTANCE,
2778,GNAS,ONCOGENE,True,ENST00000371085,NM_000516.4,GNAS1;GNASXL;GPSA;NESP;NESP55;SCG6;SgVI,DRUGGABLE GENOME;CLINICALLY ACTIONABLE;TRANSPORTER;DRUG RESISTANCE;G PROTEIN COUPLED RECEPTOR,
6927,HNF1A,TSG,True,ENST00000257555,NM_000545.5,HNF1;LFB1;MODY3;TCF1,CLINICALLY ACTIONABLE;TRANSCRIPTION FACTOR,
3265,HRAS,ONCOGENE,True,ENST00000451590,NM_005343.2,HRAS1,CLINICALLY ACTIONABLE;DRUG RESISTANCE;TUMOR SUPPRESSOR;DRUGGABLE GENOME,"HRAS is a member of the small GTPase family that upon activation by receptor tyrosine kinases stimulates downstream pathways including RAF-MEK-ERK and PI3K-AKT. In cancer, recurrent gain-of-function mutations at positions G12, G13, and Q61 result in an accumulation of GTP-bound HRAS, constitutive downstream signaling, and transformation. In TCGA, HRAS mutations were found more frequently in head and neck squamous cell carcinoma, bladder urothelial carcinoma, thyroid carcinoma, thymoma, skin cutaneous carcinoma, and pheochromocytoma/paraganglioma. Although development of HRAS inhibitors has not been possible, targeting the enzyme essential for farnesylating HRAS has recently shown benefit in HRAS driven cancers. The farnesyltransferase inhibitor (FTi) tipifarnib has been shown to cause HRAS mislocalization, decrease downstream signaling, and selectively impair proliferation, survival, and transformation of HRAS-mutant cells. Tipifarnib is in clinical development for HRAS-mutant cancers."
3417,IDH1,ONCOGENE,True,ENST00000345146,NM_005896.2,,CLINICALLY ACTIONABLE;ENZYME,"IDH1 mutations have been observed in a number of cancer types, including sarcomas, hematologic malignancies, colon cancer and brain cancer. Mutations in the two isocitrate dehydrogenase enzymes involved in cytoplasmic (IDH1) and mitochondrial (IDH2) conversion of alpha-ketoglutarate to D-2-hydroxyglutarate have been described as mutually exclusive in many of these cancer types. The most frequent mutations involve R132 (IDH1) and R172 (IDH2) involve the active site and result in neomorphic enzyme activity. The implications of mutations in this gene vary greatly by cancer type. In myelodysplastic syndromes and acute myeloid leukemia (AML), IDH1 mutations have been associated with worse outcome, shorter overall survival, and normal karyotype. However, in glioblastoma and astrocytoma, patients with IDH1 mutations have shown better overall survival than patients with wild-type IDH1. Unlike the association with cytogenetically normal AML, in glioblastoma, IDH1 mutations have been associated with specific cytogenetic abnormalities, 1p and 19q deletions."
3418,IDH2,ONCOGENE,True,ENST00000330062,NM_002168.2,,CLINICALLY ACTIONABLE;ENZYME,"IDH2 mutations have been observed in a number of cancer types, including sarcomas, hematologic malignancies, colon cancer and brain cancer. Mutations in the two isocitrate dehydrogenase enzymes involved in cytoplasmic (IDH1) and mitochondrial (IDH2) conversion of alpha-ketoglutarate to D-2-hydroxyglutarate have been described as mutually exclusive in many of these cancer types. The most frequent mutations involve R132 (IDH1) and R172 (IDH2) involve the active site and result in neomorphic enzyme activity. Although IDH2 (R172) mutations are associated with poorer overall prognosis in AML patients, its utility as a prognostic marker in MDS is still under debate. Additionally, IDH2 (R140) has been associated with improved overall survival in AML. IDH2 mutations have been associated with improved prognosis in gliomas."
3716,JAK1,ONCOGENE_AND_TSG,True,ENST00000342505,NM_002227.2,JAK1A;JAK1B;JTK3,CLINICALLY ACTIONABLE;DRUGGABLE GENOME;DRUG RESISTANCE;TYROSINE KINASE;KINASE,
3717,JAK2,ONCOGENE,True,ENST00000381652,NM_004972.3,JTK10,CLINICALLY ACTIONABLE;DRUGGABLE GENOME;TYROSINE KINASE;KINASE;DRUG RESISTANCE,"JAK2 is a kinase that is misregulated or mutated in a number of myeloproliferative diseases and cancers. The mutation V617F is the most clinically relevant variant, and is seen in around half of myeloproliferative disorders. The variant is a known activating mutation, and activated JAK2 is sufficient to drive myeloproliferative disorders in mouse models. V617F, while most recurrent, is not the only mechanism by which JAK2 can be activated in patients. JAK2 is now one of the first diagnostic markers tested upon diagnosis with a myeloproliferative disorder."
3718,JAK3,ONCOGENE,True,ENST00000458235,NM_000215.3,JAK-3;JAK3_HUMAN;JAKL;L-JAK;LJAK,CLINICALLY ACTIONABLE;DRUGGABLE GENOME;TYROSINE KINASE;KINASE,
8242,KDM5C,TSG,True,ENST00000375401,NM_004187.3,DXS1272E;JARID1C;MRX13;SMCX;XE169,CLINICALLY ACTIONABLE;DRUGGABLE GENOME,
7403,KDM6A,TSG,True,ENST00000377967,NM_021140.2,UTX,CLINICALLY ACTIONABLE,
3815,KIT,ONCOGENE,True,ENST00000288135,NM_000222.2,C-Kit;CD117;PBT;SCFR,TRANSCRIPTION FACTOR;KINASE;CLINICALLY ACTIONABLE;DRUG RESISTANCE;TYROSINE KINASE;EXTERNAL SIDE OF PLASMA MEMBRANE;DRUGGABLE GENOME,"c-KIT activation has been shown to have oncogenic activity in gastrointestinal stromal tumors (GISTs), melanomas, lung cancer, and other tumor types. The targeted therapeutics nilotinib and sunitinib have shown efficacy in treating KIT overactive patients, and are in late-stage trials in melanoma and GIST. KIT overactivity can be the result of many genomic events from genomic amplification to overexpression to missense mutations. Missense mutations have been shown to be key players in mediating clinical response and acquired resistance in patients being treated with these targeted therapeutics."
8085,KMT2D,TSG,True,ENST00000301067,NM_003482.3,ALR;CAGL114;MLL2;TNRC21,CLINICALLY ACTIONABLE;ENZYME,
3845,KRAS,ONCOGENE,True,ENST00000311936,NM_004985.3,K-Ras4B;KRAS1;KRAS2,CLINICALLY ACTIONABLE;DRUG RESISTANCE,"Mutations in the RAS family of proteins are frequently observed across cancer types. The amino acid positions that account for the overwhelming majority of these mutations are G12, G13 and Q61. The different protein isoforms, despite their raw similarity, also behave very differently when expressed in non-native tissue types, likely due to differences in the C-terminal hyper-variable regions. Mis-regulation of isoform expression has been shown to be a driving event in cancer, as well as missense mutations at the three hotspots previously mentioned. While highly recurrent in cancer, attempts to target these RAS mutants with inhibitors have not been successful, and has not yet become common practice in the clinic. The prognostic implications for KRAS mutations vary between cancer types, but have been shown to be associated with poor outcome in colorectal cancer, non-small cell lung cancer, and others."
5604,MAP2K1,ONCOGENE,True,ENST00000307102,NM_002755.3,MAPKK1;MEK1;PRKMK1,CLINICALLY ACTIONABLE;DRUG RESISTANCE;DRUGGABLE GENOME;SERINE THREONINE KINASE;KINASE;TYROSINE KINASE;NUCLEAR HORMONE RECEPTOR,"MAP2K1 is a dual-specificity kinase known for it's involvement in the ERK pathway by activation of ERK1 and ERK2. MAP2K1 activating mutations have been observed in a number of cancers including ovarian, melanoma and lung. These activating mutations are generally found in the N-terminal negative regulatory region or the ATP-binding region of the N-terminal lobe. Inhibitors of MEK genes have been shown to inhibit tumor growth in these cases."
4214,MAP3K1,TSG,True,ENST00000399503,NM_005921.1,MAPKKK1;MEKK;MEKK1,CLINICALLY ACTIONABLE;SERINE THREONINE KINASE;KINASE;ENZYME;DRUGGABLE GENOME,
9968,MED12,TSG,True,ENST00000374080,NM_005120.2,ARC240;CAGH45;FGS1;HOPA;KIAA0192;Kto;OKS;TNRC11;TRAP230,CLINICALLY ACTIONABLE;TRANSCRIPTION FACTOR;KINASE;TRANSCRIPTION FACTOR BINDING,
4221,MEN1,TSG,True,ENST00000312049,NM_130799.2,,CLINICALLY ACTIONABLE;DNA REPAIR,
4233,MET,ONCOGENE,True,ENST00000397752,NM_000245.2,DFNB97;HGFR;RCCP2,DRUG RESISTANCE;TYROSINE KINASE;KINASE;CLINICALLY ACTIONABLE;DRUGGABLE GENOME;CELL SURFACE,"Mesenchymal Epithelial Transition MET is a prototypical receptor tyrosine kinase. Its ligand is Hepatocyte Growth Factor (HGF). MET alterations are drivers of human cancer. Amplification and resulting overexpression has been reported in several cancers, and make the receptor's activity independent of HGF. Gene fusions also decouple kinase activity from the cell membrane and render it constitutively active. Finally, exclusion of the juxtamembrane (JM) domain of the kinase by ""skipping"" of exon 14 activates the kinase. FDA-approved selective MET inhibitors, including tepotinib and capmatinib, have shown efficacy in cancers with exon 14 skipping mutations or MET amplification."
4292,MLH1,TSG,True,ENST00000231790,NM_000249.3,COCA2;FCC2;HNPCC;HNPCC2,CLINICALLY ACTIONABLE,"MLH1 is a tumor suppressor gene involved in DNA mismatch repair. Germline mutations in this gene are known to cause Lynch syndrome. The most common malignancies in Lynch syndrome are colorectal and endometrial carcinomas. In addition to germline mutations, somatic mutations in this gene have been described in colorectal and endometrial cancers."
4352,MPL,ONCOGENE,True,ENST00000372470,NM_005373.2,CD110;THPOR;TPOR,DRUGGABLE GENOME;CLINICALLY ACTIONABLE;CELL SURFACE;EXTERNAL SIDE OF PLASMA MEMBRANE;KINASE,
4436,MSH2,TSG,True,ENST00000233146,NM_000251.2,COCA1;HNPCC1,CLINICALLY ACTIONABLE;DNA REPAIR,
2956,MSH6,TSG,True,ENST00000234420,NM_000179.2,GTBP,CLINICALLY ACTIONABLE;DNA REPAIR,
4615,MYD88,ONCOGENE,True,ENST00000650905,NM_002468.5,,CLINICALLY ACTIONABLE;SERINE THREONINE KINASE;CELL SURFACE,
4763,NF1,TSG,True,ENST00000356175,NM_000267.3,,CLINICALLY ACTIONABLE;DRUG RESISTANCE,
4771,NF2,TSG,True,ENST00000338641,NM_000268.3,ACN;BANF;SCH;merlin;merlin-1,CLINICALLY ACTIONABLE;DRUG RESISTANCE;TUMOR SUPPRESSOR;KINASE,
4780,NFE2L2,ONCOGENE,True,ENST00000397062,NM_006164.4,,CLINICALLY ACTIONABLE;TRANSCRIPTION FACTOR,
4851,NOTCH1,ONCOGENE_AND_TSG,True,ENST00000651671,NM_017617.5,TAN1,CLINICALLY ACTIONABLE;TRANSPORTER;DRUGGABLE GENOME;CELL SURFACE,"NOTCH1 is one of four known genes encoding the NOTCH family of proteins, a group of receptors involved in the Notch signaling pathway. NOTCH proteins are characterized by N-terminal EGF-like repeats followed by LNR domains which form a complex with ligands to prevent signaling. The Notch signaling pathway is involved in processes related to cell fate specification, differentiation, proliferation, and survival. Activation of Notch has been shown to be correlative with mammary tumorgenesis in mice and increased expression of Notch receptors has been observed in a variety of cancer types including cervical, colon, head and neck, lung, renal, pancreatic, leukemia, and breast cancer. A number of treatment modalities have been explored related to Notch inhibition especially in breast cancer with mixed results."
4853,NOTCH2,ONCOGENE_AND_TSG,True,ENST00000256646,NM_024408.3,,CLINICALLY ACTIONABLE;CELL SURFACE;DRUGGABLE GENOME,
4869,NPM1,ONCOGENE_AND_TSG,True,ENST00000296930,NM_002520.6,B23;NPM,DRUGGABLE GENOME;CLINICALLY ACTIONABLE;DNA REPAIR,"AML with mutated NPM1 is a provisional entity in the WHO classification of AML and is recommended to be tested in patients with cytogenetically normal AML (CN-AML). FLT3 mutations should be evaluated concurrently as they have prognostic consequences. NPM1 mutations are concentrated in exon 12, most frequently W288fs which results in cytoplasmic sequestration of the protein. Exon 12 NPM1 mutations in the absence of FLT3-ITD are associated with good prognostic outcomes. Mice expressing the Npm1-W288fs mutation develop myeloproliferative neoplasms but not overt leukemia, indicating it may require additional mutations to promote leukemic development."
4893,NRAS,ONCOGENE,True,ENST00000369535,NM_002524.4,N-ras,CLINICALLY ACTIONABLE;DRUG RESISTANCE,"Mutations in the RAS family of proteins have frequently been observed across cancer types. The amino acid positions G12, G13 and Q61 account for the overwhelming majority of these mutations. The isoforms, despite their raw similarity, also behave very differently when expressed in non-native tissue types, likely due to differences in the C-terminal hyper-variable regions. Mis-regulation of isoform expression has been shown to be a driving event in cancer, as well as missense mutations at the three hotspots previously mentioned. While highly recurrent in cancer, targeting these RAS mutants has also been very elusive, and has not yet become common practice in the clinic."
5079,PAX5,ONCOGENE_AND_TSG,True,ENST00000358127,NM_016734.2,BSAP,CLINICALLY ACTIONABLE;TRANSCRIPTION FACTOR,
55193,PBRM1,TSG,True,ENST00000394830,NM_018313.4,BAF180;PB1,CLINICALLY ACTIONABLE,
5156,PDGFRA,ONCOGENE,True,ENST00000257290,NM_006206.4,CD140a;GAS9;PDGFR2,DRUG RESISTANCE;CLINICALLY ACTIONABLE;DRUGGABLE GENOME;KINASE;TYROSINE KINASE;EXTERNAL SIDE OF PLASMA MEMBRANE,"Commonly mutated in GI tract tumors, PDGFR family genes (mutually exclusive to KIT mutations) are a hallmark of gastrointestinal stromal tumors. Gene fusions involving the PDGFRA kinase domain are highly correlated with eosinophilia, and the WHO classifies myeloid and lymphoid neoplasms with these characteristics as a distinct disorder. Mutations in the 842 region of PDGFRA have been often found to confer resistance to the tyrosine kinase inhibitor, imatinib."
5290,PIK3CA,ONCOGENE,True,ENST00000263967,NM_006218.2,PI3K,CLINICALLY ACTIONABLE;PHOSPHATIDYLINOSITOL 3 KINASE;KINASE;DRUGGABLE GENOME;SERINE THREONINE KINASE;DRUG RESISTANCE,"PIK3CA is the most recurrently mutated gene in breast cancer, and has been found to important in a number of cancer types. An integral part of the PI3K pathway, PIK3CA has long been described as an oncogene, with two main hotspots for activating mutations, the 542/545 region of the helical domain, and the 1047 region of the kinase domain. PIK3CA, and its interaction with the AKT and mTOR pathways, is the subject of an immense amount of research and development, and PI3K inhibition has seen some limited success in recent clinical trials. While monotherapies seem to be limited in their potential, there is a recent interest in pursuing PI3K inhibition as part of a combination therapy regiment with inhibition partners including TKI's, MEK inhibitors, PARP inhibitors, and in breast cancer, aromatase inhibitors."
5295,PIK3R1,TSG,True,ENST00000521381,NM_181523.2,GRB1;p85-ALPHA,CLINICALLY ACTIONABLE;PHOSPHATIDYLINOSITOL 3 KINASE;KINASE;ENZYME;DRUGGABLE GENOME,
5518,PPP2R1A,TSG,True,ENST00000322088,NM_014225.5,PP2A-Aalpha;PP2AA;PR65A,CLINICALLY ACTIONABLE;ENZYME,
639,PRDM1,TSG,True,ENST00000369096,NM_001198.3,BLIMP1;PRDI-BF1,CLINICALLY ACTIONABLE;TRANSCRIPTION FACTOR,
5727,PTCH1,TSG,True,ENST00000331920,NM_000264.3,BCNS;NBCCS;PTCH,CLINICALLY ACTIONABLE;TRANSPORTER,
5728,PTEN,TSG,True,ENST00000371953,NM_000314.4,BZS;MHAM;MMAC1;PTEN1,CLINICALLY ACTIONABLE;DRUG RESISTANCE;PTEN FAMILY;PROTEIN PHOSPHATASE;ENZYME;KINASE,"PTEN is a multi-functional tumor suppressor that is very commonly lost in human cancer. Observed in prostate cancer, glioblastoma, endometrial, lung and breast cancer to varying degrees. Up to 70% of prostate cancer patients have been observed to have loss of expression of the gene. It is a part of the PI3K/AKT/mTOR pathway and mTOR inhibitors have been relatively ineffective in treating patients with PTEN loss. New appoaches using microRNAs are currently being investigated."
5781,PTPN11,ONCOGENE,True,ENST00000351677,NM_002834.3,BPTP3;NS1;PTP2C;SH-PTP2;SHP-2;SHP2,PROTEIN PHOSPHATASE;CLINICALLY ACTIONABLE;ENZYME;KINASE;DRUGGABLE GENOME;SERINE THREONINE KINASE,
5925,RB1,TSG,True,ENST00000267163,NM_000321.2,OSRC;PPP1R130;RB,DRUG RESISTANCE;CLINICALLY ACTIONABLE;TUMOR SUPPRESSOR;TRANSCRIPTION FACTOR;KINASE;DRUGGABLE GENOME,
5979,RET,ONCOGENE,True,ENST00000355710,NM_020975.4,CDHF12;CDHR16;HSCR1;MEN2A;MEN2B;MTC1;RET51,TYROSINE KINASE;KINASE;CLINICALLY ACTIONABLE;DRUGGABLE GENOME;DRUG RESISTANCE,"RET mutations and the RET fusion RET-PTC lead to activation of this tyrosine kinase receptor and are associated with thyroid cancers. RET point mutations are the most common mutations identified in medullary thyroid cancer (MTC) with germline and somatic mutations in RET associated with hereditary and sporadic forms, respectively. The most common somatic form mutation is M918T (exon 16) and a variety of other mutations effecting exons 10, 11 and 15 have been described. The prognostic significance of these mutations have been hotly debated in the field, however, data suggests that some RET mutation may confer drug resistance. Highly selective and well-tolerated RET inhibitors, selpercatinib (LOXO-292) and pralsetinib (BLU-667), have been FDA approved recently for the treatment of RET fusion-positive non-small-cell lung cancer, RET fusion-positive thyroid cancer and RET-mutant medullary thyroid cancer."
54894,RNF43,TSG,True,ENST00000407977,NM_017763.4,DKFZp781H0392;FLJ20315;URCC,CLINICALLY ACTIONABLE;ENZYME,
29072,SETD2,TSG,True,ENST00000409792,NM_014159.6,FLJ23184;HIF-1;HYPB;KIAA1732;KMT3A,ENZYME;CLINICALLY ACTIONABLE,
23451,SF3B1,ONCOGENE,True,ENST00000335508,NM_012433.2,Hsh155;PRPF10;Prp10;SAP155;SF3b155,CLINICALLY ACTIONABLE,"SF3B1 mutations have been described in several myeloid malignancies, predominantly myelodysplastic syndromes (MDS), as well as other hematologic malignancies, breast cancer, and uveal melanoma (UM). SF3B1 is one of several genes involved in RNA splicing that has been identified as recurrently mutated in MDS and other malignanices. The mutations affecting SF3B1 are typically heterozygous, point mutations suspected to be functionally deleterious with R625 and K700E described as a major mutation hotspots. MDS patients with SF3B1 mutations have been reported to have better overall and event-free survival than their wildtype counterparts. Additionally, these mutations are highly associated with subtypes of MDS characterized by ringed sideroblasts (refractory anemia with ringed sideroblasts and refractory cytopenia with multilineage dysplasia and ring sideroblasts). In UM patients, SF3B1 mutations have been reported to be associated with chromosome 3 disomy, which defines a subgroup with low risk of metastasis."
4087,SMAD2,TSG,True,ENST00000262160,NM_001003652.3,JV18-1;MADH2;MADR2,CLINICALLY ACTIONABLE;TRANSCRIPTION FACTOR COMPLEX;KINASE,
4089,SMAD4,TSG,True,ENST00000342988,NM_005359.5,DPC4;MADH4,TRANSCRIPTION FACTOR COMPLEX;KINASE;CLINICALLY ACTIONABLE;DRUG RESISTANCE,
6597,SMARCA4,TSG,True,ENST00000646693,NM_001128849.3,BRG1;FLJ39786;SNF2-BETA;SNF2L4;hSNF2b,CLINICALLY ACTIONABLE;TRANSCRIPTION FACTOR BINDING,
6598,SMARCB1,TSG,True,ENST00000644036,NM_003073.5,BAF47;Ini1;PPP1R144;RDT;SNF5;SNF5L1;Sfh1p;Snr1;hSNFS,CLINICALLY ACTIONABLE,
6608,SMO,ONCOGENE,True,ENST00000249373,NM_005631.4,FZD11;SMOH,CLINICALLY ACTIONABLE;DRUGGABLE GENOME;DRUG RESISTANCE;G PROTEIN COUPLED RECEPTOR,
8651,SOCS1,TSG,True,ENST00000332029,NM_003745.1,Cish1;JAB;SOCS-1;SSI-1;TIP3,KINASE;CLINICALLY ACTIONABLE,
8405,SPOP,TSG,True,ENST00000347630,NM_001007228.1,BTBD32;TEF2,CLINICALLY ACTIONABLE,
10735,STAG2,TSG,True,ENST00000218089,NM_001042749.1,SA-2;SA2;SCC3B,DRUG RESISTANCE;CLINICALLY ACTIONABLE,
6794,STK11,TSG,True,ENST00000326873,NM_000455.4,LKB1;PJS,CLINICALLY ACTIONABLE;SERINE THREONINE KINASE;KINASE;DRUG RESISTANCE;TUMOR SUPPRESSOR;ENZYME;DRUGGABLE GENOME,
54790,TET2,TSG,True,ENST00000380013,NM_001127208.2,FLJ20032;KIAA1546,ENZYME;CLINICALLY ACTIONABLE,
7128,TNFAIP3,TSG,True,ENST00000237289,NM_006290.3,A20;OTUD7C,PROTEASE;CLINICALLY ACTIONABLE;ENZYME;KINASE,
7157,TP53,TSG,True,ENST00000269305,NM_000546.5,LFS1;p53,CLINICALLY ACTIONABLE;DRUGGABLE GENOME;TRANSPORTER;DRUG RESISTANCE;KINASE;TUMOR SUPPRESSOR;TRANSCRIPTION FACTOR COMPLEX,"TP53 mutations are universal across cancer types. The loss of a tumor suppressor is most often through large deleterious events, such as frameshift mutations, or premature stop codons. In TP53 however, many of the observed mutations in cancer are found to be single nucleotide missense variants. These variants are broadly distributed throughout the gene, but with the majority localizing in the DNA binding domain. There is no single hotspot in the DNA binding domain, but a majority of mutations occur in amino acid positions 175, 245, 248, 273, and 282 (NM_000546) (Olivier et al., 2010). To fulfill its proper biological function four TP53 polypeptides must form a tetramer which functions as a transcription factor, therefore even if one out of four polypeptides has inactivating mutation it may lead to dominant negative phenotype of variable degree. While a large proportion of cancer genomics research is focused on somatic variants, TP53 is also of note in the germline. Germline TP53 mutations are the hallmark of Li-Fraumeni syndrome, and many (both germline and somatic) variants have been found to have a prognostic impact on patient outcomes. The significance of many polymorphisms for susceptibility and prognosis of disease is still very much up for debate."
7248,TSC1,TSG,True,ENST00000298552,NM_000368.4,KIAA0243;TSC;hamartin,CLINICALLY ACTIONABLE;KINASE;TUMOR SUPPRESSOR,
7307,U2AF1,ONCOGENE,True,ENST00000291552,NM_006758.2,RNU2AF1;U2AF35;U2AFBP,CLINICALLY ACTIONABLE,"U2AF1 is one of several spliceosome complex genes frequently mutated in a variety of hematologic malignancies, particularly de novo myelodysplastic syndromes (MDS), as well as solid tumors such as lung and pancreatic cancers. Two hotspot mutations (S34 and Q157) occur within the two zinc-finger domains of the U2AF1 protein. These mutations have been associated with altered splicing patterns in vitro and in vivo. U2AF1 mutations in MDS have been associated with an increased risk of transformation to secondary acute myeloid leukemia, however, the impact of these mutations on overall survival has been an area of debate."
7428,VHL,TSG,True,ENST00000256474,NM_000551.3,VHL1,CLINICALLY ACTIONABLE;DRUG RESISTANCE;TRANSCRIPTION FACTOR,"Von Hippel-Lindau (VHL) disease is characterized by heterozygous germline mutation in VHL gene on chromosome 3p. Patients are predisposed to developing hemangioblastomas of the brain, spinal cord, and retina; renal cysts and clear cell renal cell carcinoma; pheochromocytoma, pancreatic cysts and neuroendocrine tumors; endolymphatic sac tumors; and epididymal and broad ligament cysts. Cerebellar hemangioblastomas may be associated with headache, vomiting, gait disturbances, or ataxia. Spinal hemangioblastomas and related syrinx usually present with pain. Sensory and motor loss may develop with cord compression. Retinal hemangioblastomas may be the initial manifestation of VHL disease and can cause vision loss. Renal cell carcinoma occurs in about 70% of individuals with VHL and is the leading cause of mortality. Pheochromocytomas can be asymptomatic but may cause sustained or episodic hypertension. Pancreatic lesions often remain asymptomatic and rarely cause endocrine or exocrine insufficiency. Endolymphatic sac tumors can cause hearing loss of varying severity, which can be a presenting symptom. Cystadenomas of the epididymis are relatively common. They rarely cause problems, unless bilateral, in which case they may result in infertility. The VHL gene product encodes pVHL, which binds to elongin C, elongin B, cullin-2 and Rbx1. This complex catalyzes the polyubiquitinylation of specific proteins and targets them for degradation by proteosomes. For example, under normoxic conditions, hydroxylated hypoxia-inducble factor alpha subunits (HIFα) binds pVHL targets HIFα for degradation. Under hypoxic conditions, HIF1α is not hydroxylated, pVHL does not bind, and HIF1α subunits accumulate. HIF1α forms heterodimers with HIF1β and activates transcription of a variety of hypoxia-inducible genes (i.e., VEGF, EPO, TGFα, PDGFβ). Likewise, when pVHL is absent or mutated, HIF1α subunits accumulate, resulting in cell proliferation and the neovascularization of tumors characteristic of VHL disease. Pathogenic variants in VHL either prevent its expression (i.e., deletions, frameshifts, nonsense mutations, and splice site mutations) or lead to the expression of an abnormal protein (i.e., missense mutations). Missense mutations that destabilize packing of the alpha-helical domains, decrease the stability of the alpha-beta domain interface, interfere with binding of elongin C and HIF1α, or disrupt hydrophobic core residues result in loss of HIF regulation and are more likely to result in VHL type 1 (no predisposition to pheochromocytoma). Missense mutations that result in pVHL that is normal with respect to HIF regulation are more likely to be associated with VHL with clinical pheochromocytoma. Acquired somatic pathogenic variants in VHL may give rise to sporadic VHL-type tumors (i.e., clear cell RCC and hemangioblastoma) without other associated tumors characteristic of the hereditary disease. It should be noted that >90% of the most common form of kidney cancer (clear cell renal cell carcinoma) are associated with bi-allelic somatic mutation in the VHL gene, and is the rationale for the anti-angiogenic therapy for RCC patients."
7490,WT1,ONCOGENE_AND_TSG,True,ENST00000452863,NM_024426.4,AWT1;GUD;NPHS4;WAGR;WIT-2,DRUGGABLE GENOME;DRUG RESISTANCE;TRANSCRIPTION FACTOR;CLINICALLY ACTIONABLE,"WT1 is a tumor suppressor gene associated with the development of Wilms' Tumor, from which it was named. Mutations in exon 7 and 9 of WT1 have been recurrently identified in acute myeloid leukemia and associated with poorer prognosis and chemotherapy resistance."
208,AKT2,ONCOGENE,True,ENST00000392038,NM_001626.4,PKBβ,CLINICALLY ACTIONABLE;DRUGGABLE GENOME;ENZYME;SERINE THREONINE KINASE;TUMOR SUPPRESSOR;KINASE;TRANSCRIPTION FACTOR;TRANSPORTER,
196528,ARID2,TSG,True,ENST00000334344,NM_152641.2,BAF200;DKFZp686G052;FLJ30619;KIAA1557,CLINICALLY ACTIONABLE;NUCLEAR HORMONE RECEPTOR,
545,ATR,TSG,True,ENST00000350721,NM_001184.3,FRP1;MEC1;SCKL;SCKL1,CLINICALLY ACTIONABLE;SERINE THREONINE KINASE;KINASE;DRUGGABLE GENOME;ENZYME;DNA REPAIR,
567,B2M,TSG,True,ENST00000559916,NM_004048.2,,CLINICALLY ACTIONABLE;DRUGGABLE GENOME;EXTERNAL SIDE OF PLASMA MEMBRANE;DRUG RESISTANCE,
580,BARD1,TSG,True,ENST00000260947,NM_000465.2,,CLINICALLY ACTIONABLE;DNA REPAIR;TUMOR SUPPRESSOR,
604,BCL6,ONCOGENE,True,ENST00000232014,NM_001706.4,BCL5;BCL6A;LAZ3;ZBTB27;ZNF51,CLINICALLY ACTIONABLE;TRANSCRIPTION FACTOR,
23476,BRD4,ONCOGENE,True,ENST00000263377,NM_058243.2,HUNK1;HUNKI;MCAP,CLINICALLY ACTIONABLE;KINASE;SERINE THREONINE KINASE;DRUGGABLE GENOME,
83990,BRIP1,TSG,True,ENST00000259008,NM_032043.2,FANCJ,CLINICALLY ACTIONABLE;DNA REPAIR;ENZYME,
695,BTK,ONCOGENE,True,ENST00000308731,NM_000061.2,AGMX1;ATK;IMD1;PSCTK1;XLA,DRUG RESISTANCE;CLINICALLY ACTIONABLE;TYROSINE KINASE;TRANSCRIPTION FACTOR;KINASE;DRUGGABLE GENOME,
811,CALR,ONCOGENE,True,ENST00000316448,NM_004343.3,CRT;FLJ26680;RO;SSA;cC1qR,DRUGGABLE GENOME;CLINICALLY ACTIONABLE;CELL SURFACE;EXTERNAL SIDE OF PLASMA MEMBRANE;NUCLEAR HORMONE RECEPTOR,
841,CASP8,TSG,True,ENST00000358485,NM_001080125.1,Casp-8;FLICE;MACH;MCH5,CLINICALLY ACTIONABLE;PROTEASE;DRUGGABLE GENOME;ENZYME,
865,CBFB,TSG,True,ENST00000412916,NM_022845.2,PEBP2B,CLINICALLY ACTIONABLE;TRANSCRIPTION FACTOR,
595,CCND1,ONCOGENE,True,ENST00000227507,NM_053056.2,BCL1;D11S287E;PRAD1;U21B31,CLINICALLY ACTIONABLE;DRUGGABLE GENOME;TRANSCRIPTION FACTOR;KINASE;DRUG RESISTANCE,"Cyclin D has been shown in many cancer types to be misregulated. Well established for their oncogenic properties, the cyclins, and the cyclin-dependent kinases (CDK's) they activate, have been the focus of major research and development efforts over the past decade. The methods by which the cyclins are misregulated are widely variable, ranging from genomic amplification to changes in promoter methylation. While Cyclin D2 has only been found to be significantly deregulated in glioma, Cyclin D1 seems to be a pan-cancer actor. Cyclin D misregulation has been shown to lead to poorer outcomes in a number of studies, but currently there are no FDA-approved targeted therapies."
894,CCND2,ONCOGENE,True,ENST00000261254,NM_001759.3,,CLINICALLY ACTIONABLE;TRANSCRIPTION FACTOR;KINASE;DRUGGABLE GENOME,"Cyclin D has been shown in many cancer types to be misregulated. Well established for their oncogenic properties, the cyclins and the cyclin-dependent kinases (CDK's) they activate have been the focus of major research and development efforts over the past decade. The methods by which the cyclins are misregulated are widely variable, ranging from genomic amplification to changes in promoter methylation. While Cyclin D2 has only been found to be significantly deregulated in glioma, Cyclin D1 in particular seems to be a pan-cancer actor. Cyclin D misregulation has been shown to lead to poorer outcomes in a number of studies, and currently there are no FDA-approved targeted therapies."
896,CCND3,ONCOGENE,True,ENST00000372991,NM_001760.3,,CLINICALLY ACTIONABLE;DRUGGABLE GENOME;TRANSCRIPTION FACTOR;KINASE,"Cyclin D has been shown in many cancer types to be misregulated. Well established for their oncogenic properties, the cyclins and the cyclin-dependent kinases (CDK's) they activate have been the focus of major research and development efforts over the past decade. The methods by which the cyclins are misregulated are widely variable, ranging from genomic amplification to changes in promoter methylation. Cyclin D3 loss has been reported in T-ALL, a seemingly unique trend when compared to the amplifcations and overexpressions of the other cyclin D's. In a mouse study, the targeted therapeutic palbociclib significantly increased the median survival of the cyclin D3 knockouts."
898,CCNE1,ONCOGENE,True,ENST00000262643,NM_001238.2,CCNE,CLINICALLY ACTIONABLE;DRUGGABLE GENOME;KINASE;DRUG RESISTANCE,"Cyclin E, while currenly not as widely implicated as its cyclin D counterparts, has been implicated in various carcinomas, including breast, gastric, stomach and colorectal. High levels of cyclin E, either by gene amplification or overexpression, have been shown to lead to poorer prognosis in gastic carcinoma, and these measurements are correlated with later stage disease. In lung cancer, neoplastic cells with higher levels of the cyclin E/CDK2 complex are more radiosensitive than their more lowly expressed counterparts."
29126,CD274,ONCOGENE,True,ENST00000381577,NM_014143.3,B7-H;B7-H1;B7H1;PD-L1;PDCD1LG1;PDL1,DRUG RESISTANCE;CLINICALLY ACTIONABLE;DRUGGABLE GENOME;EXTERNAL SIDE OF PLASMA MEMBRANE,"CD274, also commonly referred to as PDL1, is a ligand that binds with the receptor PD1, commonly found on T-cells, and acts to block T-cell activation. PD1 expression has been observed in a variety of cancers including melanoma and non-small cell lung cancer. The interaction of PD1/PDL1 is hypothesized to be a possible mechanism for the tumor to escape immune response. A number of checkpoint blockade inhibitors including pembrolizumab and nivolumab have been developed that target the PD1/PDL1 interaction in order to allow T-cells to recognize tumor cells without being deactivated by the tumor."
973,CD79A,ONCOGENE,True,ENST00000221972,NM_001783.3,IGA;MB-1,DRUGGABLE GENOME;KINASE;CLINICALLY ACTIONABLE;EXTERNAL SIDE OF PLASMA MEMBRANE,
974,CD79B,ONCOGENE,True,ENST00000392795,NM_001039933.1,B29;IGB,CLINICALLY ACTIONABLE;KINASE;DRUGGABLE GENOME;EXTERNAL SIDE OF PLASMA MEMBRANE,
51755,CDK12,TSG,True,ENST00000447079,NM_016507.2,CRK7;CRKR;CRKRS;KIAA0904,CLINICALLY ACTIONABLE;DRUGGABLE GENOME;SERINE THREONINE KINASE;KINASE;ENZYME;TUMOR SUPPRESSOR,
1019,CDK4,ONCOGENE,True,ENST00000257904,NM_000075.3,PSK-J3,SERINE THREONINE KINASE;KINASE;DRUGGABLE GENOME;DRUG RESISTANCE;TUMOR SUPPRESSOR;TRANSCRIPTION FACTOR COMPLEX;CLINICALLY ACTIONABLE;TRANSCRIPTION FACTOR,"CDK4, along with its partner CDK6, are key players in cell cycle progression. The complex has been implicated in a number of cancer types, and is the focus of therapeutic research and development. One targeted therapy for CDK inhibition is palbociclib, which may slow the growth of advanced stage breast cancers. It has also been shown, in mouse, that CDK inhibition may sensitize mutant PIK3CA tumors to PI3K inhibitors."
1021,CDK6,ONCOGENE,True,ENST00000265734,NM_001145306.1,PLSTIRE,CLINICALLY ACTIONABLE;SERINE THREONINE KINASE;KINASE;DRUGGABLE GENOME;DRUG RESISTANCE;TUMOR SUPPRESSOR,"CDK6, along with its partner CDK4, are key players in cell cycle progression. The complex has been implicated in a number of cancer types, and is the focus of therapeutic research and development. One targeted therapy for CDK inhibition is palbociclib, which may slow the growth of advanced stage breast cancers. It has also been shown, in mouse, that CDK inhibition may sensitize mutant PIK3CA tumors to PI3K inhibitors."
1027,CDKN1B,TSG,True,ENST00000228872,NM_004064.3,KIP1;P27KIP1,CLINICALLY ACTIONABLE;DRUG RESISTANCE;KINASE;TUMOR SUPPRESSOR,
1031,CDKN2C,TSG,True,ENST00000262662,NM_078626.2,INK4C,CLINICALLY ACTIONABLE;KINASE,
11200,CHEK2,TSG,True,ENST00000404276,NM_007194.3,CHK2;HuCds1;PP1425;RAD53;bA444G7,TRANSCRIPTION FACTOR;KINASE;CLINICALLY ACTIONABLE;SERINE THREONINE KINASE;DRUGGABLE GENOME;ENZYME,
64109,CRLF2,ONCOGENE,True,ENST00000400841,NM_022148.4,CRL2;TSLPR,CLINICALLY ACTIONABLE;DRUGGABLE GENOME;EXTERNAL SIDE OF PLASMA MEMBRANE,
1436,CSF1R,INSUFFICIENT_EVIDENCE,True,ENST00000286301,NM_005211.3,C-FMS;CD115;CSFR;FMS,CLINICALLY ACTIONABLE;DRUGGABLE GENOME;KINASE;TYROSINE KINASE;CELL SURFACE,
1441,CSF3R,ONCOGENE,True,ENST00000373106,NM_000760.4,CD114;GCSFR,CLINICALLY ACTIONABLE;DRUGGABLE GENOME;EXTERNAL SIDE OF PLASMA MEMBRANE,
10664,CTCF,TSG,True,ENST00000264010,NM_006565.3,CFAP108;FAP108,CLINICALLY ACTIONABLE;TRANSCRIPTION FACTOR,
7852,CXCR4,ONCOGENE,True,ENST00000241393,NM_003467.2,CD184;D2S201E;HM89;HSY3RR;LESTR;NPY3R;NPYY3R;fusin,CLINICALLY ACTIONABLE;G PROTEIN COUPLED RECEPTOR;DRUGGABLE GENOME;CELL SURFACE;EXTERNAL SIDE OF PLASMA MEMBRANE;DRUG RESISTANCE,
4921,DDR2,ONCOGENE,True,ENST00000367921,NM_006182.2,NTRKR3;TYRO10,TYROSINE KINASE;KINASE;CLINICALLY ACTIONABLE;DRUGGABLE GENOME;TRANSCRIPTION FACTOR,
2065,ERBB3,ONCOGENE,True,ENST00000267101,NM_001982.3,HER3;LCCS2,CLINICALLY ACTIONABLE;TYROSINE KINASE;KINASE;DRUGGABLE GENOME;ENZYME;DRUG RESISTANCE,
2066,ERBB4,ONCOGENE,True,ENST00000342788,NM_005235.2,ALS19;HER4,TYROSINE KINASE;KINASE;DRUGGABLE GENOME;CLINICALLY ACTIONABLE;DRUG RESISTANCE,"ErbB4 (HER4) is one of the four members in the EGFR subfamily of receptor tyrosine kinases. Ligands include EGF, epiregulin, betacellulin and the neuregulins (Sundvall et. al.). Of these, NRG3 and NRG4 exclusively bind HER4 (Hynes et. al.). Mutations in ERBB4 have been identified in various cancer types including melanoma, lung adenocarcinoma and medulloblastoma. A therapeutic value of these aberrations still remains unknown (Arteaga et. al.)."
2078,ERG,ONCOGENE,True,ENST00000288319,NM_182918.3,erg-3,CLINICALLY ACTIONABLE;DRUGGABLE GENOME,
2099,ESR1,ONCOGENE,True,ENST00000206249,NM_001122740.1,ER-alpha;ESR;Era;NR3A1,NUCLEAR HORMONE RECEPTOR;TRANSCRIPTION FACTOR COMPLEX;CLINICALLY ACTIONABLE;DRUG RESISTANCE;DRUGGABLE GENOME;TRANSCRIPTION FACTOR;KINASE,"ESR1 has been a focus in breast cancer for quite some time, but is also clinically relevant in endometrial, ovarian and other cancer types. The identification of ER-positive breast cancers that are resistant to hormone therapy have inspired clinical sequencing efforts to shed light on the mechanisms of this resistance. A number of mutations in the ligand binding domain of ESR1 have been implicated in hormone resistance and anti-estrogen therapies. These observations have spurred efforts to develop therapeutics that stimulate ESR1 protein degradation (e.g. Fulvestrant), rather than acting as a small molecule antagonist. These agents are currently in clinical trials and have seen some success."
2120,ETV6,TSG,True,ENST00000396373,NM_001987.4,TEL,CLINICALLY ACTIONABLE;TRANSCRIPTION FACTOR,
2175,FANCA,TSG,True,ENST00000389301,NM_000135.2,FA-H;FAA;FACA;FANCH,CLINICALLY ACTIONABLE;DNA REPAIR,
2176,FANCC,TSG,True,ENST00000289081,NM_000136.2,FA3;FAC;FACC,CLINICALLY ACTIONABLE;DNA REPAIR,
2260,FGFR1,ONCOGENE,True,ENST00000425967,NM_001174067.1,BFGFR;CD331;CEK;FLT2;H5;KAL2;N-SAM,TYROSINE KINASE;KINASE;DRUG RESISTANCE;DRUGGABLE GENOME;CLINICALLY ACTIONABLE,"FGFR1 is a member of the Fibroblast Growth Factor family, comprising of 4 receptors and 18 Ligands. FGFR1 signalling downstream functions mainly via PI3K and MAPK pathways (Turner et. al.). Several ways of involvement of FGFR1 in cancer have been proposed: auto- and paracrine activation, amplification and overexpression (Marshall et. al, Weiss et. al., Cheng et. al.). Especially amplification of FGFR1 in lung cancer is an emerging treatment target with clinical studies currently ongoing (e.g. NCT01004224). However, FGFR1 amplification does not always correlate with protein expression and predictive biomarkers still remain to be defined in clinic (von Mässenhausen et. al.). Mutation of FGFR1 seems to be less common, but has been described in glioblastoma, pilocytic astrocytomas and Ewing's sarcoma (Rand et. al., Jones et. al., Agelopoulos et. al.)."
2264,FGFR4,ONCOGENE,True,ENST00000292408,NM_213647.1,CD334;JTK2,CLINICALLY ACTIONABLE;DRUGGABLE GENOME;DRUG RESISTANCE;ENZYME;KINASE;TYROSINE KINASE,
201163,FLCN,TSG,True,ENST00000285071,NM_144997.5,BHD;DENND8B;MGC17998;MGC23445,CLINICALLY ACTIONABLE,
8880,FUBP1,TSG,True,ENST00000370768,NM_003902.3,FUBP,CLINICALLY ACTIONABLE,
2623,GATA1,INSUFFICIENT_EVIDENCE,True,ENST00000376670,NM_002049.3,ERYF1;GATA-1;GF1;NF-E1;NFE1,TRANSCRIPTION FACTOR COMPLEX;TRANSCRIPTION FACTOR;CLINICALLY ACTIONABLE,
2624,GATA2,ONCOGENE_AND_TSG,True,ENST00000341105,NM_032638.4,NFE1B,CLINICALLY ACTIONABLE;TRANSCRIPTION FACTOR COMPLEX;TRANSCRIPTION FACTOR,"GATA2 is a transcription factor involved in stem cell maintenance with key roles in hematopoietic development. GATA2 mutations are associated with a variety of inherited and acquired immune disorders including myelodysplastic syndrome and acute myeloid leukemia. In addition to a role in hematopoiesis, the maintenance GATA2 expression has been implicated as a requirement in KRAS-driven non-small cell lung cancer. Preclinical models have indicated therapeutic benefit from targeting GATA2-mediated pathways in the context of KRAS-driven NSCLC."
3020,H3-3A,ONCOGENE,True,ENST00000366815,NM_002107.4,H3.3A;H3F3;H3F3A,,
8358,H3C2,ONCOGENE,True,ENST00000621411,NM_003537.3,H3/l;H3FL;HIST1H3B,,
3082,HGF,ONCOGENE,True,ENST00000222390,NM_000601.4,DFNB39;F-TCF;HGFB;HPTA,CLINICALLY ACTIONABLE;DRUGGABLE GENOME;KINASE;PROTEASE;ENZYME;GROWTH FACTOR,
10320,IKZF1,INSUFFICIENT_EVIDENCE,True,ENST00000331340,NM_006060.6,Hs.54452;IKAROS;LyF-1;PPP1R92;ZNFN1A1;hIk-1,TRANSCRIPTION FACTOR;CLINICALLY ACTIONABLE,
3662,IRF4,ONCOGENE,True,ENST00000380956,NM_002460.3,LSIRF;MUM1,TRANSCRIPTION FACTOR;CLINICALLY ACTIONABLE,
3725,JUN,ONCOGENE,True,ENST00000371222,NM_002228.3,AP-1;c-Jun,CLINICALLY ACTIONABLE;DRUGGABLE GENOME;TRANSCRIPTION FACTOR;TUMOR SUPPRESSOR;TRANSCRIPTION FACTOR BINDING;TRANSCRIPTION FACTOR COMPLEX,
5927,KDM5A,ONCOGENE,True,ENST00000399788,NM_001042603.1,JARID1A;RBBP2,CLINICALLY ACTIONABLE;NUCLEAR HORMONE RECEPTOR,
3791,KDR,ONCOGENE,True,ENST00000263923,NM_002253.2,CD309;FLK1;VEGFR;VEGFR2,CLINICALLY ACTIONABLE;KINASE;DRUGGABLE GENOME;TYROSINE KINASE;EXTERNAL SIDE OF PLASMA MEMBRANE,
9817,KEAP1,TSG,True,ENST00000171111,NM_203500.1,INrf2;KIAA0132;KLHL19;MGC10630;MGC1114;MGC20887;MGC4407;MGC9454,CLINICALLY ACTIONABLE;ENZYME;DRUGGABLE GENOME;TRANSCRIPTION FACTOR BINDING,
4297,KMT2A,TSG,True,ENST00000534358,NM_001197104.1,ALL-1;CXXC7;HRX;HTRX1;MLL;MLL1A;TRX1,DRUGGABLE GENOME;CLINICALLY ACTIONABLE;ENZYME,
58508,KMT2C,TSG,True,ENST00000262189,NM_170606.2,HALR;KIAA1506;MLL3,CLINICALLY ACTIONABLE;ENZYME;DRUG RESISTANCE;NUCLEAR HORMONE RECEPTOR,
5605,MAP2K2,ONCOGENE,True,ENST00000262948,NM_030662.3,MEK2;PRKMK2,DRUGGABLE GENOME;CLINICALLY ACTIONABLE;TYROSINE KINASE;SERINE THREONINE KINASE;DRUG RESISTANCE;KINASE,
6416,MAP2K4,TSG,True,ENST00000353533,NM_003010.3,JNKK1;MEK4;MKK4;PRKMK4;SERK1,SERINE THREONINE KINASE;KINASE;TYROSINE KINASE;CLINICALLY ACTIONABLE;DRUGGABLE GENOME,
5594,MAPK1,ONCOGENE,True,ENST00000215832,NM_002745.4,ERK2;MAPK2;PRKM1;PRKM2;p41mapk,SERINE THREONINE KINASE;KINASE;CLINICALLY ACTIONABLE;DRUGGABLE GENOME;TRANSCRIPTION FACTOR;DRUG RESISTANCE,
4193,MDM2,ONCOGENE,True,ENST00000258149,NM_002392.5,HDM2;MGC5370,CLINICALLY ACTIONABLE;ENZYME;TUMOR SUPPRESSOR;DRUGGABLE GENOME,
4194,MDM4,ONCOGENE,True,ENST00000367182,NM_002393.4,HDMX;MDMX,CLINICALLY ACTIONABLE;TUMOR SUPPRESSOR,
4286,MITF,ONCOGENE,True,ENST00000394351,NM_000248.4,MI;WS2;WS2A;bHLHe32,DRUGGABLE GENOME;DRUG RESISTANCE;CLINICALLY ACTIONABLE;ENZYME;TRANSCRIPTION FACTOR,
2475,MTOR,ONCOGENE,True,ENST00000361445,NM_004958.3,FLJ44809;FRAP;FRAP1;FRAP2;RAFT1;RAPT1,CLINICALLY ACTIONABLE;SERINE THREONINE KINASE;KINASE;ENZYME;DRUGGABLE GENOME;DRUG RESISTANCE,"mTOR deregulation has been observed in many cancer types. As a part of the PI3K/Akt pathway, there is a broad interest in mTOR biology across cancer types. mTOR inhibition has been investigated for nearly a decade. Everolimus, temsirolimus and zotarolimus are three of the more commonly used mTOR inhibitors used in clinical treatment today, with modest success."
4595,MUTYH,TSG,True,ENST00000710952,NM_001128425.2,MYH,ENZYME;CLINICALLY ACTIONABLE;DNA REPAIR,
4609,MYC,ONCOGENE,True,ENST00000621592,NM_002467.4,MYCC;bHLHe39;c-Myc,CLINICALLY ACTIONABLE;TRANSCRIPTION FACTOR,
4610,MYCL,ONCOGENE,True,ENST00000397332,NM_001033082.2,LMYC;MYCL1;bHLHe38,CLINICALLY ACTIONABLE,
4613,MYCN,ONCOGENE,True,ENST00000281043,NM_005378.4,MYCNOT;N-myc;NMYC;bHLHe37,CLINICALLY ACTIONABLE;DRUG RESISTANCE,
7080,NKX2-1,ONCOGENE,True,ENST00000354822,NM_001079668.2,BCH;NKX2A;TITF1;TTF-1,CLINICALLY ACTIONABLE;TRANSCRIPTION FACTOR COMPLEX;TRANSCRIPTION FACTOR,
7468,NSD2,ONCOGENE,True,ENST00000382891,NM_001042424.2,KMT3G;MMSET;WHSC1,CLINICALLY ACTIONABLE;ENZYME,
54904,NSD3,INSUFFICIENT_EVIDENCE,True,ENST00000317025,NM_023034.1,FLJ20353;KMT3F;WHISTLE;WHSC1L1,ENZYME;CLINICALLY ACTIONABLE,
4914,NTRK1,ONCOGENE,True,ENST00000524377,NM_002529.3,MTC;TRKA,DRUGGABLE GENOME;CLINICALLY ACTIONABLE;TYROSINE KINASE;CELL SURFACE;KINASE;DRUG RESISTANCE,
4915,NTRK2,ONCOGENE,True,ENST00000277120,NM_006180.3,TRKB,DRUGGABLE GENOME;ENZYME;CLINICALLY ACTIONABLE;TYROSINE KINASE;KINASE,
4916,NTRK3,ONCOGENE,True,ENST00000629765,NM_001012338.3,TRKC,CLINICALLY ACTIONABLE;ENZYME;KINASE;TYROSINE KINASE;DRUGGABLE GENOME;DRUG RESISTANCE,
79728,PALB2,TSG,True,ENST00000261584,NM_024675.3,FANCN;FLJ21816,CLINICALLY ACTIONABLE,
80380,PDCD1LG2,ONCOGENE,True,ENST00000397747,NM_025239.3,B7-DC;Btdc;CD273;PD-L2;PDL2;bA574F11.2,CLINICALLY ACTIONABLE;EXTERNAL SIDE OF PLASMA MEMBRANE;DRUGGABLE GENOME,
5159,PDGFRB,ONCOGENE,True,ENST00000261799,NM_002609.3,CD140b;JTK12;PDGFR;PDGFR1,CLINICALLY ACTIONABLE;DRUGGABLE GENOME;TYROSINE KINASE;KINASE,
84295,PHF6,TSG,True,ENST00000332070,NM_001015877.1,BFLS;BORJ;CENP-31;KIAA1823;MGC14797,CLINICALLY ACTIONABLE,
5292,PIM1,INSUFFICIENT_EVIDENCE,True,ENST00000373509,NM_002648.3,PIM,SERINE THREONINE KINASE;KINASE;DRUGGABLE GENOME;CLINICALLY ACTIONABLE;DRUG RESISTANCE;TRANSCRIPTION FACTOR BINDING,
5573,PRKAR1A,TSG,True,ENST00000358598,NM_212471.2,CNC1;PRKAR1;TSE1,CLINICALLY ACTIONABLE;KINASE,
5885,RAD21,TSG,True,ENST00000297338,NM_006265.2,KIAA0078;SCC1;hHR21,CLINICALLY ACTIONABLE,
5894,RAF1,ONCOGENE,True,ENST00000251849,NM_002880.3,CRAF;Raf-1;c-Raf,SERINE THREONINE KINASE;CLINICALLY ACTIONABLE;DRUGGABLE GENOME;KINASE,
5914,RARA,INSUFFICIENT_EVIDENCE,True,ENST00000254066,NM_000964.3,NR1B1,NUCLEAR HORMONE RECEPTOR;CLINICALLY ACTIONABLE;TRANSCRIPTION FACTOR COMPLEX;DRUGGABLE GENOME,
6098,ROS1,ONCOGENE,True,ENST00000368508,NM_002944.2,MCF3;ROS;c-ros-1,ENZYME;CLINICALLY ACTIONABLE;TRANSCRIPTION FACTOR;KINASE;TYROSINE KINASE;DRUG RESISTANCE;DRUGGABLE GENOME,"ROS1 is a receptor tyrosine kinase that is frequently involved in genetic rearrangement in a variety of human cancers (e.g. NSCLC, gastric cancer, ovarian cancer, cholangiocarcinoma, colorectal cancer, angiosarcoma...). The resulting fusion protein harbors the constitutively active ROS1 kinase domain and drives cellular proliferation (Davies et. al.). In NSCLC about 1% harbor a ROS1 rearrangement. These patients are predominantely female and have a lower T-stage (Warth et. al.). Treatment with crizotinib leads to a reported objective response rate of appr. 70% and a median duration of response of 18 months (Shaw et. al.). Resistance mechanisms to crizotinib have been described and involve mutations in the kinase domain. More selective inhibitors of ROS1 might overcome this resistance (Davare et. al.)."
861,RUNX1,TSG,True,ENST00000300305,NM_001754.4,AML1;AMLCR1;CBFA2;PEBP2A2,CLINICALLY ACTIONABLE;DRUG RESISTANCE;TRANSCRIPTION FACTOR,RUNX1 is a transcription factor that forms a complex with the cofactor CBFB. This complex provides stability to the RUNX1 protein which is involved in the generation of hematopoietic stem cells and for their differentiation into myeloid and lymphoid lines. Loss of RUNX1 function has been shown to impair differentiation between myeloid and lymphoid lines often resulting in the development of leukemia.
6389,SDHA,TSG,True,ENST00000264932,NM_004168.2,FP;SDH2;SDHF,CLINICALLY ACTIONABLE,
6390,SDHB,TSG,True,ENST00000375499,NM_003000.2,SDH;SDH1,CLINICALLY ACTIONABLE;ENZYME,
6391,SDHC,TSG,True,ENST00000367975,NM_003001.3,CYB560;PGL3;cybL,ENZYME;CLINICALLY ACTIONABLE,
6392,SDHD,TSG,True,ENST00000375549,NM_003002.3,PGL;PGL1;cybS,CLINICALLY ACTIONABLE,
6657,SOX2,ONCOGENE,True,ENST00000325404,NM_003106.3,,CLINICALLY ACTIONABLE;TRANSCRIPTION FACTOR COMPLEX;TRANSCRIPTION FACTOR,
23013,SPEN,TSG,True,ENST00000375759,NM_015001.2,KIAA0929;MINT;RBM15C;SHARP,CLINICALLY ACTIONABLE,
6714,SRC,ONCOGENE,True,ENST00000358208,NM_198291.2,ASV;SRC1;c-src,CLINICALLY ACTIONABLE;TYROSINE KINASE;DRUGGABLE GENOME;KINASE;TRANSCRIPTION FACTOR,
6427,SRSF2,INSUFFICIENT_EVIDENCE,True,ENST00000359995,NM_003016.4,PR264;SC-35;SC35;SFRS2;SFRS2A,CLINICALLY ACTIONABLE,
6774,STAT3,ONCOGENE,True,ENST00000264657,NM_139276.2,APRF,CLINICALLY ACTIONABLE;KINASE;DRUGGABLE GENOME;NUCLEAR HORMONE RECEPTOR;TUMOR SUPPRESSOR;TRANSCRIPTION FACTOR COMPLEX,
51684,SUFU,TSG,True,ENST00000369902,NM_016169.3,PRO1280;SUFUH;SUFUXL,CLINICALLY ACTIONABLE;DRUG RESISTANCE;TRANSCRIPTION FACTOR BINDING,
6850,SYK,ONCOGENE,True,ENST00000375746,NM_003177.5,,CLINICALLY ACTIONABLE;DRUGGABLE GENOME;KINASE;TYROSINE KINASE;SERINE THREONINE KINASE;DRUG RESISTANCE,
54855,TENT5C,TSG,True,ENST00000369448,NM_017709.3,FAM46C;FLJ20202,,
7048,TGFBR2,TSG,True,ENST00000295754,NM_003242.6,MFS2;TBR-ii;TBRII,EXTERNAL SIDE OF PLASMA MEMBRANE;CLINICALLY ACTIONABLE;ENZYME;KINASE;DRUGGABLE GENOME;SERINE THREONINE KINASE,
7113,TMPRSS2,INSUFFICIENT_EVIDENCE,True,ENST00000398585,NM_001135099.1,PRSS10,PROTEASE;CLINICALLY ACTIONABLE;DRUGGABLE GENOME,
8764,TNFRSF14,TSG,True,ENST00000355716,NM_003820.2,ATAR;CD270;HVEA;HVEM;LIGHTR,CLINICALLY ACTIONABLE;DRUGGABLE GENOME;EXTERNAL SIDE OF PLASMA MEMBRANE,
7249,TSC2,TSG,True,ENST00000219476,NM_000548.3,LAM;PPP1R160;TSC4;tuberin,KINASE;CLINICALLY ACTIONABLE;TUMOR SUPPRESSOR,
7514,XPO1,ONCOGENE,True,ENST00000401558,NM_003400.3,CRM-1;CRM1;emb,CLINICALLY ACTIONABLE;KINASE,
10000,AKT3,ONCOGENE,True,ENST00000263826,NM_005465.4,PKBG;PRKBG;RAC-gamma,CLINICALLY ACTIONABLE;DRUGGABLE GENOME;DRUG RESISTANCE;SERINE THREONINE KINASE;KINASE;ENZYME,
369,ARAF,ONCOGENE,True,ENST00000377045,NM_001654.4,ARAF1,DRUGGABLE GENOME;CLINICALLY ACTIONABLE;SERINE THREONINE KINASE;KINASE,"ARAF has recently become increasingly considered for its oncogenic potential. Its potential as a target for informing clinical action was demonstrated by a single case of advanced lung adenocarcinoma harboring an S214C mutation that, when treated with sorafenib, acheived near-complete clinical remission. This finding has brought new focus on ARAF as a marker that should be assayed for in cancer treatment."
57492,ARID1B,TSG,True,ENST00000636930,,6A3-5;BAF250b;DAN15;ELD/OSA1;KIAA1235;p250R,CLINICALLY ACTIONABLE,
6790,AURKA,ONCOGENE,True,ENST00000312783,NM_003600.2,AIK;ARK1;AurA;BTAK;PPP1R47;STK15;STK6,SERINE THREONINE KINASE;CLINICALLY ACTIONABLE;KINASE;DRUGGABLE GENOME;DRUG RESISTANCE,
9212,AURKB,ONCOGENE,True,ENST00000585124,NM_004217.3,ARK2;Aik2;AurB;IPL1;PPP1R48;STK12;STK5,CLINICALLY ACTIONABLE;KINASE;SERINE THREONINE KINASE;DRUGGABLE GENOME;ENZYME,
558,AXL,ONCOGENE,True,ENST00000301178,NM_021913.4,JTK11;Tyro7;UFO,TYROSINE KINASE;KINASE;DRUGGABLE GENOME;ENZYME;CLINICALLY ACTIONABLE;CELL SURFACE,
8915,BCL10,TSG,True,ENST00000648566,NM_003921.4,CIPER;CLAP;c-E10;mE10,CLINICALLY ACTIONABLE,
63035,BCORL1,TSG,True,ENST00000218147,NM_021946.4,CXorf10;FLJ11362,CLINICALLY ACTIONABLE,
613,BCR,ONCOGENE,True,ENST00000305877,NM_004327.3,ALL;BCR1;CML;D22S11;D22S662;PHL,CLINICALLY ACTIONABLE;SERINE THREONINE KINASE;KINASE;TYROSINE KINASE;TUMOR SUPPRESSOR;DRUGGABLE GENOME,
330,BIRC3,ONCOGENE_AND_TSG,True,ENST00000263464,NM_182962.2,API2;MALT2;MIHC;RNF49;c-IAP2;cIAP2;hiap-1,CLINICALLY ACTIONABLE;DRUGGABLE GENOME;ENZYME;TUMOR SUPPRESSOR;KINASE,
641,BLM,TSG,True,ENST00000355112,NM_000057.2,BS;RECQ2;RECQL3,CLINICALLY ACTIONABLE;DRUGGABLE GENOME;ENZYME;DNA REPAIR,
694,BTG1,TSG,True,ENST00000256015,NM_001731.2,APRO2,CLINICALLY ACTIONABLE;NUCLEAR HORMONE RECEPTOR,
1024,CDK8,ONCOGENE,True,ENST00000381527,NM_001260.1,K35,DRUGGABLE GENOME;CLINICALLY ACTIONABLE;TRANSCRIPTION FACTOR;KINASE;SERINE THREONINE KINASE;TUMOR SUPPRESSOR,
1030,CDKN2B,TSG,True,ENST00000276925,NM_004936.3,CDK4I;INK4B;MTS2;P15;TP15;p15INK4b,CLINICALLY ACTIONABLE;KINASE,
1111,CHEK1,TSG,True,ENST00000428830,NM_001274.5,CHK1,CLINICALLY ACTIONABLE;SERINE THREONINE KINASE;DNA REPAIR;DRUGGABLE GENOME;TRANSCRIPTION FACTOR;KINASE,
1399,CRKL,ONCOGENE,True,ENST00000354336,NM_005207.3,,CLINICALLY ACTIONABLE;DRUG RESISTANCE;KINASE,
1540,CYLD,TSG,True,ENST00000398568,NM_001042355.1,CYLD1;KIAA0849;USPL2,CLINICALLY ACTIONABLE;ENZYME;KINASE;PROTEASE,
84444,DOT1L,ONCOGENE,True,ENST00000398665,NM_032482.2,DOT1;KIAA1814;KMT4,CLINICALLY ACTIONABLE;DNA REPAIR;DRUGGABLE GENOME,
8726,EED,TSG,True,ENST00000263360,NM_003797.3,HEED;WAIT-1,CLINICALLY ACTIONABLE,
1974,EIF4A2,ONCOGENE,True,ENST00000323963,NM_001967.3,BM-010;DDX2B,CLINICALLY ACTIONABLE,
2042,EPHA3,TSG,True,ENST00000336596,NM_005233.5,ETK;ETK1;HEK;HEK4;TYRO4,KINASE;TYROSINE KINASE;CLINICALLY ACTIONABLE;DRUGGABLE GENOME;ENZYME,
2047,EPHB1,ONCOGENE_AND_TSG,True,ENST00000398015,NM_004441.4,EPHT2;Hek6,CLINICALLY ACTIONABLE;DRUGGABLE GENOME;KINASE;TYROSINE KINASE,
2072,ERCC4,TSG,True,ENST00000311895,NM_005236.2,FANCQ;XPF,CLINICALLY ACTIONABLE;DNA REPAIR,
2115,ETV1,ONCOGENE,True,ENST00000405192,NM_001163147.1,ER81,CLINICALLY ACTIONABLE;DRUG RESISTANCE;TRANSCRIPTION FACTOR,
355,FAS,TSG,True,ENST00000652046,NM_000043.6,APO-1;APT1;CD95;FAS1;TNFRSF6,CLINICALLY ACTIONABLE;CELL SURFACE;EXTERNAL SIDE OF PLASMA MEMBRANE;DRUGGABLE GENOME,
9965,FGF19,ONCOGENE,True,ENST00000294312,NM_005117.2,,DRUGGABLE GENOME;CLINICALLY ACTIONABLE;GROWTH FACTOR,
2248,FGF3,ONCOGENE,True,ENST00000334134,NM_005247.2,HBGF-3;INT2,CLINICALLY ACTIONABLE;DRUGGABLE GENOME;GROWTH FACTOR,"FGF3 is a member of the basic fibroblast growth factor (FGF) gene family and was first identified based on it's similarity to the mouse proto-oncogene int-2. Amplifications of this gene and the surrounding region (11q13) have been observed in various cancers including breast cancer, esophogeal cancer, melanoma, bladder cancer and hepatocellular carcinoma (HCC). Lower tumor grade and stage have been associated with FGF3 amplifications in HCC; however, this event is fairly rare in this tumor type."
2249,FGF4,ONCOGENE,True,ENST00000168712,NM_002007.2,HBGF-4;HST;HST-1;HSTF1;K-FGF;KFGF,CLINICALLY ACTIONABLE;DRUGGABLE GENOME;GROWTH FACTOR,
2271,FH,TSG,True,ENST00000366560,NM_000143.3,,ENZYME;CLINICALLY ACTIONABLE;DNA REPAIR,
2321,FLT1,ONCOGENE,True,ENST00000282397,NM_002019.4,FLT;VEGFR1,CLINICALLY ACTIONABLE;DRUGGABLE GENOME;KINASE;TYROSINE KINASE,
2324,FLT4,ONCOGENE,True,ENST00000261937,NM_182925.4,VEGFR-3;VEGFR3,CLINICALLY ACTIONABLE;TYROSINE KINASE;KINASE;DRUGGABLE GENOME,
2308,FOXO1,TSG,True,ENST00000379561,NM_002015.3,FKH1;FKHR;FOXO1A,CLINICALLY ACTIONABLE;TRANSCRIPTION FACTOR,
27086,FOXP1,ONCOGENE_AND_TSG,True,ENST00000318789,NM_001244814.1,12CC4;HSPC215;QRF1;hFKH1B,CLINICALLY ACTIONABLE;TRANSCRIPTION FACTOR,
2903,GRIN2A,TSG,True,ENST00000330684,NM_001134407.1,GluN2A;NMDAR2A,DRUGGABLE GENOME;CLINICALLY ACTIONABLE;ION CHANNEL;CELL SURFACE,
2932,GSK3B,ONCOGENE,True,ENST00000316626,NM_002093.3,,DRUGGABLE GENOME;CLINICALLY ACTIONABLE;KINASE;SERINE THREONINE KINASE;TRANSCRIPTION FACTOR,
3399,ID3,TSG,True,ENST00000374561,NM_002167.4,HEIR-1;bHLHb25,CLINICALLY ACTIONABLE;TRANSCRIPTION FACTOR;KINASE,
3480,IGF1R,ONCOGENE,True,ENST00000650285,NM_000875.3,CD221;IGFIR;IGFR;JTK13;MGC18216,DRUGGABLE GENOME;CLINICALLY ACTIONABLE;KINASE;TYROSINE KINASE,
9641,IKBKE,ONCOGENE,True,ENST00000581977,NM_014002.3,IKK-i;IKKE;KIAA0151,KINASE;SERINE THREONINE KINASE;CLINICALLY ACTIONABLE;DRUGGABLE GENOME,
3575,IL7R,ONCOGENE,True,ENST00000303115,NM_002185.3,CD127;IL7RA,CLINICALLY ACTIONABLE;DRUGGABLE GENOME;EXTERNAL SIDE OF PLASMA MEMBRANE,
8821,INPP4B,TSG,True,ENST00000262992,NM_001101669.1,,CLINICALLY ACTIONABLE;ENZYME,
8660,IRS2,ONCOGENE,True,ENST00000375856,NM_003749.2,,CLINICALLY ACTIONABLE;KINASE,
9314,KLF4,ONCOGENE_AND_TSG,True,ENST00000374672,NM_004235.4,EZF;GKLF,TRANSCRIPTION FACTOR COMPLEX;CLINICALLY ACTIONABLE;TRANSCRIPTION FACTOR,
4004,LMO1,ONCOGENE,True,ENST00000335790,NM_002315.2,RBTN1;RHOM1,CLINICALLY ACTIONABLE;TRANSCRIPTION FACTOR,
10892,MALT1,INSUFFICIENT_EVIDENCE,True,ENST00000649217,NM_006785.3,MLT;PCASP1,CLINICALLY ACTIONABLE;ENZYME;PROTEASE,
9175,MAP3K13,ONCOGENE,True,ENST00000265026,NM_004721.4,LZK;MEKK13,KINASE;CLINICALLY ACTIONABLE;SERINE THREONINE KINASE;DRUGGABLE GENOME,
4170,MCL1,ONCOGENE,True,ENST00000369026,NM_021960.4,BCL2L3;Mcl-1,DRUGGABLE GENOME;CLINICALLY ACTIONABLE,
100271849,MEF2B,ONCOGENE,True,ENST00000424583,NM_001145785.1,RSRFR2,CLINICALLY ACTIONABLE;TRANSCRIPTION FACTOR COMPLEX,
4361,MRE11,TSG,True,ENST00000323929,NM_005591.3,ATLD;MRE11A,CLINICALLY ACTIONABLE;DNA REPAIR;KINASE,
4437,MSH3,TSG,True,ENST00000265081,NM_002439.4,,CLINICALLY ACTIONABLE;DNA REPAIR,
124540,MSI2,ONCOGENE,True,ENST00000284073,NM_138962.2,,CLINICALLY ACTIONABLE,
4683,NBN,TSG,True,ENST00000265433,NM_002485.4,AT-V1;AT-V2;ATV;NBS;NBS1,TUMOR SUPPRESSOR;CLINICALLY ACTIONABLE;KINASE,
9611,NCOR1,TSG,True,ENST00000268712,NM_006311.3,KIAA1047;MGC104216;N-CoR;PPP1R109;TRAC1;hCIT529I10;hN-CoR,TRANSCRIPTION FACTOR;NUCLEAR HORMONE RECEPTOR;CLINICALLY ACTIONABLE,
4792,NFKBIA,TSG,True,ENST00000216797,NM_020529.2,IKBA;IkappaBalpha;MAD-3;NFKBI,CLINICALLY ACTIONABLE;DRUGGABLE GENOME,
64324,NSD1,TSG,True,ENST00000439151,NM_022455.4,ARA267;FLJ22263;KMT3B;STO,CLINICALLY ACTIONABLE;ENZYME;NUCLEAR HORMONE RECEPTOR,
22978,NT5C2,ONCOGENE,True,ENST00000343289,NM_001134373.2,GMP;NT5B;PNT5;SPG45;SPG65;cN-II,CLINICALLY ACTIONABLE;ENZYME;DRUG RESISTANCE,"This gene, when mutated to be over-active, has been linked to chemotherapy resistance in relapsed T-cell Acute Lymphoblastic Leukemia."
286530,P2RY8,TSG,True,ENST00000381297,NM_178129.4,P2Y8,G PROTEIN COUPLED RECEPTOR;CLINICALLY ACTIONABLE;DRUGGABLE GENOME,
5133,PDCD1,ONCOGENE,True,ENST00000334409,NM_005018.2,CD279;PD-1;SLEB2;hSLE1,CLINICALLY ACTIONABLE;EXTERNAL SIDE OF PLASMA MEMBRANE;DRUGGABLE GENOME,
5291,PIK3CB,ONCOGENE,True,ENST00000289153,NM_006219.2,PIK3C1,CLINICALLY ACTIONABLE;DRUGGABLE GENOME;KINASE;G PROTEIN COUPLED RECEPTOR;PHOSPHATIDYLINOSITOL 3 KINASE,
5395,PMS2,TSG,True,ENST00000265849,NM_000535.5,HNPCC4;H_DJ0042M02.9;MLH4;PMSL2,CLINICALLY ACTIONABLE,
5424,POLD1,TSG,True,ENST00000440232,NM_002691.3,POLD,ENZYME;DNA REPAIR;CLINICALLY ACTIONABLE;DRUGGABLE GENOME,
5426,POLE,TSG,True,ENST00000320574,NM_006231.2,POLE1,CLINICALLY ACTIONABLE;DRUGGABLE GENOME;ENZYME,
25913,POT1,TSG,True,ENST00000357628,NM_015450.2,DKFZp586D211;hPot1,CLINICALLY ACTIONABLE,
5468,PPARG,ONCOGENE,True,ENST00000287820,NM_015869.4,NR1C3;PPARG1;PPARG2;PPARgamma,CLINICALLY ACTIONABLE;NUCLEAR HORMONE RECEPTOR;DRUGGABLE GENOME,
5879,RAC1,ONCOGENE,True,ENST00000356142,NM_018890.3,Rac-1;TC-25;p21-Rac1,KINASE;CLINICALLY ACTIONABLE;DRUG RESISTANCE,"The RAC1 P29S mutation is the third most common protein-coding hotspot mutation in melanomas, ocurring in 4-9%. A preclinical study has shown that this mutation confers resistance to BRAF inhibition in-vitro."
10111,RAD50,TSG,True,ENST00000378823,NM_005732.3,RAD50-2;hRad50,CLINICALLY ACTIONABLE;KINASE;DNA REPAIR,
5888,RAD51,TSG,True,ENST00000267868,NM_002875.4,BRCC5;FANCR;HsRad51;HsT16930;RAD51A;RECA,CLINICALLY ACTIONABLE;DRUGGABLE GENOME;DNA REPAIR,
5890,RAD51B,TSG,True,ENST00000487270,NM_133509.3,R51H2;RAD51L1;REC2;hREC2,CLINICALLY ACTIONABLE;DNA REPAIR,
8241,RBM10,TSG,True,ENST00000377604,NM_005676.5,DXS8237E;GPATC9;GPATCH9;KIAA0122;S1-1;ZRANB5,CLINICALLY ACTIONABLE,
5966,REL,ONCOGENE,True,ENST00000295025,NM_002908.2,HIVEN86A;I-Rel;c-Rel,CLINICALLY ACTIONABLE;TRANSCRIPTION FACTOR;KINASE,
387,RHOA,ONCOGENE,True,ENST00000418115,NM_001664.2,ARH12;ARHA;RHOH12;Rho12,CLINICALLY ACTIONABLE;KINASE,
253260,RICTOR,ONCOGENE,True,ENST00000357387,NM_152756.3,AVO3;KIAA1999;MGC39830;PIA,CLINICALLY ACTIONABLE;SERINE THREONINE KINASE,
57521,RPTOR,ONCOGENE,True,ENST00000306801,NM_020761.2,KIAA1303;KOG1;Mip1;raptor,CLINICALLY ACTIONABLE;KINASE;SERINE THREONINE KINASE,
26040,SETBP1,ONCOGENE,True,ENST00000649279,NM_015559.2,KIAA0437;SEB,CLINICALLY ACTIONABLE,
6662,SOX9,TSG,True,ENST00000245479,NM_000346.3,CMD1;CMPD1,TRANSCRIPTION FACTOR COMPLEX;TRANSCRIPTION FACTOR;CLINICALLY ACTIONABLE,
6777,STAT5B,ONCOGENE,True,ENST00000293328,NM_012448.3,,CLINICALLY ACTIONABLE;DRUG RESISTANCE;TRANSCRIPTION FACTOR;KINASE;DRUGGABLE GENOME,
23512,SUZ12,TSG,True,ENST00000322652,NM_015355.2,CHET9;JJAZ1;KIAA0160,CLINICALLY ACTIONABLE,
6926,TBX3,TSG,True,ENST00000257566,NM_016569.3,TBX3-ISO;UMS;XHL,CLINICALLY ACTIONABLE;TRANSCRIPTION FACTOR,
6929,TCF3,TSG,True,ENST00000588136,NM_001136139.2,E2A;E47;ITF1;MGC129647;MGC129648;VDIR;bHLHb21,CLINICALLY ACTIONABLE;TRANSCRIPTION FACTOR;TRANSCRIPTION FACTOR COMPLEX,
7015,TERT,ONCOGENE,True,ENST00000310581,NM_198253.2,EST2;TCS1;TP2;TRT;hEST2,ENZYME;CLINICALLY ACTIONABLE;DRUG RESISTANCE;DRUGGABLE GENOME;RNA DIRECTED DNA POLYMERASE,
80312,TET1,TSG,True,ENST00000373644,NM_030625.2,CXXC6;KIAA1676;LCX;bA119F7.1,ENZYME;CLINICALLY ACTIONABLE,
7150,TOP1,ONCOGENE,True,ENST00000361337,NM_003286.2,,CLINICALLY ACTIONABLE;SERINE THREONINE KINASE;ENZYME;DRUGGABLE GENOME,
8626,TP63,ONCOGENE_AND_TSG,True,ENST00000264731,NM_003722.4,EEC3;KET;OFC8;SHFM4;TP53CP;TP53L;TP73L;p53CP;p63;p73H;p73L,CLINICALLY ACTIONABLE;TRANSCRIPTION FACTOR,
84231,TRAF7,INSUFFICIENT_EVIDENCE,True,ENST00000326181,NM_032271.2,DKFZp586I021;MGC7807;RFWD1;RNF119,CLINICALLY ACTIONABLE,
7253,TSHR,ONCOGENE,True,ENST00000541158,NM_000369.2,LGR3,DRUGGABLE GENOME;CLINICALLY ACTIONABLE;CELL SURFACE;G PROTEIN COUPLED RECEPTOR,
8233,ZRSR2,INSUFFICIENT_EVIDENCE,True,ENST00000307771,NM_005089.3,U2AF1-RS2;U2AF1L2;URP;ZC3H22,CLINICALLY ACTIONABLE,
90,ACVR1,ONCOGENE,True,ENST00000263640,NM_001111067.2,ACVR1A;ACVRLK2;ALK2;SKR1,KINASE;DRUGGABLE GENOME;ENZYME;SERINE THREONINE KINASE,
91,ACVR1B,TSG,True,ENST00000257963,NM_004302,ACVRLK4;ALK4;ActRIB;SKR2,ENZYME;CLINICALLY ACTIONABLE;SERINE THREONINE KINASE;KINASE;DRUGGABLE GENOME;CELL SURFACE,
242,ALOX12B,ONCOGENE_AND_TSG,True,ENST00000647874,NM_001139.2,12R-LOX,DRUGGABLE GENOME;ENZYME;CLINICALLY ACTIONABLE,
8313,AXIN2,TSG,True,ENST00000307078,NM_004655.3,DKFZp781B0869;MGC126582,KINASE;CLINICALLY ACTIONABLE;DRUGGABLE GENOME,
64919,BCL11B,TSG,True,ENST00000357195,NM_138576.3,CTIP-2;CTIP2;ZNF856B;hRIT1-alpha,CLINICALLY ACTIONABLE,
598,BCL2L1,INSUFFICIENT_EVIDENCE,True,ENST00000307677,NM_138578.1,BCL2L;BCLX;Bcl-X;PPP1R52;bcl-xL;bcl-xS,DRUGGABLE GENOME;CLINICALLY ACTIONABLE,
657,BMPR1A,TSG,True,ENST00000372037,NM_004329.2,ACVRLK3;ALK3;CD292,SERINE THREONINE KINASE;KINASE;CLINICALLY ACTIONABLE;EXTERNAL SIDE OF PLASMA MEMBRANE;DRUGGABLE GENOME,
1026,CDKN1A,TSG,True,ENST00000244741,NM_078467.2,CAP20;CDKN1;SDI1;WAF1;p21CIP1;p21Cip1/Waf1,TUMOR SUPPRESSOR;DRUGGABLE GENOME;CLINICALLY ACTIONABLE;DRUG RESISTANCE;KINASE,
4261,CIITA,TSG,True,ENST00000324288,NM_000246.3,MHC2TA;NLRA,ENZYME;CLINICALLY ACTIONABLE;SERINE THREONINE KINASE;TRANSCRIPTION FACTOR;KINASE,
8452,CUL3,TSG,True,ENST00000264414,NM_003590.4,,CLINICALLY ACTIONABLE;SERINE THREONINE KINASE;ENZYME,
1523,CUX1,TSG,True,ENST00000292535,NM_181552.3,CDP;CDP/Cut;CDP/Cux;CDP1;CUT;CUTL1;CUX;Clox;Cux/CDP;GOLIM6,CLINICALLY ACTIONABLE,
1654,DDX3X,TSG,True,ENST00000478993,NM_001356.4,DBX;DDX14;DDX3,CLINICALLY ACTIONABLE;ENZYME;TRANSPORTER;SERINE THREONINE KINASE;TRANSCRIPTION FACTOR BINDING;DRUGGABLE GENOME,
23405,DICER1,TSG,True,ENST00000393063,NM_177438.2,Dicer;HERNA;K12H4.8-LIKE;KIAA0928;MNG1,CLINICALLY ACTIONABLE;ENZYME,
22894,DIS3,TSG,True,ENST00000377767,NM_014953.3,EXOSC11;KIAA1008;RRP44;dis3p,CLINICALLY ACTIONABLE,
3337,DNAJB1,INSUFFICIENT_EVIDENCE,True,ENST00000254322,NM_006145.1,HSPF1;Hsp40;RSPH16B;Sis1,,
1786,DNMT1,ONCOGENE,True,ENST00000340748,NM_001379.2,CXXC9;DNMT;MCMT,DRUG RESISTANCE;ENZYME;CLINICALLY ACTIONABLE;DRUGGABLE GENOME,
29102,DROSHA,INSUFFICIENT_EVIDENCE,True,ENST00000344624,NM_013235.4,Etohi2;HSA242976;RN3;RNASE3L;RNASEN,,
2034,EPAS1,INSUFFICIENT_EVIDENCE,True,ENST00000263734,NM_001430.4,HIF2A;MOP2;PASD2;bHLHe73,DRUGGABLE GENOME;TRANSCRIPTION FACTOR;KINASE;TRANSCRIPTION FACTOR COMPLEX,
2044,EPHA5,INSUFFICIENT_EVIDENCE,True,ENST00000273854,NM_004439.5,CEK7;Hek7,TYROSINE KINASE;KINASE;EXTERNAL SIDE OF PLASMA MEMBRANE;CLINICALLY ACTIONABLE;DRUGGABLE GENOME,
2045,EPHA7,ONCOGENE_AND_TSG,True,ENST00000369303,NM_004440.3,Hek11,TYROSINE KINASE;KINASE;CLINICALLY ACTIONABLE;DRUGGABLE GENOME,
2068,ERCC2,TSG,True,ENST00000391945,NM_000400.3,EM9;MGC102762;MGC126218;MGC126219;XPD,ENZYME;TRANSCRIPTION FACTOR;KINASE;CLINICALLY ACTIONABLE;DRUG RESISTANCE,"ERCC2 functions as a DNA repair gene involved in separating the double helix via 5’-3’ helicase activity. It forms a part of the transcription factor II Human (TFIIH) complex and is ATP-dependent. The TFIIH complex is known to be involved in the nucleotide excision repair pathway (NER) which can repair DNA damage caused by chemotherapeutic treatment and basal transcription. ERCC2 variants have been observed in a variety of cancers. A number of studies have suggested ERCC2 variants can act as biomarkers to predict response to neoadjuvant treatment, and cancer prognosis. Additionally the Lys751Gln polymorphism has been observed to increase risk in a number of cancer types; however, results have been conflicting."
2071,ERCC3,TSG,True,ENST00000285398,NM_000122.1,RAD25;XPB,ENZYME;CLINICALLY ACTIONABLE;DNA REPAIR;TRANSCRIPTION FACTOR;KINASE,
2073,ERCC5,TSG,True,ENST00000652225,NM_000123.4,ERCM2;XPGC,CLINICALLY ACTIONABLE;DRUGGABLE GENOME,
54206,ERRFI1,TSG,True,ENST00000377482,NM_018948.3,GENE-33;MIG-6;RALT,CLINICALLY ACTIONABLE,
2118,ETV4,ONCOGENE,True,ENST00000319349,NM_001079675.2,E1A-F;E1AF;PEA3,CLINICALLY ACTIONABLE;DRUG RESISTANCE,
2119,ETV5,ONCOGENE,True,ENST00000306376,NM_004454.2,ERM,CLINICALLY ACTIONABLE;DRUG RESISTANCE,
2130,EWSR1,ONCOGENE,True,ENST00000397938,NM_005243.3,EWS,CLINICALLY ACTIONABLE;TRANSCRIPTION FACTOR,"Fusions between EWSR1 and multiple 3` partners are regularly identified in soft tissue sarcomas and can aid in differential diagnosis. The fusion product usually contains the N-terminal transcription-activating domain of EWSR1 and the C-terminal DNA-binding domain of the fusion partner, generating a novel transcription factor."
2177,FANCD2,TSG,True,ENST00000675286,NM_001018115.1,FA-D2;FACD;FANCD,CLINICALLY ACTIONABLE,
2189,FANCG,TSG,True,ENST00000378643,NM_004629,FAG;XRCC9,CLINICALLY ACTIONABLE;DNA REPAIR,
2195,FAT1,TSG,True,ENST00000441802,NM_005245.3,CDHF7;CDHR8;FAT,DRUGGABLE GENOME;CLINICALLY ACTIONABLE,
80204,FBXO11,TSG,True,ENST00000403359,NM_001190274.1,FBX11;UBR6,CLINICALLY ACTIONABLE,
3169,FOXA1,ONCOGENE_AND_TSG,True,ENST00000250448,NM_004496.3,HNF3A,CLINICALLY ACTIONABLE;TRANSCRIPTION FACTOR,
2735,GLI1,ONCOGENE,True,ENST00000228682,NM_005269.2,GLI,TRANSCRIPTION FACTOR;CLINICALLY ACTIONABLE,
10672,GNA13,ONCOGENE_AND_TSG,True,ENST00000439174,NM_006572.5,G13;MGC46138,CLINICALLY ACTIONABLE;TRANSCRIPTION FACTOR,
3006,H1-2,INSUFFICIENT_EVIDENCE,True,ENST00000343677,NM_005319.3,H1.2;H1F2;H1c;H1s-1;HIST1H1C,,
3021,H3-3B,INSUFFICIENT_EVIDENCE,True,ENST00000254810,NM_005324.3,H3.3B;H3F3B,,
3065,HDAC1,ONCOGENE,True,ENST00000373548,NM_004964.2,GON-10;HD1;KDAC1;RPD3L1,CLINICALLY ACTIONABLE;DRUGGABLE GENOME,
3105,HLA-A,TSG,True,ENST00000376809,NM_001242758.1,,CLINICALLY ACTIONABLE;DRUGGABLE GENOME;CELL SURFACE;EXTERNAL SIDE OF PLASMA MEMBRANE,
22806,IKZF3,ONCOGENE_AND_TSG,True,ENST00000346872,NM_012481.4,Aiolos;ZNFN1A3,CLINICALLY ACTIONABLE;TRANSCRIPTION FACTOR,
3624,INHBA,ONCOGENE_AND_TSG,True,ENST00000242208,NM_002192.2,,CLINICALLY ACTIONABLE;DRUGGABLE GENOME;GROWTH FACTOR;HORMONE ACTIVITY,
9113,LATS1,TSG,True,ENST00000253339,NM_004690.3,WARTS,SERINE THREONINE KINASE;KINASE;DRUGGABLE GENOME;CLINICALLY ACTIONABLE,
26524,LATS2,TSG,True,ENST00000382592,NM_014572.2,,SERINE THREONINE KINASE;KINASE;CLINICALLY ACTIONABLE;DRUGGABLE GENOME,
4067,LYN,ONCOGENE,True,ENST00000519728,NM_002350.3,JTK8,TYROSINE KINASE;KINASE;ENZYME;CELL SURFACE;CLINICALLY ACTIONABLE;DRUGGABLE GENOME,
4094,MAF,INSUFFICIENT_EVIDENCE,True,ENST00000393350,NM_001031804.2,c-MAF,CLINICALLY ACTIONABLE;ENZYME;TRANSCRIPTION FACTOR,
9020,MAP3K14,ONCOGENE,True,ENST00000344686,NM_003954.3,FTDCR1B;HS;HSNIK,SERINE THREONINE KINASE;KINASE;CLINICALLY ACTIONABLE;DRUGGABLE GENOME,
4149,MAX,TSG,True,ENST00000358664,NM_002382.4,bHLHd4;bHLHd5;bHLHd6;bHLHd7;bHLHd8,TRANSCRIPTION FACTOR;CLINICALLY ACTIONABLE,
4298,MLLT1,INSUFFICIENT_EVIDENCE,True,ENST00000252674,NM_005934.3,ENL;LTG19;YEATS1,CLINICALLY ACTIONABLE,
4486,MST1R,ONCOGENE,True,ENST00000296474,NM_002447.2,CD136;CDw136;PTK8;RON;SEA,TYROSINE KINASE;KINASE;CLINICALLY ACTIONABLE;CELL SURFACE;DRUGGABLE GENOME;ENZYME,
4602,MYB,ONCOGENE,True,ENST00000367814,NM_005375,c-myb,CLINICALLY ACTIONABLE,
4654,MYOD1,TSG,True,ENST00000250003,NM_002478.4,MYF3;MYOD;bHLHc1,TRANSCRIPTION FACTOR;CLINICALLY ACTIONABLE;TRANSCRIPTION FACTOR COMPLEX,
9612,NCOR2,INSUFFICIENT_EVIDENCE,True,ENST00000405201,NM_006312.6,CTG26;SMRT;SMRTE;TNRC14;TRAC-1,CLINICALLY ACTIONABLE;DRUGGABLE GENOME;NUCLEAR HORMONE RECEPTOR,
4854,NOTCH3,ONCOGENE_AND_TSG,True,ENST00000263388,NM_000435.2,CADASIL;CASIL,CLINICALLY ACTIONABLE;DRUGGABLE GENOME;CELL SURFACE,
9688,NUP93,INSUFFICIENT_EVIDENCE,True,ENST00000308159,NM_014669.4,KIAA0095,TRANSPORTER;CLINICALLY ACTIONABLE,
142,PARP1,TSG,True,ENST00000366794,NM_001618.3,ADPRT;ARTD1;PARP;PPOL,DRUGGABLE GENOME;DRUG RESISTANCE;ENZYME;TRANSCRIPTION FACTOR;CLINICALLY ACTIONABLE;DNA REPAIR;TRANSCRIPTION FACTOR COMPLEX,
8929,PHOX2B,TSG,True,ENST00000226382,NM_003924.3,NBPhox;PMX2B,CLINICALLY ACTIONABLE;TRANSCRIPTION FACTOR,
5288,PIK3C2G,INSUFFICIENT_EVIDENCE,True,ENST00000433979,NM_004570.4,,PHOSPHATIDYLINOSITOL 3 KINASE;KINASE;DRUGGABLE GENOME;CLINICALLY ACTIONABLE,
5294,PIK3CG,ONCOGENE,True,ENST00000359195,NM_002649.2,,DRUGGABLE GENOME;CLINICALLY ACTIONABLE;KINASE;PHOSPHATIDYLINOSITOL 3 KINASE;SERINE THREONINE KINASE,
5296,PIK3R2,TSG,True,ENST00000222254,NM_005027.3,P85B,CLINICALLY ACTIONABLE;PHOSPHATIDYLINOSITOL 3 KINASE;KINASE;DRUG RESISTANCE,
5336,PLCG2,ONCOGENE,True,ENST00000564138,NM_002661.3,,CLINICALLY ACTIONABLE;DRUGGABLE GENOME;ENZYME,
8493,PPM1D,ONCOGENE,True,ENST00000305921,NM_003620.3,PP2C-DELTA;Wip1,ENZYME;SERINE THREONINE KINASE;KINASE,
5537,PPP6C,TSG,True,ENST00000373547,NM_002721.4,PP6,KINASE;CLINICALLY ACTIONABLE,
80243,PREX2,INSUFFICIENT_EVIDENCE,True,ENST00000288368,NM_024870.2,DEP.2;DEPDC2;FLJ12987;P-REX2;PPP1R129,DRUG RESISTANCE;KINASE;CLINICALLY ACTIONABLE,
5584,PRKCI,ONCOGENE,True,ENST00000295797,NM_002740.5,DXS1179E;PKCI,SERINE THREONINE KINASE;KINASE;CLINICALLY ACTIONABLE;DRUGGABLE GENOME,
5071,PRKN,TSG,True,ENST00000366898,NM_004562.2,AR-JP;PARK2;PDJ;parkin,ENZYME,
11122,PTPRT,TSG,True,ENST00000373198,NM_133170.3,KIAA0283;RPTPrho,CLINICALLY ACTIONABLE;PROTEIN PHOSPHATASE;CELL SURFACE,
5889,RAD51C,TSG,True,ENST00000337432,NM_058216.2,FANCO;RAD51L2,CLINICALLY ACTIONABLE;KINASE;DNA REPAIR,
5892,RAD51D,TSG,True,ENST00000345365,NM_002878.3,HsTRAD;R51H3;RAD51L3;Trad,CLINICALLY ACTIONABLE;DNA REPAIR;TUMOR SUPPRESSOR,
5893,RAD52,INSUFFICIENT_EVIDENCE,True,ENST00000358495,NM_134424.2,,CLINICALLY ACTIONABLE,
8438,RAD54L,INSUFFICIENT_EVIDENCE,True,ENST00000371975,NM_001142548.1,RAD54A;hHR54;hRAD54,CLINICALLY ACTIONABLE;DNA REPAIR,
9401,RECQL4,TSG,True,ENST00000617875,NM_004260.4,RecQ4,CLINICALLY ACTIONABLE;DNA REPAIR,
22800,RRAS2,ONCOGENE,True,ENST00000256196,NM_012250.5,TC21,,
862,RUNX1T1,ONCOGENE,True,ENST00000523629,,AML1T1;CBFA2T1;ETO;MTG8;ZMYND2,CLINICALLY ACTIONABLE;ENZYME;TRANSCRIPTION FACTOR,
54949,SDHAF2,TSG,True,ENST00000301761,NM_017841.2,C11orf79;FLJ20487;PGL2;SDH5,CLINICALLY ACTIONABLE;ENZYME,
6446,SGK1,ONCOGENE,True,ENST00000237305,NM_005627.3,SGK,CLINICALLY ACTIONABLE;DRUGGABLE GENOME;ENZYME;TRANSCRIPTION FACTOR;KINASE;TRANSPORTER;ION CHANNEL;SERINE THREONINE KINASE;DRUG RESISTANCE,
10019,SH2B3,TSG,True,ENST00000341259,NM_005475.2,IDDM20;LNK,KINASE;CLINICALLY ACTIONABLE,
4088,SMAD3,TSG,True,ENST00000327367,NM_005902.3,HsT17436;JV15-2;MADH3,TRANSCRIPTION FACTOR COMPLEX;CLINICALLY ACTIONABLE;DRUGGABLE GENOME;KINASE,
6776,STAT5A,ONCOGENE,True,ENST00000345506,NM_003152.3,STAT5,CLINICALLY ACTIONABLE;DRUGGABLE GENOME;TRANSCRIPTION FACTOR;KINASE,
6778,STAT6,ONCOGENE,True,ENST00000300134,NM_001178078.1,D12S1644;IL-4-STAT,CLINICALLY ACTIONABLE;TRANSCRIPTION FACTOR;KINASE;DRUGGABLE GENOME,
79718,TBL1XR1,ONCOGENE,True,ENST00000430069,NM_024665.4,C21;DC42;FLJ12894;IRA1;TBLR1,TRANSCRIPTION FACTOR;NUCLEAR HORMONE RECEPTOR;CLINICALLY ACTIONABLE,
6934,TCF7L2,TSG,True,ENST00000627217,NM_001146274.1,TCF-4,CLINICALLY ACTIONABLE;TRANSCRIPTION FACTOR,
7010,TEK,INSUFFICIENT_EVIDENCE,True,ENST00000380036,NM_000459.3,CD202b;TIE-2;TIE2;VMCM;VMCM1,TYROSINE KINASE;KINASE;CELL SURFACE;CLINICALLY ACTIONABLE;DRUGGABLE GENOME,
55654,TMEM127,TSG,True,ENST00000258439,NM_017849.4,FLJ20507;FLJ22257,CLINICALLY ACTIONABLE,
7186,TRAF2,INSUFFICIENT_EVIDENCE,True,ENST00000247668,NM_021138.3,RNF117;TRAP3,CLINICALLY ACTIONABLE,
7422,VEGFA,ONCOGENE,True,ENST00000523873,NM_001171623.1,VEGF;VEGF-A;VPF,CLINICALLY ACTIONABLE;DRUGGABLE GENOME;DRUG RESISTANCE;CELL SURFACE;GROWTH FACTOR,
25937,WWTR1,ONCOGENE,True,ENST00000360632,NM_001168280.1,DKFZp586I1419,TRANSCRIPTION FACTOR COMPLEX;CLINICALLY ACTIONABLE;KINASE,
7516,XRCC2,TSG,True,ENST00000359321,NM_005431.1,FANCU,DNA REPAIR;CLINICALLY ACTIONABLE,
463,ZFHX3,TSG,True,ENST00000268489,NM_006885.3,ATBF1;C16orf47;FLJ26184;ZNF927,TRANSCRIPTION FACTOR;KINASE;CLINICALLY ACTIONABLE;TRANSCRIPTION FACTOR COMPLEX,
27,ABL2,ONCOGENE,True,ENST00000502732,NM_007314.3,ABLL,CLINICALLY ACTIONABLE;DRUGGABLE GENOME;TYROSINE KINASE;KINASE,
84142,ABRAXAS1,TSG,True,ENST00000321945,NM_139076.2,ABRA1;ABRAXAS;CCDC98;FAM175A;FLJ13614,,
4301,AFDN,TSG,True,ENST00000683244,NM_001386888.1,AF-6;AF6;MLLT4,CLINICALLY ACTIONABLE,
27125,AFF4,ONCOGENE,True,ENST00000265343,NM_014423,AF5Q31;MCEF,CLINICALLY ACTIONABLE;TRANSCRIPTION FACTOR,
27161,AGO2,INSUFFICIENT_EVIDENCE,True,ENST00000220592,NM_012154.3,CASC7;EIF2C2;LINC00980;Q10;hAGO2,,
29123,ANKRD11,TSG,True,ENST00000301030,NM_013275.5,LZ16;T13,NUCLEAR HORMONE RECEPTOR,
23092,ARHGAP26,ONCOGENE_AND_TSG,True,ENST00000274498,NM_015071,GRAF;KIAA0621;OPHN1L;OPHN1L1,CLINICALLY ACTIONABLE;KINASE,
2909,ARHGAP35,ONCOGENE_AND_TSG,True,ENST00000672722,NM_004491.5,GRF-1;GRLF1;KIAA1722;P190A;p190ARhoGAP;p190RhoGAP,CLINICALLY ACTIONABLE,
23365,ARHGEF12,ONCOGENE_AND_TSG,True,ENST00000397843,NM_015313,KIAA0382;LARG,CLINICALLY ACTIONABLE,
84159,ARID5B,TSG,True,ENST00000279873,NM_032199.2,FLJ21150;MRF2,CLINICALLY ACTIONABLE,
55252,ASXL2,TSG,True,ENST00000435504,NM_018263.4,ASXH2;FLJ10898;KIAA1685,ENZYME;TRANSCRIPTION FACTOR;CLINICALLY ACTIONABLE,
466,ATF1,ONCOGENE,True,ENST00000262053,NM_005171.4,TREB36,CLINICALLY ACTIONABLE;DRUGGABLE GENOME;TRANSCRIPTION FACTOR;KINASE,
471,ATIC,ONCOGENE,True,ENST00000236959,NM_004044,AICARFT;IMPCHASE;PURH,DRUGGABLE GENOME;CLINICALLY ACTIONABLE;ENZYME,
29086,BABAM1,INSUFFICIENT_EVIDENCE,True,ENST00000359435,NM_001033549.1,C19orf62;FLJ20571;HSPC142;MERIT40;NBA1,,
27113,BBC3,TSG,True,ENST00000449228,NM_001127240.2,JFY1;PUMA,CLINICALLY ACTIONABLE,
10018,BCL2L11,TSG,True,ENST00000393256,NM_138621.4,BIM;BOD;BimEL;BimL;BimS,CLINICALLY ACTIONABLE;DRUG RESISTANCE;TRANSCRIPTION FACTOR,
599,BCL2L2,ONCOGENE,True,ENST00000250405,NM_004050,BCL-W;KIAA0271;PPP1R51,DRUGGABLE GENOME;CLINICALLY ACTIONABLE,
602,BCL3,ONCOGENE,True,ENST00000164227,NM_005178,BCL4;D19S37,CLINICALLY ACTIONABLE,
605,BCL7A,TSG,True,ENST00000261822,NM_001024808,BCL7,CLINICALLY ACTIONABLE,
607,BCL9,ONCOGENE,True,ENST00000234739,NM_004326.3,,CLINICALLY ACTIONABLE,
7832,BTG2,TSG,True,ENST00000290551,NM_006763,APRO1;MGC126063;MGC126064;TIS21,DNA REPAIR;CLINICALLY ACTIONABLE,
23261,CAMTA1,TSG,True,ENST00000303635,NM_015215.4,KIAA0833,CLINICALLY ACTIONABLE;TRANSCRIPTION FACTOR,
10498,CARM1,INSUFFICIENT_EVIDENCE,True,ENST00000327064,NM_199141.1,PRMT4,ENZYME;DRUGGABLE GENOME,
833,CARS1,INSUFFICIENT_EVIDENCE,True,ENST00000380525,NM_001014437.3,CARS,,
863,CBFA2T3,TSG,True,ENST00000268679,NM_005187,ETO2;MTG16;MTGR2;RUNX1T3;ZMYND4,CLINICALLY ACTIONABLE;ENZYME;TRANSCRIPTION FACTOR;KINASE,
92002,CCNQ,TSG,True,ENST00000576892,NM_152274.4,CycM;FAM58A,KINASE,
933,CD22,NEITHER,True,ENST00000085219,NM_001771,SIGLEC-2;SIGLEC2,CELL SURFACE;EXTERNAL SIDE OF PLASMA MEMBRANE;KINASE;CLINICALLY ACTIONABLE;DRUGGABLE GENOME,
80381,CD276,ONCOGENE,True,ENST00000318443,NM_001024736.1,B7-H3;B7H3;B7RP-2,CLINICALLY ACTIONABLE;DRUGGABLE GENOME;EXTERNAL SIDE OF PLASMA MEMBRANE,
965,CD58,TSG,True,ENST00000369489,NM_001779.2,LFA3,CLINICALLY ACTIONABLE;DRUGGABLE GENOME;CELL SURFACE,
970,CD70,ONCOGENE,True,ENST00000245903,NM_001252,CD27L;CD27LG;TNFSF7,DRUGGABLE GENOME;CLINICALLY ACTIONABLE,
972,CD74,ONCOGENE,True,ENST00000009530,NM_001025159,DHLAG,DRUGGABLE GENOME;CLINICALLY ACTIONABLE;CELL SURFACE;EXTERNAL SIDE OF PLASMA MEMBRANE,
998,CDC42,ONCOGENE,True,ENST00000344548,NM_001791.3,CDC42Hs;G25K,DRUGGABLE GENOME,
1058,CENPA,INSUFFICIENT_EVIDENCE,True,ENST00000335756,NM_001809.3,CENP-A;CenH3,,
11116,CEP43,ONCOGENE,True,ENST00000366847,NM_007045.4,FGFR1OP;FOP,,
8218,CLTCL1,INSUFFICIENT_EVIDENCE,True,ENST00000427926,NM_007098,CHC22;CLH22;CLTCL;CLTD,CLINICALLY ACTIONABLE,
11064,CNTRL,INSUFFICIENT_EVIDENCE,True,ENST00000373855,NM_007018.6,CEP1;CEP110,CLINICALLY ACTIONABLE,
1277,COL1A1,ONCOGENE,True,ENST00000225964,NM_000088,,DRUGGABLE GENOME;CLINICALLY ACTIONABLE,
64326,COP1,ONCOGENE_AND_TSG,True,ENST00000367669,NM_022457.5,CFAP78;FAP78;FLJ10416;RFWD2;RNF200,ENZYME,
64764,CREB3L2,INSUFFICIENT_EVIDENCE,True,ENST00000330387,NM_194071.4,BBF2H7;TCAG_1951439,CLINICALLY ACTIONABLE;TRANSCRIPTION FACTOR,
7812,CSDE1,INSUFFICIENT_EVIDENCE,True,ENST00000438362,NM_001242891.1,D1S155E,,
1493,CTLA4,ONCOGENE,True,ENST00000648405,NM_005214.4,CD152;CELIAC3;CTLA-4;GSE;IDDM12,CLINICALLY ACTIONABLE;EXTERNAL SIDE OF PLASMA MEMBRANE;DRUGGABLE GENOME,
1495,CTNNA1,TSG,True,ENST00000302763,NM_001903,CAP102,CLINICALLY ACTIONABLE,
57105,CYSLTR2,ONCOGENE,True,ENST00000282018,NM_020377.2,CYSLT2R;CysLT(2),G PROTEIN COUPLED RECEPTOR;DRUGGABLE GENOME,
54165,DCUN1D1,ONCOGENE,True,ENST00000292782,NM_020640.2,DCUN1L1;RP42;SCCRO;SCRO;Tes3,CLINICALLY ACTIONABLE,
1649,DDIT3,INSUFFICIENT_EVIDENCE,True,ENST00000346473,NM_001195057.1,CHOP;CHOP10;GADD153,CLINICALLY ACTIONABLE;TUMOR SUPPRESSOR;TRANSCRIPTION FACTOR BINDING;TRANSCRIPTION FACTOR COMPLEX;TRANSCRIPTION FACTOR,
7913,DEK,ONCOGENE,True,ENST00000652689,NM_003472.4,D6S231E,CLINICALLY ACTIONABLE,
1785,DNM2,ONCOGENE,True,ENST00000355667,NM_001005360,CMT2M;CMTDI1;CMTDIB;DI-CMTB;DYN2;DYNII,CLINICALLY ACTIONABLE;ENZYME;TRANSPORTER,
1789,DNMT3B,TSG,True,ENST00000328111,NM_006892.3,,DRUGGABLE GENOME;ENZYME;CLINICALLY ACTIONABLE,
1840,DTX1,TSG,True,ENST00000257600,NM_004416.2,RNF140;hDx-1,CLINICALLY ACTIONABLE;TRANSCRIPTION FACTOR,
56940,DUSP22,TSG,True,ENST00000344450,NM_020185.4,JKAP;JSP1;MKPX;VHX,PROTEIN PHOSPHATASE;CLINICALLY ACTIONABLE;KINASE,
1846,DUSP4,TSG,True,ENST00000240100,NM_001394.6,HVH2;MKP-2;TYP,PROTEIN PHOSPHATASE;KINASE,
1871,E2F3,ONCOGENE,True,ENST00000346618,NM_001949.4,,CLINICALLY ACTIONABLE;TRANSCRIPTION FACTOR,
1879,EBF1,INSUFFICIENT_EVIDENCE,True,ENST00000313708,NM_024007,COE1;EBF;OLF1,CLINICALLY ACTIONABLE;TRANSCRIPTION FACTOR,
51162,EGFL7,ONCOGENE,True,ENST00000308874,NM_201446.2,ZNEU1,DRUGGABLE GENOME;CLINICALLY ACTIONABLE;CELL SURFACE,
1964,EIF1AX,INSUFFICIENT_EVIDENCE,True,ENST00000379607,NM_001412.3,EIF1A;EIF4C;eIF-1A;eIF-4C,CLINICALLY ACTIONABLE,
1977,EIF4E,ONCOGENE,True,ENST00000280892,NM_001130678.1,EIF4E1;EIF4EL1;EIF4F,DRUGGABLE GENOME,
1999,ELF3,ONCOGENE_AND_TSG,True,ENST00000359651,NM_004433.4,EPR-1;ERT;ESE-1;ESX,CLINICALLY ACTIONABLE;TRANSCRIPTION FACTOR,
2000,ELF4,ONCOGENE,True,ENST00000308167,NM_001127197,ELFR,TRANSCRIPTION FACTOR;CLINICALLY ACTIONABLE,
8178,ELL,ONCOGENE,True,ENST00000262809,NM_006532,C19orf17;ELL1;Men;PPP1R68,CLINICALLY ACTIONABLE,
6921,ELOC,INSUFFICIENT_EVIDENCE,True,ENST00000284811,NM_005648.3,TCEB1,ENZYME;TRANSCRIPTION FACTOR,
27436,EML4,ONCOGENE,True,ENST00000318522,NM_019063.5,C2orf2;ELP120;ROPP120,CLINICALLY ACTIONABLE;KINASE,
56946,EMSY,ONCOGENE,True,ENST00000334736,NM_020193,C11orf30,CLINICALLY ACTIONABLE;DNA REPAIR,
4072,EPCAM,ONCOGENE,True,ENST00000263735,NM_002354.2,17-1A;323/A3;CD326;CO-17A;EGP-2;EGP34;EGP40;Ep-CAM;GA733-2;HEA125;KS1/4;KSA;Ly74;M4S1;MH99;MIC18;MK-1;MOC31;TACST-1;TACSTD1;TROP1,DRUGGABLE GENOME;CLINICALLY ACTIONABLE;CELL SURFACE,
2077,ERF,TSG,True,ENST00000222329,NM_006494.2,PE-2;PE2,TRANSCRIPTION FACTOR,
55500,ETNK1,INSUFFICIENT_EVIDENCE,True,ENST00000671733,NM_018638.4,EKI;EKI1,ENZYME;KINASE,
2145,EZH1,ONCOGENE,True,ENST00000428826,NM_001991.3,KIAA0388;KMT6B,,
2178,FANCE,TSG,True,ENST00000229769,NM_021922,FACE;FAE,CLINICALLY ACTIONABLE,
2188,FANCF,TSG,True,ENST00000327470,NM_022725,,CLINICALLY ACTIONABLE,
55120,FANCL,TSG,True,ENST00000233741,NM_018062.3,FAAP43;FLJ10335;PHF9;Pog,DNA REPAIR;CLINICALLY ACTIONABLE;ENZYME,
2213,FCGR2B,ONCOGENE,True,ENST00000358671,NM_001394477.1,CD32;CD32B;FCG2;FCGR2,DRUGGABLE GENOME;CLINICALLY ACTIONABLE;EXTERNAL SIDE OF PLASMA MEMBRANE,
54738,FEV,INSUFFICIENT_EVIDENCE,True,ENST00000295727,NM_017521.2,Pet-1,CLINICALLY ACTIONABLE;TRANSCRIPTION FACTOR,
2255,FGF10,ONCOGENE,True,ENST00000264664,NM_004465,,CLINICALLY ACTIONABLE;DRUGGABLE GENOME;CELL SURFACE;GROWTH FACTOR,
2259,FGF14,TSG,True,ENST00000376143,NM_004115,FHF4;SCA27,CLINICALLY ACTIONABLE;GROWTH FACTOR,
8074,FGF23,ONCOGENE,True,ENST00000237837,NM_020638,,CLINICALLY ACTIONABLE;GROWTH FACTOR;DRUGGABLE GENOME;TRANSPORTER,
2251,FGF6,ONCOGENE,True,ENST00000228837,NM_020996,,DRUGGABLE GENOME;CLINICALLY ACTIONABLE;GROWTH FACTOR,
2272,FHIT,TSG,True,ENST00000492590,,FRA3B,CLINICALLY ACTIONABLE;TRANSPORTER;ENZYME,
2313,FLI1,ONCOGENE,True,ENST00000527786,NM_002017.4,SIC-1,CLINICALLY ACTIONABLE;TRANSCRIPTION FACTOR,
2309,FOXO3,INSUFFICIENT_EVIDENCE,True,ENST00000343882,NM_001455,AF6q21;FKHRL1;FOXO2;FOXO3A,CLINICALLY ACTIONABLE;TRANSCRIPTION FACTOR,
2521,FUS,ONCOGENE,True,ENST00000254108,NM_004960,ALS6;HNRNPP2;TLS;hnRNP-P2,CLINICALLY ACTIONABLE,
2534,FYN,ONCOGENE,True,ENST00000368678,NM_153047.3,MGC45350,DRUGGABLE GENOME;TYROSINE KINASE;KINASE;CELL SURFACE,
79018,GID4,INSUFFICIENT_EVIDENCE,True,ENST00000268719,NM_024052.5,C17orf39;VID24,CLINICALLY ACTIONABLE;TRANSCRIPTION FACTOR,
2768,GNA12,ONCOGENE,True,ENST00000275364,NM_007353.2,gep,CLINICALLY ACTIONABLE;TRANSCRIPTION FACTOR,
2782,GNB1,ONCOGENE,True,ENST00000378609,NM_001282539.1,,TRANSPORTER,
2874,GPS2,TSG,True,ENST00000380728,NM_004489.4,,TRANSCRIPTION FACTOR COMPLEX;CLINICALLY ACTIONABLE;ENZYME;KINASE;NUCLEAR HORMONE RECEPTOR,
26585,GREM1,ONCOGENE,True,ENST00000651154,NM_013372.7,CKTSF1B1;CRAC1;DAND2;DRM;HMPS;gremlin,DRUGGABLE GENOME;CLINICALLY ACTIONABLE;CELL SURFACE,
3007,H1-3,TSG,True,ENST00000244534,NM_005320.2,H1.3;H1F3;H1d;H1s-2;HIST1H1D,,
3008,H1-4,ONCOGENE,True,ENST00000304218,NM_005321.2,H1.4;H1F4;H1e;H1s-4;HIST1H1E,,
8969,H2AC11,INSUFFICIENT_EVIDENCE,True,ENST00000359193,NM_021064.5,H2A.1b;H2A/p;H2AFP;HIST1H2AG,,
8332,H2AC16,INSUFFICIENT_EVIDENCE,True,ENST00000613174,NM_003511.3,H2A/i;H2AFI;HIST1H2AL;dJ193B12.9,,
8336,H2AC17,ONCOGENE,True,ENST00000359611,NM_003514,H2A.1;H2A/n;H2AFN;HIST1H2AM,,
8334,H2AC6,INSUFFICIENT_EVIDENCE,True,ENST00000314088,NM_003512.3,H2AFL;HIST1H2AC,,
8970,H2BC11,INSUFFICIENT_EVIDENCE,True,ENST00000339812,NM_021058.3,H2B/r;H2BFR;HIST1H2BJ,,
85236,H2BC12,INSUFFICIENT_EVIDENCE,True,ENST00000356950,NM_080593.2,H2BFAiii;H2BFT;HIST1H2BK,,
8348,H2BC17,INSUFFICIENT_EVIDENCE,True,ENST00000616182,NM_003527.4,H2B.2;H2B/n;H2BFN;HIST1H2BO,,
8347,H2BC4,INSUFFICIENT_EVIDENCE,True,ENST00000314332,NM_003518.3,H2B/l;H2BFL;HIST1H2BC,,
3017,H2BC5,NEITHER,True,ENST00000289316,NM_021063.3,H2B/b;H2BFB;HIST1H2BD,,
8290,H3-4,NEITHER,True,ENST00000366696,NM_003493.2,H3.4;H3/g;H3FT;H3t;HIST3H3,,
440093,H3-5,NEITHER,True,ENST00000340398,NM_001013699.2,H3.5;H3F3C,,
8350,H3C1,NEITHER,True,ENST00000613854,NM_003529.2,H3/A;H3FA;HIST1H3A,,
8357,H3C10,NEITHER,True,ENST00000369163,NM_003536.2,H3/k;H3F1K;H3FK;HIST1H3H,,
8354,H3C11,INSUFFICIENT_EVIDENCE,True,ENST00000616365,NM_003533.2,H3.f;H3/f;H3FF;HIST1H3I,,
8356,H3C12,NEITHER,True,ENST00000359303,NM_003535.2,H3/j;H3FJ;HIST1H3J,,
653604,H3C13,NEITHER,True,ENST00000331491,NM_001123375.2,HIST2H3D,,
126961,H3C14,NEITHER,True,ENST00000369158,NM_021059.2,H3;H3.2;H3/M;H3/m;H3F2;H3FM;HIST2H3C;MGC9629,,
8352,H3C3,ONCOGENE,True,ENST00000612966,NM_003531.2,H3/c;H3FC;HIST1H3C,,
8351,H3C4,NEITHER,True,ENST00000356476,NM_003530.4,H3/b;H3FB;HIST1H3D,,
8353,H3C6,NEITHER,True,ENST00000634733,NM_003532.2,H3.1;H3/d;H3FD;HIST1H3E,,
8968,H3C7,NEITHER,True,ENST00000618052,NM_021018.2,H3/i;H3FI;HIST1H3F,,
8355,H3C8,NEITHER,True,ENST00000614378,NM_003534.2,H3/h;H3FH;HIST1H3G,,
8294,H4C9,INSUFFICIENT_EVIDENCE,True,ENST00000615353,NM_003495.3,H4/m;H4FM;HIST1H4I,,
9759,HDAC4,ONCOGENE_AND_TSG,True,ENST00000345617,NM_006037.3,BDMR;HA6116;HD4;HDAC-4;HDAC-A;HDACA;KIAA0288,TRANSCRIPTION FACTOR;DRUGGABLE GENOME;CLINICALLY ACTIONABLE,
51564,HDAC7,ONCOGENE,True,ENST00000427332,XM_011538481.1,DKFZP586J0917;HDAC7A,DRUGGABLE GENOME;TRANSCRIPTION FACTOR;CLINICALLY ACTIONABLE,
9709,HERPUD1,INSUFFICIENT_EVIDENCE,True,ENST00000439977,NM_014685.4,HERP;KIAA0025;Mif1;SUP,CLINICALLY ACTIONABLE,
3091,HIF1A,ONCOGENE,True,ENST00000337138,NM_001530.3,HIF-1alpha;HIF1;MOP1;PASD8;bHLHe78,CLINICALLY ACTIONABLE;ENZYME;TRANSCRIPTION FACTOR;TRANSPORTER;DRUGGABLE GENOME,
3092,HIP1,ONCOGENE,True,ENST00000336926,NM_005338.7,,CLINICALLY ACTIONABLE;KINASE,
3106,HLA-B,TSG,True,ENST00000412585,NM_005514.6,AS,DRUGGABLE GENOME;CLINICALLY ACTIONABLE;CELL SURFACE;EXTERNAL SIDE OF PLASMA MEMBRANE,
3159,HMGA1,ONCOGENE,True,ENST00000311487,NM_145899,HMGIY,CLINICALLY ACTIONABLE;TRANSCRIPTION FACTOR COMPLEX,
8091,HMGA2,ONCOGENE,True,ENST00000403681,NM_003483,BABL;HMGIC;LIPO,CLINICALLY ACTIONABLE,
3207,HOXA11,TSG,True,ENST00000006015,NM_005523,HOX1;HOX1I,CLINICALLY ACTIONABLE;TRANSCRIPTION FACTOR COMPLEX;TRANSCRIPTION FACTOR,
3209,HOXA13,ONCOGENE,True,ENST00000649031,NM_000522.5,HOX1J,CLINICALLY ACTIONABLE;TRANSCRIPTION FACTOR,
10481,HOXB13,ONCOGENE_AND_TSG,True,ENST00000290295,NM_006361.5,,TRANSCRIPTION FACTOR;CLINICALLY ACTIONABLE;TRANSCRIPTION FACTOR COMPLEX,
3320,HSP90AA1,ONCOGENE,True,ENST00000216281,NM_005348,FLJ31884;HSP90N;HSPC1;HSPCA;Hsp89;Hsp90,CLINICALLY ACTIONABLE;DRUGGABLE GENOME;CELL SURFACE;TRANSCRIPTION FACTOR,
23308,ICOSLG,ONCOGENE,True,ENST00000407780,NM_015259.4,B7-H2;B7H2;B7RP-1;B7RP1;B7h;CD275;GL50;ICOS-L;ICOSL;KIAA0653,EXTERNAL SIDE OF PLASMA MEMBRANE;DRUGGABLE GENOME;CLINICALLY ACTIONABLE,
3459,IFNGR1,TSG,True,ENST00000367739,NM_000416.2,CD119;IFNGR,DRUGGABLE GENOME;CLINICALLY ACTIONABLE,
3479,IGF1,ONCOGENE,True,ENST00000307046,NM_001111285.1,IGF;IGF-I;IGF1A;IGFI,DRUGGABLE GENOME;GROWTH FACTOR;HORMONE ACTIVITY;KINASE;CLINICALLY ACTIONABLE,
3481,IGF2,ONCOGENE,True,ENST00000434045,NM_001127598.1,C11orf43;FLJ44734;IGF-II,GROWTH FACTOR;HORMONE ACTIVITY;TRANSCRIPTION FACTOR;DRUGGABLE GENOME;CLINICALLY ACTIONABLE,
3586,IL10,INSUFFICIENT_EVIDENCE,True,ENST00000423557,NM_000572.2,CSIF;IL-10;IL10A,GROWTH FACTOR;CLINICALLY ACTIONABLE;DRUGGABLE GENOME,
3623,INHA,TSG,True,ENST00000243786,NM_002191.3,,DRUGGABLE GENOME;GROWTH FACTOR;HORMONE ACTIVITY;TUMOR SUPPRESSOR,
3631,INPP4A,INSUFFICIENT_EVIDENCE,True,ENST00000409851,,INPP4,ENZYME;CLINICALLY ACTIONABLE,
3636,INPPL1,TSG,True,ENST00000298229,NM_001567.3,SHIP2,KINASE;ENZYME,
3643,INSR,ONCOGENE,True,ENST00000302850,NM_000208.2,CD220,CLINICALLY ACTIONABLE;TYROSINE KINASE;KINASE;EXTERNAL SIDE OF PLASMA MEMBRANE;DRUGGABLE GENOME;ENZYME;TRANSCRIPTION FACTOR;TRANSPORTER,
3659,IRF1,TSG,True,ENST00000245414,NM_002198.2,MAR,TUMOR SUPPRESSOR;CLINICALLY ACTIONABLE,
3394,IRF8,TSG,True,ENST00000268638,NM_002163.2,ICSBP;ICSBP1;IRF-8,CLINICALLY ACTIONABLE;TRANSCRIPTION FACTOR,
3667,IRS1,ONCOGENE,True,ENST00000305123,NM_005544.2,HIRS-1,KINASE;CLINICALLY ACTIONABLE,
3720,JARID2,ONCOGENE_AND_TSG,True,ENST00000341776,NM_004973.3,JMJ,CLINICALLY ACTIONABLE,
7994,KAT6A,INSUFFICIENT_EVIDENCE,True,ENST00000265713,NM_006766.4,MOZ;MYST3;RUNXBP2;ZC2HC6A;ZNF220,ENZYME;CLINICALLY ACTIONABLE;TRANSCRIPTION FACTOR,
2531,KDSR,INSUFFICIENT_EVIDENCE,True,ENST00000645214,NM_002035.4,DHSR;FVT1;SDR35C1,CLINICALLY ACTIONABLE;DRUGGABLE GENOME;ENZYME,
89857,KLHL6,TSG,True,ENST00000341319,NM_130446,FLJ00029,CLINICALLY ACTIONABLE;DRUGGABLE GENOME,
9757,KMT2B,TSG,True,ENST00000420124,NM_014727.3,CXXC10;HRX2;KIAA0304;MLL1B;MLL4;TRX2;WBP7,ENZYME;CLINICALLY ACTIONABLE,
387893,KMT5A,INSUFFICIENT_EVIDENCE,True,ENST00000402868,NM_020382.7,PR-Set7;SET07;SET8;SETD8,,
90417,KNSTRN,INSUFFICIENT_EVIDENCE,True,ENST00000249776,NM_033286.3,C15orf23;FLJ14502;SKAP;TRAF4AF1;kinastrin,CLINICALLY ACTIONABLE,
3927,LASP1,ONCOGENE,True,ENST00000318008,NM_006148.4,Lasp-1;MLN50,CLINICALLY ACTIONABLE,
3932,LCK,ONCOGENE,True,ENST00000336890,NM_001042771.2,,CLINICALLY ACTIONABLE;TYROSINE KINASE;KINASE;DRUGGABLE GENOME,
51176,LEF1,ONCOGENE,True,ENST00000265165,NM_016269,TCF10;TCF1ALPHA;TCF7L3,CLINICALLY ACTIONABLE;TRANSCRIPTION FACTOR COMPLEX;TRANSCRIPTION FACTOR,
4005,LMO2,ONCOGENE,True,ENST00000395833,NM_001142315.1,RBTN2;RBTNL1;RHOM2;TTG2,CLINICALLY ACTIONABLE;TRANSCRIPTION FACTOR COMPLEX,
53353,LRP1B,TSG,True,ENST00000389484,NM_018557,LRP-DIT;LRPDIT,CLINICALLY ACTIONABLE;DRUG RESISTANCE,LRP1B is a putative tumor suppressor and a member of the low-density lipoprotein (LDL) receptor family. The LDL receptor family have roles related to clearance of extracellular ligand and are proposed to be involved in extracellular signal transduction. silencing and down-expression of LRP1B as been observed in renal cell carcinoma and thyroid cancer. Further Deletion of LRP1B has been associated with chemotherapy resistance in high-grade serous cancers.
8216,LZTR1,TSG,True,ENST00000646124,NM_006767.3,BTBD29;LZTR-1,CLINICALLY ACTIONABLE,
9935,MAFB,ONCOGENE,True,ENST00000373313,NM_005461.4,KRML,CLINICALLY ACTIONABLE;TRANSCRIPTION FACTOR,
5595,MAPK3,ONCOGENE,True,ENST00000263025,NM_002746.2,ERK1;PRKM3;p44erk1;p44mapk,TRANSCRIPTION FACTOR;KINASE;SERINE THREONINE KINASE;DRUGGABLE GENOME,
79109,MAPKAP1,INSUFFICIENT_EVIDENCE,True,ENST00000265960,NM_001006617.1,MGC2745;MIP1;SIN1,KINASE,
9656,MDC1,INSUFFICIENT_EVIDENCE,True,ENST00000376406,NM_014641.2,Em:AB023051.5;KIAA0170;NFBD1,CLINICALLY ACTIONABLE;DNA REPAIR;KINASE,
2122,MECOM,ONCOGENE,True,ENST00000468789,NM_001105078.3,EVI1;KMT8E;MDS1;MDS1-EVI1;PRDM3,TUMOR SUPPRESSOR;CLINICALLY ACTIONABLE,
23269,MGA,TSG,True,ENST00000219905,NM_001164273.1,FLJ12634;KIAA0518;MAD5;MXD5,TRANSCRIPTION FACTOR,
4291,MLF1,ONCOGENE_AND_TSG,True,ENST00000355893,NM_022443.5,,CLINICALLY ACTIONABLE;TRANSCRIPTION FACTOR,
8028,MLLT10,ONCOGENE,True,ENST00000307729,NM_001195626.1,AF10,CLINICALLY ACTIONABLE;TRANSCRIPTION FACTOR,
4300,MLLT3,ONCOGENE,True,ENST00000380338,NM_004529,AF-9;AF9;YEATS3,CLINICALLY ACTIONABLE,
4330,MN1,ONCOGENE,True,ENST00000302326,NM_002430,MGCR;MGCR1;MGCR1-PEN,CLINICALLY ACTIONABLE,
4440,MSI1,ONCOGENE,True,ENST00000257552,NM_002442.3,,,
4485,MST1,TSG,True,ENST00000449682,NM_020998.3,D3F15S2;DNF15S2;HGFL;NF15S2,KINASE;PROTEASE;DRUGGABLE GENOME,
4507,MTAP,TSG,True,ENST00000644715,NM_002451.3,MSAP;c86fus,ENZYME;CLINICALLY ACTIONABLE;DRUGGABLE GENOME,
4629,MYH11,TSG,True,ENST00000300036,NM_002474,SMHC;SMMHC,CLINICALLY ACTIONABLE,
8202,NCOA3,ONCOGENE,True,ENST00000371998,NM_181659.2,ACTR;AIB1;CAGH16;KAT13B;SRC-3;SRC3;TNRC16;TRAM-1;bHLHe42;p/CIP,DRUGGABLE GENOME;NUCLEAR HORMONE RECEPTOR,
23385,NCSTN,ONCOGENE,True,ENST00000294785,NM_015331.2,APH2;KIAA0253,DRUGGABLE GENOME;CLINICALLY ACTIONABLE,
257194,NEGR1,INSUFFICIENT_EVIDENCE,True,ENST00000357731,NM_173808.2,IGLON4;KILON;MGC46680;Ntra,DRUGGABLE GENOME,
4824,NKX3-1,TSG,True,ENST00000380871,NM_006167.3,BAPX2;NKX3.1;NKX3A,NUCLEAR HORMONE RECEPTOR;TRANSCRIPTION FACTOR;CLINICALLY ACTIONABLE,
4855,NOTCH4,ONCOGENE_AND_TSG,True,ENST00000375023,NM_004557.3,INT3,DRUGGABLE GENOME;CLINICALLY ACTIONABLE;CELL SURFACE,
8013,NR4A3,ONCOGENE,True,ENST00000395097,NM_006981.3,CSMF;MINOR,NUCLEAR HORMONE RECEPTOR;DRUGGABLE GENOME;CLINICALLY ACTIONABLE;TRANSCRIPTION FACTOR COMPLEX;TRANSCRIPTION FACTOR;TRANSPORTER,
4913,NTHL1,TSG,True,ENST00000219066,NM_002528.5,NTH1;OCTS3,ENZYME;CLINICALLY ACTIONABLE,
83540,NUF2,ONCOGENE,True,ENST00000271452,NM_031423.3,CDCA1;CT106;NUF2R,,
8021,NUP214,ONCOGENE,True,ENST00000359428,NM_005085,CAIN;CAN;D9S46E;N214,TRANSPORTER;CLINICALLY ACTIONABLE;TUMOR SUPPRESSOR,
4928,NUP98,ONCOGENE,True,ENST00000355260,NM_139132.4,NUP96;Nup98-96;Nup98-Nup96,CLINICALLY ACTIONABLE,
256646,NUTM1,INSUFFICIENT_EVIDENCE,True,ENST00000333756,XM_011521429.1,C15orf55;DKFZp434O192;FAM22H;NUT,CLINICALLY ACTIONABLE,
5049,PAFAH1B2,ONCOGENE,True,ENST00000527958,NM_002572.4,,CLINICALLY ACTIONABLE,
5058,PAK1,ONCOGENE,True,ENST00000356341,NM_002576.4,,SERINE THREONINE KINASE;KINASE;DRUGGABLE GENOME;CLINICALLY ACTIONABLE;ENZYME,
57144,PAK5,ONCOGENE,True,ENST00000353224,NM_177990.2,KIAA1264;PAK7,KINASE;SERINE THREONINE KINASE,
5077,PAX3,ONCOGENE,True,ENST00000350526,NM_181457,HUP2;WS1,CLINICALLY ACTIONABLE;TRANSCRIPTION FACTOR,
5081,PAX7,ONCOGENE,True,ENST00000420770,NM_001135254,Hup1,CLINICALLY ACTIONABLE;TRANSCRIPTION FACTOR,
5093,PCBP1,INSUFFICIENT_EVIDENCE,True,ENST00000303577,NM_006196.3,HNRPE1;HNRPX;hnRNP-E1;hnRNP-X,CLINICALLY ACTIONABLE,
5155,PDGFB,ONCOGENE,True,ENST00000331163,NM_002608.2,SIS;SSV,DRUGGABLE GENOME;CLINICALLY ACTIONABLE;KINASE;CELL SURFACE;GROWTH FACTOR,
5163,PDK1,ONCOGENE,True,ENST00000282077,NM_002610,,CLINICALLY ACTIONABLE;SERINE THREONINE KINASE;KINASE;DRUGGABLE GENOME;ENZYME,
5170,PDPK1,INSUFFICIENT_EVIDENCE,True,ENST00000342085,NM_002613.4,,DRUGGABLE GENOME;KINASE;SERINE THREONINE KINASE;CLINICALLY ACTIONABLE,
5241,PGR,ONCOGENE,True,ENST00000325455,NM_000926.4,NR3C3;PR,DRUGGABLE GENOME;NUCLEAR HORMONE RECEPTOR;G PROTEIN COUPLED RECEPTOR,
8301,PICALM,ONCOGENE,True,ENST00000393346,NM_007166.4,CLTH,CLINICALLY ACTIONABLE;CELL SURFACE,
5289,PIK3C3,INSUFFICIENT_EVIDENCE,True,ENST00000262039,NM_002647.2,Vps34,CLINICALLY ACTIONABLE;ENZYME;KINASE;PHOSPHATIDYLINOSITOL 3 KINASE;DRUGGABLE GENOME,
5293,PIK3CD,ONCOGENE,True,ENST00000377346,NM_005026.3,p110D,CLINICALLY ACTIONABLE;KINASE;PHOSPHATIDYLINOSITOL 3 KINASE;DRUGGABLE GENOME,
8503,PIK3R3,TSG,True,ENST00000262741,NM_003629.3,,CLINICALLY ACTIONABLE;PHOSPHATIDYLINOSITOL 3 KINASE;KINASE,
5335,PLCG1,ONCOGENE,True,ENST00000373271,NM_182811.1,NCKAP3;PLC-II;PLC1;PLC148;PLCgamma1,KINASE,
10769,PLK2,INSUFFICIENT_EVIDENCE,True,ENST00000274289,NM_006622.3,SNK,CLINICALLY ACTIONABLE;SERINE THREONINE KINASE;KINASE;DRUGGABLE GENOME,
5366,PMAIP1,TSG,True,ENST00000316660,NM_021127.2,NOXA,CLINICALLY ACTIONABLE,
5371,PML,TSG,True,ENST00000268058,NM_033238,MYL;RNF71;TRIM19,CLINICALLY ACTIONABLE;TRANSCRIPTION FACTOR;DRUG RESISTANCE,"The PML-RARA fusion is the result of a recurrent, balanced translocation between chromosomes 15 and 17, denoted as t(15;17)(q22;q12), and a diagnostic event in acute promyelocytic leukemia (APL). Both in vitro and in vivo studies have shown sensitivity to ATRA (all-trans retinoic acid) in APL patients harboring the PML-RARA fusion. Recent interest has been shown in combining ATRA and arsenic trioxide for treating these patients, and early results seem promising. However, newly discovered mutations in the B2 domain of PML have started to show conferred resistance to ATRA in these patients."
5378,PMS1,TSG,True,ENST00000441310,NM_000534.4,MLH2;PMSL1,CLINICALLY ACTIONABLE,
10957,PNRC1,INSUFFICIENT_EVIDENCE,True,ENST00000336032,NM_006813.2,B4-2;PROL2;PRR2,NUCLEAR HORMONE RECEPTOR;CLINICALLY ACTIONABLE,
151987,PPP4R2,INSUFFICIENT_EVIDENCE,True,ENST00000356692,NM_174907.2,,,
63978,PRDM14,INSUFFICIENT_EVIDENCE,True,ENST00000276594,NM_024504.3,,TRANSCRIPTION FACTOR,
5587,PRKD1,INSUFFICIENT_EVIDENCE,True,ENST00000331968,NM_002742.2,PKC-mu;PKCM;PKD;PRKCM,SERINE THREONINE KINASE;KINASE;ENZYME;DRUGGABLE GENOME;TRANSCRIPTION FACTOR,
7803,PTP4A1,INSUFFICIENT_EVIDENCE,True,ENST00000626021,NM_003463.4,PRL-1;PTPCAAX1,DRUGGABLE GENOME;PROTEIN PHOSPHATASE,
5771,PTPN2,TSG,True,ENST00000309660,NM_002828.3,PTPT;TC-PTP;TCELLPTP;TCPTP,DRUGGABLE GENOME;KINASE;PROTEIN PHOSPHATASE;CLINICALLY ACTIONABLE,
5789,PTPRD,TSG,True,ENST00000356435,NM_002839.3,HPTP;PTPD,CLINICALLY ACTIONABLE;PROTEIN PHOSPHATASE,
5802,PTPRS,TSG,True,ENST00000587303,NM_002850.3,,KINASE;PROTEIN PHOSPHATASE;DRUGGABLE GENOME;CLINICALLY ACTIONABLE,
9444,QKI,TSG,True,ENST00000361752,NM_006775,QK3,CLINICALLY ACTIONABLE,
11021,RAB35,ONCOGENE,True,ENST00000229340,NM_006861.6,H-ray,DRUGGABLE GENOME;TRANSPORTER,
5880,RAC2,ONCOGENE,True,ENST00000249071,NM_002872.4,EN-7,,
5921,RASA1,TSG,True,ENST00000274376,NM_002890.2,CM-AVM;GAP;RASA;p120GAP;p120RASGAP,CLINICALLY ACTIONABLE,
64783,RBM15,ONCOGENE_AND_TSG,True,ENST00000369784,NM_022768.4,OTT;OTT1,CLINICALLY ACTIONABLE,
5965,RECQL,TSG,True,ENST00000421138,NM_002907.3,RecQ1;RecQL1,DRUGGABLE GENOME;ENZYME;DNA REPAIR,
6009,RHEB,ONCOGENE,True,ENST00000262187,NM_005614.3,RHEB2,DRUG RESISTANCE;CLINICALLY ACTIONABLE;KINASE;SERINE THREONINE KINASE;TUMOR SUPPRESSOR,
6016,RIT1,ONCOGENE,True,ENST00000368323,NM_006912.5,MGC125864;MGC125865;RIBB;RIT;ROC1,CLINICALLY ACTIONABLE,
8986,RPS6KA4,ONCOGENE,True,ENST00000334205,NM_003942.2,MSK2;RSK-B,DRUGGABLE GENOME;TRANSCRIPTION FACTOR;KINASE;SERINE THREONINE KINASE;CLINICALLY ACTIONABLE,
6199,RPS6KB2,ONCOGENE,True,ENST00000312629,NM_003952.2,KLS;P70-BETA;S6KB;S6Kbeta;S6Kβ;STK14B;p70S6Kb,SERINE THREONINE KINASE;KINASE;DRUGGABLE GENOME;CLINICALLY ACTIONABLE,
64121,RRAGC,ONCOGENE,True,ENST00000373001,NM_022157.3,FLJ13311;GTR2,SERINE THREONINE KINASE,
6237,RRAS,ONCOGENE,True,ENST00000246792,NM_006270.3,R-Ras,,
340419,RSPO2,ONCOGENE,True,ENST00000276659,NM_178565.5,MGC35555,CLINICALLY ACTIONABLE;DRUGGABLE GENOME;CELL SURFACE,
51750,RTEL1,TSG,True,ENST00000360203,NM_001283009.2,C20orf41;DKFZP434C013;KIAA1088;NHL;RTEL;bK3184A7.3,ENZYME;DNA REPAIR,
6256,RXRA,INSUFFICIENT_EVIDENCE,True,ENST00000481739,NM_002957.4,NR2B1,TRANSCRIPTION FACTOR;NUCLEAR HORMONE RECEPTOR;CLINICALLY ACTIONABLE;DRUGGABLE GENOME;TRANSCRIPTION FACTOR COMPLEX,
23429,RYBP,TSG,True,ENST00000477973,NM_012234.5,AAP1;DEDAF;YEAF1,CLINICALLY ACTIONABLE,
27244,SESN1,TSG,True,ENST00000436639,NM_014454.2,PA26;SEST1,KINASE,
83667,SESN2,TSG,True,ENST00000253063,NM_031459.4,DKFZp761M0212;HI95;SEST2,,
143686,SESN3,TSG,True,ENST00000536441,NM_144665.3,MGC29667;SEST3,TRANSCRIPTION FACTOR;KINASE,
6418,SET,ONCOGENE,True,ENST00000372692,NM_001122821,2PP2A;IGAAD;IPP2A2;PHAPII;TAF-I;TAF-IBETA,CLINICALLY ACTIONABLE,
9869,SETDB1,ONCOGENE_AND_TSG,True,ENST00000271640,NM_001145415.1,ESET;KG1T;KIAA0067;KMT1E;TDRD21,,
4068,SH2D1A,TSG,True,ENST00000371139,NM_002351.4,DSHP;EBVS;IMD5;LYP;SAP;XLP;XLPD,CLINICALLY ACTIONABLE,
8036,SHOC2,ONCOGENE,True,ENST00000369452,NM_007373.3,KIAA0862;SOC-2;SOC2;SUR-8;SUR8,KINASE,
55164,SHQ1,TSG,True,ENST00000325599,NM_018130.2,FLJ10539;Shq1p,CLINICALLY ACTIONABLE,
84464,SLX4,TSG,True,ENST00000294008,NM_032444.2,BTBD12;FANCP;KIAA1784;KIAA1987,CLINICALLY ACTIONABLE;DNA REPAIR,
6602,SMARCD1,INSUFFICIENT_EVIDENCE,True,ENST00000394963,NM_003076.4,BAF60A;CRACD1;Rsc6p,CLINICALLY ACTIONABLE;NUCLEAR HORMONE RECEPTOR,
6605,SMARCE1,INSUFFICIENT_EVIDENCE,True,ENST00000348513,NM_003079.4,BAF57,CLINICALLY ACTIONABLE,
8243,SMC1A,TSG,True,ENST00000322213,NM_006306.3,DXS423E;KIAA0178;SB1.8;SMC1L1;Smcb,CLINICALLY ACTIONABLE;DNA REPAIR,
9126,SMC3,TSG,True,ENST00000361804,NM_005445.3,BAM;CSPG6;HCAP;SMC3L1;bamacan,CLINICALLY ACTIONABLE;DRUGGABLE GENOME;DNA REPAIR,
64754,SMYD3,ONCOGENE,True,ENST00000490107,NM_001167740.1,KMT3E;ZMYND1;ZNFN3A1,,
6654,SOS1,ONCOGENE,True,ENST00000402219,NM_005633.3,GINGF,KINASE,
64321,SOX17,TSG,True,ENST00000297316,NM_022454.3,,CLINICALLY ACTIONABLE;TRANSCRIPTION FACTOR COMPLEX;TRANSCRIPTION FACTOR,
161742,SPRED1,TSG,True,ENST00000299084,NM_152594.2,FLJ33903;PPP1R147,CLINICALLY ACTIONABLE;KINASE,
6760,SS18,ONCOGENE,True,ENST00000415083,NM_001007559.2,SSXT,CLINICALLY ACTIONABLE;NUCLEAR HORMONE RECEPTOR,
6756,SSX1,INSUFFICIENT_EVIDENCE,True,ENST00000376919,NM_005635.4,CT5.1,CLINICALLY ACTIONABLE,
6757,SSX2,INSUFFICIENT_EVIDENCE,True,ENST00000337502,NM_175698.4,CT5.2a;HD21;HOM-MEL-40;MGC119055;MGC15364;MGC3884;SSX,CLINICALLY ACTIONABLE,
8859,STK19,ONCOGENE,True,ENST00000375331,NM_004197.1,D6S60;G11,SERINE THREONINE KINASE;KINASE,
83931,STK40,INSUFFICIENT_EVIDENCE,True,ENST00000373129,NM_032017.1,MGC4796;SgK495,DRUGGABLE GENOME;KINASE;CLINICALLY ACTIONABLE;SERINE THREONINE KINASE,
6886,TAL1,ONCOGENE,True,ENST00000294339,NM_001287347.2,TCL5;bHLHa17,CLINICALLY ACTIONABLE;TRANSCRIPTION FACTOR COMPLEX,
6890,TAP1,INSUFFICIENT_EVIDENCE,True,ENST00000354258,NM_000593.5,ABCB2;D6S114E;RING4,TRANSPORTER;CLINICALLY ACTIONABLE,
6891,TAP2,INSUFFICIENT_EVIDENCE,True,ENST00000374897,NM_001290043.2,ABCB3;D6S217E;RING11,TRANSPORTER;CLINICALLY ACTIONABLE,
8115,TCL1A,ONCOGENE,True,ENST00000402399,NM_001098725.1,TCL1,CLINICALLY ACTIONABLE;KINASE,
7030,TFE3,ONCOGENE,True,ENST00000315869,NM_006521.5,TFEA;bHLHe33,TRANSCRIPTION FACTOR;CLINICALLY ACTIONABLE,
7046,TGFBR1,TSG,True,ENST00000374994,NM_004612.2,ALK-5;ALK5;ESS1;MSSE;TBR-i;TBRI,SERINE THREONINE KINASE;CELL SURFACE;TUMOR SUPPRESSOR;KINASE;DRUGGABLE GENOME;CLINICALLY ACTIONABLE;ENZYME,
3195,TLX1,ONCOGENE,True,ENST00000370196,NM_005521.3,HOX11;TCL3,CLINICALLY ACTIONABLE;TRANSCRIPTION FACTOR,
30012,TLX3,ONCOGENE,True,ENST00000296921,NM_021025.2,HOX11L2;RNX,CLINICALLY ACTIONABLE;TRANSCRIPTION FACTOR,
608,TNFRSF17,ONCOGENE,True,ENST00000053243,NM_001192,BCM;BCMA;CD269;TNFRSF13A,CLINICALLY ACTIONABLE;DRUGGABLE GENOME,
7158,TP53BP1,TSG,True,ENST00000382044,NM_001141980.1,53BP1;TDRD30;p202,,
7170,TPM3,ONCOGENE,True,ENST00000368530,NM_152263.4,NEM1;TRK,CLINICALLY ACTIONABLE;KINASE,
7187,TRAF3,TSG,True,ENST00000392745,NM_003300.3,CAP-1;CD40bp;CRAF1;LAP1;RNF118,SERINE THREONINE KINASE;KINASE;CLINICALLY ACTIONABLE;ENZYME,
7188,TRAF5,TSG,True,ENST00000261464,NM_001033910.2,RNF84,KINASE;CLINICALLY ACTIONABLE,
7297,TYK2,ONCOGENE,True,ENST00000525621,NM_003331.5,JTK1,TYROSINE KINASE;KINASE;ENZYME;CLINICALLY ACTIONABLE;DRUGGABLE GENOME,
11338,U2AF2,INSUFFICIENT_EVIDENCE,True,ENST00000308924,NM_007279.2,U2AF65,CLINICALLY ACTIONABLE,
51366,UBR5,ONCOGENE,True,ENST00000520539,NM_015902.5,DD5;EDD;EDD1;HYD;KIAA0896,DNA REPAIR;CLINICALLY ACTIONABLE,
5976,UPF1,INSUFFICIENT_EVIDENCE,True,ENST00000262803,NM_002911.3,HUPF1;KIAA0221;NORF1;RENT1;pNORF1;smg-2,KINASE;DNA REPAIR,
9098,USP6,ONCOGENE,True,ENST00000250066,NM_004505,HRP1;TRE17;TRESMCR;Tre-2;Tre2,PROTEASE;CLINICALLY ACTIONABLE;ENZYME,
9101,USP8,ONCOGENE,True,ENST00000307179,NM_001128610.2,HumORF8;KIAA0055;SPG59;UBPY,PROTEASE;KINASE;ENZYME,
79679,VTCN1,INSUFFICIENT_EVIDENCE,True,ENST00000369458,NM_024626.3,B7-H4;B7H4;B7S1;B7x;FLJ22418,EXTERNAL SIDE OF PLASMA MEMBRANE;CLINICALLY ACTIONABLE,
7494,XBP1,ONCOGENE,True,ENST00000216037,NM_005080.3,XBP2,CLINICALLY ACTIONABLE;DRUGGABLE GENOME;ENZYME;TRANSCRIPTION FACTOR,
331,XIAP,ONCOGENE,True,ENST00000355640,NM_001167.3,API3;BIRC4;ILP-1;hILP,PROTEASE INHIBITOR;CLINICALLY ACTIONABLE;TUMOR SUPPRESSOR;ENZYME;KINASE;DRUGGABLE GENOME,
10413,YAP1,ONCOGENE,True,ENST00000282441,NM_001130145.2,YAP65,CLINICALLY ACTIONABLE;TRANSCRIPTION FACTOR;KINASE,
7525,YES1,ONCOGENE,True,ENST00000314574,NM_005433.3,HsT441;Yes;c-yes,TYROSINE KINASE;KINASE;CLINICALLY ACTIONABLE;DRUGGABLE GENOME,
7764,ZNF217,ONCOGENE,True,ENST00000302342,NM_006526,ZABC1,CLINICALLY ACTIONABLE,
10006,ABI1,,False,,,ABI-1;E3B1;SSH3BP1,CLINICALLY ACTIONABLE;KINASE,
57007,ACKR3,ONCOGENE_AND_TSG,True,ENST00000272928,NM_020311,CMKOR1;CXCR7;GPR159;RDC1,DRUGGABLE GENOME;CLINICALLY ACTIONABLE;CELL SURFACE;EXTERNAL SIDE OF PLASMA MEMBRANE,
71,ACTG1,TSG,True,ENST00000573283,NM_001199954.1,ACTG;DFNA20;DFNA26,,
92,ACVR2A,ONCOGENE_AND_TSG,True,ENST00000241416,NM_001278579,ACTRII;ACVR2,DRUGGABLE GENOME;SERINE THREONINE KINASE;CELL SURFACE;KINASE,
25960,ADGRA2,ONCOGENE,True,ENST00000412232,NM_032777,DKFZp434C211;DKFZp434J0911;FLJ14390;GPR124;KIAA1531;TEM5,CLINICALLY ACTIONABLE;G PROTEIN COUPLED RECEPTOR;CELL SURFACE,
4299,AFF1,,False,,,AF-4;AF4;MLLT2;PBM1,CLINICALLY ACTIONABLE,
26523,AGO1,ONCOGENE,True,ENST00000373204,NM_012199.2,EIF2C1;hAGO1,,
213,ALB,NEITHER,True,ENST00000295897,NM_000477.5,,TRANSPORTER;DRUGGABLE GENOME,
187,APLNR,ONCOGENE_AND_TSG,True,ENST00000257254,NM_005161.4,AGTRL1;APJ;APJR;FLJ90771,G PROTEIN COUPLED RECEPTOR;DRUGGABLE GENOME;CLINICALLY ACTIONABLE,
9582,APOBEC3B,ONCOGENE,True,ENST00000333467,NM_004900.5,FLJ21201;PHRBNL,ENZYME,
10139,ARFRP1,,False,,,ARL18;ARP;Arp1,CLINICALLY ACTIONABLE,
64283,ARHGEF28,ONCOGENE,True,ENST00000426542,NM_001177693.1,RGNEF;RIP2;p190RhoGEF,,
1820,ARID3A,TSG,True,ENST00000263620,NM_005224.2,BRIGHT;DRIL1,TRANSCRIPTION FACTOR,
10620,ARID3B,ONCOGENE,True,ENST00000346246,NM_001307939.1,BDP;DRIL2,TRANSCRIPTION FACTOR,
138715,ARID3C,INSUFFICIENT_EVIDENCE,True,ENST00000378909,NM_001017363.1,,,
5926,ARID4A,TSG,True,ENST00000355431,NM_002892.3,RBBP1;RBP-1,TRANSCRIPTION FACTOR,
51742,ARID4B,TSG,True,ENST00000264183,NM_001206794.1,BCAA;BRCAA1;RBP1L1;SAP180,,
10865,ARID5A,INSUFFICIENT_EVIDENCE,True,ENST00000357485,NM_212481.1,MRF-1;RP11-363D14,TRANSCRIPTION FACTOR BINDING;TRANSCRIPTION FACTOR COMPLEX,
405,ARNT,,False,,,HIF-1beta;bHLHe2,DRUGGABLE GENOME;NUCLEAR HORMONE RECEPTOR;CLINICALLY ACTIONABLE,
9474,ATG5,TSG,True,ENST00000369076,NM_004849.4,APG5;APG5L;hAPG5,ENZYME;TRANSPORTER;CLINICALLY ACTIONABLE,
476,ATP1A1,ONCOGENE_AND_TSG,True,ENST00000295598,NM_000701,,DRUGGABLE GENOME;ENZYME;CLINICALLY ACTIONABLE,
537,ATP6AP1,INSUFFICIENT_EVIDENCE,True,ENST00000369762,NM_001183.5,16A;ATP6IP1;ATP6S1;Ac45;CF2;ORF;VATPS1;XAP-3;XAP3,ENZYME,
526,ATP6V1B2,TSG,True,ENST00000276390,NM_001693.3,ATP6B2;HO57,ENZYME,
6311,ATXN2,TSG,True,ENST00000550104,NM_002973.3,ATX2;SCA2;TNRC13,,
6314,ATXN7,ONCOGENE,True,ENST00000522345,NM_001177387.1,ADCAII;OPCA3;SCA7;SGF73,,
60468,BACH2,TSG,True,ENST00000257749,NM_001170794.1,BTBD25,,
53335,BCL11A,,False,,,BCL11A-L;BCL11A-S;BCL11A-XL;CTIP1;EVI9;HBFQTL5;ZNF856,CLINICALLY ACTIONABLE;TRANSCRIPTION FACTOR,
283149,BCL9L,ONCOGENE,True,ENST00000683865,NM_001378213.1,B9L;Bcl9-2;DLNB11,,
8019,BRD3,ONCOGENE,True,ENST00000303407,NM_007371,KIAA0043;ORFX;RING3L,CLINICALLY ACTIONABLE;SERINE THREONINE KINASE;KINASE;DRUGGABLE GENOME;TRANSCRIPTION FACTOR,
84446,BRSK1,TSG,True,ENST00000309383,NM_032430,KIAA1811,CLINICALLY ACTIONABLE;KINASE;SERINE THREONINE KINASE;DRUGGABLE GENOME,
701,BUB1B,ONCOGENE,True,ENST00000287598,NM_001211.6,BUBR1;Bub1A;MAD3L;SSK1,SERINE THREONINE KINASE;DRUGGABLE GENOME;ENZYME;CLINICALLY ACTIONABLE;KINASE,
776,CACNA1D,ONCOGENE,True,ENST00000350061,NM_001128840,CACH3;CACN4;CACNL1A2;CCHL1A2;Cav1.3,CLINICALLY ACTIONABLE;DRUGGABLE GENOME;ION CHANNEL,
790,CAD,ONCOGENE,True,ENST00000264705,NM_001306079,GATD4,ENZYME;DRUGGABLE GENOME;CLINICALLY ACTIONABLE;KINASE,
124583,CANT1,ONCOGENE,True,ENST00000302345,NM_001159772,SCAN-1;SHAPY,CLINICALLY ACTIONABLE;ENZYME,
868,CBLB,TSG,True,ENST00000394030,NM_170662.5,Cbl-b;RNF56,CLINICALLY ACTIONABLE;ENZYME,
8838,CCN6,ONCOGENE_AND_TSG,True,ENST00000368666,NM_198239.1,WISP-3;WISP3,GROWTH FACTOR,
57820,CCNB1IP1,INSUFFICIENT_EVIDENCE,True,ENST00000358932,NM_021178.5,C14orf18;HEI10,CLINICALLY ACTIONABLE,
940,CD28,ONCOGENE,True,ENST00000324106,NM_006139.3,,DRUGGABLE GENOME;CELL SURFACE;EXTERNAL SIDE OF PLASMA MEMBRANE;KINASE,
1009,CDH11,ONCOGENE,True,ENST00000268603,NM_001797,CAD11,CLINICALLY ACTIONABLE,
1045,CDX2,,False,,,CDX3,TRANSCRIPTION FACTOR;CLINICALLY ACTIONABLE,
79145,CHCHD7,INSUFFICIENT_EVIDENCE,True,ENST00000355315,NM_001011671.3,COX23;MGC2217,CLINICALLY ACTIONABLE,
1106,CHD2,TSG,True,ENST00000394196,NM_001271,DKFZp547I1315;DKFZp686E01200;DKFZp781D1727;FLJ38614,CLINICALLY ACTIONABLE;ENZYME,
1108,CHD4,ONCOGENE,True,ENST00000544040,NM_001273,Mi-2b;Mi2-BETA,CLINICALLY ACTIONABLE;ENZYME,
22858,CILK1,ONCOGENE,True,ENST00000676107,NM_014920.5,ICK;KIAA0936;LCK2;MGC46090,SERINE THREONINE KINASE;ENZYME;KINASE,
6249,CLIP1,ONCOGENE,True,ENST00000620786,NM_001247997.2,CLIP-170;CLIP170;CYLN1;RSN,,
1213,CLTC,,False,,,CLTCL2;Hc,CLINICALLY ACTIONABLE,
55783,CMTR2,TSG,True,ENST00000338099,NM_001099642.1,AFT;FLJ11171;FTSJD1;MTr2,,
1280,COL2A1,TSG,True,ENST00000380518,NM_001844,AOM;SEDC;STL1,DRUGGABLE GENOME,
51185,CRBN,TSG,True,ENST00000231948,NM_016302.3,MRT2;MRT2A,DRUG RESISTANCE,
1385,CREB1,ONCOGENE,True,ENST00000432329,NM_134442.3,,TRANSCRIPTION FACTOR;KINASE;CLINICALLY ACTIONABLE,
90993,CREB3L1,,False,,,OASIS,CLINICALLY ACTIONABLE;TRANSCRIPTION FACTOR,
23373,CRTC1,ONCOGENE,True,ENST00000321949,NM_015321.3,FLJ14027;KIAA0616;MECT1;TORC1,CLINICALLY ACTIONABLE,
9646,CTR9,TSG,True,ENST00000361367,NM_014633.4,KIAA0155;SH2BP1;p150TSP,ENZYME,
8451,CUL4A,ONCOGENE,True,ENST00000375440,NM_001008895,,DNA REPAIR;CLINICALLY ACTIONABLE;ENZYME,
1588,CYP19A1,ONCOGENE,True,ENST00000396402,NM_000103.4,ARO;ARO1;CPV1;CYAR;CYP19;P-450AROM;aromatase,DRUGGABLE GENOME;ENZYME,
1643,DDB2,TSG,True,ENST00000256996,NM_000107,DDBB;FLJ34321;UV-DDB2;XPE,CLINICALLY ACTIONABLE;DNA REPAIR,
1662,DDX10,,False,,,Dbp4;HRH-J8,CLINICALLY ACTIONABLE,
1655,DDX5,ONCOGENE,True,ENST00000225792,NM_004396,G17P1;HLR1;p68,CLINICALLY ACTIONABLE,
1656,DDX6,,False,,,HLR2;Rck/p54,CLINICALLY ACTIONABLE;ENZYME,
345930,ECT2L,TSG,True,ENST00000367682,NM_001077706.2,ARHGEF32;C6orf91;FBXO49;LFDH,CLINICALLY ACTIONABLE,
1958,EGR1,TSG,True,ENST00000239938,NM_001964.2,AT225;G0S30;KROX-24;NGFI-A;TIS8;ZIF-268,,
3646,EIF3E,INSUFFICIENT_EVIDENCE,True,ENST00000220849,NM_001568,EIF3S6;INT6;eIF3-p48,,
2005,ELK4,ONCOGENE,True,ENST00000357992,NM_001973,,CLINICALLY ACTIONABLE;TRANSCRIPTION FACTOR;KINASE,
2006,ELN,ONCOGENE,True,ENST00000252034,NM_000501,SVAS;WBS;WS,DRUGGABLE GENOME;CLINICALLY ACTIONABLE,
57634,EP400,TSG,True,ENST00000389561,NM_015409.3,CAGH32;DKFZP434I225;KIAA1498;KIAA1818;P400;TNRC12,DNA REPAIR;TUMOR SUPPRESSOR,
2050,EPHB4,ONCOGENE,True,ENST00000358173,NM_004444,HTK;Tyro11,DRUGGABLE GENOME;ENZYME;TYROSINE KINASE;KINASE;CLINICALLY ACTIONABLE,
2057,EPOR,ONCOGENE,True,ENST00000222139,NM_000121.3,,CLINICALLY ACTIONABLE;DRUGGABLE GENOME;EXTERNAL SIDE OF PLASMA MEMBRANE;TRANSCRIPTION FACTOR;KINASE,
2060,EPS15,,False,,,AF-1P;MLLT5,CLINICALLY ACTIONABLE;KINASE,
23085,ERC1,ONCOGENE,True,ENST00000360905,NM_178040,CAST2;ELKS;KIAA1081;MGC12974;RAB6IP2,KINASE;CLINICALLY ACTIONABLE,
157570,ESCO2,TSG,True,ENST00000305188,NM_001017420.2,EFO2;RBS,,
54465,ETAA1,TSG,True,ENST00000272342,NM_019002.3,ETAA16,KINASE;DNA REPAIR,
2113,ETS1,ONCOGENE_AND_TSG,True,ENST00000319397,NM_005238,ETS-1;EWSR2;FLJ10768,TRANSCRIPTION FACTOR;CLINICALLY ACTIONABLE,
2131,EXT1,TSG,True,ENST00000378204,NM_000127,LGCR;LGS;ttv,CLINICALLY ACTIONABLE;ENZYME,
340602,EZHIP,ONCOGENE,True,ENST00000342995,NM_203407.3,CATACOMB;CXorf67,,
7430,EZR,,False,,,VIL2,CLINICALLY ACTIONABLE;KINASE,
83417,FCRL4,,False,,,CD307d;FCRH4;IGFP2;IRTA1,CLINICALLY ACTIONABLE;CELL SURFACE;EXTERNAL SIDE OF PLASMA MEMBRANE;DRUGGABLE GENOME,
2242,FES,ONCOGENE,True,ENST00000328850,NM_002005,FPS,KINASE;ENZYME;TYROSINE KINASE;DRUGGABLE GENOME,
2294,FOXF1,ONCOGENE_AND_TSG,True,ENST00000262426,NM_001451.2,FKHL5;FREAC1,TRANSCRIPTION FACTOR;DRUG RESISTANCE;TRANSCRIPTION FACTOR COMPLEX,
4303,FOXO4,,False,,,AFX1;MLLT7,CLINICALLY ACTIONABLE;TRANSCRIPTION FACTOR;TUMOR SUPPRESSOR,
10818,FRS2,ONCOGENE,True,ENST00000397997,NM_001042555,FRS2A;FRS2alpha;SNT-1,CLINICALLY ACTIONABLE;KINASE,
10272,FSTL3,,False,,,FLRG;FSRP,CLINICALLY ACTIONABLE;DRUGGABLE GENOME,
5045,FURIN,ONCOGENE,True,ENST00000268171,NM_001289823.1,FUR;PACE;PCSK3,DRUGGABLE GENOME;PROTEASE;CELL SURFACE,
2549,GAB1,ONCOGENE,True,ENST00000262995,NM_207123.3,DFNB26,KINASE,
9846,GAB2,ONCOGENE,True,ENST00000361507,NM_080491.2,KIAA0571,KINASE,
2559,GABRA6,ONCOGENE,True,ENST00000274545,NM_000811,,ION CHANNEL;CLINICALLY ACTIONABLE;DRUGGABLE GENOME,
8522,GAS7,,False,,,KIAA0394;MGC1348,CLINICALLY ACTIONABLE,
2626,GATA4,TSG,True,ENST00000335135,NM_002052,,CLINICALLY ACTIONABLE;ENZYME;TRANSCRIPTION FACTOR,
2627,GATA6,ONCOGENE,True,ENST00000269216,NM_005257,,CLINICALLY ACTIONABLE;TRANSCRIPTION FACTOR COMPLEX;TRANSCRIPTION FACTOR,
2719,GPC3,ONCOGENE,True,ENST00000370818,NM_004484,DGSX;OCI-5;SDYS;SGB;SGBS;SGBS1,CLINICALLY ACTIONABLE;CELL SURFACE;DRUGGABLE GENOME,
10243,GPHN,,False,,,KIAA1385,CLINICALLY ACTIONABLE;ENZYME,
2913,GRM3,INSUFFICIENT_EVIDENCE,True,ENST00000361669,NM_000840,GPRC1C;MGLUR3;mGlu3,CLINICALLY ACTIONABLE;DRUGGABLE GENOME;G PROTEIN COUPLED RECEPTOR,
2969,GTF2I,ONCOGENE,True,ENST00000573035,NM_032999.3,BAP-135;BTKAP1;DIWS;IB291;TFII-I;WBSCR6,TRANSCRIPTION FACTOR,
3009,H1-5,TSG,True,ENST00000331442,NM_005322.2,H1F5;H1b;H1s-3;HIST1H1B,,
8339,H2BC8,INSUFFICIENT_EVIDENCE,True,ENST00000541790,NM_003518.3,H2B.1A;H2B/a;H2BFA;HIST1H2BG,,
23462,HEY1,,False,,,CHF-2;CHF2;HERP2;HESR-1;HESR1;HRT-1;bHLHb31,CLINICALLY ACTIONABLE,
7290,HIRA,TSG,True,ENST00000263208,NM_003325,DGCR1;TUP1;TUPLE1,,
3107,HLA-C,TSG,True,ENST00000376228,NM_002117.5,D6S204;HLA-JY3;PSORS1,DRUG RESISTANCE;CELL SURFACE;EXTERNAL SIDE OF PLASMA MEMBRANE;CLINICALLY ACTIONABLE;DRUGGABLE GENOME,
3131,HLF,,False,,,MGC33822,CLINICALLY ACTIONABLE;TRANSCRIPTION FACTOR,
3205,HOXA9,,False,,,HOX1G,CLINICALLY ACTIONABLE;TRANSCRIPTION FACTOR COMPLEX;TRANSCRIPTION FACTOR,
3227,HOXC11,,False,,,HOX3H,CLINICALLY ACTIONABLE;TRANSCRIPTION FACTOR,
3229,HOXC13,,False,,,HOX3;HOX3G,CLINICALLY ACTIONABLE;TRANSCRIPTION FACTOR,
3237,HOXD11,,False,,,HOX4F,CLINICALLY ACTIONABLE;TRANSCRIPTION FACTOR,
3239,HOXD13,,False,,,HOX4I;SPD,CLINICALLY ACTIONABLE;TRANSCRIPTION FACTOR,
3283,HSD3B1,ONCOGENE,True,ENST00000369413,NM_000862,HSD3B;HSDB3;SDR11E1,CLINICALLY ACTIONABLE;DRUGGABLE GENOME;ENZYME,
3326,HSP90AB1,,False,,,HSPC2;HSPCB,CLINICALLY ACTIONABLE;TRANSCRIPTION FACTOR;DRUGGABLE GENOME;CELL SURFACE;TUMOR SUPPRESSOR,
3492,IGH,,False,,,IGH@;IGHDY1,CLINICALLY ACTIONABLE,
50802,IGK,,False,,,IGK@,CLINICALLY ACTIONABLE,
3535,IGL,,False,,,IGL@,CLINICALLY ACTIONABLE,
50615,IL21R,,False,,,CD360,CLINICALLY ACTIONABLE;EXTERNAL SIDE OF PLASMA MEMBRANE;DRUGGABLE GENOME,
3562,IL3,ONCOGENE,True,ENST00000296870,NM_000588.3,IL-3;MCGF;MGC79398;MGC79399;MULTI-CSF,CLINICALLY ACTIONABLE;DRUGGABLE GENOME;GROWTH FACTOR,
3572,IL6ST,ONCOGENE,True,ENST00000381298,,CD130;GP130;IL-6RB;sGP130,CLINICALLY ACTIONABLE;EXTERNAL SIDE OF PLASMA MEMBRANE;DRUGGABLE GENOME;KINASE,
3660,IRF2,TSG,True,ENST00000393593,NM_002199,,CLINICALLY ACTIONABLE;TRANSCRIPTION FACTOR,
3702,ITK,,False,,,EMT;LYK;PSCTK2,DRUGGABLE GENOME;ENZYME;CLINICALLY ACTIONABLE;TYROSINE KINASE;KINASE,
221895,JAZF1,ONCOGENE,True,ENST00000283928,NM_175061.4,DKFZp761K2222;TIP27;ZNF802,CLINICALLY ACTIONABLE;ENZYME;NUCLEAR HORMONE RECEPTOR,
55709,KBTBD4,INSUFFICIENT_EVIDENCE,True,ENST00000430070,NM_018095.6,BKLHD4;FLJ10450;HSPC252,,
3792,KEL,ONCOGENE,True,ENST00000355265,NM_000420,CD238;ECE3,CLINICALLY ACTIONABLE;PROTEASE;DRUGGABLE GENOME;ENZYME,
3799,KIF5B,,False,,,KNS;KNS1,CLINICALLY ACTIONABLE,
688,KLF5,ONCOGENE,True,ENST00000377687,NM_001730.4,BTEB2;IKLF,DRUGGABLE GENOME;TRANSCRIPTION FACTOR;TRANSCRIPTION FACTOR COMPLEX,
283455,KSR2,ONCOGENE,True,ENST00000339824,NM_173598.6,FLJ25965,SERINE THREONINE KINASE;KINASE;DRUGGABLE GENOME,
4000,LMNA,ONCOGENE,True,ENST00000368300,NM_170707,CMD1A;HGPS;LGMD1B;LMN1;LMNL1;PRO1,DRUGGABLE GENOME;CLINICALLY ACTIONABLE,
4026,LPP,,False,,,,CLINICALLY ACTIONABLE,
4050,LTB,ONCOGENE_AND_TSG,True,ENST00000429299,NM_002341.2,TNFC;TNFSF3,DRUGGABLE GENOME,
4058,LTK,ONCOGENE,True,ENST00000263800,NM_002344,TYK1,CLINICALLY ACTIONABLE;DRUGGABLE GENOME;TYROSINE KINASE;KINASE;ENZYME,
4066,LYL1,,False,,,bHLHa18,CLINICALLY ACTIONABLE;TRANSCRIPTION FACTOR,
10459,MAD2L2,ONCOGENE_AND_TSG,True,ENST00000235310,NM_001127325.1,FANCV;MAD2B;POLZ2;REV7,CLINICALLY ACTIONABLE,
84441,MAML2,INSUFFICIENT_EVIDENCE,True,ENST00000524717,NM_032427.4,KIAA1819;MAM3,CLINICALLY ACTIONABLE,
6885,MAP3K7,ONCOGENE,True,ENST00000369329,NM_145331,MEKK7;TAK1,SERINE THREONINE KINASE;KINASE;CLINICALLY ACTIONABLE;DRUGGABLE GENOME;ENZYME;TRANSCRIPTION FACTOR,
4208,MEF2C,ONCOGENE,True,ENST00000437473,NM_001193350,,CLINICALLY ACTIONABLE,
10461,MERTK,ONCOGENE,True,ENST00000295408,NM_006343.2,RP38;Tyro12;c-Eyk;mer,DRUGGABLE GENOME;KINASE;CLINICALLY ACTIONABLE;TYROSINE KINASE;ENZYME,
8972,MGAM,ONCOGENE,True,ENST00000549489,NM_004668.2,,ENZYME;DRUGGABLE GENOME,
4288,MKI67,ONCOGENE,True,ENST00000368654,NM_002417,MIB-1;PPP1R105,CLINICALLY ACTIONABLE,
4302,MLLT6,,False,,,AF17;FLJ23480,CLINICALLY ACTIONABLE,
79817,MOB3B,TSG,True,ENST00000262244,NM_024761.4,C9orf35;FLJ13204;MOB1D;MOBKL2B,KINASE,
219972,MPEG1,NEITHER,True,ENST00000361050,NM_001039396.1,MPG1,,
57591,MRTFA,,False,,,BSAC;KIAA1438;MKL;MKL1;MRTF-A,TRANSCRIPTION FACTOR,
4478,MSN,,False,,,,CLINICALLY ACTIONABLE;CELL SURFACE,
4582,MUC1,,False,,,ADMCKD;ADMCKD1;CD227;MCD;MCKD;MCKD1;PEM;PUM,DRUGGABLE GENOME;CLINICALLY ACTIONABLE;ENZYME,
4627,MYH9,,False,,,DFNA17;EPSTS;FTNS;MHA;NMHC-II-A;NMMHCA,CLINICALLY ACTIONABLE,
4644,MYO5A,ONCOGENE,True,ENST00000399231,NM_000259,MYH12;MYO5;MYR12,,
4665,NAB2,ONCOGENE,True,ENST00000300131,NM_005967.4,MADER,TRANSCRIPTION FACTOR BINDING;TRANSCRIPTION FACTOR,
65220,NADK,ONCOGENE,True,ENST00000378625,NM_001198994.2,FLJ13052,KINASE,
10499,NCOA2,,False,,,KAT13C;NCoA-2;TIF2;bHLHe75,CLINICALLY ACTIONABLE;TRANSCRIPTION FACTOR COMPLEX;TRANSCRIPTION FACTOR;NUCLEAR HORMONE RECEPTOR,
8031,NCOA4,ONCOGENE,True,ENST00000581486,NM_001145263.2,ARA70;DKFZp762E1112;ELE1;PTC3;RFG,CLINICALLY ACTIONABLE;KINASE;NUCLEAR HORMONE RECEPTOR,
10397,NDRG1,,False,,,CAP43;NDR1;RTP;TDD5,CLINICALLY ACTIONABLE,
4773,NFATC2,ONCOGENE_AND_TSG,True,ENST00000396009,NM_173091.4,NF-ATP;NFAT1;NFATp,TRANSCRIPTION FACTOR BINDING;TRANSCRIPTION FACTOR COMPLEX,
4778,NFE2,ONCOGENE,True,ENST00000312156,NM_001136023.2,NF-E2,TRANSCRIPTION FACTOR,
4791,NFKB2,,False,,,LYT-10;NF-kB2;p49/p100,CLINICALLY ACTIONABLE;TRANSCRIPTION FACTOR;KINASE,
4794,NFKBIE,TSG,True,ENST00000275015,NM_004556,IKBE,,
51199,NIN,,False,,,,CLINICALLY ACTIONABLE,
3084,NRG1,ONCOGENE,True,ENST00000405005,NM_013964.3,GGF;HGL;NDF;NRG1-IT2,CLINICALLY ACTIONABLE;DRUGGABLE GENOME;DRUG RESISTANCE;GROWTH FACTOR;KINASE,
4926,NUMA1,,False,,,,CLINICALLY ACTIONABLE,
5063,PAK3,ONCOGENE,True,ENST00000262836,NM_001128173,MRX30;MRX47;bPAK;hPAK3,CLINICALLY ACTIONABLE;SERINE THREONINE KINASE;KINASE;DRUGGABLE GENOME;ENZYME,
7849,PAX8,ONCOGENE,True,ENST00000429538,,,CLINICALLY ACTIONABLE;TRANSCRIPTION FACTOR,PAX8 is one of nine transcription factors within the PAX gene family. It has been observed to be expressed during embryonic development however expression attenuates after development in all but a few tissues. Research has indicated that over-expression of PAX proteins in general are not an initiating event in tumorgenesis however they may facilitate malignant development. PAX8 is expressed in 80-96% of all High-grade serous carcinomas (HGSC) and is commonly used as a marker for the disease. In addition PAX8 has become a useful biomarker for differentiating between mullerian mucinous and non-mullerian tumors. PAX8 has also been associated with neoplasms in the kidney and thyroid.
5087,PBX1,,False,,,,CLINICALLY ACTIONABLE;TRANSCRIPTION FACTOR,
5108,PCM1,,False,,,PTC4,CLINICALLY ACTIONABLE,
9659,PDE4DIP,,False,,,CMYA2;KIAA0454;KIAA0477;MMGL,CLINICALLY ACTIONABLE,
23047,PDS5B,TSG,True,ENST00000315596,NM_015032.3,APRIN;AS3;CG008;FLJ23236;KIAA0979,DNA REPAIR,
5187,PER1,,False,,,PER;RIGUI,CLINICALLY ACTIONABLE;TRANSCRIPTION FACTOR;NUCLEAR HORMONE RECEPTOR,
79605,PGBD5,ONCOGENE,True,ENST00000391860,,DKFZp761A0620;FLJ11413,,
5277,PIGA,TSG,True,ENST00000333590,NM_002641.3,GPI3,ENZYME,
5287,PIK3C2B,ONCOGENE,True,ENST00000367187,NM_002646,C2-PI3K;PI3K-C2beta,KINASE;CLINICALLY ACTIONABLE;ENZYME;PHOSPHATIDYLINOSITOL 3 KINASE;DRUGGABLE GENOME,
5324,PLAG1,,False,,,ZNF912,CLINICALLY ACTIONABLE;TRANSCRIPTION FACTOR,
5450,POU2AF1,,False,,,BOB1;OBF1,CLINICALLY ACTIONABLE,
5520,PPP2R2A,TSG,True,ENST00000380737,NM_002717.3,B55A;B55alpha;PR52A;PR55A;PR55alpha,ENZYME;CLINICALLY ACTIONABLE,
5546,PRCC,ONCOGENE,True,ENST00000271526,NM_005973,RCCP1,TUMOR SUPPRESSOR;CLINICALLY ACTIONABLE,
63976,PRDM16,,False,,,KIAA1675;KMT8F;MEL1;MGC166915;PFM13,CLINICALLY ACTIONABLE;TRANSCRIPTION FACTOR,
5566,PRKACA,ONCOGENE,True,ENST00000308677,NM_002730.3,PKACa,SERINE THREONINE KINASE;KINASE;ENZYME;CLINICALLY ACTIONABLE;DRUGGABLE GENOME;TUMOR SUPPRESSOR,
5591,PRKDC,ONCOGENE_AND_TSG,True,ENST00000314191,NM_006904.7,DNA-PKC;DNA-PKcs;DNAPK;DNAPKc;DNPK1;HYRC;HYRC1;XRCC7;p350;p460,SERINE THREONINE KINASE;KINASE;CLINICALLY ACTIONABLE;ENZYME;TRANSCRIPTION FACTOR COMPLEX;DRUGGABLE GENOME,
5396,PRRX1,,False,,,PHOX1;PMX1,CLINICALLY ACTIONABLE;KINASE,
11168,PSIP1,,False,,,DFS70;LEDGF;PSIP2,CLINICALLY ACTIONABLE,
5754,PTK7,ONCOGENE,True,ENST00000230419,NM_002821.5,CCK4,TYROSINE KINASE;KINASE;CLINICALLY ACTIONABLE;DRUGGABLE GENOME,
5770,PTPN1,TSG,True,ENST00000371621,NM_001278618.1,PTP1B,PROTEIN PHOSPHATASE;DRUGGABLE GENOME;KINASE,
5783,PTPN13,TSG,True,ENST00000411767,NM_080683,PTP-BAS;PTP-BL;PTP1E;PTPL1,PROTEIN PHOSPHATASE;DRUGGABLE GENOME;KINASE;CLINICALLY ACTIONABLE,
5800,PTPRO,,False,,,GLEPP1;NPHS6;PTP-U2;PTP-oc;PTPU2,CLINICALLY ACTIONABLE;PROTEIN PHOSPHATASE;ENZYME;KINASE,
9135,RABEP1,,False,,,RAB5EP;RABPT5;neurocrescin;rabaptin-5,CLINICALLY ACTIONABLE;GROWTH FACTOR,
5903,RANBP2,ONCOGENE,True,ENST00000283195,NM_006267,ADANE;ANE1;NUP358,DRUGGABLE GENOME;TRANSPORTER;CLINICALLY ACTIONABLE;ENZYME,
5910,RAP1GDS1,,False,,,SmgGDS,CLINICALLY ACTIONABLE,
5649,RELN,INSUFFICIENT_EVIDENCE,True,ENST00000428762,NM_005045.3,PRO1598;RL,CLINICALLY ACTIONABLE;PROTEASE;DRUGGABLE GENOME,
5978,REST,TSG,True,ENST00000309042,NM_001193508.1,DFNA27;NRSF;XBR,TRANSCRIPTION FACTOR,
399,RHOH,,False,,,ARHH;TTF,CLINICALLY ACTIONABLE;ENZYME,
57674,RNF213,,False,,,ALO17;C17orf27;KIAA1554;KIAA1618;MYMY2;NET57,CLINICALLY ACTIONABLE;ENZYME;KINASE,
6091,ROBO1,TSG,True,ENST00000464233,NM_002941.3,DUTT1;FLJ21882;SAX3,CELL SURFACE,
6146,RPL22,,False,,,EAP;L22,CLINICALLY ACTIONABLE,
6125,RPL5,TSG,True,ENST00000370321,NM_000969,L5;PPP1R135;uL18,CLINICALLY ACTIONABLE,
6184,RPN1,,False,,,,CLINICALLY ACTIONABLE;DRUGGABLE GENOME;ENZYME,
84870,RSPO3,ONCOGENE,True,ENST00000356698,NM_032784.5,FLJ14440;THSD2,DRUGGABLE GENOME;CLINICALLY ACTIONABLE,
25939,SAMHD1,TSG,True,ENST00000646673,NM_015474.3,AGS5;HDDC1;MOP-5;Mg11;SBBI88,ENZYME;KINASE,
6447,SCG5,ONCOGENE,True,ENST00000300175,NM_001144757.1,7B2;SGNE1;SgV,CLINICALLY ACTIONABLE;DRUGGABLE GENOME,
6385,SDC4,,False,,,SYND4;amphiglycan;ryudocan,CLINICALLY ACTIONABLE;DRUGGABLE GENOME;CELL SURFACE,
6317,SERPINB3,INSUFFICIENT_EVIDENCE,True,ENST00000283752,NM_006919.2,HsT1196;SCC;SCCA1;T4-A,PROTEASE INHIBITOR;DRUGGABLE GENOME;KINASE,
6318,SERPINB4,INSUFFICIENT_EVIDENCE,True,ENST00000341074,NM_002974.3,LEUPIN;PI11;SCCA-2;SCCA2,PROTEASE INHIBITOR;ENZYME;DRUGGABLE GENOME,
9739,SETD1A,ONCOGENE,True,ENST00000262519,NM_014712.2,KIAA0339;KMT2F;SET1A;Set1,,
23067,SETD1B,INSUFFICIENT_EVIDENCE,True,ENST00000604567,XM_005253858.3,KIAA1076;KMT2G;Set1B,,
84193,SETD3,INSUFFICIENT_EVIDENCE,True,ENST00000331768,NM_032233.2,C14orf154;FLJ23027,,
54093,SETD4,INSUFFICIENT_EVIDENCE,True,ENST00000332131,NM_017438.4,C21orf18;C21orf27,,
55209,SETD5,INSUFFICIENT_EVIDENCE,True,ENST00000402198,NM_001080517.2,FLJ10707,,
79918,SETD6,INSUFFICIENT_EVIDENCE,True,ENST00000219315,NM_001160305.1,FLJ21148,TRANSCRIPTION FACTOR;NUCLEAR HORMONE RECEPTOR,
80854,SETD7,INSUFFICIENT_EVIDENCE,True,ENST00000274031,NM_001306199.1,KIAA1717;KMT7;SET7;SET7/9;Set9,,
83852,SETDB2,TSG,True,ENST00000317257,NM_031915.2,C13orf4;CLLD8;CLLL8;KMT1F,,
6455,SH3GL1,,False,,,CNSA1;EEN;MGC111371;SH3D2B;SH3P8,CLINICALLY ACTIONABLE,
10568,SLC34A2,,False,,,NAPI-3B,CLINICALLY ACTIONABLE;DRUGGABLE GENOME;TRANSPORTER,
91607,SLFN11,TSG,True,ENST00000308377,NM_001104587.1,FLJ34922,,
6594,SMARCA1,ONCOGENE_AND_TSG,True,ENST00000371122,NM_003069,ISWI;NURF140;SNF2L;SNF2L1;SNF2LB;SWI;hSNF2L,CLINICALLY ACTIONABLE,
6595,SMARCA2,TSG,True,ENST00000349721,NM_001289396.1,BAF190;BRM;SNF2;SNF2L2;SNF2LA;SWI2;Sth1p;hBRM;hSNF2a,,
23049,SMG1,TSG,True,ENST00000446231,NM_015092.4,KIAA0421;LIP,SERINE THREONINE KINASE;DNA REPAIR;KINASE;DRUGGABLE GENOME,
9021,SOCS3,TSG,True,ENST00000330871,NM_003955.4,CIS3;Cish3;SOCS-3;SSI-3,CLINICALLY ACTIONABLE;TYROSINE KINASE;KINASE,
6663,SOX10,ONCOGENE,True,ENST00000360880,NM_006941,DOM;WS2E;WS4,CLINICALLY ACTIONABLE;DRUG RESISTANCE;TRANSCRIPTION FACTOR,
11262,SP140,TSG,True,ENST00000392045,NM_007237.4,LYSP100-A;LYSP100-B,,
83932,SPRTN,TSG,True,ENST00000295050,NM_032018.6,C1orf124;DKFZP547N043;DVC1;Spartan,,
6428,SRSF3,,False,,,SFRS3;SRp20,CLINICALLY ACTIONABLE,
6759,SSX4,,False,,,CT5.4,CLINICALLY ACTIONABLE,
10274,STAG1,TSG,True,ENST00000383202,NM_005862.2,SA-1;SA1;SCC3A,,
6775,STAT4,ONCOGENE,True,ENST00000358470,NM_001243835,,CLINICALLY ACTIONABLE;TRANSCRIPTION FACTOR;KINASE,
6872,TAF1,ONCOGENE,True,ENST00000423759,NM_004606.5,BA2R;CCG1;CCGS;DYT3;DYT3/TAF1;KAT4;NSCL2;TAFII250,ENZYME;KINASE;SERINE THREONINE KINASE;TRANSCRIPTION FACTOR COMPLEX;CLINICALLY ACTIONABLE;TRANSCRIPTION FACTOR,
8148,TAF15,,False,,,Npl3;RBP56;TAF2N;hTAFII68,CLINICALLY ACTIONABLE,
6887,TAL2,,False,,,bHLHa19,CLINICALLY ACTIONABLE,
200424,TET3,TSG,True,ENST00000409262,NM_144993,MGC22014;hCG_40738,,
10342,TFG,,False,,,FLJ36137;SPG57;TF6,CLINICALLY ACTIONABLE,
7171,TPM4,,False,,,,CLINICALLY ACTIONABLE,
6955,TRA,ONCOGENE,True,,,TCRA;TRA@,NUCLEAR HORMONE RECEPTOR,
6957,TRB,ONCOGENE,True,,,TCRB;TRB@,NUCLEAR HORMONE RECEPTOR,
6964,TRD,ONCOGENE,True,,,TCRD;TCRDV1;TRD@,,
6965,TRG,ONCOGENE,True,,,TCRG;TRG@,CLINICALLY ACTIONABLE,
8805,TRIM24,,False,,,RNF82;TIF1;TIF1A;Tif1a;hTIF1,ENZYME;NUCLEAR HORMONE RECEPTOR;CLINICALLY ACTIONABLE,
5987,TRIM27,ONCOGENE,True,ENST00000377199,NM_006510,RFP;RNF76,CLINICALLY ACTIONABLE;ENZYME;SERINE THREONINE KINASE;KINASE,
9321,TRIP11,,False,,,CEV14;GMAP-210;GMAP210;Trip230,CLINICALLY ACTIONABLE,
9319,TRIP13,ONCOGENE_AND_TSG,True,ENST00000166345,NM_004237.3,16E1BP,TRANSCRIPTION FACTOR,
7409,VAV1,ONCOGENE,True,ENST00000602142,NM_005428.3,VAV,KINASE,
7410,VAV2,ONCOGENE,True,ENST00000371850,NM_001134398.1,,,
11197,WIF1,TSG,True,ENST00000286574,NM_007191.4,,DRUGGABLE GENOME;CLINICALLY ACTIONABLE;CELL SURFACE,
7486,WRN,TSG,True,ENST00000298139,NM_000553,RECQ3;RECQL2,CLINICALLY ACTIONABLE;ENZYME,
7507,XPA,TSG,True,ENST00000375128,NM_000380,XP1;XPAC,CLINICALLY ACTIONABLE;DNA REPAIR,
7508,XPC,TSG,True,ENST00000285021,NM_004628,RAD4;XPCC,DNA REPAIR;CLINICALLY ACTIONABLE,
7531,YWHAE,ONCOGENE,True,ENST00000264335,NM_006761.5,FLJ45465,CLINICALLY ACTIONABLE,
7704,ZBTB16,,False,,,PLZF;ZNF145,TRANSCRIPTION FACTOR;CLINICALLY ACTIONABLE,
51341,ZBTB7A,ONCOGENE_AND_TSG,True,ENST00000322357,NM_015898,DKFZp547O146;FBI-1;LRF;ZBTB7;ZNF857A;pokemon,TRANSCRIPTION FACTOR;KINASE,
7750,ZMYM2,,False,,,FIM;RAMP;ZNF198,CLINICALLY ACTIONABLE;TRANSCRIPTION FACTOR,
9203,ZMYM3,TSG,True,ENST00000314425,NM_005096,DXS6673E;KIAA0385;ZNF198L2;ZNF261,CLINICALLY ACTIONABLE,
171017,ZNF384,,False,,,CAGH1A;CIZ;NMP4;TNRC1,CLINICALLY ACTIONABLE;TRANSCRIPTION FACTOR,
25925,ZNF521,,False,,,EHZF;Evi3,CLINICALLY ACTIONABLE;TRANSCRIPTION FACTOR,
80139,ZNF703,,False,,,FLJ14299;NLZ1;ZEPPO1;ZNF503L;Zpo1,TUMOR SUPPRESSOR;CLINICALLY ACTIONABLE,
84133,ZNRF3,TSG,True,ENST00000544604,NM_001206998.1,BK747E2.3;FLJ22057;KIAA1133;RNF203,CLINICALLY ACTIONABLE,
29974,A1CF,ONCOGENE,True,ENST00000373993,,ACF;ACF64;ACF65;APOBEC1CF,ENZYME,
14,AAMP,ONCOGENE,True,ENST00000248450,NM_001087.5,,CELL SURFACE,
5243,ABCB1,ONCOGENE,True,ENST00000622132,NM_001348946.2,ABC20;CD243;CLCS;GP170;MDR1;P-gp;PGY1;p-170,DRUG RESISTANCE;CELL SURFACE;ENZYME;TRANSPORTER;ABC TRANSPORTER;DRUGGABLE GENOME;CLINICALLY ACTIONABLE,
8714,ABCC3,ONCOGENE,True,ENST00000285238,NM_003786.4,EST90757;MLP2;MOAT-D;MRP3;cMOAT2,DRUG RESISTANCE;TRANSPORTER;DRUGGABLE GENOME;CLINICALLY ACTIONABLE;ABC TRANSPORTER,
31,ACACA,ONCOGENE,True,ENST00000616317,NM_198834.3,ACAC;ACC;ACC1,DRUGGABLE GENOME;ENZYME,
55,ACP3,TSG,True,ENST00000336375,NM_001099.5,ACP-3;ACPP;TM-PAP,,
2181,ACSL3,,False,,,FACL3;PRO2194,CLINICALLY ACTIONABLE,
2182,ACSL4,ONCOGENE,True,ENST00000672401,NM_004458.3,ACS4;FACL4;LACS4;MRX63;MRX68,ENZYME,
23305,ACSL6,,False,,,FACL6;KIAA0837;LACS5,CLINICALLY ACTIONABLE;ENZYME,
60,ACTB,,False,,,,CLINICALLY ACTIONABLE;TUMOR SUPPRESSOR,
103,ADAR,INSUFFICIENT_EVIDENCE,True,ENST00000368474,NM_001111.5,ADAR1;G1P1;IFI4,ENZYME,
105,ADARB2,ONCOGENE,True,ENST00000381312,NM_018702.4,ADAR3;RED2;hRED2,ENZYME,
139378,ADGRG4,INSUFFICIENT_EVIDENCE,True,ENST00000394143,NM_153834.4,GPR112;PGR17;RP1-299I16,G PROTEIN COUPLED RECEPTOR,
137872,ADHFE1,ONCOGENE,True,ENST00000396623,NM_144650,FLJ32430,DRUGGABLE GENOME,
3899,AFF3,,False,,,LAF4;MLLT2-like,CLINICALLY ACTIONABLE;TRANSCRIPTION FACTOR,
55109,AGGF1,ONCOGENE,True,ENST00000312916,NM_018046.5,FLJ10283;GPATC7;GPATCH7;HSU84971;VG5Q,DRUGGABLE GENOME,
55750,AGK,ONCOGENE,True,ENST00000649286,NM_018238.4,FLJ10842;MULK,ENZYME;KINASE,
9447,AIM2,TSG,True,ENST00000368130,NM_004833.3,PYHIN4,,
9049,AIP,ONCOGENE_AND_TSG,True,ENST00000279146,NM_003977.4,ARA9;FKBP16;FKBP37;XAP2,ENZYME;TRANSCRIPTION FACTOR,
84962,AJUBA,TSG,True,ENST00000262713,NM_032876.5,JUB;MGC15563,TRANSCRIPTION FACTOR COMPLEX;CLINICALLY ACTIONABLE;KINASE,
84335,AKT1S1,ONCOGENE,True,ENST00000344175,NM_001098633.4,Lobe;MGC2865;PRAS40,KINASE;DRUGGABLE GENOME;SERINE THREONINE KINASE,
220,ALDH1A3,ONCOGENE,True,ENST00000329841,NM_000693.4,ALDH6;RALDH3,ENZYME;DRUGGABLE GENOME,
160428,ALDH1L2,ONCOGENE,True,ENST00000258494,NM_001034173,FLJ38508;mtFDH,DRUGGABLE GENOME,
217,ALDH2,TSG,True,ENST00000261733,NM_000690,,CLINICALLY ACTIONABLE;ENZYME;DRUGGABLE GENOME,
247,ALOX15B,TSG,True,ENST00000380183,NM_001141.3,15-LOX-2,DRUGGABLE GENOME,
240,ALOX5,ONCOGENE_AND_TSG,True,ENST00000374391,NM_000698.5,5-LOX,DRUGGABLE GENOME,
286,ANK1,ONCOGENE_AND_TSG,True,ENST00000289734,NM_000037.4,ANK;SPH1,TRANSPORTER,
22852,ANKRD26,ONCOGENE,True,ENST00000376087,NM_014915.3,KIAA1074;THC2,,
147495,APCDD1,TSG,True,ENST00000355285,NM_153000.5,B7323,,
328,APEX1,ONCOGENE,True,ENST00000216714,NM_001641.4,APE-1;APEN;APEX;APX;REF-1,DRUGGABLE GENOME;DNA REPAIR,
51107,APH1A,,False,,,APH-1A;CGI-78,CLINICALLY ACTIONABLE;DRUGGABLE GENOME,
429,ASCL1,ONCOGENE,True,ENST00000266744,NM_004316.4,HASH1;bHLHa46,TRANSCRIPTION FACTOR,
8623,ASMTL,,False,,,,CLINICALLY ACTIONABLE,
79058,ASPSCR1,,False,,,ASPL;ASPS;TUG;UBXD9;UBXN9,TRANSCRIPTION FACTOR;TRANSPORTER;CLINICALLY ACTIONABLE,
80816,ASXL3,ONCOGENE,True,ENST00000269197,NM_030632.3,KIAA1713,,
23300,ATMIN,TSG,True,ENST00000299575,NM_015251.3,ASCIZ;KIAA0431;ZNF822,TRANSCRIPTION FACTOR,
492,ATP2B3,,False,,,CFAP39;CLA2;PMCA3;SCAX1,CLINICALLY ACTIONABLE;ENZYME;DRUGGABLE GENOME,
84126,ATRIP,TSG,True,ENST00000320211,NM_130384,FLJ12343;MGC20625;MGC21482;MGC26740,DNA REPAIR;KINASE,
6795,AURKC,ONCOGENE,True,ENST00000302804,NM_001015878.2,ARK3;AurC;STK13,SERINE THREONINE KINASE;KINASE;DRUGGABLE GENOME;ENZYME,
10677,AVIL,ONCOGENE,True,ENST00000549994,NM_006576.5,ADVIL;DOC6;FLJ12386;p92,,
79870,BAALC,ONCOGENE,True,ENST00000297574,,,,
9577,BABAM2,INSUFFICIENT_EVIDENCE,True,ENST00000379624,NM_199191.3,BRCC4;BRCC45;BRE,,
571,BACH1,ONCOGENE,True,ENST00000286800,NM_001186.4,BACH-1;BTBD24,TRANSCRIPTION FACTOR;DNA REPAIR,
581,BAX,,False,,,BCL2L4,TUMOR SUPPRESSOR,
332,BIRC5,ONCOGENE,True,ENST00000350051,NM_001168.3,API4;survivin,PROTEASE INHIBITOR;DRUGGABLE GENOME;DRUG RESISTANCE,
6046,BRD2,ONCOGENE,True,ENST00000374825,NM_005104.4,BRD2-IT1;D6S113E;FSRG1;KIAA9001;NAT;RING3,SERINE THREONINE KINASE;KINASE;DRUGGABLE GENOME,
65980,BRD9,ONCOGENE,True,ENST00000467963,NM_023924.5,FLJ13441,,
151888,BTLA,,False,,,BTLA1;CD272,CLINICALLY ACTIONABLE;DRUGGABLE GENOME,
846,CASR,ONCOGENE_AND_TSG,True,ENST00000639785,NM_000388.4,FHH;GPRC2A;HHC;HHC1;NSHPT,G PROTEIN COUPLED RECEPTOR;DRUGGABLE GENOME;CLINICALLY ACTIONABLE;CELL SURFACE,
857,CAV1,ONCOGENE_AND_TSG,True,ENST00000341049,NM_001753.5,CAV,KINASE;TRANSPORTER,
23624,CBLC,,False,,,CBL-3;CBL-SL;RNF57,ENZYME;KINASE;CLINICALLY ACTIONABLE,
55749,CCAR1,TSG,True,ENST00000265872,NM_018237.4,CARP-1;CARP1;FLJ10590,NUCLEAR HORMONE RECEPTOR,
8030,CCDC6,,False,,,D10S170;H4;TPC;TST1,CLINICALLY ACTIONABLE;KINASE,
85417,CCNB3,ONCOGENE,True,ENST00000276014,NM_033031.2,,DRUGGABLE GENOME;KINASE,
10693,CCT6B,,False,,,Cctz2;TSA303,CLINICALLY ACTIONABLE,
930,CD19,ONCOGENE,True,ENST00000538922,NM_001770,,DRUGGABLE GENOME;CLINICALLY ACTIONABLE;DRUG RESISTANCE;EXTERNAL SIDE OF PLASMA MEMBRANE,
948,CD36,,False,,,GP3B;GP4;GPIV;SCARB3,TYROSINE KINASE;CELL SURFACE;EXTERNAL SIDE OF PLASMA MEMBRANE;DRUGGABLE GENOME;CLINICALLY ACTIONABLE;TRANSPORTER,
1000,CDH2,ONCOGENE,True,ENST00000269141,NM_001792,CD325;CDHN;NCAD,DRUGGABLE GENOME;CELL SURFACE,
1002,CDH4,ONCOGENE,True,ENST00000614565,NM_001794,,,
1028,CDKN1C,TSG,True,ENST00000440480,NM_001122630.2,BWCR;BWS;P57,KINASE;CLINICALLY ACTIONABLE,
26511,CHIC2,,False,,,BTL,CLINICALLY ACTIONABLE,
1123,CHN1,,False,,,ARHGAP2;CHN;DURS2;n-chimerin,CLINICALLY ACTIONABLE,
54921,CHTF8,TSG,True,ENST00000398235,NM_001039690,CTF8;FLJ20400,,
1147,CHUK,ONCOGENE_AND_TSG,True,ENST00000370397,NM_001278.5,IKK-alpha;IKK1;IKKA;IkBKA;NFKBIKA;TCF16,SERINE THREONINE KINASE;TRANSCRIPTION FACTOR;KINASE;DRUGGABLE GENOME;ENZYME,
1163,CKS1B,,False,,,ckshs1,CLINICALLY ACTIONABLE;KINASE,
10978,CLP1,,False,,,HEAB;hClp1,CLINICALLY ACTIONABLE;KINASE;ENZYME,
7555,CNBP,,False,,,CNBP1;DM2;RNF163;ZCCHC22;ZNF9,CLINICALLY ACTIONABLE,
4849,CNOT3,,False,,,KIAA0691;LENG2;NOT3;NOT3H,CLINICALLY ACTIONABLE,
1289,COL5A1,ONCOGENE,True,ENST00000371817,NM_000093.5,,DRUGGABLE GENOME,
1373,CPS1,,False,,,,ENZYME;CLINICALLY ACTIONABLE;DRUGGABLE GENOME,
1390,CREM,INSUFFICIENT_EVIDENCE,True,ENST00000685392,NM_183011.2,hCREM-2,TRANSCRIPTION FACTOR,
64784,CRTC3,,False,,,FLJ21868,CLINICALLY ACTIONABLE,
1435,CSF1,,False,,,M-CSF;MCSF;MGC31930,GROWTH FACTOR;DRUGGABLE GENOME;CLINICALLY ACTIONABLE,
80169,CTC1,INSUFFICIENT_EVIDENCE,True,ENST00000651323,NM_025099.6,AAF132;C17orf68;FLJ22170,ENZYME;CLINICALLY ACTIONABLE,
23399,CTDNEP1,TSG,True,ENST00000574322,NM_001143775.2,DULLARD;HSA011916;NET56,,
1586,CYP17A1,,False,,,CPT7;CYP17;P450C17;S17AH,ENZYME;DRUGGABLE GENOME;CLINICALLY ACTIONABLE,
728294,D2HGDH,ONCOGENE_AND_TSG,True,ENST00000321264,NM_152783.5,D2HGD;FLJ42195;MGC25181,ENZYME,
26528,DAZAP1,INSUFFICIENT_EVIDENCE,True,ENST00000233078,NM_018959.3,MGC19907,,
1639,DCTN1,,False,,,,,
780,DDR1,,False,,,CAK;CD167;EDDR1;NEP;NTRK4;PTK3A;RTK6,DRUGGABLE GENOME;KINASE;TYROSINE KINASE;CLINICALLY ACTIONABLE,
54514,DDX4,ONCOGENE,True,ENST00000505374,NM_024415.2,VASA,,
51428,DDX41,TSG,True,ENST00000330503,NM_016222.4,ABS;MGC8828,ENZYME,
1665,DHX15,ONCOGENE_AND_TSG,True,ENST00000336812,NM_001358.3,DBP1;DDX15;PRP43;PRPF43;PrPp43p,,
129563,DIS3L2,ONCOGENE_AND_TSG,True,ENST00000325385,NM_152383.5,FAM6A;FLJ36974;MGC42174,CLINICALLY ACTIONABLE,
22943,DKK1,INSUFFICIENT_EVIDENCE,True,ENST00000373970,NM_012242.2,DKK-1;SK,DRUGGABLE GENOME;GROWTH FACTOR;DRUG RESISTANCE,
27123,DKK2,INSUFFICIENT_EVIDENCE,True,ENST00000285311,NM_014421.2,,DRUGGABLE GENOME,
27122,DKK3,INSUFFICIENT_EVIDENCE,True,ENST00000326932,NM_001018057.1,REIC,DRUGGABLE GENOME,
27121,DKK4,INSUFFICIENT_EVIDENCE,True,ENST00000220812,NM_014420.2,,DRUGGABLE GENOME,
10683,DLL3,ONCOGENE,True,ENST00000205143,,SCDO1,,
1806,DPYD,INSUFFICIENT_EVIDENCE,True,ENST00000370192,NM_000110,DHPDHase;DPD,DRUGGABLE GENOME;CLINICALLY ACTIONABLE;ENZYME,
1844,DUSP2,,False,,,PAC-1,PROTEIN PHOSPHATASE;CLINICALLY ACTIONABLE;KINASE,
1852,DUSP9,,False,,,MKP-4;MKP4,CLINICALLY ACTIONABLE;PROTEIN PHOSPHATASE;KINASE,
51295,ECSIT,ONCOGENE,True,ENST00000270517,NM_016581,SITPEC,SERINE THREONINE KINASE,
1959,EGR2,TSG,True,ENST00000242480,NM_000399.5,KROX20,TRANSCRIPTION FACTOR,
1967,EIF2B1,TSG,True,ENST00000424014,NM_001414,EIF-2B;EIF-2Balpha;EIF2B;EIF2BA,,
22936,ELL2,ONCOGENE_AND_TSG,True,ENST00000237853,NM_012081.6,MRCCAT1,,
55250,ELP2,,False,,,FLJ10879;STATIP1;StIP,CLINICALLY ACTIONABLE,
2067,ERCC1,TSG,True,ENST00000300853,NM_001983,RAD10,CLINICALLY ACTIONABLE;DNA REPAIR,
2074,ERCC6,ONCOGENE,True,ENST00000355832,NM_000124.4,ARMD5;CKN2;RAD26,CLINICALLY ACTIONABLE,
114799,ESCO1,ONCOGENE,True,ENST00000269214,NM_052911.3,EFO1;KIAA1911,,
118460,EXOSC6,,False,,,EAP4;MTR3;Mtr3p;hMtr3p;p11,CLINICALLY ACTIONABLE,
2132,EXT2,,False,,,SOTV,CLINICALLY ACTIONABLE;ENZYME,
11124,FAF1,,False,,,CGI-03;HFAF1s;UBXD12;UBXN3A;hFAF1,CLINICALLY ACTIONABLE,
2187,FANCB,INSUFFICIENT_EVIDENCE,True,ENST00000650831,NM_001018113.3,FAAP95;FAB;FLJ34064,CLINICALLY ACTIONABLE,
55215,FANCI,INSUFFICIENT_EVIDENCE,True,ENST00000310775,NM_001113378.2,FLJ10719;KIAA1794,CLINICALLY ACTIONABLE,
57697,FANCM,TSG,True,ENST00000267430,NM_020937,FAAP250;KIAA1596,CLINICALLY ACTIONABLE,
79633,FAT4,,False,,,CDHF14;CDHR11;FAT-J,DRUGGABLE GENOME,
79791,FBXO31,,False,,,,CLINICALLY ACTIONABLE,
26190,FBXW2,INSUFFICIENT_EVIDENCE,True,ENST00000608872,NM_012164,FBW2;Fwd2;Md6,ENZYME,
2246,FGF1,ONCOGENE,True,ENST00000337706,NM_000800,AFGF;ECGF;ECGF-beta;ECGFA;ECGFB;FGF-alpha;FGFA;GLIO703;HBGF1,CLINICALLY ACTIONABLE;GROWTH FACTOR;DRUGGABLE GENOME,
2257,FGF12,,False,,,FGF12B;FHF1,DRUGGABLE GENOME;GROWTH FACTOR;CLINICALLY ACTIONABLE,
2247,FGF2,ONCOGENE,True,ENST00000644866,NM_001361665.2,FGFB,CLINICALLY ACTIONABLE;DRUGGABLE GENOME;DRUG RESISTANCE;GROWTH FACTOR;TUMOR SUPPRESSOR,
2250,FGF5,ONCOGENE,True,ENST00000312465,NM_004464,,DRUGGABLE GENOME;CLINICALLY ACTIONABLE;GROWTH FACTOR,
2252,FGF7,ONCOGENE,True,ENST00000267843,NM_002009,KGF,DRUGGABLE GENOME;CLINICALLY ACTIONABLE;GROWTH FACTOR,
2253,FGF8,ONCOGENE,True,ENST00000344255,NM_033164,AIGF,CLINICALLY ACTIONABLE;EXTERNAL SIDE OF PLASMA MEMBRANE;GROWTH FACTOR;DRUGGABLE GENOME,
2254,FGF9,ONCOGENE,True,ENST00000382353,NM_002010,,CLINICALLY ACTIONABLE;GROWTH FACTOR;DRUGGABLE GENOME,
81608,FIP1L1,,False,,,DKFZp586K0717;FIP1,CLINICALLY ACTIONABLE;KINASE,
84256,FLYWCH1,,False,,,DKFZp761A132,CLINICALLY ACTIONABLE;TRANSCRIPTION FACTOR COMPLEX,
23048,FNBP1,,False,,,FBP17;KIAA0554,CLINICALLY ACTIONABLE,
2346,FOLH1,ONCOGENE,True,ENST00000256999,NM_004476,FOLH;GCPII;NAALAD1;NAALAdase;PSM;PSMA,DRUGGABLE GENOME;PROTEASE;ENZYME;CELL SURFACE,
2348,FOLR1,ONCOGENE,True,ENST00000312293,NM_000802,FOLR;FRα,TRANSPORTER;CELL SURFACE;EXTERNAL SIDE OF PLASMA MEMBRANE;DRUGGABLE GENOME,
121643,FOXN4,ONCOGENE,True,ENST00000299162,NM_213596,,TRANSCRIPTION FACTOR,
11167,FSTL1,ONCOGENE,True,ENST00000295633,NM_007085,FRP;FSL1;OCC-1;OCC1;tsc36,DRUGGABLE GENOME,
51343,FZR1,ONCOGENE_AND_TSG,True,ENST00000395095,NM_001136198,CDC20C;FZR;FZR2;HCDH;HCDH1;KIAA1242,DNA REPAIR,
4616,GADD45B,,False,,,DKFZP566B133;GADD45BETA;MYD118,CLINICALLY ACTIONABLE;TUMOR SUPPRESSOR;KINASE,
348654,GEN1,INSUFFICIENT_EVIDENCE,True,ENST00000381254,NM_001130009.3,FLJ40869;Gen,CLINICALLY ACTIONABLE,
8833,GMPS,,False,,,GATD7,CLINICALLY ACTIONABLE;ENZYME,
9950,GOLGA5,,False,,,GOLIM5;golgin-84;ret-II;rfg5,CLINICALLY ACTIONABLE,
57120,GOPC,,False,,,CAL;GOPC1;PIST;dJ94G16.2,CLINICALLY ACTIONABLE,
2886,GRB7,ONCOGENE,True,ENST00000309156,NM_001030002,,KINASE,
9446,GSTO1,ONCOGENE,True,ENST00000369713,NM_004832.3,GSTTLp28,DRUGGABLE GENOME,
2950,GSTP1,TSG,True,ENST00000398606,NM_000852.4,FAEES3;GST3;GSTP,ENZYME;DRUGGABLE GENOME;CLINICALLY ACTIONABLE,
51512,GTSE1,,False,,,B99;GTSE-1,CLINICALLY ACTIONABLE,
333932,H3C15,NEITHER,True,ENST00000403683,NM_001005464.2,H3/n;H3/o;HIST2H3A,,
440926,H3P6,NEITHER,True,ENST00000369387,,H3F3AP4,,
8361,H4C6,INSUFFICIENT_EVIDENCE,True,ENST00000244537,NM_003540,H4/c;H4FC;HIST1H4F,,
3066,HDAC2,ONCOGENE,True,ENST00000519065,NM_001527.3,KDAC2;YAF1,DRUGGABLE GENOME;CLINICALLY ACTIONABLE;TRANSCRIPTION FACTOR,
3077,HFE,ONCOGENE,True,ENST00000357618,NM_000410,HFE1,DRUGGABLE GENOME;EXTERNAL SIDE OF PLASMA MEMBRANE,
6928,HNF1B,INSUFFICIENT_EVIDENCE,True,ENST00000617811,NM_000458,HNF1beta;LFB3;MODY5;TCF2;VHNF1,CLINICALLY ACTIONABLE;TRANSCRIPTION FACTOR;TRANSCRIPTION FACTOR COMPLEX,
3181,HNRNPA2B1,,False,,,HNRPA2B1,CLINICALLY ACTIONABLE,
84376,HOOK3,,False,,,,CLINICALLY ACTIONABLE,
3200,HOXA3,,False,,,HOX1E,CLINICALLY ACTIONABLE;TRANSCRIPTION FACTOR,
3294,HSD17B2,TSG,True,ENST00000199936,NM_002153,HSD17;SDR9C2,DRUGGABLE GENOME,
10553,HTATIP2,TSG,True,ENST00000421577,NM_001098521,CC3;FLJ26963;SDR44U1;TIP30,SERINE THREONINE KINASE,
3397,ID1,ONCOGENE,True,ENST00000376112,NM_002165,bHLHb24;dJ857M17.1.2,TRANSCRIPTION FACTOR,
3454,IFNAR1,INSUFFICIENT_EVIDENCE,True,ENST00000270139,NM_000629,IFNAR;IFRC,DRUGGABLE GENOME;CLINICALLY ACTIONABLE;KINASE,
3551,IKBKB,,False,,,IKK-beta;IKK2;IKKB;NFKBIKB,DRUGGABLE GENOME;SERINE THREONINE KINASE;KINASE;TRANSCRIPTION FACTOR,
22807,IKZF2,,False,,,Helios;ZNFN1A2,CLINICALLY ACTIONABLE;TRANSCRIPTION FACTOR,
3558,IL2,,False,,,IL-2;TCGF,CLINICALLY ACTIONABLE;DRUGGABLE GENOME;GROWTH FACTOR,
3559,IL2RA,NEITHER,True,ENST00000379959,NM_000417.3,IDDM10;IL2R,DRUGGABLE GENOME;CLINICALLY ACTIONABLE;EXTERNAL SIDE OF PLASMA MEMBRANE,
3621,ING1,TSG,True,ENST00000375774,NM_005537,p24ING1c;p33;p33ING1;p33ING1b;p47;p47ING1a,CLINICALLY ACTIONABLE,
3635,INPP5D,,False,,,SHIP;SHIP1;hp51CN,CLINICALLY ACTIONABLE;KINASE,
26512,INTS6,TSG,True,ENST00000311234,NM_012141,DBI-1;DDX26;DDX26A;DICE1;HDB;Notchl2,,
8826,IQGAP1,ONCOGENE,True,ENST00000268182,NM_003870,HUMORFA01;KIAA0051;p195,,
8471,IRS4,,False,,,IRS-4;PY160,KINASE,
3707,ITPKB,ONCOGENE,True,ENST00000272117,NM_002221,IP3-3KB;IP3KB,CLINICALLY ACTIONABLE;KINASE,
23522,KAT6B,,False,,,MOZ2;MYST4;Morf;ZC2HC6B;qkf;querkopf,ENZYME;CLINICALLY ACTIONABLE,
11143,KAT7,ONCOGENE,True,ENST00000259021,NM_007067,HBO1;HBOA;MYST2;ZC2HC7,DNA REPAIR;TUMOR SUPPRESSOR,
3762,KCNJ5,,False,,,GIRK4;KATP1;Kir3.4;LQT13,DRUGGABLE GENOME;TRANSPORTER;ION CHANNEL;CLINICALLY ACTIONABLE,
84678,KDM2B,,False,,,CXXC2;FBXL10;Fbl10;JHDM1B;PCCX2,CLINICALLY ACTIONABLE,
23081,KDM4C,,False,,,GASC1;JMJD2C;KIAA0780;TDRD14C,CLINICALLY ACTIONABLE;DRUGGABLE GENOME,
8284,KDM5D,ONCOGENE_AND_TSG,True,ENST00000317961,NM_004653,HY;HYA;JARID1D;KIAA0234;SMCY,,
57670,KIAA1549,ONCOGENE,True,ENST00000422774,NM_001164665.2,,CLINICALLY ACTIONABLE,
10365,KLF2,TSG,True,ENST00000248071,NM_016270.2,LKLF,TRANSCRIPTION FACTOR,
51274,KLF3,TSG,True,ENST00000261438,NM_016531.5,BKLF,,
1316,KLF6,,False,,,BCD1;COPEB;CPBP;GBF;PAC1;ST12;Zf9,TRANSCRIPTION FACTOR,
3817,KLK2,,False,,,,PROTEASE;DRUGGABLE GENOME;CLINICALLY ACTIONABLE,
57082,KNL1,,False,,,AF15Q14;CASC5;CT29;D40;KIAA1570;MCPH4;PPP1R55;Spc7;hKNL-1;hSpc105,CLINICALLY ACTIONABLE;KINASE,
3895,KTN1,,False,,,KIAA0004;KNT,CLINICALLY ACTIONABLE,
54596,L1TD1,INSUFFICIENT_EVIDENCE,True,ENST00000498273,NM_019079.5,ECAT11;FLJ10884,,
23185,LARP4B,INSUFFICIENT_EVIDENCE,True,ENST00000316157,NM_015155.2,KIAA0217;LARP5,,
3936,LCP1,,False,,,CP64;L-PLASTIN;LC64P;PLS2,CLINICALLY ACTIONABLE,
8549,LGR5,ONCOGENE,True,ENST00000266674,NM_003667,FEX;GPR49;GPR67;HG38,G PROTEIN COUPLED RECEPTOR;DRUG RESISTANCE;CLINICALLY ACTIONABLE;DRUGGABLE GENOME,
3977,LIFR,,False,,,CD118,EXTERNAL SIDE OF PLASMA MEMBRANE;CLINICALLY ACTIONABLE;DRUGGABLE GENOME,
121227,LRIG3,,False,,,FLJ90440;KIAA3016,DRUGGABLE GENOME;CLINICALLY ACTIONABLE,
4041,LRP5,ONCOGENE_AND_TSG,True,ENST00000294304,NM_001291902.1,BMND1;EVR1;EVR4;LR3;LRP7;OPPG;OPS;OPTA1;VBCH2,,
4040,LRP6,ONCOGENE,True,ENST00000261349,NM_002336.2,ADCAD2,CELL SURFACE,
120892,LRRK2,,False,,,DKFZp434H2111;FLJ45829;PARK8;RIPK7;ROCO2,CLINICALLY ACTIONABLE;DRUGGABLE GENOME;ENZYME;SERINE THREONINE KINASE;KINASE,
11178,LZTS1,TSG,True,ENST00000381569,NM_021020.5,,,
9500,MAGED1,,False,,,DLXIN-1;NRAGE,CLINICALLY ACTIONABLE;ENZYME,
9863,MAGI2,TSG,True,ENST00000354212,NM_012301.4,ACVRIP1;MAGI-2,KINASE;TRANSPORTER,
114569,MAL2,TSG,True,ENST00000614891,,,,
84451,MAP3K21,ONCOGENE,True,ENST00000366624,NM_032435,KIAA1804;MLK4,KINASE,
9064,MAP3K6,,False,,,ASK2;MAPKKK6;MEKK6,SERINE THREONINE KINASE;KINASE;CLINICALLY ACTIONABLE;DRUGGABLE GENOME,
9448,MAP4K4,ONCOGENE,True,ENST00000347699,NM_001242559,FLH21957;HGK;NIK,SERINE THREONINE KINASE;KINASE;DRUGGABLE GENOME,
84930,MASTL,ONCOGENE,True,ENST00000375940,NM_001172303.3,FLJ14813;Gwl,KINASE;SERINE THREONINE KINASE;TUMOR SUPPRESSOR;ENZYME;DRUGGABLE GENOME,
8930,MBD4,TSG,True,ENST00000249910,NM_003925,,DNA REPAIR,
114785,MBD6,TSG,True,ENST00000355673,NM_052897.3,KIAA1887,,
4191,MDH2,INSUFFICIENT_EVIDENCE,True,ENST00000315758,NM_005918.4,,,
259283,MDS2,,False,,,,CLINICALLY ACTIONABLE,
4209,MEF2D,ONCOGENE,True,ENST00000348159,NM_005920.3,,TRANSCRIPTION FACTOR,
57534,MIB1,,False,,,DIP-1;KIAA1323;MIB;ZZANK2;ZZZ6,CLINICALLY ACTIONABLE;ENZYME;KINASE,
91748,MIDEAS,TSG,True,ENST00000286523,NM_001043318.2,C14orf117;C14orf43;ELMSAN1;LSR68,TRANSCRIPTION FACTOR COMPLEX,
8569,MKNK1,,False,,,MNK1,CLINICALLY ACTIONABLE;DRUGGABLE GENOME;SERINE THREONINE KINASE;KINASE,
27030,MLH3,TSG,True,ENST00000355774,NM_001040108,,CLINICALLY ACTIONABLE,
10962,MLLT11,,False,,,AF1Q,CLINICALLY ACTIONABLE;TRANSCRIPTION FACTOR,
3110,MNX1,,False,,,HB9;HLXB9;HOXHB9;SCRA1,CLINICALLY ACTIONABLE;TRANSCRIPTION FACTOR,
931,MS4A1,INSUFFICIENT_EVIDENCE,True,ENST00000345732,NM_021950,B1;Bp35;CD20;FMC7,CLINICALLY ACTIONABLE;DRUGGABLE GENOME;DRUG RESISTANCE;CELL SURFACE;EXTERNAL SIDE OF PLASMA MEMBRANE,
4515,MTCP1,,False,,,P13MTCP1;TCL1C;p8MTCP1,CLINICALLY ACTIONABLE,
10797,MTHFD2,ONCOGENE,True,ENST00000394053,NM_006636,,ENZYME,
4524,MTHFR,INSUFFICIENT_EVIDENCE,True,ENST00000376590,NM_005957.5,,ENZYME;CLINICALLY ACTIONABLE,
4603,MYBL1,ONCOGENE,True,ENST00000522677,NM_001080416,A-myb;AMYB,TRANSCRIPTION FACTOR;CLINICALLY ACTIONABLE,
399687,MYO18A,,False,,,KIAA0216;MysPDZ,CELL SURFACE;CLINICALLY ACTIONABLE,
4666,NACA,,False,,,NACA1,CLINICALLY ACTIONABLE;TRANSCRIPTION FACTOR,
606,NBEAP1,,False,,,BCL8;BCL8A,CLINICALLY ACTIONABLE,
8648,NCOA1,,False,,,F-SRC-1;KAT13A;NCoA-1;RIP160;bHLHe74,CLINICALLY ACTIONABLE;TRANSCRIPTION FACTOR COMPLEX;ENZYME;TRANSCRIPTION FACTOR;NUCLEAR HORMONE RECEPTOR,
4781,NFIB,,False,,,NFI-RED;NFIB2;NFIB3,CLINICALLY ACTIONABLE,
9368,NHERF1,ONCOGENE_AND_TSG,True,ENST00000262613,NM_004252,EBP50;NHERF;SLC9A3R1,EXTERNAL SIDE OF PLASMA MEMBRANE,
10392,NOD1,,False,,,CARD4;CLR7.1;NLRC1,CLINICALLY ACTIONABLE;DRUGGABLE GENOME,
4841,NONO,,False,,,NMT55;NRB54;P54;P54NRB;PPP1R114,CLINICALLY ACTIONABLE;DNA REPAIR;TRANSCRIPTION FACTOR,
1728,NQO1,ONCOGENE,True,ENST00000320623,NM_000903,DHQU;DIA4;NMOR1;QR1,CLINICALLY ACTIONABLE;DRUGGABLE GENOME;ENZYME,
4907,NT5E,ONCOGENE,True,ENST00000257770,NM_002526.4,CALJA;CD73;NT5;eN;eNT,CELL SURFACE;EXTERNAL SIDE OF PLASMA MEMBRANE;DRUGGABLE GENOME;ENZYME,
728118,NUTM2A,,False,,,FAM22A,CLINICALLY ACTIONABLE,
729262,NUTM2B,,False,,,FAM22B;bA119F19.1,CLINICALLY ACTIONABLE,
728130,NUTM2D,,False,,,FAM22D,,
10724,OGA,ONCOGENE,True,ENST00000361464,NM_012215.5,MEA5;MGEA5;NCOAT,,
8473,OGT,ONCOGENE,True,ENST00000373719,NM_181672.3,FLJ23071;HRNT1;MGC22921;O-GLCNAC;OGT1,ENZYME,
10215,OLIG2,,False,,,BHLHB1;OLIGO2;PRKCBP2;RACK17;bHLHe19,CLINICALLY ACTIONABLE;TRANSCRIPTION FACTOR,
4958,OMD,,False,,,SLRR2C;osteoadherin,CLINICALLY ACTIONABLE;DRUGGABLE GENOME,
9480,ONECUT2,ONCOGENE,True,ENST00000491143,NM_004852,OC-2,TRANSCRIPTION FACTOR,
55824,PAG1,,False,,,PAG,CLINICALLY ACTIONABLE;KINASE,
10038,PARP2,,False,,,ADPRTL2;ARTD2,CLINICALLY ACTIONABLE;DRUGGABLE GENOME;DNA REPAIR,
10039,PARP3,,False,,,ADPRT3;ADPRTL3;ARTD3;IRT1;hPARP-3;pADPRT-3,DRUGGABLE GENOME;CLINICALLY ACTIONABLE;ENZYME,
23178,PASK,,False,,,KIAA0135;PASKIN;STK37,DRUGGABLE GENOME;KINASE;SERINE THREONINE KINASE;CLINICALLY ACTIONABLE,
23598,PATZ1,,False,,,MAZR;PATZ;RIAZ;ZBTB19;ZNF278;ZSG;dJ400N23,CLINICALLY ACTIONABLE;TRANSCRIPTION FACTOR,
5091,PC,,False,,,PCB,CLINICALLY ACTIONABLE;ENZYME,
27445,PCLO,,False,,,ACZ;DKFZp779G1236;KIAA0559,CLINICALLY ACTIONABLE,
9159,PCSK7,,False,,,LPC;PC7;PC8;SPC7,PROTEASE;CLINICALLY ACTIONABLE;DRUGGABLE GENOME,
22984,PDCD11,,False,,,ALG-4;KIAA0185;NFBP;RRP5,CLINICALLY ACTIONABLE,
5252,PHF1,,False,,,MTF2L2;PCL1;TDRD19C,CLINICALLY ACTIONABLE,
26147,PHF19,ONCOGENE,True,ENST00000373896,NM_015651,DKFZP727G051;MTF2L1;PCL3;TDRD19B,,
23239,PHLPP1,TSG,True,ENST00000262719,NM_194449,KIAA0606;PHLPP;PLEKHE1;PPM3A;SCOP,TRANSCRIPTION FACTOR;KINASE;SERINE THREONINE KINASE,
23035,PHLPP2,TSG,True,ENST00000568954,NM_015020,KIAA0931;PHLPPL;PPM3B,TRANSCRIPTION FACTOR;KINASE,
5428,POLG,INSUFFICIENT_EVIDENCE,True,ENST00000268124,NM_001126131,POLG1;POLGA,ENZYME,
5429,POLH,TSG,True,ENST00000372236,NM_006502.3,RAD30A;XP-V,ENZYME;CLINICALLY ACTIONABLE;DNA REPAIR,
10721,POLQ,,False,,,,ENZYME;RNA DIRECTED DNA POLYMERASE;DNA REPAIR,
5452,POU2F2,ONCOGENE,True,ENST00000526816,NM_001207025,OTF2,TRANSCRIPTION FACTOR;CLINICALLY ACTIONABLE,
5454,POU3F2,ONCOGENE,True,ENST00000328345,NM_005604,BRN2;OCT7;OTF7;POUF3,TRANSCRIPTION FACTOR COMPLEX;TRANSCRIPTION FACTOR,
5456,POU3F4,ONCOGENE,True,ENST00000644024,NM_000307,BRN4;DFN3;DFNX2;OTF9,TRANSCRIPTION FACTOR,
5460,POU5F1,,False,,,MGC22487;OTF3;Oct4,CLINICALLY ACTIONABLE;TRANSCRIPTION FACTOR,
8496,PPFIBP1,,False,,,SGT2;hSGT2;hSgt2p,KINASE,
5500,PPP1CB,,False,,,MP;PP-1B;PP1B;PP1beta;PP1c;PPP1beta,CLINICALLY ACTIONABLE;ENZYME,
5551,PRF1,,False,,,HPLH2;PFP,DRUGGABLE GENOME;TRANSPORTER;CLINICALLY ACTIONABLE,
5579,PRKCB,ONCOGENE,True,ENST00000643927,NM_002738.7,PKCB;PKCβ;PRKCB1;PRKCB2,SERINE THREONINE KINASE;CLINICALLY ACTIONABLE;KINASE;TRANSPORTER;DRUGGABLE GENOME,
10419,PRMT5,ONCOGENE,True,ENST00000324366,NM_006109.5,HRMT1L5;SKB1;SKB1Hs,ENZYME,
10594,PRPF8,TSG,True,ENST00000304992,NM_006445,PRPC8;Prp8;RP13;SNRNP220;hPrp8,PROTEASE,
5644,PRSS1,INSUFFICIENT_EVIDENCE,True,ENST00000311737,NM_002769.4,TRY1,PROTEASE;CLINICALLY ACTIONABLE;DRUGGABLE GENOME;ENZYME,
5652,PRSS8,,False,,,,PROTEASE;ENZYME;DRUGGABLE GENOME;CLINICALLY ACTIONABLE,
5690,PSMB2,ONCOGENE,True,ENST00000373237,NM_002794,HC7-I,DRUGGABLE GENOME;PROTEASE,
5753,PTK6,,False,,,BRK,TYROSINE KINASE;KINASE;DRUGGABLE GENOME;TRANSCRIPTION FACTOR,
5784,PTPN14,TSG,True,ENST00000366956,NM_005401,PEZ,PROTEIN PHOSPHATASE;ENZYME,
5777,PTPN6,,False,,,HCPH;PTP-1C;SHP-1;SHP1,PROTEIN PHOSPHATASE;CLINICALLY ACTIONABLE,
5787,PTPRB,,False,,,PTPB,PROTEIN PHOSPHATASE;DRUGGABLE GENOME,
5788,PTPRC,,False,,,CD45;T200,PROTEIN PHOSPHATASE;CLINICALLY ACTIONABLE;CELL SURFACE;EXTERNAL SIDE OF PLASMA MEMBRANE;TUMOR SUPPRESSOR;KINASE;DRUGGABLE GENOME,
5796,PTPRK,,False,,,R-PTP-kappa,PROTEIN PHOSPHATASE;CELL SURFACE,
9698,PUM1,INSUFFICIENT_EVIDENCE,True,ENST00000257075,NM_014676,KIAA0099;PUMH1,TUMOR SUPPRESSOR;TRANSCRIPTION FACTOR,
5884,RAD17,TSG,True,ENST00000380774,NM_133339,CCYC;RAD17Sp;Rad24,KINASE;DNA REPAIR,
5900,RALGDS,,False,,,RGDS;RGF;RalGEF,CLINICALLY ACTIONABLE,
221002,RASGEF1A,,False,,,CG4853;FLJ37817,CLINICALLY ACTIONABLE,
5970,RELA,ONCOGENE,True,ENST00000406246,NM_021975.4,NFKB3;p65,TRANSCRIPTION FACTOR;KINASE;CLINICALLY ACTIONABLE;TRANSCRIPTION FACTOR COMPLEX;DRUGGABLE GENOME,
5980,REV3L,ONCOGENE,True,ENST00000358835,NM_002912,POLZ;REV3,DRUGGABLE GENOME,
55781,RIOK2,ONCOGENE,True,ENST00000283109,NM_018343.3,FLJ11159,SERINE THREONINE KINASE;KINASE;DRUGGABLE GENOME,
116028,RMI2,,False,,,BLAP18;C16orf75;MGC24665,CLINICALLY ACTIONABLE;DNA REPAIR,
10535,RNASEH2A,ONCOGENE,True,ENST00000221486,NM_006397,RNASEHI;RNHIA;RNHL,ENZYME,
79621,RNASEH2B,TSG,True,ENST00000336617,NM_024570,AGS2;DLEU8;FLJ11712,,
7955,RNF217-AS1,,False,,,STL,,
6134,RPL10,,False,,,DXS648;DXS648E;FLJ23544;L10;QM,CLINICALLY ACTIONABLE,
6209,RPS15,ONCOGENE,True,ENST00000592588,NM_001018,MGC111130;S15,CLINICALLY ACTIONABLE,
6198,RPS6KB1,ONCOGENE,True,ENST00000225577,NM_003161.4,PS6K;S6K;S6K1;STK14A;p70(S6K)-alpha,SERINE THREONINE KINASE;KINASE;CELL SURFACE;ENZYME;DRUGGABLE GENOME;CLINICALLY ACTIONABLE,
860,RUNX2,,False,,,AML3;CBFA1;CCD;CCD1;PEBP2A1;PEBP2aA1,CLINICALLY ACTIONABLE;TRANSCRIPTION FACTOR COMPLEX;TRANSCRIPTION FACTOR,
9294,S1PR2,,False,,,AGR16;DFNB68;EDG5;Gpcr13;H218,CLINICALLY ACTIONABLE;DRUGGABLE GENOME;G PROTEIN COUPLED RECEPTOR,
57167,SALL4,,False,,,ZNF797;dJ1112F19.1,TRANSCRIPTION FACTOR,
54809,SAMD9,INSUFFICIENT_EVIDENCE,True,ENST00000379958,NM_017654.4,C7orf5;FLJ20073;KIAA2004,,
219285,SAMD9L,INSUFFICIENT_EVIDENCE,True,ENST00000318238,NM_152703.5,C7orf6;FLJ39885;KIAA2005,,
51119,SBDS,,False,,,CGI-97;FLJ10917;SDO1;SWDS,CLINICALLY ACTIONABLE,
22872,SEC31A,,False,,,ABP125;ABP130;KIAA0905;SEC31L1,CLINICALLY ACTIONABLE;TRANSPORTER,
5413,SEPTIN5,,False,,,HCDCREL-1;PNUTL1;SEPT5,,
23157,SEPTIN6,,False,,,KIAA0128;MGC16619;MGC20339;SEPT6,,
10801,SEPTIN9,,False,,,AF17q25;KIAA0991;MSF;MSF1;PNUTL4;SEPT9;SeptD1,,
387923,SERP2,,False,,,C13orf21;bA269C23.1,CLINICALLY ACTIONABLE,
10992,SF3B2,ONCOGENE,True,ENST00000322535,NM_006842,Cus1;SAP145;SF3b1;SF3b145,,
6421,SFPQ,,False,,,PPP1R140,CLINICALLY ACTIONABLE,
6422,SFRP1,TSG,True,ENST00000220772,NM_003012.4,FRP-1;SARP2,DRUGGABLE GENOME;CELL SURFACE,
6423,SFRP2,ONCOGENE_AND_TSG,True,ENST00000274063,NM_003013.2,FRP-2;SARP1;SDF-5,DRUGGABLE GENOME,
6424,SFRP4,,False,,,FRP-4;FRPHE;FRZB-2;frpHE,DRUGGABLE GENOME;CELL SURFACE,
6495,SIX1,,False,,,DFNA23,TRANSCRIPTION FACTOR;TRANSCRIPTION FACTOR COMPLEX,
6506,SLC1A2,,False,,,EAAT2;GLT-1,TRANSPORTER;CLINICALLY ACTIONABLE;CELL SURFACE;DRUGGABLE GENOME,
85414,SLC45A3,,False,,,IPCA-2;IPCA-6;IPCA-8;PCANAP2;PCANAP6;PCANAP8;prostein,CLINICALLY ACTIONABLE,
9353,SLIT2,INSUFFICIENT_EVIDENCE,True,ENST00000504154,NM_004787,SLIL3;Slit-2,DRUGGABLE GENOME;CLINICALLY ACTIONABLE,
6586,SLIT3,TSG,True,ENST00000519560,NM_003062,MEGF5;SLIL2;Slit-3;slit2,DRUGGABLE GENOME,
9627,SNCAIP,,False,,,SYPH1,CLINICALLY ACTIONABLE,
27044,SND1,,False,,,TDRD11;p100,TRANSCRIPTION FACTOR,
92017,SNX29,,False,,,FLJ12363;RUNDC2A,CLINICALLY ACTIONABLE,
8835,SOCS2,,False,,,CIS2;Cish2;SOCS-2;SSI-2;SSI2;STATI2,CLINICALLY ACTIONABLE;KINASE,
8878,SQSTM1,ONCOGENE,True,ENST00000389805,NM_003900,A170;OSIL;PDB3;p62B,,
6731,SRP72,ONCOGENE,True,ENST00000642900,NM_006947,,TRANSPORTER,
26039,SS18L1,,False,,,CREST;KIAA0693,CLINICALLY ACTIONABLE,
6772,STAT1,INSUFFICIENT_EVIDENCE,True,ENST00000361099,NM_007315.3,ISGF-3;STAT91,DRUG RESISTANCE;TRANSCRIPTION FACTOR;KINASE;DRUGGABLE GENOME,
6773,STAT2,INSUFFICIENT_EVIDENCE,True,ENST00000314128,NM_005419.3,STAT113,TRANSCRIPTION FACTOR;KINASE,
6491,STIL,,False,,,MCPH7;SIL,CLINICALLY ACTIONABLE;KINASE,
6801,STRN,,False,,,PPP2R6A;STRN1,,
23334,SZT2,INSUFFICIENT_EVIDENCE,True,ENST00000562955,NM_015284,C1orf84;FLJ10387;FLJ34502;KIAA0467;KICS1;RP11-506B15.1;SZT2A;SZT2B,,
4070,TACSTD2,ONCOGENE,True,ENST00000371225,NM_002353.3,EGP-1;GA733-1;M1S1;TROP2,,
6917,TCEA1,,False,,,GTF2S;SII;TCEA;TF2S;TFIIS,CLINICALLY ACTIONABLE,
6938,TCF12,,False,,,HEB;HTF4;HsT17266;bHLHb20;p64,CLINICALLY ACTIONABLE;TRANSCRIPTION FACTOR COMPLEX;TRANSCRIPTION FACTOR,
9623,TCL1B,ONCOGENE,True,ENST00000340722,NM_004918.3,TML1,,
7006,TEC,,False,,,PSCTK4,KINASE;DRUGGABLE GENOME;TYROSINE KINASE;CLINICALLY ACTIONABLE,
7012,TERC,,False,,,SCARNA19;TRC3;hTR,,
7942,TFEB,,False,,,TCFEB;bHLHe35,CLINICALLY ACTIONABLE;TRANSCRIPTION FACTOR,
29844,TFPT,,False,,,FB1;INO80F;amida,CLINICALLY ACTIONABLE;DNA REPAIR;TUMOR SUPPRESSOR,
7037,TFRC,,False,,,CD71;TFR1;p90,CLINICALLY ACTIONABLE;CELL SURFACE;EXTERNAL SIDE OF PLASMA MEMBRANE;PROTEASE;DRUGGABLE GENOME;ENZYME;TRANSPORTER,
57103,TIGAR,ONCOGENE,True,ENST00000179259,NM_020375,C12orf5,ENZYME,
25976,TIPARP,,False,,,ARTD14;DDF1;DKFZP434J214;DKFZp686N0351;PARP-1;PARP-7;PARP7;RM1;pART14,CLINICALLY ACTIONABLE,
7088,TLE1,INSUFFICIENT_EVIDENCE,True,ENST00000376499,NM_001303103.1,ESG1;GRG1,TRANSCRIPTION FACTOR;TRANSCRIPTION FACTOR COMPLEX,
7089,TLE2,INSUFFICIENT_EVIDENCE,True,ENST00000262953,NM_003260.4,ESG;ESG2;FLJ41188;GRG2,TRANSCRIPTION FACTOR;TRANSCRIPTION FACTOR COMPLEX,
7090,TLE3,INSUFFICIENT_EVIDENCE,True,ENST00000558939,NM_005078.3,ESG3;GRG3;HsT18976;KIAA1547,TRANSCRIPTION FACTOR;TRANSCRIPTION FACTOR COMPLEX,
7091,TLE4,INSUFFICIENT_EVIDENCE,True,ENST00000376552,NM_007005.4,E(spl);GRG4,TRANSCRIPTION FACTOR COMPLEX;TRANSCRIPTION FACTOR,
7093,TLL2,,False,,,,CLINICALLY ACTIONABLE;DRUGGABLE GENOME;PROTEASE,
55754,TMEM30A,,False,,,C6orf67;CDC50A;FLJ10856,CLINICALLY ACTIONABLE,
7117,TMSB4XP8,,False,,,TMSL3,CLINICALLY ACTIONABLE,
8792,TNFRSF11A,,False,,,CD265;FEO;LOH18CR1;PDB2;RANK,CLINICALLY ACTIONABLE;DRUGGABLE GENOME;EXTERNAL SIDE OF PLASMA MEMBRANE,
3604,TNFRSF9,NEITHER,True,ENST00000377507,NM_001561.6,4-1BB;CD137;ILA,DRUGGABLE GENOME;CLINICALLY ACTIONABLE;EXTERNAL SIDE OF PLASMA MEMBRANE,
8741,TNFSF13,ONCOGENE,True,ENST00000338784,NM_003808,APRIL;CD256,DRUGGABLE GENOME,
4796,TONSL,INSUFFICIENT_EVIDENCE,True,ENST00000409379,NM_013432,IKBR;NFKBIL2,,
7153,TOP2A,ONCOGENE,True,ENST00000423485,NM_001067,TOP2,ENZYME;CLINICALLY ACTIONABLE;DRUG RESISTANCE;DRUGGABLE GENOME,
9760,TOX,INSUFFICIENT_EVIDENCE,True,ENST00000361421,NM_014729.3,KIAA0808;TOX1,,
7172,TPMT,INSUFFICIENT_EVIDENCE,True,ENST00000309983,NM_000367.5,,DRUGGABLE GENOME;ENZYME;CLINICALLY ACTIONABLE,
7175,TPR,,False,,,,KINASE;CLINICALLY ACTIONABLE;TRANSPORTER,
57761,TRIB3,ONCOGENE,True,ENST00000217233,NM_001301188,C20orf97;dJ1103G7.3,KINASE;TRANSCRIPTION FACTOR;SERINE THREONINE KINASE;DRUGGABLE GENOME,
51592,TRIM33,,False,,,FLJ11429;KIAA1113;PTC7;RFG7;TF1G;TIF1G;TIF1GAMMA;TIFGAMMA,CLINICALLY ACTIONABLE;ENZYME,
8295,TRRAP,,False,,,PAF400;TR-AP;Tra1,CLINICALLY ACTIONABLE;KINASE;DNA REPAIR;TUMOR SUPPRESSOR;SERINE THREONINE KINASE;TRANSCRIPTION FACTOR,
150465,TTL,,False,,,MGC46235,DRUGGABLE GENOME;CLINICALLY ACTIONABLE;ENZYME,
7991,TUSC3,,False,,,MGC13453;MRT22;MRT7;MagT2;N33;OST3A;SLC58A2,CLINICALLY ACTIONABLE;TRANSPORTER,
7298,TYMS,ONCOGENE,True,ENST00000323274,NM_001071.4,HsT422;TMS;TS;Tsase,DRUGGABLE GENOME;ENZYME;CLINICALLY ACTIONABLE;DRUG RESISTANCE,
7301,TYRO3,,False,,,Brt;Dtk;Etk-2;RSE;Rek;Sky;Tif,TYROSINE KINASE;KINASE;CELL SURFACE;CLINICALLY ACTIONABLE;DRUGGABLE GENOME,
7317,UBA1,INSUFFICIENT_EVIDENCE,True,ENST00000335972,NM_003334.4,A1S9T;CFAP124;GXP1;POC20;UBE1;UBE1X,ENZYME,
7319,UBE2A,ONCOGENE,True,ENST00000371558,NM_003336,HHR6A;HR6A;RAD6A;UBC2,ENZYME;DNA REPAIR,
7343,UBTF,ONCOGENE,True,ENST00000436088,NM_014233.4,NOR-90;UBF;UBF1;UBF2,TRANSCRIPTION FACTOR,
7345,UCHL1,ONCOGENE,True,ENST00000284440,NM_004181,PARK5;PGP9.5;Uch-L1,ENZYME;DRUGGABLE GENOME;PROTEASE,
7398,USP1,ONCOGENE,True,ENST00000339950,NM_003368.5,,PROTEASE;ENZYME;DNA REPAIR,
7423,VEGFB,ONCOGENE,True,ENST00000309422,NM_003377.5,VEGFL;VRF,GROWTH FACTOR;DRUGGABLE GENOME;CLINICALLY ACTIONABLE,
7454,WAS,,False,,,IMD2;THC;WASP;WASPA,CLINICALLY ACTIONABLE,
80304,WDCP,,False,,,C2orf44;FLJ21945;MMAP,CLINICALLY ACTIONABLE,
197335,WDR90,,False,,,C16orf15;C16orf16;C16orf17;C16orf18;C16orf19;FLJ36483;KIAA1924;POC16,CLINICALLY ACTIONABLE,
7465,WEE1,TSG,True,ENST00000450114,NM_003390.4,WEE1A,SERINE THREONINE KINASE;KINASE;DRUGGABLE GENOME;TYROSINE KINASE;CLINICALLY ACTIONABLE,
51741,WWOX,TSG,True,ENST00000566780,NM_016373.4,FOR;SDR41C1;WOX1,,
11059,WWP1,ONCOGENE,True,ENST00000265428,NM_007013.3,AIP5;DKFZP434D2111,ENZYME,
7515,XRCC1,TSG,True,ENST00000262887,NM_006297,RCC,CLINICALLY ACTIONABLE,
7517,XRCC3,TSG,True,ENST00000555055,NM_005432.4,,CLINICALLY ACTIONABLE;DNA REPAIR,
51646,YPEL5,,False,,,CGI-127,CLINICALLY ACTIONABLE;TRANSCRIPTION FACTOR,
7528,YY1,ONCOGENE,True,ENST00000262238,NM_003403.4,INO80S;UCRBP;YIN-YANG-1,TUMOR SUPPRESSOR;TRANSCRIPTION FACTOR COMPLEX;TRANSCRIPTION FACTOR,
55249,YY1AP1,,False,,,HCCA2;YAP;YY1AP,CLINICALLY ACTIONABLE;TUMOR SUPPRESSOR,
26137,ZBTB20,ONCOGENE,True,ENST00000474710,NM_001164342.2,DKFZp566F123;DPZF;ODA-8S;ZNF288,TRANSCRIPTION FACTOR,
677,ZFP36L1,TSG,True,ENST00000336440,NM_001244698.1,Berg36;RNF162B;TIS11B;cMG1,TRANSCRIPTION FACTOR;KINASE,
678,ZFP36L2,TSG,True,ENST00000282388,NM_006887.4,ERF2;RNF162C;TIS11D,TRANSCRIPTION FACTOR,
7572,ZNF24,,False,,,KOX17;ZNF191;ZSCAN3;Zfp191,TRANSCRIPTION FACTOR;CLINICALLY ACTIONABLE,
23036,ZNF292,TSG,True,ENST00000369577,NM_015021.3,KIAA0530;ZFP292;Zn-15;Zn-16;bA393I2.3,TRANSCRIPTION FACTOR,
55422,ZNF331,,False,,,RITA;ZNF361;ZNF463,CLINICALLY ACTIONABLE,
79755,ZNF750,TSG,True,ENST00000269394,NM_024702.2,FLJ13841;Zfp750,CLINICALLY ACTIONABLE;TRANSCRIPTION FACTOR,
4255,MGMT,UNCATEGORIZED,False,,,MGMT,CLINICALLY ACTIONABLE;DRUGGABLE GENOME;ENZYME;DNA REPAIR,
7270,TTF1,UNCATEGORIZED,False,,,TTF-1;TTF-I;TTF1,TRANSCRIPTION FACTOR,
58,ACTA1,UNCATEGORIZED,False,,,ACTA;ASMA;CFTD;CFTD1;CFTDM;MPFD;NEM1;NEM2;NEM3;SHPM;ACTA1;CMYP2A;CMYP2B;CMYP2C;CMYO2A;CMYO2B;CMYO2C,,
86,ACTL6A,UNCATEGORIZED,False,,,ACTL6;ARPN-BETA;Arp4;BAF53A;INO80K;ACTL6A;SMARCN1,DNA REPAIR;TUMOR SUPPRESSOR;DRUG RESISTANCE,
165,AEBP1,UNCATEGORIZED,False,,,ACLP;AEBP1,DRUGGABLE GENOME;PROTEASE;KINASE,
214,ALCAM,UNCATEGORIZED,False,,,CD166;MEMD;ALCAM,DRUGGABLE GENOME;DRUG RESISTANCE;EXTERNAL SIDE OF PLASMA MEMBRANE,
374,AREG,UNCATEGORIZED,False,,,AR;AREGB;CRDGF;SDGF;AREG,DRUGGABLE GENOME;DRUG RESISTANCE;CELL SURFACE;GROWTH FACTOR,
440,ASNS,UNCATEGORIZED,False,,,ASNSD;TS11;ASNS,DRUG RESISTANCE;ENZYME;CLINICALLY ACTIONABLE,
445,ASS1,UNCATEGORIZED,False,,,ASS;CTLN1;ASS1,ENZYME;DRUG RESISTANCE,
540,ATP7B,UNCATEGORIZED,False,,,PWD;WC1;WD;WND;ATP7B,DRUGGABLE GENOME;ENZYME;TRANSPORTER;CLINICALLY ACTIONABLE,
634,CEACAM1,UNCATEGORIZED,False,,,BGP;BGP1;BGPI;CEACAM1,CELL SURFACE;DRUGGABLE GENOME;KINASE,
640,BLK,UNCATEGORIZED,False,,,MODY11;BLK,TYROSINE KINASE;KINASE;DRUGGABLE GENOME;TRANSCRIPTION FACTOR;ENZYME,
655,BMP7,UNCATEGORIZED,False,,,OP-1;BMP7,GROWTH FACTOR;DRUGGABLE GENOME;TRANSCRIPTION FACTOR,
941,CD80,UNCATEGORIZED,False,,,B7;B7-1;B7.1;BB1;CD28LG;CD28LG1;LAB7;CD80,DRUGGABLE GENOME;CELL SURFACE;EXTERNAL SIDE OF PLASMA MEMBRANE,
960,CD44,UNCATEGORIZED,False,,,CDW44;CSPG8;ECMR-III;HCELL;HUTCH-I;LHR;MC56;MDU2;MDU3;MIC4;Pgp1;CD44;ECM-III;H-CAM;HUTCH-1;Hermes-1,DRUGGABLE GENOME;DRUG RESISTANCE;CELL SURFACE,
1017,CDK2,UNCATEGORIZED,False,,,CDKN2;p33(CDK2);CDK2,DRUGGABLE GENOME;SERINE THREONINE KINASE;DNA REPAIR;TRANSCRIPTION FACTOR COMPLEX;KINASE;CLINICALLY ACTIONABLE,
1020,CDK5,UNCATEGORIZED,False,,,LIS7;PSSALRE;CDK5,KINASE;SERINE THREONINE KINASE;TUMOR SUPPRESSOR;DRUGGABLE GENOME;ENZYME,
1025,CDK9,UNCATEGORIZED,False,,,C-2k;CDC2L4;CTK1;PITALRE;TAK;CDK9,SERINE THREONINE KINASE;KINASE;DRUGGABLE GENOME;TRANSCRIPTION FACTOR;DNA REPAIR;TUMOR SUPPRESSOR;ENZYME,
1439,CSF2RB,UNCATEGORIZED,False,,,CD131;CDw131;IL3RB;IL5RB;SMDP5;CSF2RB;betaGMR,EXTERNAL SIDE OF PLASMA MEMBRANE;DRUGGABLE GENOME,
1485,CTAG1B,UNCATEGORIZED,False,,,CT6.1;CTAG;CTAG1;ESO1;LAGE-2;LAGE2B;NY-ESO-1;CTAG1B,,
1490,CCN2,UNCATEGORIZED,False,,,CCN2;HCS24;IGFBP8;NOV2;CTGF;IBP-8;KMD;SEMDLSL,,
1565,CYP2D6,UNCATEGORIZED,False,,,CPD6;CYP2D;CYP2D7AP;CYP2D7BP;CYP2D7P2;CYP2D8P2;CYP2DL1;CYPIID6;P450-DB1;P450C2D;P450DB1;CYP2D6,ENZYME;CLINICALLY ACTIONABLE;DRUGGABLE GENOME,
1622,DBI,UNCATEGORIZED,False,,,ACBD1;ACBP;CCK-RP;EP;DBI,,
1630,DCC,UNCATEGORIZED,False,,,CRC18;CRCR1;IGDCC1;MRMV1;NTN1R1;DCC;HGPPS2,CELL SURFACE;KINASE,
1647,GADD45A,UNCATEGORIZED,False,,,DDIT1;GADD45;GADD45A,KINASE;DNA REPAIR;TUMOR SUPPRESSOR,
1667,DEFA1,UNCATEGORIZED,False,,,DEF1;DEFA2;HNP-1;HP-1;HP1;MRS;DEFA1,DRUGGABLE GENOME,
1816,DRD5,UNCATEGORIZED,False,,,DBDR;DRD1B;DRD1L2;DRD5,DRUGGABLE GENOME;G PROTEIN COUPLED RECEPTOR,
1848,DUSP6,UNCATEGORIZED,False,,,HH19;MKP3;PYST1;DUSP6,PROTEIN PHOSPHATASE;ENZYME;KINASE,
1901,S1PR1,UNCATEGORIZED,False,,,CD363;CHEDG1;D1S3362;ECGF1;EDG-1;EDG1;S1P1;S1PR1,DRUGGABLE GENOME;KINASE;G PROTEIN COUPLED RECEPTOR;EXTERNAL SIDE OF PLASMA MEMBRANE,
1943,EFNA2,UNCATEGORIZED,False,,,ELF-1;EPLG6;HEK7-L;LERK-6;LERK6;EFNA2,KINASE,
1950,EGF,UNCATEGORIZED,False,,,HOMG4;URG;EGF,DRUG RESISTANCE;DRUGGABLE GENOME;CLINICALLY ACTIONABLE;GROWTH FACTOR,
1969,EPHA2,UNCATEGORIZED,False,,,ARCC2;CTPA;CTPP1;CTRCT6;ECK;EPHA2,DRUGGABLE GENOME;CELL SURFACE;TYROSINE KINASE;KINASE;CLINICALLY ACTIONABLE,
1973,EIF4A1,UNCATEGORIZED,False,,,DDX2A;EIF-4A;EIF4A;eIF-4A-I;eIF4A-I;EIF4A1,DRUGGABLE GENOME,
1978,EIF4EBP1,UNCATEGORIZED,False,,,4E-BP1;4EBP1;BP-1;PHAS-I;EIF4EBP1,KINASE,
2030,SLC29A1,UNCATEGORIZED,False,,,ENT1;SLC29A1;AUG;hENT1,DRUGGABLE GENOME;EXTERNAL SIDE OF PLASMA MEMBRANE;TRANSPORTER,
2048,EPHB2,UNCATEGORIZED,False,,,CAPB;DRT;EK5;EPHT3;ERK;Hek5;PCBC;Tyro5;EPHB2;BDPLT22,TYROSINE KINASE;CELL SURFACE;KINASE;DRUGGABLE GENOME;ENZYME;CLINICALLY ACTIONABLE,
2069,EREG,UNCATEGORIZED,False,,,EPR;ER;Ep;EREG,GROWTH FACTOR;DRUGGABLE GENOME;KINASE,
2100,ESR2,UNCATEGORIZED,False,,,ER-BETA;ESR-BETA;ESRB;ESTRB;Erb;NR3A2;ESR2;ODG8,DRUGGABLE GENOME;TRANSCRIPTION FACTOR;NUCLEAR HORMONE RECEPTOR,
2114,ETS2,UNCATEGORIZED,False,,,ETS2IT1;ETS2,TRANSCRIPTION FACTOR;CLINICALLY ACTIONABLE,
2212,FCGR2A,UNCATEGORIZED,False,,,CD32;CD32A;CDw32;FCG2;FCGR2;FCGR2A1;FcGR;IGFR2;FCGR2A;FcgammaRIIa,CLINICALLY ACTIONABLE;DRUGGABLE GENOME;EXTERNAL SIDE OF PLASMA MEMBRANE,
2214,FCGR3A,UNCATEGORIZED,False,,,CD16A;FCG3;FCGR3;FCRIIIA;IGFR3;IMD20;FCGR3A;FcGRIIIA;CD16-II,DRUGGABLE GENOME;CLINICALLY ACTIONABLE;EXTERNAL SIDE OF PLASMA MEMBRANE,
2258,FGF13,UNCATEGORIZED,False,,,FGF-13;FGF2;FHF-2;FHF2;FGF13;LINC00889;DEE90;XLID110,GROWTH FACTOR,
2303,FOXC2,UNCATEGORIZED,False,,,FKHL14;LD;MFH-1;MFH1;FOXC2,DRUG RESISTANCE;TRANSCRIPTION FACTOR,
2323,FLT3LG,UNCATEGORIZED,False,,,FL;FLT3L;FLT3LG;FLG3L;IMD125,DRUGGABLE GENOME;CELL SURFACE;KINASE,
2335,FN1,UNCATEGORIZED,False,,,CIG;ED-B;FINC;FN;FNZ;GFND;GFND2;LETS;MSF;FN1;SMDCF,DRUGGABLE GENOME,
2342,FNTB,UNCATEGORIZED,False,,,FPTB;FNTB,CLINICALLY ACTIONABLE;DRUGGABLE GENOME,
2353,FOS,UNCATEGORIZED,False,,,AP-1;C-FOS;p55;FOS,DRUGGABLE GENOME;TRANSCRIPTION FACTOR,
2354,FOSB,UNCATEGORIZED,False,,,AP-1;G0S3;GOS3;GOSB;FOSB,TRANSCRIPTION FACTOR,
2621,GAS6,UNCATEGORIZED,False,,,AXLLG;AXSF;GAS6,DRUGGABLE GENOME;DRUG RESISTANCE;KINASE,
2683,B4GALT1,UNCATEGORIZED,False,,,B4GAL-T1;CDG2D;GGTB2;GT1;GTB;beta4Gal-T1;B4GALT1;CLDLFIB,DRUGGABLE GENOME;ENZYME;EXTERNAL SIDE OF PLASMA MEMBRANE,
2771,GNAI2,UNCATEGORIZED,False,,,GIP;GNAI2B;H_LUCA15.1;H_LUCA16.1;GNAI2;HG1C,,
3043,HBB,UNCATEGORIZED,False,,,CD113t-C;beta-globin;HBB;ECYT6,DRUGGABLE GENOME;ENZYME,
3122,HLA-DRA,UNCATEGORIZED,False,,,HLA-DRA1;HLA-DRA,DRUGGABLE GENOME;CLINICALLY ACTIONABLE;CELL SURFACE,
3162,HMOX1,UNCATEGORIZED,False,,,HMOX1D;HO-1;HSP32;bK286B10;HMOX1,DRUGGABLE GENOME;ENZYME;DRUG RESISTANCE,
3187,HNRNPH1,UNCATEGORIZED,False,,,HNRPH;HNRPH1;hnRNPH;HNRNPH1;NEDCDS,,
3192,HNRNPU,UNCATEGORIZED,False,,,HNRPU;SAF-A;SAFA;U21.1;hnRNP U;HNRNPU-AS1;HNRNPU;EIEE54;pp120;GRIP120;DEE54,TRANSCRIPTION FACTOR;CELL SURFACE,
3226,HOXC10,UNCATEGORIZED,False,,,HOX3I;HOXC10,TRANSCRIPTION FACTOR,
3234,HOXD8,UNCATEGORIZED,False,,,HOX4;HOX4E;HOX5.4;HOXD8,TRANSCRIPTION FACTOR,
3309,HSPA5,UNCATEGORIZED,False,,,BIP;GRP78;HEL-S-89n;HSPA5,ENZYME;TRANSPORTER;PROTEASE INHIBITOR;DRUGGABLE GENOME;CELL SURFACE,
3315,HSPB1,UNCATEGORIZED,False,,,CMT2F;HEL-S-102;HMN2B;HS.76067;HSP27;HSP28;Hsp25;SRP27;HSPB1;HMND3,DRUGGABLE GENOME,
3371,TNC,UNCATEGORIZED,False,,,150-225;DFNA56;GMEM;GP;HXB;JI;TN;TN-C;TNC,DRUGGABLE GENOME;DRUG RESISTANCE,
3566,IL4R,UNCATEGORIZED,False,,,CD124;IL-4RA;IL4RA;IL4R,EXTERNAL SIDE OF PLASMA MEMBRANE;DRUGGABLE GENOME,
3569,IL6,UNCATEGORIZED,False,,,BSF2;HGF;HSF;IFNB2;IL-6;BSF-2;CDF;IFN-beta-2;IL6,DRUG RESISTANCE;GROWTH FACTOR;DRUGGABLE GENOME,
3627,CXCL10,UNCATEGORIZED,False,,,C7;IFI10;INP10;IP-10;SCYB10;crg-2;gIP-10;mob-1;CXCL10,DRUGGABLE GENOME;EXTERNAL SIDE OF PLASMA MEMBRANE,
3875,KRT18,UNCATEGORIZED,False,,,CK-18;CYK18;K18;KRT18,DRUGGABLE GENOME,
3902,LAG3,UNCATEGORIZED,False,,,CD223;LAG3,DRUGGABLE GENOME;CLINICALLY ACTIONABLE;EXTERNAL SIDE OF PLASMA MEMBRANE,
3925,STMN1,UNCATEGORIZED,False,,,C1orf215;LAP18;Lag;OP18;PP17;PP19;PR22;SMN;STMN1,DRUG RESISTANCE,
3953,LEPR,UNCATEGORIZED,False,,,CD295;LEP-R;LEPRD;OB-R;OBR;LEPR;huB219,EXTERNAL SIDE OF PLASMA MEMBRANE;DRUGGABLE GENOME,
4103,MAGEA4,UNCATEGORIZED,False,,,CT1.4;MAGE-41;MAGE-X2;MAGE4;MAGE4A;MAGE4B;MAGEA4,,
4312,MMP1,UNCATEGORIZED,False,,,CLG;MMP1,DRUGGABLE GENOME;PROTEASE,
4313,MMP2,UNCATEGORIZED,False,,,CLG4;CLG4A;MMP-2;MMP-II;MONA;TBE-1;MMP2,DRUGGABLE GENOME;NEUTRAL ZINC METALLOPEPTIDASE;PROTEASE;ENZYME,
4318,MMP9,UNCATEGORIZED,False,,,CLG4B;GELB;MANDP2;MMP-9;MMP9,NEUTRAL ZINC METALLOPEPTIDASE;PROTEASE;DRUGGABLE GENOME;DRUG RESISTANCE;ENZYME,
4739,NEDD9,UNCATEGORIZED,False,,,CAS-L;CAS2;CASL;CASS2;HEF1;NEDD9,KINASE,
4929,NR4A2,UNCATEGORIZED,False,,,HZF-3;NOT;NURR1;RNR1;TINUR;NR4A2;IDLDP,NUCLEAR HORMONE RECEPTOR;TRANSCRIPTION FACTOR COMPLEX;DRUGGABLE GENOME;TRANSCRIPTION FACTOR,
4998,ORC1,UNCATEGORIZED,False,,,HSORC1;ORC1L;PARC1;ORC1,,
5111,PCNA,UNCATEGORIZED,False,,,ATLD2;PCNA,,
5347,PLK1,UNCATEGORIZED,False,,,PLK;STPK13;PLK1,ENZYME;SERINE THREONINE KINASE;KINASE;TUMOR SUPPRESSOR;DRUGGABLE GENOME;TRANSCRIPTION FACTOR,
5563,PRKAA2,UNCATEGORIZED,False,,,AMPK;AMPK2;AMPKa2;PRKAA;PRKAA2,DRUGGABLE GENOME;SERINE THREONINE KINASE;ENZYME;KINASE;TRANSPORTER,
5609,MAP2K7,UNCATEGORIZED,False,,,JNKK2;MAPKK7;MEK;MEK 7;MKK7;PRKMK7;SAPKK-4;SAPKK4;MAP2K7,DRUGGABLE GENOME;TYROSINE KINASE;KINASE;SERINE THREONINE KINASE,
5631,PRPS1,UNCATEGORIZED,False,,,ARTS;CMTX5;DFN2;DFNX1;PPRibP;PRS-I;PRSI;PRPS1,ENZYME;KINASE;DRUG RESISTANCE,
5696,PSMB8,UNCATEGORIZED,False,,,ALDD;D6S216;D6S216E;JMP;LMP7;NKJO;PSMB5i;RING10;PSMB8;PRAAS1,PROTEASE;DRUGGABLE GENOME,
5710,PSMD4,UNCATEGORIZED,False,,,AF;AF-1;ASF;MCB1;Rpn10;S5A;pUB-R5;PSMD4,,
5743,PTGS2,UNCATEGORIZED,False,,,COX-2;COX2;GRIPGHS;PGG/HS;PGHS-2;PHS-2;hCox-2;PTGS2,ENZYME;DRUGGABLE GENOME,
5782,PTPN12,UNCATEGORIZED,False,,,PTP-PEST;PTPG1;PTPN12,KINASE;PROTEIN PHOSPHATASE;DRUGGABLE GENOME,
5792,PTPRF,UNCATEGORIZED,False,,,BNAH2;LAR;PTPRF,PROTEIN PHOSPHATASE;ENZYME;DRUGGABLE GENOME,
5887,RAD23B,UNCATEGORIZED,False,,,HHR23B;HR23B;P58;RAD23B,,
6194,RPS6,UNCATEGORIZED,False,,,S6;RPS6;eS6,KINASE,
6240,RRM1,UNCATEGORIZED,False,,,R1;RIR1;RR1;RRM1;PEOB6,DRUGGABLE GENOME;ENZYME;DNA REPAIR,
6241,RRM2,UNCATEGORIZED,False,,,R2;RR2;RR2M;RRM2;C2orf48,DRUGGABLE GENOME,
6285,S100B,UNCATEGORIZED,False,,,NEF;S100;S100-B;S100beta;S100B,DRUGGABLE GENOME;KINASE,
6334,SCN8A,UNCATEGORIZED,False,,,CERIII;CIAT;EIEE13;MED;NaCh6;Nav1.6;PN4;BFIS5;SCN8A;MYOCL2;DEE13,DRUGGABLE GENOME;ION CHANNEL,
6376,CX3CL1,UNCATEGORIZED,False,,,ABCD-3;C3Xkine;CXC3;CXC3C;NTN;NTT;SCYD1;fractalkine;neurotactin;CX3CL1,CELL SURFACE;DRUGGABLE GENOME,
6558,SLC12A2,UNCATEGORIZED,False,,,BSC;BSC2;NKCC1;PPP1R141;SLC12A2;KILQS;BSC-2;CCC1;hNKCC1,DRUGGABLE GENOME;EXTERNAL SIDE OF PLASMA MEMBRANE;TRANSPORTER,
6755,SSTR5,UNCATEGORIZED,False,,,SS-5-R;SSTR5;SST5,G PROTEIN COUPLED RECEPTOR;DRUGGABLE GENOME,
6783,SULT1E1,UNCATEGORIZED,False,,,EST;EST-1;ST1E1;STE;SULT1E1,ENZYME;DRUGGABLE GENOME,
6862,TBXT,UNCATEGORIZED,False,,,SAVA;TFT;T;TBXT,TRANSCRIPTION FACTOR,
6909,TBX2,UNCATEGORIZED,False,,,TBX2;VETD,TRANSCRIPTION FACTOR COMPLEX;TRANSCRIPTION FACTOR,
6935,ZEB1,UNCATEGORIZED,False,,,AREB6;BZP;DELTAEF1;FECD6;NIL2A;PPCD3;TCF8;ZFHEP;ZFHX1A;ZEB1,TRANSCRIPTION FACTOR;DRUG RESISTANCE,
6941,TCF19,UNCATEGORIZED,False,,,SC1;TCF-19;TCF19,TRANSCRIPTION FACTOR,
7018,TF,UNCATEGORIZED,False,,,PRO1557;PRO2086;TFQTL1;HEL-S-71p;TF,DRUGGABLE GENOME;CELL SURFACE;DRUG RESISTANCE,
7023,TFAP4,UNCATEGORIZED,False,,,AP-4;bHLHc41;TFAP4,TRANSCRIPTION FACTOR,
7026,NR2F2,UNCATEGORIZED,False,,,ARP1;CHTD4;COUPTFB;COUPTFII;NF-E3;SVP40;TFCOUP2;NR2F2;ARP-1;COUPTF2;SRXX5,DRUGGABLE GENOME;TRANSCRIPTION FACTOR;NUCLEAR HORMONE RECEPTOR,
7033,TFF3,UNCATEGORIZED,False,,,ITF;P1B;TFI;TFF3,DRUGGABLE GENOME,
7039,TGFA,UNCATEGORIZED,False,,,TFGA;TGFA,DRUGGABLE GENOME;CELL SURFACE;GROWTH FACTOR,
7049,TGFBR3,UNCATEGORIZED,False,,,BGCAN;betaglycan;TGFBR3,DRUGGABLE GENOME;CELL SURFACE;EXTERNAL SIDE OF PLASMA MEMBRANE,
7058,THBS2,UNCATEGORIZED,False,,,TSP2;THBS2;EDSCLL3,DRUGGABLE GENOME,
7076,TIMP1,UNCATEGORIZED,False,,,CLGI;EPA;EPO;HCI;TIMP;TIMP-1;TIMP1,PROTEASE INHIBITOR;CELL SURFACE;GROWTH FACTOR;DRUGGABLE GENOME,
7114,TMSB4X,UNCATEGORIZED,False,,,FX;PTMB4;TB4X;TMSB4;TMSB4X,DRUGGABLE GENOME,
7178,TPT1,UNCATEGORIZED,False,,,HRF;TCTP;p02;p23;TPT1,DRUGGABLE GENOME,
7184,HSP90B1,UNCATEGORIZED,False,,,ECGP;GP96;GRP94;HEL-S-125m;HEL35;TRA1;HSP90B1,DRUGGABLE GENOME,
7259,TSPYL1,UNCATEGORIZED,False,,,TSPYL;TSPYL1,,
7299,TYR,UNCATEGORIZED,False,,,ATN;CMM8;OCA1;OCA1A;OCAIA;SHEP3;TYR,DRUGGABLE GENOME;ENZYME,
7361,UGT1A,UNCATEGORIZED,False,,,GNT1;UGT;UGT1;UGT1A@;UGT1A,DRUG RESISTANCE,
7424,VEGFC,UNCATEGORIZED,False,,,Flt4-L;LMPH1D;VRP;VEGFC;LMPHM4,GROWTH FACTOR;TRANSPORTER;DRUGGABLE GENOME,
7475,WNT6,UNCATEGORIZED,False,,,WNT6,DRUGGABLE GENOME;CELL SURFACE,
7481,WNT11,UNCATEGORIZED,False,,,HWNT11;WNT11,DRUGGABLE GENOME,
7874,USP7,UNCATEGORIZED,False,,,HAUSP;TEF1;USP7;HAFOUS;C16DELp13.2;DEL16P13.2,DRUGGABLE GENOME;ENZYME;TRANSCRIPTION FACTOR;PROTEASE,
7965,AIMP2,UNCATEGORIZED,False,,,JTV-1;JTV1;P38;AIMP2;HLD17,,
8837,CFLAR,UNCATEGORIZED,False,,,CASH;CASP8AP1;CLARP;Casper;FLAME;FLAME-1;FLAME1;FLIP;I-FLICE;MRIT;c-FLIP;c-FLIPL;c-FLIPR;c-FLIPS;CFLAR;cFLIP,DRUG RESISTANCE,
8842,PROM1,UNCATEGORIZED,False,,,AC133;CD133;CORD12;MCDR2;MSTP061;PROML1;RP41;STGD4;PROM1,DRUGGABLE GENOME;CELL SURFACE,
8854,ALDH1A2,UNCATEGORIZED,False,,,RALDH(II);RALDH2;RALDH2-T;ALDH1A2;DIH4,ENZYME;DRUGGABLE GENOME,
8877,SPHK1,UNCATEGORIZED,False,,,SPHK;SPHK1,KINASE;LIPID KINASE;DRUGGABLE GENOME,
9134,CCNE2,UNCATEGORIZED,False,,,CYCE2;CCNE2,KINASE;DRUGGABLE GENOME,
9140,ATG12,UNCATEGORIZED,False,,,APG12;APG12L;FBR93;HAPG12;ATG12,ENZYME,
9232,PTTG1,UNCATEGORIZED,False,,,EAP1;HPTTG;PTTG;TUTR1;PTTG1;ECRAR,DNA REPAIR,
9308,CD83,UNCATEGORIZED,False,,,BL11;HB15;CD83,EXTERNAL SIDE OF PLASMA MEMBRANE;DRUGGABLE GENOME,
9380,GRHPR,UNCATEGORIZED,False,,,GLXR;GLYD;PH2;GRHPR,ENZYME,
9429,ABCG2,UNCATEGORIZED,False,,,ABC15;ABCP;BCRP;BMDP;CD338;CDw338;EST157481;GOUT1;MRX;MXR;MXR-1;MXR1;UAQTL1;ABCG2;CDw388,DRUGGABLE GENOME;ABC TRANSPORTER;TRANSPORTER,
9493,KIF23,UNCATEGORIZED,False,,,CHO1;KNSL5;MKLP-1;MKLP1;KIF23;CDAN3A;CDA3;CDAIII;CDAN3,ENZYME,
9734,HDAC9,UNCATEGORIZED,False,,,HD7;HD7b;HD9;HDAC;HDAC7B;HDAC9B;HDAC9FL;HDRP;MITR;HDAC9,DRUG RESISTANCE;TRANSCRIPTION FACTOR COMPLEX;DRUGGABLE GENOME;TRANSCRIPTION FACTOR,
9820,CUL7,UNCATEGORIZED,False,,,3M1;KIAA0076;dJ20C7.5;CUL-7;CUL7,KINASE,
10013,HDAC6,UNCATEGORIZED,False,,,CPBHM;HD6;JM21;PPP1R90;HDAC6;KDAC6,TRANSCRIPTION FACTOR BINDING;DRUGGABLE GENOME;TRANSCRIPTION FACTOR,
10253,SPRY2,UNCATEGORIZED,False,,,hSPRY2;IGAN3;SPRY2,KINASE,
10296,MAEA,UNCATEGORIZED,False,,,EMLP;EMP;GID9;HLC-10;PIG5;MAEA;P44EMLP,ENZYME;TRANSCRIPTION FACTOR,
10381,TUBB3,UNCATEGORIZED,False,,,CDCBM;CDCBM1;CFEOM3;CFEOM3A;FEOM3;TUBB4;beta-4;TUBB3,DRUGGABLE GENOME,
10533,ATG7,UNCATEGORIZED,False,,,APG7-LIKE;APG7L;GSA7;ATG7;SCAR31,ENZYME,
10551,AGR2,UNCATEGORIZED,False,,,AG2;GOB-4;HAG-2;HEL-S-116;PDIA17;XAG-2;AG-2;HPC8;AGR2;RIFTD,DRUGGABLE GENOME,
10599,SLCO1B1,UNCATEGORIZED,False,,,HBLRR;LST-1;OATP-C;OATP1B1;OATP2;OATPC;SLC21A6;SLCO1B1,TRANSPORTER;DRUGGABLE GENOME,
10734,STAG3,UNCATEGORIZED,False,,,STAG3;SPGF61;SA3,DRUG RESISTANCE,
10808,HSPH1,UNCATEGORIZED,False,,,HSP105;HSP105A;HSP105B;NY-CO-25;HSPH1,CLINICALLY ACTIONABLE;DRUGGABLE GENOME,
11011,TLK2,UNCATEGORIZED,False,,,HsHPK;PKU-ALPHA;TLK2;MRD57,SERINE THREONINE KINASE;KINASE;DRUGGABLE GENOME,
11040,PIM2,UNCATEGORIZED,False,,,PIM2,DRUGGABLE GENOME;KINASE;SERINE THREONINE KINASE,
11156,PTP4A3,UNCATEGORIZED,False,,,PRL-3;PRL-R;PRL3;PTP4A3,PROTEIN PHOSPHATASE,
22882,ZHX2,UNCATEGORIZED,False,,,AFR1;RAF;ZHX2,,
23291,FBXW11,UNCATEGORIZED,False,,,BTRC2;BTRCP2;FBW1B;FBXW1B;Fbw11;Hos;FBXW11;NEDJED,,
23411,SIRT1,UNCATEGORIZED,False,,,SIR2;SIR2L1;SIR2alpha;SIRT1,ENZYME;TRANSCRIPTION FACTOR;KINASE;DRUGGABLE GENOME,
23467,NPTXR,UNCATEGORIZED,False,,,NPR;NPTXR,,
23645,PPP1R15A,UNCATEGORIZED,False,,,GADD34;PPP1R15A,TUMOR SUPPRESSOR;CLINICALLY ACTIONABLE;KINASE,
25942,SIN3A,UNCATEGORIZED,False,,,WITKOS;SIN3A;CHR15DELq24;DEL15Q24,,
27250,PDCD4,UNCATEGORIZED,False,,,H731;PDCD4,DRUGGABLE GENOME;KINASE,
28986,MAGEH1,UNCATEGORIZED,False,,,APR-1;APR1;MAGEH;MAGEH1,,
29110,TBK1,UNCATEGORIZED,False,,,NAK;T2K;FTDALS4;TBK1;IIAE8;AIARV,SERINE THREONINE KINASE;KINASE;ENZYME;DRUGGABLE GENOME,
30848,CTAG2,UNCATEGORIZED,False,,,CAMEL;CT2;CT6.2;CT6.2a;CT6.2b;ESO2;LAGE-1;LAGE2B;CTAG2,,
50943,FOXP3,UNCATEGORIZED,False,,,AIID;DIETER;IPEX;JM2;PIDX;XPID;FOXP3,TRANSCRIPTION FACTOR,
51208,CLDN18,UNCATEGORIZED,False,,,SFTA5;SFTPJ;CLDN18,DRUGGABLE GENOME;KINASE,
51773,RSF1,UNCATEGORIZED,False,,,HBXAP;RSF-1;XAP8;p325;RSF1,CLINICALLY ACTIONABLE,
54538,ROBO4,UNCATEGORIZED,False,,,ECSM4;MRB;ROBO4;AOVD3,,
54658,UGT1A1,UNCATEGORIZED,False,,,BILIQTL1;GNT1;HUG-BR1;UDPGT;UDPGT 1-1;UGT1;UGT1A;UGT1A1,ENZYME;CLINICALLY ACTIONABLE;DRUGGABLE GENOME,
55270,NUDT15,UNCATEGORIZED,False,,,MTH2;NUDT15D;NUDT15,CLINICALLY ACTIONABLE;ENZYME,
55510,DDX43,UNCATEGORIZED,False,,,CT13;HAGE;DDX43,DRUG RESISTANCE,
55759,WDR12,UNCATEGORIZED,False,,,YTM1;WDR12,TUMOR SUPPRESSOR,
55872,PBK,UNCATEGORIZED,False,,,CT84;HEL164;Nori-3;SPK;TOPK;PBK,DRUGGABLE GENOME;TYROSINE KINASE;SERINE THREONINE KINASE;KINASE;DRUG RESISTANCE,
56655,POLE4,UNCATEGORIZED,False,,,YHHQ1;p12;POLE4,,
57448,BIRC6,UNCATEGORIZED,False,,,APOLLON;BRUCE;BIRC6,ENZYME;PROTEASE INHIBITOR,
57565,KLHL14,UNCATEGORIZED,False,,,KLHL14,,
57650,CIP2A,UNCATEGORIZED,False,,,CIP2A;p90;KIAA1524;NOCIVA,,
57680,CHD8,UNCATEGORIZED,False,,,AUTS18;HELSNF1;CHD8;IDDAM,ENZYME,
58495,OVOL2,UNCATEGORIZED,False,,,EUROIMAGE566589;ZNF339;CHED;CHED1;CHED2;PPCD1;OVOL2,TRANSCRIPTION FACTOR,
60676,PAPPA2,UNCATEGORIZED,False,,,PAPP-A2;PAPP-E;PAPPE;PLAC3;PAPPA2;SSDA,DRUGGABLE GENOME;PROTEASE;NEUTRAL ZINC METALLOPEPTIDASE,
64081,PBLD,UNCATEGORIZED,False,,,MAWBP;MAWDBP;HEL-S-306;PBLD,,
64332,NFKBIZ,UNCATEGORIZED,False,,,IKBZ;INAP;MAIL;NFKBIZ;I-kappa-B-zeta;IkappaB-zeta;ikB-zeta;ikappaBzeta,TRANSCRIPTION FACTOR,
64864,RFX7,UNCATEGORIZED,False,,,RFXDC2;RFX7;MRD71,TRANSCRIPTION FACTOR,
65125,WNK1,UNCATEGORIZED,False,,,HSAN2;HSN2;KDP;PPP1R167;PRKWNK1;PSK;p65;WNK1,SERINE THREONINE KINASE;KINASE;ENZYME;EXTERNAL SIDE OF PLASMA MEMBRANE;DRUGGABLE GENOME,
79444,BIRC7,UNCATEGORIZED,False,,,KIAP;LIVIN;ML-IAP;MLIAP;RNF50;BIRC7,DRUG RESISTANCE;PROTEASE INHIBITOR;TUMOR SUPPRESSOR,"BIRC7 encodes the protein Livin which is a member of the inhibitor of apoptosis protein (IAP) family. Livin consists of a single baculoviral IAP repeat domain (BIR) and a RING domian at the C-terminus. The protein inhibits apoptosis by inhibiting proteolytic activation of capsases. Overexpression of Livin has been observed in a variety of cancers including lung, colon, and prostate compared to most normal adult tissues and has been proposed as a putative therapeutic target."
79623,GALNT14,UNCATEGORIZED,False,,,GALNT15;GalNac-T10;GalNac-T14;GALNT14,ENZYME,
79707,NOL9,UNCATEGORIZED,False,,,Grc3;NET6;NOL9,KINASE,
80198,MUS81,UNCATEGORIZED,False,,,SLX3;MUS81,DNA REPAIR,
81607,NECTIN4,UNCATEGORIZED,False,,,EDSS1;LNIR;PRR4;nectin-4;PVRL4;NECTIN4,,
84329,HVCN1,UNCATEGORIZED,False,,,HV1;VSOP;HVCN1,ION CHANNEL,
84868,HAVCR2,UNCATEGORIZED,False,,,CD366;HAVcr-2;KIM-3;TIM3;TIMD-3;TIMD3;Tim-3;HAVCR2;SPTCL,CLINICALLY ACTIONABLE;DRUG RESISTANCE;CELL SURFACE,
89845,ABCC10,UNCATEGORIZED,False,,,EST182763;MRP7;SIMRP7;ABCC10,DRUGGABLE GENOME;DRUG RESISTANCE;ABC TRANSPORTER;TRANSPORTER,
90865,IL33,UNCATEGORIZED,False,,,C9orf26;DVS27;IL1F11;NF-HEV;NFEHEV;IL33,DRUGGABLE GENOME,
92241,RCSD1,UNCATEGORIZED,False,,,CAPZIP;MK2S4;RCSD1,,
93100,NAPRT,UNCATEGORIZED,False,,,NAPRT1;PP3856;NAPRT,,
114884,OSBPL10,UNCATEGORIZED,False,,,ORP10;OSBP9;OSBPL10,TRANSPORTER,
137492,VPS37A,UNCATEGORIZED,False,,,HCRP1;PQBP2;SPG53;VPS37A,DRUG RESISTANCE,
137902,PXDNL,UNCATEGORIZED,False,,,PMR1;VPO2;PXDNL,DRUGGABLE GENOME,
139628,FOXR2,UNCATEGORIZED,False,,,FOXN6;FOXR2,,
199990,FAAP20,UNCATEGORIZED,False,,,C1orf86;FP7162;FAAP20,,
285282,RABL3,UNCATEGORIZED,False,,,RABL3;PNCA5,,
342371,ATXN1L,UNCATEGORIZED,False,,,BOAT;BOAT1;ATXN1L,DRUG RESISTANCE,
400954,EML6,UNCATEGORIZED,False,,,EML6,,
406991,MIR21,UNCATEGORIZED,False,,,MIRN21;hsa-mir-21;miR-21;miRNA21;MIR21,DRUG RESISTANCE,
407000,MIR218-1,UNCATEGORIZED,False,,,MIRN218-1;mir-218-1;MIR218-1,,
641700,ECSCR,UNCATEGORIZED,False,,,ARIA;ECSM2;ECSCR,KINASE,
100144748,KLLN,UNCATEGORIZED,False,,,CWS4;KILLIN;KLLN,CLINICALLY ACTIONABLE;TRANSCRIPTION FACTOR,
101867536,PRNCR1,UNCATEGORIZED,False,,,CARLo-3;PCAT8;PRNCR1,,
101928402,STAG2-AS1,UNCATEGORIZED,False,,,STAG2-AS1,,
4513,COX2,UNCATEGORIZED,False,,,COII;MTCO2,,
4535,ND1,UNCATEGORIZED,False,,,MTND1,,
-2,Other Biomarkers,BIOMARKER,True,,,MSI;TMB;HRD,BIOMARKER,Contenitore fittizio di OncoKB per alterazioni genomiche globali e firme tumorali
