anchor_gene,anchor_id,depth,terminal_type,gold_terminal,bridge_chain,n_bridge,question
ABCB1,Gene:5243,1,Variant,Overexpression,[],0,"Seguendo la catena di conoscenza clinica a partire dal gene ABCB1, qual è la variante?"
ABCB1,Gene:5243,2,MolecularProfile,EML4::ALK Fusion AND ABCB1 Overexpression,"[""Overexpression""]",1,"Seguendo la catena di conoscenza clinica a partire dal gene ABCB1, qual è il profilo molecolare della variante?"
ABCB1,Gene:5243,4,Drug,CERITINIB,"[""Overexpression"", ""EML4::ALK Fusion AND ABCB1 Overexpression""]",2,"Seguendo la catena di conoscenza clinica a partire dal gene ABCB1, qual è i farmaci con evidenza clinica per il profilo molecolare?"
ABCB1,Gene:5243,5,CompanionDiagnostic,"FoundationOne CDx  (Foundation Medicine, Inc.)","[""Overexpression"", ""EML4::ALK Fusion AND ABCB1 Overexpression"", ""CERITINIB""]",3,"Seguendo la catena di conoscenza clinica a partire dal gene ABCB1, qual è i test diagnostici di accompagnamento dei farmaci con evidenza clinica?"
ABCB1,Gene:5243,6,Gene,ALK,"[""Overexpression"", ""EML4::ALK Fusion AND ABCB1 Overexpression"", ""CERITINIB"", ""FoundationOne CDx  (Foundation Medicine, Inc.)""]",4,"Seguendo la catena di conoscenza clinica a partire dal gene ABCB1, qual è i geni rilevati dai test diagnostici dei farmaci con evidenza clinica?"
ABCB1,Gene:5243,7,Variant,L1196M,"[""Overexpression"", ""EML4::ALK Fusion AND ABCB1 Overexpression"", ""CERITINIB"", ""FoundationOne CDx  (Foundation Medicine, Inc.)"", ""ALK""]",5,"Seguendo la catena di conoscenza clinica a partire dal gene ABCB1, qual è le varianti dei geni rilevati dai test diagnostici dei farmaci con evidenza clinica?"
ABCB1,Gene:5243,8,MolecularProfile,EML4::ALK Fusion AND ALK L1196M,"[""Overexpression"", ""EML4::ALK Fusion AND ABCB1 Overexpression"", ""CERITINIB"", ""FoundationOne CDx  (Foundation Medicine, Inc.)"", ""ALK"", ""L1196M""]",6,"Seguendo la catena di conoscenza clinica a partire dal gene ABCB1, qual è i profili molecolari delle varianti dei geni rilevati dai test diagnostici dei farmaci con evidenza clinica?"
ABL1,Gene:25,1,Variant,T315I,[],0,"Seguendo la catena di conoscenza clinica a partire dal gene ABL1, qual è la variante?"
ABL1,Gene:25,2,MolecularProfile,BCR::ABL1 Fusion AND ABL1 T315I,"[""T315I""]",1,"Seguendo la catena di conoscenza clinica a partire dal gene ABL1, qual è il profilo molecolare della variante?"
ABL1,Gene:25,4,Drug,IMATINIB,"[""T315I"", ""BCR::ABL1 Fusion AND ABL1 T315I""]",2,"Seguendo la catena di conoscenza clinica a partire dal gene ABL1, qual è i farmaci con evidenza clinica per il profilo molecolare?"
ABL1,Gene:25,5,CompanionDiagnostic,"PDGFRB FISH Assay  (ARUP Laboratories, Inc.)","[""T315I"", ""BCR::ABL1 Fusion AND ABL1 T315I"", ""IMATINIB""]",3,"Seguendo la catena di conoscenza clinica a partire dal gene ABL1, qual è i test diagnostici di accompagnamento dei farmaci con evidenza clinica?"
ABL1,Gene:25,6,Gene,PDGFRB,"[""T315I"", ""BCR::ABL1 Fusion AND ABL1 T315I"", ""IMATINIB"", ""PDGFRB FISH Assay  (ARUP Laboratories, Inc.)""]",4,"Seguendo la catena di conoscenza clinica a partire dal gene ABL1, qual è i geni rilevati dai test diagnostici dei farmaci con evidenza clinica?"
ABL1,Gene:25,7,Variant,Overexpression,"[""T315I"", ""BCR::ABL1 Fusion AND ABL1 T315I"", ""IMATINIB"", ""PDGFRB FISH Assay  (ARUP Laboratories, Inc.)"", ""PDGFRB""]",5,"Seguendo la catena di conoscenza clinica a partire dal gene ABL1, qual è le varianti dei geni rilevati dai test diagnostici dei farmaci con evidenza clinica?"
ABL1,Gene:25,8,MolecularProfile,PDGFRB Overexpression,"[""T315I"", ""BCR::ABL1 Fusion AND ABL1 T315I"", ""IMATINIB"", ""PDGFRB FISH Assay  (ARUP Laboratories, Inc.)"", ""PDGFRB"", ""Overexpression""]",6,"Seguendo la catena di conoscenza clinica a partire dal gene ABL1, qual è i profili molecolari delle varianti dei geni rilevati dai test diagnostici dei farmaci con evidenza clinica?"
ABL2,Gene:27,1,Variant,W469C,[],0,"Seguendo la catena di conoscenza clinica a partire dal gene ABL2, qual è la variante?"
ABL2,Gene:27,2,MolecularProfile,ABL2 W469C,"[""W469C""]",1,"Seguendo la catena di conoscenza clinica a partire dal gene ABL2, qual è il profilo molecolare della variante?"
ABL2,Gene:27,4,Drug,IMATINIB,"[""W469C"", ""ABL2 W469C""]",2,"Seguendo la catena di conoscenza clinica a partire dal gene ABL2, qual è i farmaci con evidenza clinica per il profilo molecolare?"
ABL2,Gene:27,5,CompanionDiagnostic,"PDGFRB FISH Assay  (ARUP Laboratories, Inc.)","[""W469C"", ""ABL2 W469C"", ""IMATINIB""]",3,"Seguendo la catena di conoscenza clinica a partire dal gene ABL2, qual è i test diagnostici di accompagnamento dei farmaci con evidenza clinica?"
ABL2,Gene:27,6,Gene,PDGFRB,"[""W469C"", ""ABL2 W469C"", ""IMATINIB"", ""PDGFRB FISH Assay  (ARUP Laboratories, Inc.)""]",4,"Seguendo la catena di conoscenza clinica a partire dal gene ABL2, qual è i geni rilevati dai test diagnostici dei farmaci con evidenza clinica?"
ABL2,Gene:27,7,Variant,Overexpression,"[""W469C"", ""ABL2 W469C"", ""IMATINIB"", ""PDGFRB FISH Assay  (ARUP Laboratories, Inc.)"", ""PDGFRB""]",5,"Seguendo la catena di conoscenza clinica a partire dal gene ABL2, qual è le varianti dei geni rilevati dai test diagnostici dei farmaci con evidenza clinica?"
ABL2,Gene:27,8,MolecularProfile,PDGFRB Overexpression,"[""W469C"", ""ABL2 W469C"", ""IMATINIB"", ""PDGFRB FISH Assay  (ARUP Laboratories, Inc.)"", ""PDGFRB"", ""Overexpression""]",6,"Seguendo la catena di conoscenza clinica a partire dal gene ABL2, qual è i profili molecolari delle varianti dei geni rilevati dai test diagnostici dei farmaci con evidenza clinica?"
AKT1,Gene:207,1,Variant,Q79K,[],0,"Seguendo la catena di conoscenza clinica a partire dal gene AKT1, qual è la variante?"
AKT1,Gene:207,2,MolecularProfile,AKT1 Q79K,"[""Q79K""]",1,"Seguendo la catena di conoscenza clinica a partire dal gene AKT1, qual è il profilo molecolare della variante?"
AKT1,Gene:207,4,Drug,VEMURAFENIB,"[""Q79K"", ""AKT1 Q79K""]",2,"Seguendo la catena di conoscenza clinica a partire dal gene AKT1, qual è i farmaci con evidenza clinica per il profilo molecolare?"
AKT1,Gene:207,5,CompanionDiagnostic,"cobas 4800 BRAF V600 Mutation Test  (Roche Molecular Systems, Inc.)","[""Q79K"", ""AKT1 Q79K"", ""VEMURAFENIB""]",3,"Seguendo la catena di conoscenza clinica a partire dal gene AKT1, qual è i test diagnostici di accompagnamento dei farmaci con evidenza clinica?"
AKT1,Gene:207,6,Gene,BRAF,"[""Q79K"", ""AKT1 Q79K"", ""VEMURAFENIB"", ""cobas 4800 BRAF V600 Mutation Test  (Roche Molecular Systems, Inc.)""]",4,"Seguendo la catena di conoscenza clinica a partire dal gene AKT1, qual è i geni rilevati dai test diagnostici dei farmaci con evidenza clinica?"
AKT1,Gene:207,7,Variant,intron 10 rearrangement,"[""Q79K"", ""AKT1 Q79K"", ""VEMURAFENIB"", ""cobas 4800 BRAF V600 Mutation Test  (Roche Molecular Systems, Inc.)"", ""BRAF""]",5,"Seguendo la catena di conoscenza clinica a partire dal gene AKT1, qual è le varianti dei geni rilevati dai test diagnostici dei farmaci con evidenza clinica?"
AKT1,Gene:207,8,MolecularProfile,BRAF intron 10 rearrangement,"[""Q79K"", ""AKT1 Q79K"", ""VEMURAFENIB"", ""cobas 4800 BRAF V600 Mutation Test  (Roche Molecular Systems, Inc.)"", ""BRAF"", ""intron 10 rearrangement""]",6,"Seguendo la catena di conoscenza clinica a partire dal gene AKT1, qual è i profili molecolari delle varianti dei geni rilevati dai test diagnostici dei farmaci con evidenza clinica?"
AKT2,Gene:208,1,Variant,EXPRESSION,[],0,"Seguendo la catena di conoscenza clinica a partire dal gene AKT2, qual è la variante?"
AKT2,Gene:208,2,MolecularProfile,AKT2 EXPRESSION,"[""EXPRESSION""]",1,"Seguendo la catena di conoscenza clinica a partire dal gene AKT2, qual è il profilo molecolare della variante?"
AKT2,Gene:208,4,Drug,TRASTUZUMAB,"[""EXPRESSION"", ""AKT2 EXPRESSION""]",2,"Seguendo la catena di conoscenza clinica a partire dal gene AKT2, qual è i farmaci con evidenza clinica per il profilo molecolare?"
AKT2,Gene:208,5,CompanionDiagnostic,HER2 FISH pharmDx Kit  (Dako Denmark A/S),"[""EXPRESSION"", ""AKT2 EXPRESSION"", ""TRASTUZUMAB""]",3,"Seguendo la catena di conoscenza clinica a partire dal gene AKT2, qual è i test diagnostici di accompagnamento dei farmaci con evidenza clinica?"
AKT2,Gene:208,6,Gene,ERBB2,"[""EXPRESSION"", ""AKT2 EXPRESSION"", ""TRASTUZUMAB"", ""HER2 FISH pharmDx Kit  (Dako Denmark A/S)""]",4,"Seguendo la catena di conoscenza clinica a partire dal gene AKT2, qual è i geni rilevati dai test diagnostici dei farmaci con evidenza clinica?"
AKT2,Gene:208,7,Variant,Kinase Domain Mutation,"[""EXPRESSION"", ""AKT2 EXPRESSION"", ""TRASTUZUMAB"", ""HER2 FISH pharmDx Kit  (Dako Denmark A/S)"", ""ERBB2""]",5,"Seguendo la catena di conoscenza clinica a partire dal gene AKT2, qual è le varianti dei geni rilevati dai test diagnostici dei farmaci con evidenza clinica?"
AKT2,Gene:208,8,MolecularProfile,ERBB2 Kinase Domain Mutation OR ERBB2 Exon 20 Insertion,"[""EXPRESSION"", ""AKT2 EXPRESSION"", ""TRASTUZUMAB"", ""HER2 FISH pharmDx Kit  (Dako Denmark A/S)"", ""ERBB2"", ""Kinase Domain Mutation""]",6,"Seguendo la catena di conoscenza clinica a partire dal gene AKT2, qual è i profili molecolari delle varianti dei geni rilevati dai test diagnostici dei farmaci con evidenza clinica?"
AKT3,Gene:10000,1,Variant,Overexpression,[],0,"Seguendo la catena di conoscenza clinica a partire dal gene AKT3, qual è la variante?"
AKT3,Gene:10000,2,MolecularProfile,AKT3 Overexpression,"[""Overexpression""]",1,"Seguendo la catena di conoscenza clinica a partire dal gene AKT3, qual è il profilo molecolare della variante?"
AKT3,Gene:10000,4,Drug,VEMURAFENIB,"[""Overexpression"", ""AKT3 Overexpression""]",2,"Seguendo la catena di conoscenza clinica a partire dal gene AKT3, qual è i farmaci con evidenza clinica per il profilo molecolare?"
AKT3,Gene:10000,5,CompanionDiagnostic,"cobas 4800 BRAF V600 Mutation Test  (Roche Molecular Systems, Inc.)","[""Overexpression"", ""AKT3 Overexpression"", ""VEMURAFENIB""]",3,"Seguendo la catena di conoscenza clinica a partire dal gene AKT3, qual è i test diagnostici di accompagnamento dei farmaci con evidenza clinica?"
AKT3,Gene:10000,6,Gene,BRAF,"[""Overexpression"", ""AKT3 Overexpression"", ""VEMURAFENIB"", ""cobas 4800 BRAF V600 Mutation Test  (Roche Molecular Systems, Inc.)""]",4,"Seguendo la catena di conoscenza clinica a partire dal gene AKT3, qual è i geni rilevati dai test diagnostici dei farmaci con evidenza clinica?"
AKT3,Gene:10000,7,Variant,G596R,"[""Overexpression"", ""AKT3 Overexpression"", ""VEMURAFENIB"", ""cobas 4800 BRAF V600 Mutation Test  (Roche Molecular Systems, Inc.)"", ""BRAF""]",5,"Seguendo la catena di conoscenza clinica a partire dal gene AKT3, qual è le varianti dei geni rilevati dai test diagnostici dei farmaci con evidenza clinica?"
AKT3,Gene:10000,8,MolecularProfile,BRAF G596R,"[""Overexpression"", ""AKT3 Overexpression"", ""VEMURAFENIB"", ""cobas 4800 BRAF V600 Mutation Test  (Roche Molecular Systems, Inc.)"", ""BRAF"", ""G596R""]",6,"Seguendo la catena di conoscenza clinica a partire dal gene AKT3, qual è i profili molecolari delle varianti dei geni rilevati dai test diagnostici dei farmaci con evidenza clinica?"
ALK,Gene:238,1,Variant,Alternative Transcript (ATI),[],0,"Seguendo la catena di conoscenza clinica a partire dal gene ALK, qual è la variante?"
ALK,Gene:238,2,MolecularProfile,ALK Alternative Transcript (ATI),"[""Alternative Transcript (ATI)""]",1,"Seguendo la catena di conoscenza clinica a partire dal gene ALK, qual è il profilo molecolare della variante?"
ALK,Gene:238,4,Drug,ENTRECTINIB,"[""Alternative Transcript (ATI)"", ""ALK Alternative Transcript (ATI)""]",2,"Seguendo la catena di conoscenza clinica a partire dal gene ALK, qual è i farmaci con evidenza clinica per il profilo molecolare?"
ALK,Gene:238,5,CompanionDiagnostic,"FoundationOne CDx  (Foundation Medicine, Inc.)","[""Alternative Transcript (ATI)"", ""ALK Alternative Transcript (ATI)"", ""ENTRECTINIB""]",3,"Seguendo la catena di conoscenza clinica a partire dal gene ALK, qual è i test diagnostici di accompagnamento dei farmaci con evidenza clinica?"
ALK,Gene:238,6,Gene,NTRK2,"[""Alternative Transcript (ATI)"", ""ALK Alternative Transcript (ATI)"", ""ENTRECTINIB"", ""FoundationOne CDx  (Foundation Medicine, Inc.)""]",4,"Seguendo la catena di conoscenza clinica a partire dal gene ALK, qual è i geni rilevati dai test diagnostici dei farmaci con evidenza clinica?"
ALK,Gene:238,7,Variant,Amplification,"[""Alternative Transcript (ATI)"", ""ALK Alternative Transcript (ATI)"", ""ENTRECTINIB"", ""FoundationOne CDx  (Foundation Medicine, Inc.)"", ""NTRK2""]",5,"Seguendo la catena di conoscenza clinica a partire dal gene ALK, qual è le varianti dei geni rilevati dai test diagnostici dei farmaci con evidenza clinica?"
ALK,Gene:238,8,MolecularProfile,NTRK1 Amplification OR NTRK3 Amplification OR NTRK2 Amplification,"[""Alternative Transcript (ATI)"", ""ALK Alternative Transcript (ATI)"", ""ENTRECTINIB"", ""FoundationOne CDx  (Foundation Medicine, Inc.)"", ""NTRK2"", ""Amplification""]",6,"Seguendo la catena di conoscenza clinica a partire dal gene ALK, qual è i profili molecolari delle varianti dei geni rilevati dai test diagnostici dei farmaci con evidenza clinica?"
ARAF,Gene:369,1,Variant,S214C,[],0,"Seguendo la catena di conoscenza clinica a partire dal gene ARAF, qual è la variante?"
ARAF,Gene:369,2,MolecularProfile,ARAF S214C,"[""S214C""]",1,"Seguendo la catena di conoscenza clinica a partire dal gene ARAF, qual è il profilo molecolare della variante?"
ARAF,Gene:369,4,Drug,TRAMETINIB,"[""S214C"", ""ARAF S214C""]",2,"Seguendo la catena di conoscenza clinica a partire dal gene ARAF, qual è i farmaci con evidenza clinica per il profilo molecolare?"
ARAF,Gene:369,5,CompanionDiagnostic,"FoundationOne CDx  (Foundation Medicine, Inc.)","[""S214C"", ""ARAF S214C"", ""TRAMETINIB""]",3,"Seguendo la catena di conoscenza clinica a partire dal gene ARAF, qual è i test diagnostici di accompagnamento dei farmaci con evidenza clinica?"
ARAF,Gene:369,6,Gene,BRAF,"[""S214C"", ""ARAF S214C"", ""TRAMETINIB"", ""FoundationOne CDx  (Foundation Medicine, Inc.)""]",4,"Seguendo la catena di conoscenza clinica a partire dal gene ARAF, qual è i geni rilevati dai test diagnostici dei farmaci con evidenza clinica?"
ARAF,Gene:369,7,Variant,A598V,"[""S214C"", ""ARAF S214C"", ""TRAMETINIB"", ""FoundationOne CDx  (Foundation Medicine, Inc.)"", ""BRAF""]",5,"Seguendo la catena di conoscenza clinica a partire dal gene ARAF, qual è le varianti dei geni rilevati dai test diagnostici dei farmaci con evidenza clinica?"
ARAF,Gene:369,8,MolecularProfile,BRAF A598V,"[""S214C"", ""ARAF S214C"", ""TRAMETINIB"", ""FoundationOne CDx  (Foundation Medicine, Inc.)"", ""BRAF"", ""A598V""]",6,"Seguendo la catena di conoscenza clinica a partire dal gene ARAF, qual è i profili molecolari delle varianti dei geni rilevati dai test diagnostici dei farmaci con evidenza clinica?"
AREG,Gene:374,1,Variant,Expression,[],0,"Seguendo la catena di conoscenza clinica a partire dal gene AREG, qual è la variante?"
AREG,Gene:374,2,MolecularProfile,AREG Expression,"[""Expression""]",1,"Seguendo la catena di conoscenza clinica a partire dal gene AREG, qual è il profilo molecolare della variante?"
AREG,Gene:374,4,Drug,CRIZOTINIB,"[""Expression"", ""AREG Expression""]",2,"Seguendo la catena di conoscenza clinica a partire dal gene AREG, qual è i farmaci con evidenza clinica per il profilo molecolare?"
AREG,Gene:374,5,CompanionDiagnostic,Oncomine Dx Target Test  (Life Technologies Corporation),"[""Expression"", ""AREG Expression"", ""CRIZOTINIB""]",3,"Seguendo la catena di conoscenza clinica a partire dal gene AREG, qual è i test diagnostici di accompagnamento dei farmaci con evidenza clinica?"
AREG,Gene:374,6,Gene,ROS1,"[""Expression"", ""AREG Expression"", ""CRIZOTINIB"", ""Oncomine Dx Target Test  (Life Technologies Corporation)""]",4,"Seguendo la catena di conoscenza clinica a partire dal gene AREG, qual è i geni rilevati dai test diagnostici dei farmaci con evidenza clinica?"
AREG,Gene:374,7,Variant,G2032R,"[""Expression"", ""AREG Expression"", ""CRIZOTINIB"", ""Oncomine Dx Target Test  (Life Technologies Corporation)"", ""ROS1""]",5,"Seguendo la catena di conoscenza clinica a partire dal gene AREG, qual è le varianti dei geni rilevati dai test diagnostici dei farmaci con evidenza clinica?"
AREG,Gene:374,8,MolecularProfile,ROS1 G2032R,"[""Expression"", ""AREG Expression"", ""CRIZOTINIB"", ""Oncomine Dx Target Test  (Life Technologies Corporation)"", ""ROS1"", ""G2032R""]",6,"Seguendo la catena di conoscenza clinica a partire dal gene AREG, qual è i profili molecolari delle varianti dei geni rilevati dai test diagnostici dei farmaci con evidenza clinica?"
ATM,Gene:472,1,Variant,N2875H,[],0,"Seguendo la catena di conoscenza clinica a partire dal gene ATM, qual è la variante?"
ATM,Gene:472,2,MolecularProfile,ATM N2875H,"[""N2875H""]",1,"Seguendo la catena di conoscenza clinica a partire dal gene ATM, qual è il profilo molecolare della variante?"
ATM,Gene:472,4,Drug,OLAPARIB,"[""N2875H"", ""ATM N2875H""]",2,"Seguendo la catena di conoscenza clinica a partire dal gene ATM, qual è i farmaci con evidenza clinica per il profilo molecolare?"
ATM,Gene:472,5,CompanionDiagnostic,"Myriad myChoice CDx  (Myriad Genetic Laboratories, Inc.)","[""N2875H"", ""ATM N2875H"", ""OLAPARIB""]",3,"Seguendo la catena di conoscenza clinica a partire dal gene ATM, qual è i test diagnostici di accompagnamento dei farmaci con evidenza clinica?"
ATM,Gene:472,6,Gene,BRCA2,"[""N2875H"", ""ATM N2875H"", ""OLAPARIB"", ""Myriad myChoice CDx  (Myriad Genetic Laboratories, Inc.)""]",4,"Seguendo la catena di conoscenza clinica a partire dal gene ATM, qual è i geni rilevati dai test diagnostici dei farmaci con evidenza clinica?"
ATM,Gene:472,7,Variant,TRUNCATING MUTATION,"[""N2875H"", ""ATM N2875H"", ""OLAPARIB"", ""Myriad myChoice CDx  (Myriad Genetic Laboratories, Inc.)"", ""BRCA2""]",5,"Seguendo la catena di conoscenza clinica a partire dal gene ATM, qual è le varianti dei geni rilevati dai test diagnostici dei farmaci con evidenza clinica?"
ATM,Gene:472,8,MolecularProfile,BRCA2 TRUNCATING MUTATION,"[""N2875H"", ""ATM N2875H"", ""OLAPARIB"", ""Myriad myChoice CDx  (Myriad Genetic Laboratories, Inc.)"", ""BRCA2"", ""TRUNCATING MUTATION""]",6,"Seguendo la catena di conoscenza clinica a partire dal gene ATM, qual è i profili molecolari delle varianti dei geni rilevati dai test diagnostici dei farmaci con evidenza clinica?"
BAP1,Gene:8314,1,Variant,ALTERNATIVE TRANSCRIPT (ATI),[],0,"Seguendo la catena di conoscenza clinica a partire dal gene BAP1, qual è la variante?"
BAP1,Gene:8314,2,MolecularProfile,BAP1 ALTERNATIVE TRANSCRIPT (ATI),"[""ALTERNATIVE TRANSCRIPT (ATI)""]",1,"Seguendo la catena di conoscenza clinica a partire dal gene BAP1, qual è il profilo molecolare della variante?"
BAP1,Gene:8314,4,Drug,OLAPARIB,"[""ALTERNATIVE TRANSCRIPT (ATI)"", ""BAP1 ALTERNATIVE TRANSCRIPT (ATI)""]",2,"Seguendo la catena di conoscenza clinica a partire dal gene BAP1, qual è i farmaci con evidenza clinica per il profilo molecolare?"
BAP1,Gene:8314,5,CompanionDiagnostic,"FoundationOne CDx  (Foundation Medicine, Inc.)","[""ALTERNATIVE TRANSCRIPT (ATI)"", ""BAP1 ALTERNATIVE TRANSCRIPT (ATI)"", ""OLAPARIB""]",3,"Seguendo la catena di conoscenza clinica a partire dal gene BAP1, qual è i test diagnostici di accompagnamento dei farmaci con evidenza clinica?"
BAP1,Gene:8314,6,Gene,CHEK2,"[""ALTERNATIVE TRANSCRIPT (ATI)"", ""BAP1 ALTERNATIVE TRANSCRIPT (ATI)"", ""OLAPARIB"", ""FoundationOne CDx  (Foundation Medicine, Inc.)""]",4,"Seguendo la catena di conoscenza clinica a partire dal gene BAP1, qual è i geni rilevati dai test diagnostici dei farmaci con evidenza clinica?"
BAP1,Gene:8314,7,Variant,1100DELC,"[""ALTERNATIVE TRANSCRIPT (ATI)"", ""BAP1 ALTERNATIVE TRANSCRIPT (ATI)"", ""OLAPARIB"", ""FoundationOne CDx  (Foundation Medicine, Inc.)"", ""CHEK2""]",5,"Seguendo la catena di conoscenza clinica a partire dal gene BAP1, qual è le varianti dei geni rilevati dai test diagnostici dei farmaci con evidenza clinica?"
BAP1,Gene:8314,8,MolecularProfile,CHEK2 1100DELC,"[""ALTERNATIVE TRANSCRIPT (ATI)"", ""BAP1 ALTERNATIVE TRANSCRIPT (ATI)"", ""OLAPARIB"", ""FoundationOne CDx  (Foundation Medicine, Inc.)"", ""CHEK2"", ""1100DELC""]",6,"Seguendo la catena di conoscenza clinica a partire dal gene BAP1, qual è i profili molecolari delle varianti dei geni rilevati dai test diagnostici dei farmaci con evidenza clinica?"
BARD1,Gene:580,1,Variant,Loss-of-function,[],0,"Seguendo la catena di conoscenza clinica a partire dal gene BARD1, qual è la variante?"
BARD1,Gene:580,2,MolecularProfile,BARD1 Loss-of-function,"[""Loss-of-function""]",1,"Seguendo la catena di conoscenza clinica a partire dal gene BARD1, qual è il profilo molecolare della variante?"
BARD1,Gene:580,4,Drug,OLAPARIB,"[""Loss-of-function"", ""BARD1 Loss-of-function""]",2,"Seguendo la catena di conoscenza clinica a partire dal gene BARD1, qual è i farmaci con evidenza clinica per il profilo molecolare?"
BARD1,Gene:580,5,CompanionDiagnostic,"BRACAnalysis CDx  (Myriad Genetic Laboratories, Inc.)","[""Loss-of-function"", ""BARD1 Loss-of-function"", ""OLAPARIB""]",3,"Seguendo la catena di conoscenza clinica a partire dal gene BARD1, qual è i test diagnostici di accompagnamento dei farmaci con evidenza clinica?"
BARD1,Gene:580,6,Gene,BRCA1,"[""Loss-of-function"", ""BARD1 Loss-of-function"", ""OLAPARIB"", ""BRACAnalysis CDx  (Myriad Genetic Laboratories, Inc.)""]",4,"Seguendo la catena di conoscenza clinica a partire dal gene BARD1, qual è i geni rilevati dai test diagnostici dei farmaci con evidenza clinica?"
BARD1,Gene:580,7,Variant,Loss-of-function,"[""Loss-of-function"", ""BARD1 Loss-of-function"", ""OLAPARIB"", ""BRACAnalysis CDx  (Myriad Genetic Laboratories, Inc.)"", ""BRCA1""]",5,"Seguendo la catena di conoscenza clinica a partire dal gene BARD1, qual è le varianti dei geni rilevati dai test diagnostici dei farmaci con evidenza clinica?"
BARD1,Gene:580,8,MolecularProfile,BRCA1 Loss-of-function OR BAP1 Loss-of-function,"[""Loss-of-function"", ""BARD1 Loss-of-function"", ""OLAPARIB"", ""BRACAnalysis CDx  (Myriad Genetic Laboratories, Inc.)"", ""BRCA1"", ""Loss-of-function""]",6,"Seguendo la catena di conoscenza clinica a partire dal gene BARD1, qual è i profili molecolari delle varianti dei geni rilevati dai test diagnostici dei farmaci con evidenza clinica?"
BCL2L11,Gene:10018,1,Variant,Deletion Polymorphism,[],0,"Seguendo la catena di conoscenza clinica a partire dal gene BCL2L11, qual è la variante?"
BCL2L11,Gene:10018,2,MolecularProfile,BCL2L11 Deletion Polymorphism,"[""Deletion Polymorphism""]",1,"Seguendo la catena di conoscenza clinica a partire dal gene BCL2L11, qual è il profilo molecolare della variante?"
BCL2L11,Gene:10018,4,Drug,IMATINIB,"[""Deletion Polymorphism"", ""BCL2L11 Deletion Polymorphism""]",2,"Seguendo la catena di conoscenza clinica a partire dal gene BCL2L11, qual è i farmaci con evidenza clinica per il profilo molecolare?"
BCL2L11,Gene:10018,5,CompanionDiagnostic,"PDGFRB FISH Assay  (ARUP Laboratories, Inc.)","[""Deletion Polymorphism"", ""BCL2L11 Deletion Polymorphism"", ""IMATINIB""]",3,"Seguendo la catena di conoscenza clinica a partire dal gene BCL2L11, qual è i test diagnostici di accompagnamento dei farmaci con evidenza clinica?"
BCL2L11,Gene:10018,6,Gene,PDGFRB,"[""Deletion Polymorphism"", ""BCL2L11 Deletion Polymorphism"", ""IMATINIB"", ""PDGFRB FISH Assay  (ARUP Laboratories, Inc.)""]",4,"Seguendo la catena di conoscenza clinica a partire dal gene BCL2L11, qual è i geni rilevati dai test diagnostici dei farmaci con evidenza clinica?"
BCL2L11,Gene:10018,7,Variant,C843G,"[""Deletion Polymorphism"", ""BCL2L11 Deletion Polymorphism"", ""IMATINIB"", ""PDGFRB FISH Assay  (ARUP Laboratories, Inc.)"", ""PDGFRB""]",5,"Seguendo la catena di conoscenza clinica a partire dal gene BCL2L11, qual è le varianti dei geni rilevati dai test diagnostici dei farmaci con evidenza clinica?"
BCL2L11,Gene:10018,8,MolecularProfile,AGGF1::PDGFRB Fusion AND PDGFRB C843G,"[""Deletion Polymorphism"", ""BCL2L11 Deletion Polymorphism"", ""IMATINIB"", ""PDGFRB FISH Assay  (ARUP Laboratories, Inc.)"", ""PDGFRB"", ""C843G""]",6,"Seguendo la catena di conoscenza clinica a partire dal gene BCL2L11, qual è i profili molecolari delle varianti dei geni rilevati dai test diagnostici dei farmaci con evidenza clinica?"
BIRC5,Gene:332,1,Variant,Overexpression,[],0,"Seguendo la catena di conoscenza clinica a partire dal gene BIRC5, qual è la variante?"
BIRC5,Gene:332,2,MolecularProfile,BIRC5 Overexpression,"[""Overexpression""]",1,"Seguendo la catena di conoscenza clinica a partire dal gene BIRC5, qual è il profilo molecolare della variante?"
BIRC5,Gene:332,4,Drug,TRASTUZUMAB,"[""Overexpression"", ""BIRC5 Overexpression""]",2,"Seguendo la catena di conoscenza clinica a partire dal gene BIRC5, qual è i farmaci con evidenza clinica per il profilo molecolare?"
BIRC5,Gene:332,5,CompanionDiagnostic,HER2 CISH pharmDx Kit  (Dako Denmark A/S),"[""Overexpression"", ""BIRC5 Overexpression"", ""TRASTUZUMAB""]",3,"Seguendo la catena di conoscenza clinica a partire dal gene BIRC5, qual è i test diagnostici di accompagnamento dei farmaci con evidenza clinica?"
BIRC5,Gene:332,6,Gene,ERBB2,"[""Overexpression"", ""BIRC5 Overexpression"", ""TRASTUZUMAB"", ""HER2 CISH pharmDx Kit  (Dako Denmark A/S)""]",4,"Seguendo la catena di conoscenza clinica a partire dal gene BIRC5, qual è i geni rilevati dai test diagnostici dei farmaci con evidenza clinica?"
BIRC5,Gene:332,7,Variant,T862A,"[""Overexpression"", ""BIRC5 Overexpression"", ""TRASTUZUMAB"", ""HER2 CISH pharmDx Kit  (Dako Denmark A/S)"", ""ERBB2""]",5,"Seguendo la catena di conoscenza clinica a partire dal gene BIRC5, qual è le varianti dei geni rilevati dai test diagnostici dei farmaci con evidenza clinica?"
BIRC5,Gene:332,8,MolecularProfile,ERBB2 T862A,"[""Overexpression"", ""BIRC5 Overexpression"", ""TRASTUZUMAB"", ""HER2 CISH pharmDx Kit  (Dako Denmark A/S)"", ""ERBB2"", ""T862A""]",6,"Seguendo la catena di conoscenza clinica a partire dal gene BIRC5, qual è i profili molecolari delle varianti dei geni rilevati dai test diagnostici dei farmaci con evidenza clinica?"
BRAF,Gene:673,1,Variant,Amplification,[],0,"Seguendo la catena di conoscenza clinica a partire dal gene BRAF, qual è la variante?"
BRAF,Gene:673,2,MolecularProfile,BRAF Amplification,"[""Amplification""]",1,"Seguendo la catena di conoscenza clinica a partire dal gene BRAF, qual è il profilo molecolare della variante?"
BRAF,Gene:673,4,Drug,PANITUMUMAB,"[""Amplification"", ""BRAF Amplification""]",2,"Seguendo la catena di conoscenza clinica a partire dal gene BRAF, qual è i farmaci con evidenza clinica per il profilo molecolare?"
BRAF,Gene:673,5,CompanionDiagnostic,"FoundationOne CDx  (Foundation Medicine, Inc.)","[""Amplification"", ""BRAF Amplification"", ""PANITUMUMAB""]",3,"Seguendo la catena di conoscenza clinica a partire dal gene BRAF, qual è i test diagnostici di accompagnamento dei farmaci con evidenza clinica?"
BRAF,Gene:673,6,Gene,KRAS,"[""Amplification"", ""BRAF Amplification"", ""PANITUMUMAB"", ""FoundationOne CDx  (Foundation Medicine, Inc.)""]",4,"Seguendo la catena di conoscenza clinica a partire dal gene BRAF, qual è i geni rilevati dai test diagnostici dei farmaci con evidenza clinica?"
BRAF,Gene:673,7,Variant,Q61H,"[""Amplification"", ""BRAF Amplification"", ""PANITUMUMAB"", ""FoundationOne CDx  (Foundation Medicine, Inc.)"", ""KRAS""]",5,"Seguendo la catena di conoscenza clinica a partire dal gene BRAF, qual è le varianti dei geni rilevati dai test diagnostici dei farmaci con evidenza clinica?"
BRAF,Gene:673,8,MolecularProfile,KRAS Q61H,"[""Amplification"", ""BRAF Amplification"", ""PANITUMUMAB"", ""FoundationOne CDx  (Foundation Medicine, Inc.)"", ""KRAS"", ""Q61H""]",6,"Seguendo la catena di conoscenza clinica a partire dal gene BRAF, qual è i profili molecolari delle varianti dei geni rilevati dai test diagnostici dei farmaci con evidenza clinica?"
BRCA1,Gene:672,1,Variant,Q1467*,[],0,"Seguendo la catena di conoscenza clinica a partire dal gene BRCA1, qual è la variante?"
BRCA1,Gene:672,2,MolecularProfile,BRCA1 Q1467*,"[""Q1467*""]",1,"Seguendo la catena di conoscenza clinica a partire dal gene BRCA1, qual è il profilo molecolare della variante?"
BRCA1,Gene:672,4,Drug,RUCAPARIB PHOSPHATE,"[""Q1467*"", ""BRCA1 Q1467*""]",2,"Seguendo la catena di conoscenza clinica a partire dal gene BRCA1, qual è i farmaci con evidenza clinica per il profilo molecolare?"
BRCA1,Gene:672,5,CompanionDiagnostic,"BRACAnalysis CDx  (Myriad Genetic Laboratories, Inc.)","[""Q1467*"", ""BRCA1 Q1467*"", ""RUCAPARIB PHOSPHATE""]",3,"Seguendo la catena di conoscenza clinica a partire dal gene BRCA1, qual è i test diagnostici di accompagnamento dei farmaci con evidenza clinica?"
BRCA1,Gene:672,6,Gene,BRCA2,"[""Q1467*"", ""BRCA1 Q1467*"", ""RUCAPARIB PHOSPHATE"", ""BRACAnalysis CDx  (Myriad Genetic Laboratories, Inc.)""]",4,"Seguendo la catena di conoscenza clinica a partire dal gene BRCA1, qual è i geni rilevati dai test diagnostici dei farmaci con evidenza clinica?"
BRCA1,Gene:672,7,Variant,K3326*,"[""Q1467*"", ""BRCA1 Q1467*"", ""RUCAPARIB PHOSPHATE"", ""BRACAnalysis CDx  (Myriad Genetic Laboratories, Inc.)"", ""BRCA2""]",5,"Seguendo la catena di conoscenza clinica a partire dal gene BRCA1, qual è le varianti dei geni rilevati dai test diagnostici dei farmaci con evidenza clinica?"
BRCA1,Gene:672,8,MolecularProfile,BRCA2 K3326*,"[""Q1467*"", ""BRCA1 Q1467*"", ""RUCAPARIB PHOSPHATE"", ""BRACAnalysis CDx  (Myriad Genetic Laboratories, Inc.)"", ""BRCA2"", ""K3326*""]",6,"Seguendo la catena di conoscenza clinica a partire dal gene BRCA1, qual è i profili molecolari delle varianti dei geni rilevati dai test diagnostici dei farmaci con evidenza clinica?"
BRCA2,Gene:675,1,Variant,R2336P,[],0,"Seguendo la catena di conoscenza clinica a partire dal gene BRCA2, qual è la variante?"
BRCA2,Gene:675,2,MolecularProfile,BRCA2 R2336P,"[""R2336P""]",1,"Seguendo la catena di conoscenza clinica a partire dal gene BRCA2, qual è il profilo molecolare della variante?"
BRCA2,Gene:675,4,Drug,RUCAPARIB PHOSPHATE,"[""R2336P"", ""BRCA2 R2336P""]",2,"Seguendo la catena di conoscenza clinica a partire dal gene BRCA2, qual è i farmaci con evidenza clinica per il profilo molecolare?"
BRCA2,Gene:675,5,CompanionDiagnostic,"BRACAnalysis CDx  (Myriad Genetic Laboratories, Inc.)","[""R2336P"", ""BRCA2 R2336P"", ""RUCAPARIB PHOSPHATE""]",3,"Seguendo la catena di conoscenza clinica a partire dal gene BRCA2, qual è i test diagnostici di accompagnamento dei farmaci con evidenza clinica?"
BRCA2,Gene:675,6,Gene,BRCA1,"[""R2336P"", ""BRCA2 R2336P"", ""RUCAPARIB PHOSPHATE"", ""BRACAnalysis CDx  (Myriad Genetic Laboratories, Inc.)""]",4,"Seguendo la catena di conoscenza clinica a partire dal gene BRCA2, qual è i geni rilevati dai test diagnostici dei farmaci con evidenza clinica?"
BRCA2,Gene:675,7,Variant,Alu insertion,"[""R2336P"", ""BRCA2 R2336P"", ""RUCAPARIB PHOSPHATE"", ""BRACAnalysis CDx  (Myriad Genetic Laboratories, Inc.)"", ""BRCA1""]",5,"Seguendo la catena di conoscenza clinica a partire dal gene BRCA2, qual è le varianti dei geni rilevati dai test diagnostici dei farmaci con evidenza clinica?"
BRCA2,Gene:675,8,MolecularProfile,BRCA1 Alu insertion,"[""R2336P"", ""BRCA2 R2336P"", ""RUCAPARIB PHOSPHATE"", ""BRACAnalysis CDx  (Myriad Genetic Laboratories, Inc.)"", ""BRCA1"", ""Alu insertion""]",6,"Seguendo la catena di conoscenza clinica a partire dal gene BRCA2, qual è i profili molecolari delle varianti dei geni rilevati dai test diagnostici dei farmaci con evidenza clinica?"
BRIP1,Gene:83990,1,Variant,Mutation,[],0,"Seguendo la catena di conoscenza clinica a partire dal gene BRIP1, qual è la variante?"
BRIP1,Gene:83990,2,MolecularProfile,BRIP1 Mutation,"[""Mutation""]",1,"Seguendo la catena di conoscenza clinica a partire dal gene BRIP1, qual è il profilo molecolare della variante?"
BRIP1,Gene:83990,4,Drug,OLAPARIB,"[""Mutation"", ""BRIP1 Mutation""]",2,"Seguendo la catena di conoscenza clinica a partire dal gene BRIP1, qual è i farmaci con evidenza clinica per il profilo molecolare?"
BRIP1,Gene:83990,5,CompanionDiagnostic,"FoundationOne CDx  (Foundation Medicine, Inc.)","[""Mutation"", ""BRIP1 Mutation"", ""OLAPARIB""]",3,"Seguendo la catena di conoscenza clinica a partire dal gene BRIP1, qual è i test diagnostici di accompagnamento dei farmaci con evidenza clinica?"
BRIP1,Gene:83990,6,Gene,ATM,"[""Mutation"", ""BRIP1 Mutation"", ""OLAPARIB"", ""FoundationOne CDx  (Foundation Medicine, Inc.)""]",4,"Seguendo la catena di conoscenza clinica a partire dal gene BRIP1, qual è i geni rilevati dai test diagnostici dei farmaci con evidenza clinica?"
BRIP1,Gene:83990,7,Variant,C2488Y,"[""Mutation"", ""BRIP1 Mutation"", ""OLAPARIB"", ""FoundationOne CDx  (Foundation Medicine, Inc.)"", ""ATM""]",5,"Seguendo la catena di conoscenza clinica a partire dal gene BRIP1, qual è le varianti dei geni rilevati dai test diagnostici dei farmaci con evidenza clinica?"
BRIP1,Gene:83990,8,MolecularProfile,ATM C2488Y,"[""Mutation"", ""BRIP1 Mutation"", ""OLAPARIB"", ""FoundationOne CDx  (Foundation Medicine, Inc.)"", ""ATM"", ""C2488Y""]",6,"Seguendo la catena di conoscenza clinica a partire dal gene BRIP1, qual è i profili molecolari delle varianti dei geni rilevati dai test diagnostici dei farmaci con evidenza clinica?"
CBLC,Gene:23624,1,Variant,EXPRESSION,[],0,"Seguendo la catena di conoscenza clinica a partire dal gene CBLC, qual è la variante?"
CBLC,Gene:23624,2,MolecularProfile,CBLC EXPRESSION,"[""EXPRESSION""]",1,"Seguendo la catena di conoscenza clinica a partire dal gene CBLC, qual è il profilo molecolare della variante?"
CBLC,Gene:23624,4,Drug,OLAPARIB,"[""EXPRESSION"", ""CBLC EXPRESSION""]",2,"Seguendo la catena di conoscenza clinica a partire dal gene CBLC, qual è i farmaci con evidenza clinica per il profilo molecolare?"
CBLC,Gene:23624,5,CompanionDiagnostic,"FoundationOne Liquid CDx  (Foundation Medicine, Inc.)","[""EXPRESSION"", ""CBLC EXPRESSION"", ""OLAPARIB""]",3,"Seguendo la catena di conoscenza clinica a partire dal gene CBLC, qual è i test diagnostici di accompagnamento dei farmaci con evidenza clinica?"
CBLC,Gene:23624,6,Gene,ATM,"[""EXPRESSION"", ""CBLC EXPRESSION"", ""OLAPARIB"", ""FoundationOne Liquid CDx  (Foundation Medicine, Inc.)""]",4,"Seguendo la catena di conoscenza clinica a partire dal gene CBLC, qual è i geni rilevati dai test diagnostici dei farmaci con evidenza clinica?"
CBLC,Gene:23624,7,Variant,c.7515+1_2del,"[""EXPRESSION"", ""CBLC EXPRESSION"", ""OLAPARIB"", ""FoundationOne Liquid CDx  (Foundation Medicine, Inc.)"", ""ATM""]",5,"Seguendo la catena di conoscenza clinica a partire dal gene CBLC, qual è le varianti dei geni rilevati dai test diagnostici dei farmaci con evidenza clinica?"
CBLC,Gene:23624,8,MolecularProfile,ATM c.7515+1_2del,"[""EXPRESSION"", ""CBLC EXPRESSION"", ""OLAPARIB"", ""FoundationOne Liquid CDx  (Foundation Medicine, Inc.)"", ""ATM"", ""c.7515+1_2del""]",6,"Seguendo la catena di conoscenza clinica a partire dal gene CBLC, qual è i profili molecolari delle varianti dei geni rilevati dai test diagnostici dei farmaci con evidenza clinica?"
CDK12,Gene:51755,1,Variant,Mutation,[],0,"Seguendo la catena di conoscenza clinica a partire dal gene CDK12, qual è la variante?"
CDK12,Gene:51755,2,MolecularProfile,CDK12 Mutation,"[""Mutation""]",1,"Seguendo la catena di conoscenza clinica a partire dal gene CDK12, qual è il profilo molecolare della variante?"
CDK12,Gene:51755,4,Drug,OLAPARIB,"[""Mutation"", ""CDK12 Mutation""]",2,"Seguendo la catena di conoscenza clinica a partire dal gene CDK12, qual è i farmaci con evidenza clinica per il profilo molecolare?"
CDK12,Gene:51755,5,CompanionDiagnostic,"FoundationOne Liquid CDx  (Foundation Medicine, Inc.)","[""Mutation"", ""CDK12 Mutation"", ""OLAPARIB""]",3,"Seguendo la catena di conoscenza clinica a partire dal gene CDK12, qual è i test diagnostici di accompagnamento dei farmaci con evidenza clinica?"
CDK12,Gene:51755,6,Gene,ATM,"[""Mutation"", ""CDK12 Mutation"", ""OLAPARIB"", ""FoundationOne Liquid CDx  (Foundation Medicine, Inc.)""]",4,"Seguendo la catena di conoscenza clinica a partire dal gene CDK12, qual è i geni rilevati dai test diagnostici dei farmaci con evidenza clinica?"
CDK12,Gene:51755,7,Variant,F2732V,"[""Mutation"", ""CDK12 Mutation"", ""OLAPARIB"", ""FoundationOne Liquid CDx  (Foundation Medicine, Inc.)"", ""ATM""]",5,"Seguendo la catena di conoscenza clinica a partire dal gene CDK12, qual è le varianti dei geni rilevati dai test diagnostici dei farmaci con evidenza clinica?"
CDK12,Gene:51755,8,MolecularProfile,ATM F2732V,"[""Mutation"", ""CDK12 Mutation"", ""OLAPARIB"", ""FoundationOne Liquid CDx  (Foundation Medicine, Inc.)"", ""ATM"", ""F2732V""]",6,"Seguendo la catena di conoscenza clinica a partire dal gene CDK12, qual è i profili molecolari delle varianti dei geni rilevati dai test diagnostici dei farmaci con evidenza clinica?"
CDK4,Gene:1019,1,Variant,EXPRESSION,[],0,"Seguendo la catena di conoscenza clinica a partire dal gene CDK4, qual è la variante?"
CDK4,Gene:1019,2,MolecularProfile,CDK4 EXPRESSION,"[""EXPRESSION""]",1,"Seguendo la catena di conoscenza clinica a partire dal gene CDK4, qual è il profilo molecolare della variante?"
CDK4,Gene:1019,4,Drug,ALPELISIB,"[""EXPRESSION"", ""CDK4 EXPRESSION""]",2,"Seguendo la catena di conoscenza clinica a partire dal gene CDK4, qual è i farmaci con evidenza clinica per il profilo molecolare?"
CDK4,Gene:1019,5,CompanionDiagnostic,MI Cancer Seek (MCS) (Caris Life Sciences),"[""EXPRESSION"", ""CDK4 EXPRESSION"", ""ALPELISIB""]",3,"Seguendo la catena di conoscenza clinica a partire dal gene CDK4, qual è i test diagnostici di accompagnamento dei farmaci con evidenza clinica?"
CDK4,Gene:1019,6,Gene,PIK3CA,"[""EXPRESSION"", ""CDK4 EXPRESSION"", ""ALPELISIB"", ""MI Cancer Seek (MCS) (Caris Life Sciences)""]",4,"Seguendo la catena di conoscenza clinica a partire dal gene CDK4, qual è i geni rilevati dai test diagnostici dei farmaci con evidenza clinica?"
CDK4,Gene:1019,7,Variant,E545K,"[""EXPRESSION"", ""CDK4 EXPRESSION"", ""ALPELISIB"", ""MI Cancer Seek (MCS) (Caris Life Sciences)"", ""PIK3CA""]",5,"Seguendo la catena di conoscenza clinica a partire dal gene CDK4, qual è le varianti dei geni rilevati dai test diagnostici dei farmaci con evidenza clinica?"
CDK4,Gene:1019,8,MolecularProfile,PIK3CA E545K OR PIK3CA E545Q OR PIK3CA E545A OR PIK3CA E545G OR PIK3CA E545V OR PIK3CA E545D OR PIK3CA E545L OR PIK3CA E545R,"[""EXPRESSION"", ""CDK4 EXPRESSION"", ""ALPELISIB"", ""MI Cancer Seek (MCS) (Caris Life Sciences)"", ""PIK3CA"", ""E545K""]",6,"Seguendo la catena di conoscenza clinica a partire dal gene CDK4, qual è i profili molecolari delle varianti dei geni rilevati dai test diagnostici dei farmaci con evidenza clinica?"
CDKN2A,Gene:1029,1,Variant,p16 Expression,[],0,"Seguendo la catena di conoscenza clinica a partire dal gene CDKN2A, qual è la variante?"
CDKN2A,Gene:1029,2,MolecularProfile,CDKN2A p16 Expression,"[""p16 Expression""]",1,"Seguendo la catena di conoscenza clinica a partire dal gene CDKN2A, qual è il profilo molecolare della variante?"
CDKN2A,Gene:1029,4,Drug,PANITUMUMAB,"[""p16 Expression"", ""CDKN2A p16 Expression""]",2,"Seguendo la catena di conoscenza clinica a partire dal gene CDKN2A, qual è i farmaci con evidenza clinica per il profilo molecolare?"
CDKN2A,Gene:1029,5,CompanionDiagnostic,MI Cancer Seek (MCS) (Caris Life Sciences),"[""p16 Expression"", ""CDKN2A p16 Expression"", ""PANITUMUMAB""]",3,"Seguendo la catena di conoscenza clinica a partire dal gene CDKN2A, qual è i test diagnostici di accompagnamento dei farmaci con evidenza clinica?"
CDKN2A,Gene:1029,6,Gene,KRAS,"[""p16 Expression"", ""CDKN2A p16 Expression"", ""PANITUMUMAB"", ""MI Cancer Seek (MCS) (Caris Life Sciences)""]",4,"Seguendo la catena di conoscenza clinica a partire dal gene CDKN2A, qual è i geni rilevati dai test diagnostici dei farmaci con evidenza clinica?"
CDKN2A,Gene:1029,7,Variant,Q22*,"[""p16 Expression"", ""CDKN2A p16 Expression"", ""PANITUMUMAB"", ""MI Cancer Seek (MCS) (Caris Life Sciences)"", ""KRAS""]",5,"Seguendo la catena di conoscenza clinica a partire dal gene CDKN2A, qual è le varianti dei geni rilevati dai test diagnostici dei farmaci con evidenza clinica?"
CDKN2A,Gene:1029,8,MolecularProfile,KRAS Q22*,"[""p16 Expression"", ""CDKN2A p16 Expression"", ""PANITUMUMAB"", ""MI Cancer Seek (MCS) (Caris Life Sciences)"", ""KRAS"", ""Q22*""]",6,"Seguendo la catena di conoscenza clinica a partire dal gene CDKN2A, qual è i profili molecolari delle varianti dei geni rilevati dai test diagnostici dei farmaci con evidenza clinica?"
CHEK1,Gene:1111,1,Variant,Overexpression,[],0,"Seguendo la catena di conoscenza clinica a partire dal gene CHEK1, qual è la variante?"
CHEK1,Gene:1111,2,MolecularProfile,CHEK1 Overexpression,"[""Overexpression""]",1,"Seguendo la catena di conoscenza clinica a partire dal gene CHEK1, qual è il profilo molecolare della variante?"
CHEK1,Gene:1111,4,Drug,OLAPARIB,"[""Overexpression"", ""CHEK1 Overexpression""]",2,"Seguendo la catena di conoscenza clinica a partire dal gene CHEK1, qual è i farmaci con evidenza clinica per il profilo molecolare?"
CHEK1,Gene:1111,5,CompanionDiagnostic,"BRACAnalysis CDx  (Myriad Genetic Laboratories, Inc.)","[""Overexpression"", ""CHEK1 Overexpression"", ""OLAPARIB""]",3,"Seguendo la catena di conoscenza clinica a partire dal gene CHEK1, qual è i test diagnostici di accompagnamento dei farmaci con evidenza clinica?"
CHEK1,Gene:1111,6,Gene,BRCA2,"[""Overexpression"", ""CHEK1 Overexpression"", ""OLAPARIB"", ""BRACAnalysis CDx  (Myriad Genetic Laboratories, Inc.)""]",4,"Seguendo la catena di conoscenza clinica a partire dal gene CHEK1, qual è i geni rilevati dai test diagnostici dei farmaci con evidenza clinica?"
CHEK1,Gene:1111,7,Variant,D3095E,"[""Overexpression"", ""CHEK1 Overexpression"", ""OLAPARIB"", ""BRACAnalysis CDx  (Myriad Genetic Laboratories, Inc.)"", ""BRCA2""]",5,"Seguendo la catena di conoscenza clinica a partire dal gene CHEK1, qual è le varianti dei geni rilevati dai test diagnostici dei farmaci con evidenza clinica?"
CHEK1,Gene:1111,8,MolecularProfile,BRCA2 D3095E,"[""Overexpression"", ""CHEK1 Overexpression"", ""OLAPARIB"", ""BRACAnalysis CDx  (Myriad Genetic Laboratories, Inc.)"", ""BRCA2"", ""D3095E""]",6,"Seguendo la catena di conoscenza clinica a partire dal gene CHEK1, qual è i profili molecolari delle varianti dei geni rilevati dai test diagnostici dei farmaci con evidenza clinica?"
CHEK2,Gene:11200,1,Variant,mutation,[],0,"Seguendo la catena di conoscenza clinica a partire dal gene CHEK2, qual è la variante?"
CHEK2,Gene:11200,2,MolecularProfile,CHEK2 mutation,"[""mutation""]",1,"Seguendo la catena di conoscenza clinica a partire dal gene CHEK2, qual è il profilo molecolare della variante?"
CHEK2,Gene:11200,4,Drug,OLAPARIB,"[""mutation"", ""CHEK2 mutation""]",2,"Seguendo la catena di conoscenza clinica a partire dal gene CHEK2, qual è i farmaci con evidenza clinica per il profilo molecolare?"
CHEK2,Gene:11200,5,CompanionDiagnostic,"FoundationOne CDx  (Foundation Medicine, Inc.)","[""mutation"", ""CHEK2 mutation"", ""OLAPARIB""]",3,"Seguendo la catena di conoscenza clinica a partire dal gene CHEK2, qual è i test diagnostici di accompagnamento dei farmaci con evidenza clinica?"
CHEK2,Gene:11200,6,Gene,PALB2,"[""mutation"", ""CHEK2 mutation"", ""OLAPARIB"", ""FoundationOne CDx  (Foundation Medicine, Inc.)""]",4,"Seguendo la catena di conoscenza clinica a partire dal gene CHEK2, qual è i geni rilevati dai test diagnostici dei farmaci con evidenza clinica?"
CHEK2,Gene:11200,7,Variant,Mutation,"[""mutation"", ""CHEK2 mutation"", ""OLAPARIB"", ""FoundationOne CDx  (Foundation Medicine, Inc.)"", ""PALB2""]",5,"Seguendo la catena di conoscenza clinica a partire dal gene CHEK2, qual è le varianti dei geni rilevati dai test diagnostici dei farmaci con evidenza clinica?"
CHEK2,Gene:11200,8,MolecularProfile,PALB2 Mutation,"[""mutation"", ""CHEK2 mutation"", ""OLAPARIB"", ""FoundationOne CDx  (Foundation Medicine, Inc.)"", ""PALB2"", ""Mutation""]",6,"Seguendo la catena di conoscenza clinica a partire dal gene CHEK2, qual è i profili molecolari delle varianti dei geni rilevati dai test diagnostici dei farmaci con evidenza clinica?"
DDR2,Gene:4921,1,Variant,S768R,[],0,"Seguendo la catena di conoscenza clinica a partire dal gene DDR2, qual è la variante?"
DDR2,Gene:4921,2,MolecularProfile,DDR2 S768R,"[""S768R""]",1,"Seguendo la catena di conoscenza clinica a partire dal gene DDR2, qual è il profilo molecolare della variante?"
DDR2,Gene:4921,4,Drug,ERLOTINIB,"[""S768R"", ""DDR2 S768R""]",2,"Seguendo la catena di conoscenza clinica a partire dal gene DDR2, qual è i farmaci con evidenza clinica per il profilo molecolare?"
DDR2,Gene:4921,5,CompanionDiagnostic,"cobas EGFR Mutation Test v1  (Roche Molecular Systems, Inc.)","[""S768R"", ""DDR2 S768R"", ""ERLOTINIB""]",3,"Seguendo la catena di conoscenza clinica a partire dal gene DDR2, qual è i test diagnostici di accompagnamento dei farmaci con evidenza clinica?"
DDR2,Gene:4921,6,Gene,EGFR,"[""S768R"", ""DDR2 S768R"", ""ERLOTINIB"", ""cobas EGFR Mutation Test v1  (Roche Molecular Systems, Inc.)""]",4,"Seguendo la catena di conoscenza clinica a partire dal gene DDR2, qual è i geni rilevati dai test diagnostici dei farmaci con evidenza clinica?"
DDR2,Gene:4921,7,Variant,L861Q,"[""S768R"", ""DDR2 S768R"", ""ERLOTINIB"", ""cobas EGFR Mutation Test v1  (Roche Molecular Systems, Inc.)"", ""EGFR""]",5,"Seguendo la catena di conoscenza clinica a partire dal gene DDR2, qual è le varianti dei geni rilevati dai test diagnostici dei farmaci con evidenza clinica?"
DDR2,Gene:4921,8,MolecularProfile,EGFR L861Q,"[""S768R"", ""DDR2 S768R"", ""ERLOTINIB"", ""cobas EGFR Mutation Test v1  (Roche Molecular Systems, Inc.)"", ""EGFR"", ""L861Q""]",6,"Seguendo la catena di conoscenza clinica a partire dal gene DDR2, qual è i profili molecolari delle varianti dei geni rilevati dai test diagnostici dei farmaci con evidenza clinica?"
DDX43,Gene:55510,1,Variant,Overexpression,[],0,"Seguendo la catena di conoscenza clinica a partire dal gene DDX43, qual è la variante?"
DDX43,Gene:55510,2,MolecularProfile,DDX43 Overexpression,"[""Overexpression""]",1,"Seguendo la catena di conoscenza clinica a partire dal gene DDX43, qual è il profilo molecolare della variante?"
DDX43,Gene:55510,4,Drug,TRAMETINIB,"[""Overexpression"", ""DDX43 Overexpression""]",2,"Seguendo la catena di conoscenza clinica a partire dal gene DDX43, qual è i farmaci con evidenza clinica per il profilo molecolare?"
DDX43,Gene:55510,5,CompanionDiagnostic,THXID BRAF Kit  (bioMérieux Inc.),"[""Overexpression"", ""DDX43 Overexpression"", ""TRAMETINIB""]",3,"Seguendo la catena di conoscenza clinica a partire dal gene DDX43, qual è i test diagnostici di accompagnamento dei farmaci con evidenza clinica?"
DDX43,Gene:55510,6,Gene,BRAF,"[""Overexpression"", ""DDX43 Overexpression"", ""TRAMETINIB"", ""THXID BRAF Kit  (bioMérieux Inc.)""]",4,"Seguendo la catena di conoscenza clinica a partire dal gene DDX43, qual è i geni rilevati dai test diagnostici dei farmaci con evidenza clinica?"
DDX43,Gene:55510,7,Variant,V600D,"[""Overexpression"", ""DDX43 Overexpression"", ""TRAMETINIB"", ""THXID BRAF Kit  (bioMérieux Inc.)"", ""BRAF""]",5,"Seguendo la catena di conoscenza clinica a partire dal gene DDX43, qual è le varianti dei geni rilevati dai test diagnostici dei farmaci con evidenza clinica?"
DDX43,Gene:55510,8,MolecularProfile,BRAF V600D,"[""Overexpression"", ""DDX43 Overexpression"", ""TRAMETINIB"", ""THXID BRAF Kit  (bioMérieux Inc.)"", ""BRAF"", ""V600D""]",6,"Seguendo la catena di conoscenza clinica a partire dal gene DDX43, qual è i profili molecolari delle varianti dei geni rilevati dai test diagnostici dei farmaci con evidenza clinica?"
DUSP6,Gene:1848,1,Variant,EXPRESSION,[],0,"Seguendo la catena di conoscenza clinica a partire dal gene DUSP6, qual è la variante?"
DUSP6,Gene:1848,2,MolecularProfile,DUSP6 EXPRESSION,"[""EXPRESSION""]",1,"Seguendo la catena di conoscenza clinica a partire dal gene DUSP6, qual è il profilo molecolare della variante?"
DUSP6,Gene:1848,4,Drug,TRAMETINIB,"[""EXPRESSION"", ""DUSP6 EXPRESSION""]",2,"Seguendo la catena di conoscenza clinica a partire dal gene DUSP6, qual è i farmaci con evidenza clinica per il profilo molecolare?"
DUSP6,Gene:1848,5,CompanionDiagnostic,"FoundationOne CDx  (Foundation Medicine, Inc.)","[""EXPRESSION"", ""DUSP6 EXPRESSION"", ""TRAMETINIB""]",3,"Seguendo la catena di conoscenza clinica a partire dal gene DUSP6, qual è i test diagnostici di accompagnamento dei farmaci con evidenza clinica?"
DUSP6,Gene:1848,6,Gene,BRAF,"[""EXPRESSION"", ""DUSP6 EXPRESSION"", ""TRAMETINIB"", ""FoundationOne CDx  (Foundation Medicine, Inc.)""]",4,"Seguendo la catena di conoscenza clinica a partire dal gene DUSP6, qual è i geni rilevati dai test diagnostici dei farmaci con evidenza clinica?"
DUSP6,Gene:1848,7,Variant,Non-V600,"[""EXPRESSION"", ""DUSP6 EXPRESSION"", ""TRAMETINIB"", ""FoundationOne CDx  (Foundation Medicine, Inc.)"", ""BRAF""]",5,"Seguendo la catena di conoscenza clinica a partire dal gene DUSP6, qual è le varianti dei geni rilevati dai test diagnostici dei farmaci con evidenza clinica?"
DUSP6,Gene:1848,8,MolecularProfile,BRAF Non-V600,"[""EXPRESSION"", ""DUSP6 EXPRESSION"", ""TRAMETINIB"", ""FoundationOne CDx  (Foundation Medicine, Inc.)"", ""BRAF"", ""Non-V600""]",6,"Seguendo la catena di conoscenza clinica a partire dal gene DUSP6, qual è i profili molecolari delle varianti dei geni rilevati dai test diagnostici dei farmaci con evidenza clinica?"
EGF,Gene:1950,1,Variant,EXPRESSION,[],0,"Seguendo la catena di conoscenza clinica a partire dal gene EGF, qual è la variante?"
EGF,Gene:1950,2,MolecularProfile,EGF EXPRESSION,"[""EXPRESSION""]",1,"Seguendo la catena di conoscenza clinica a partire dal gene EGF, qual è il profilo molecolare della variante?"
EGF,Gene:1950,4,Drug,CETUXIMAB,"[""EXPRESSION"", ""EGF EXPRESSION""]",2,"Seguendo la catena di conoscenza clinica a partire dal gene EGF, qual è i farmaci con evidenza clinica per il profilo molecolare?"
EGF,Gene:1950,5,CompanionDiagnostic,"xT CDx  (Tempus Labs, Inc.)","[""EXPRESSION"", ""EGF EXPRESSION"", ""CETUXIMAB""]",3,"Seguendo la catena di conoscenza clinica a partire dal gene EGF, qual è i test diagnostici di accompagnamento dei farmaci con evidenza clinica?"
EGF,Gene:1950,6,Gene,KRAS,"[""EXPRESSION"", ""EGF EXPRESSION"", ""CETUXIMAB"", ""xT CDx  (Tempus Labs, Inc.)""]",4,"Seguendo la catena di conoscenza clinica a partire dal gene EGF, qual è i geni rilevati dai test diagnostici dei farmaci con evidenza clinica?"
EGF,Gene:1950,7,Variant,G13D,"[""EXPRESSION"", ""EGF EXPRESSION"", ""CETUXIMAB"", ""xT CDx  (Tempus Labs, Inc.)"", ""KRAS""]",5,"Seguendo la catena di conoscenza clinica a partire dal gene EGF, qual è le varianti dei geni rilevati dai test diagnostici dei farmaci con evidenza clinica?"
EGF,Gene:1950,8,MolecularProfile,KRAS G13D,"[""EXPRESSION"", ""EGF EXPRESSION"", ""CETUXIMAB"", ""xT CDx  (Tempus Labs, Inc.)"", ""KRAS"", ""G13D""]",6,"Seguendo la catena di conoscenza clinica a partire dal gene EGF, qual è i profili molecolari delle varianti dei geni rilevati dai test diagnostici dei farmaci con evidenza clinica?"
EGFR,Gene:1956,1,Variant,G719S,[],0,"Seguendo la catena di conoscenza clinica a partire dal gene EGFR, qual è la variante?"
EGFR,Gene:1956,2,MolecularProfile,EGFR G719S,"[""G719S""]",1,"Seguendo la catena di conoscenza clinica a partire dal gene EGFR, qual è il profilo molecolare della variante?"
EGFR,Gene:1956,4,Drug,CETUXIMAB,"[""G719S"", ""EGFR G719S""]",2,"Seguendo la catena di conoscenza clinica a partire dal gene EGFR, qual è i farmaci con evidenza clinica per il profilo molecolare?"
EGFR,Gene:1956,5,CompanionDiagnostic,"xT CDx  (Tempus Labs, Inc.)","[""G719S"", ""EGFR G719S"", ""CETUXIMAB""]",3,"Seguendo la catena di conoscenza clinica a partire dal gene EGFR, qual è i test diagnostici di accompagnamento dei farmaci con evidenza clinica?"
EGFR,Gene:1956,6,Gene,KRAS,"[""G719S"", ""EGFR G719S"", ""CETUXIMAB"", ""xT CDx  (Tempus Labs, Inc.)""]",4,"Seguendo la catena di conoscenza clinica a partire dal gene EGFR, qual è i geni rilevati dai test diagnostici dei farmaci con evidenza clinica?"
EGFR,Gene:1956,7,Variant,Q61K,"[""G719S"", ""EGFR G719S"", ""CETUXIMAB"", ""xT CDx  (Tempus Labs, Inc.)"", ""KRAS""]",5,"Seguendo la catena di conoscenza clinica a partire dal gene EGFR, qual è le varianti dei geni rilevati dai test diagnostici dei farmaci con evidenza clinica?"
EGFR,Gene:1956,8,MolecularProfile,KRAS Q61K,"[""G719S"", ""EGFR G719S"", ""CETUXIMAB"", ""xT CDx  (Tempus Labs, Inc.)"", ""KRAS"", ""Q61K""]",6,"Seguendo la catena di conoscenza clinica a partire dal gene EGFR, qual è i profili molecolari delle varianti dei geni rilevati dai test diagnostici dei farmaci con evidenza clinica?"
ERBB2,Gene:2064,1,Variant,L755S,[],0,"Seguendo la catena di conoscenza clinica a partire dal gene ERBB2, qual è la variante?"
ERBB2,Gene:2064,2,MolecularProfile,ERBB2 L755S,"[""L755S""]",1,"Seguendo la catena di conoscenza clinica a partire dal gene ERBB2, qual è il profilo molecolare della variante?"
ERBB2,Gene:2064,4,Drug,CETUXIMAB,"[""L755S"", ""ERBB2 L755S""]",2,"Seguendo la catena di conoscenza clinica a partire dal gene ERBB2, qual è i farmaci con evidenza clinica per il profilo molecolare?"
ERBB2,Gene:2064,5,CompanionDiagnostic,"xT CDx  (Tempus Labs, Inc.)","[""L755S"", ""ERBB2 L755S"", ""CETUXIMAB""]",3,"Seguendo la catena di conoscenza clinica a partire dal gene ERBB2, qual è i test diagnostici di accompagnamento dei farmaci con evidenza clinica?"
ERBB2,Gene:2064,6,Gene,KRAS,"[""L755S"", ""ERBB2 L755S"", ""CETUXIMAB"", ""xT CDx  (Tempus Labs, Inc.)""]",4,"Seguendo la catena di conoscenza clinica a partire dal gene ERBB2, qual è i geni rilevati dai test diagnostici dei farmaci con evidenza clinica?"
ERBB2,Gene:2064,7,Variant,A146,"[""L755S"", ""ERBB2 L755S"", ""CETUXIMAB"", ""xT CDx  (Tempus Labs, Inc.)"", ""KRAS""]",5,"Seguendo la catena di conoscenza clinica a partire dal gene ERBB2, qual è le varianti dei geni rilevati dai test diagnostici dei farmaci con evidenza clinica?"
ERBB2,Gene:2064,8,MolecularProfile,KRAS A146,"[""L755S"", ""ERBB2 L755S"", ""CETUXIMAB"", ""xT CDx  (Tempus Labs, Inc.)"", ""KRAS"", ""A146""]",6,"Seguendo la catena di conoscenza clinica a partire dal gene ERBB2, qual è i profili molecolari delle varianti dei geni rilevati dai test diagnostici dei farmaci con evidenza clinica?"
ERBB3,Gene:2065,1,Variant,G284R,[],0,"Seguendo la catena di conoscenza clinica a partire dal gene ERBB3, qual è la variante?"
ERBB3,Gene:2065,2,MolecularProfile,ERBB3 G284R,"[""G284R""]",1,"Seguendo la catena di conoscenza clinica a partire dal gene ERBB3, qual è il profilo molecolare della variante?"
ERBB3,Gene:2065,4,Drug,AFATINIB,"[""G284R"", ""ERBB3 G284R""]",2,"Seguendo la catena di conoscenza clinica a partire dal gene ERBB3, qual è i farmaci con evidenza clinica per il profilo molecolare?"
ERBB3,Gene:2065,5,CompanionDiagnostic,"cobas EGFR Mutation Test v2  (Roche Molecular Systems, Inc.)","[""G284R"", ""ERBB3 G284R"", ""AFATINIB""]",3,"Seguendo la catena di conoscenza clinica a partire dal gene ERBB3, qual è i test diagnostici di accompagnamento dei farmaci con evidenza clinica?"
ERBB3,Gene:2065,6,Gene,EGFR,"[""G284R"", ""ERBB3 G284R"", ""AFATINIB"", ""cobas EGFR Mutation Test v2  (Roche Molecular Systems, Inc.)""]",4,"Seguendo la catena di conoscenza clinica a partire dal gene ERBB3, qual è i geni rilevati dai test diagnostici dei farmaci con evidenza clinica?"
ERBB3,Gene:2065,7,Variant,T263P,"[""G284R"", ""ERBB3 G284R"", ""AFATINIB"", ""cobas EGFR Mutation Test v2  (Roche Molecular Systems, Inc.)"", ""EGFR""]",5,"Seguendo la catena di conoscenza clinica a partire dal gene ERBB3, qual è le varianti dei geni rilevati dai test diagnostici dei farmaci con evidenza clinica?"
ERBB3,Gene:2065,8,MolecularProfile,EGFR T263P,"[""G284R"", ""ERBB3 G284R"", ""AFATINIB"", ""cobas EGFR Mutation Test v2  (Roche Molecular Systems, Inc.)"", ""EGFR"", ""T263P""]",6,"Seguendo la catena di conoscenza clinica a partire dal gene ERBB3, qual è i profili molecolari delle varianti dei geni rilevati dai test diagnostici dei farmaci con evidenza clinica?"
ERBB4,Gene:2066,1,Variant,NUCLEAR TRANSLOCATION,[],0,"Seguendo la catena di conoscenza clinica a partire dal gene ERBB4, qual è la variante?"
ERBB4,Gene:2066,2,MolecularProfile,ERBB4 NUCLEAR TRANSLOCATION,"[""NUCLEAR TRANSLOCATION""]",1,"Seguendo la catena di conoscenza clinica a partire dal gene ERBB4, qual è il profilo molecolare della variante?"
ERBB4,Gene:2066,4,Drug,TRASTUZUMAB,"[""NUCLEAR TRANSLOCATION"", ""ERBB4 NUCLEAR TRANSLOCATION""]",2,"Seguendo la catena di conoscenza clinica a partire dal gene ERBB4, qual è i farmaci con evidenza clinica per il profilo molecolare?"
ERBB4,Gene:2066,5,CompanionDiagnostic,HER2 CISH pharmDx Kit  (Dako Denmark A/S),"[""NUCLEAR TRANSLOCATION"", ""ERBB4 NUCLEAR TRANSLOCATION"", ""TRASTUZUMAB""]",3,"Seguendo la catena di conoscenza clinica a partire dal gene ERBB4, qual è i test diagnostici di accompagnamento dei farmaci con evidenza clinica?"
ERBB4,Gene:2066,6,Gene,ERBB2,"[""NUCLEAR TRANSLOCATION"", ""ERBB4 NUCLEAR TRANSLOCATION"", ""TRASTUZUMAB"", ""HER2 CISH pharmDx Kit  (Dako Denmark A/S)""]",4,"Seguendo la catena di conoscenza clinica a partire dal gene ERBB4, qual è i geni rilevati dai test diagnostici dei farmaci con evidenza clinica?"
ERBB4,Gene:2066,7,Variant,D769Y,"[""NUCLEAR TRANSLOCATION"", ""ERBB4 NUCLEAR TRANSLOCATION"", ""TRASTUZUMAB"", ""HER2 CISH pharmDx Kit  (Dako Denmark A/S)"", ""ERBB2""]",5,"Seguendo la catena di conoscenza clinica a partire dal gene ERBB4, qual è le varianti dei geni rilevati dai test diagnostici dei farmaci con evidenza clinica?"
ERBB4,Gene:2066,8,MolecularProfile,ERBB2 D769Y,"[""NUCLEAR TRANSLOCATION"", ""ERBB4 NUCLEAR TRANSLOCATION"", ""TRASTUZUMAB"", ""HER2 CISH pharmDx Kit  (Dako Denmark A/S)"", ""ERBB2"", ""D769Y""]",6,"Seguendo la catena di conoscenza clinica a partire dal gene ERBB4, qual è i profili molecolari delle varianti dei geni rilevati dai test diagnostici dei farmaci con evidenza clinica?"
EREG,Gene:2069,1,Variant,EXPRESSION,[],0,"Seguendo la catena di conoscenza clinica a partire dal gene EREG, qual è la variante?"
EREG,Gene:2069,2,MolecularProfile,EREG EXPRESSION,"[""EXPRESSION""]",1,"Seguendo la catena di conoscenza clinica a partire dal gene EREG, qual è il profilo molecolare della variante?"
EREG,Gene:2069,4,Drug,CETUXIMAB,"[""EXPRESSION"", ""EREG EXPRESSION""]",2,"Seguendo la catena di conoscenza clinica a partire dal gene EREG, qual è i farmaci con evidenza clinica per il profilo molecolare?"
EREG,Gene:2069,5,CompanionDiagnostic,"ONCO/Reveal Dx Lung & Colon Cancer Assay (O/RDx-LCCA)  (Pillar Biosciences, Inc.)","[""EXPRESSION"", ""EREG EXPRESSION"", ""CETUXIMAB""]",3,"Seguendo la catena di conoscenza clinica a partire dal gene EREG, qual è i test diagnostici di accompagnamento dei farmaci con evidenza clinica?"
EREG,Gene:2069,6,Gene,KRAS,"[""EXPRESSION"", ""EREG EXPRESSION"", ""CETUXIMAB"", ""ONCO/Reveal Dx Lung & Colon Cancer Assay (O/RDx-LCCA)  (Pillar Biosciences, Inc.)""]",4,"Seguendo la catena di conoscenza clinica a partire dal gene EREG, qual è i geni rilevati dai test diagnostici dei farmaci con evidenza clinica?"
EREG,Gene:2069,7,Variant,A146P,"[""EXPRESSION"", ""EREG EXPRESSION"", ""CETUXIMAB"", ""ONCO/Reveal Dx Lung & Colon Cancer Assay (O/RDx-LCCA)  (Pillar Biosciences, Inc.)"", ""KRAS""]",5,"Seguendo la catena di conoscenza clinica a partire dal gene EREG, qual è le varianti dei geni rilevati dai test diagnostici dei farmaci con evidenza clinica?"
EREG,Gene:2069,8,MolecularProfile,KRAS A146P,"[""EXPRESSION"", ""EREG EXPRESSION"", ""CETUXIMAB"", ""ONCO/Reveal Dx Lung & Colon Cancer Assay (O/RDx-LCCA)  (Pillar Biosciences, Inc.)"", ""KRAS"", ""A146P""]",6,"Seguendo la catena di conoscenza clinica a partire dal gene EREG, qual è i profili molecolari delle varianti dei geni rilevati dai test diagnostici dei farmaci con evidenza clinica?"
ERRFI1,Gene:54206,1,Variant,E384*,[],0,"Seguendo la catena di conoscenza clinica a partire dal gene ERRFI1, qual è la variante?"
ERRFI1,Gene:54206,2,MolecularProfile,ERRFI1 E384*,"[""E384*""]",1,"Seguendo la catena di conoscenza clinica a partire dal gene ERRFI1, qual è il profilo molecolare della variante?"
ERRFI1,Gene:54206,4,Drug,ERLOTINIB,"[""E384*"", ""ERRFI1 E384*""]",2,"Seguendo la catena di conoscenza clinica a partire dal gene ERRFI1, qual è i farmaci con evidenza clinica per il profilo molecolare?"
ERRFI1,Gene:54206,5,CompanionDiagnostic,"FoundationOne Liquid CDx  (Foundation Medicine, Inc.)","[""E384*"", ""ERRFI1 E384*"", ""ERLOTINIB""]",3,"Seguendo la catena di conoscenza clinica a partire dal gene ERRFI1, qual è i test diagnostici di accompagnamento dei farmaci con evidenza clinica?"
ERRFI1,Gene:54206,6,Gene,EGFR,"[""E384*"", ""ERRFI1 E384*"", ""ERLOTINIB"", ""FoundationOne Liquid CDx  (Foundation Medicine, Inc.)""]",4,"Seguendo la catena di conoscenza clinica a partire dal gene ERRFI1, qual è i geni rilevati dai test diagnostici dei farmaci con evidenza clinica?"
ERRFI1,Gene:54206,7,Variant,D770_N771insSVD,"[""E384*"", ""ERRFI1 E384*"", ""ERLOTINIB"", ""FoundationOne Liquid CDx  (Foundation Medicine, Inc.)"", ""EGFR""]",5,"Seguendo la catena di conoscenza clinica a partire dal gene ERRFI1, qual è le varianti dei geni rilevati dai test diagnostici dei farmaci con evidenza clinica?"
ERRFI1,Gene:54206,8,MolecularProfile,EGFR D770_N771insSVD,"[""E384*"", ""ERRFI1 E384*"", ""ERLOTINIB"", ""FoundationOne Liquid CDx  (Foundation Medicine, Inc.)"", ""EGFR"", ""D770_N771insSVD""]",6,"Seguendo la catena di conoscenza clinica a partire dal gene ERRFI1, qual è i profili molecolari delle varianti dei geni rilevati dai test diagnostici dei farmaci con evidenza clinica?"
FBXW7,Gene:55294,1,Variant,Mutation,[],0,"Seguendo la catena di conoscenza clinica a partire dal gene FBXW7, qual è la variante?"
FBXW7,Gene:55294,2,MolecularProfile,FBXW7 Mutation,"[""Mutation""]",1,"Seguendo la catena di conoscenza clinica a partire dal gene FBXW7, qual è il profilo molecolare della variante?"
FBXW7,Gene:55294,4,Drug,CETUXIMAB,"[""Mutation"", ""FBXW7 Mutation""]",2,"Seguendo la catena di conoscenza clinica a partire dal gene FBXW7, qual è i farmaci con evidenza clinica per il profilo molecolare?"
FBXW7,Gene:55294,5,CompanionDiagnostic,"ONCO/Reveal Dx Lung & Colon Cancer Assay (O/RDx-LCCA)  (Pillar Biosciences, Inc.)","[""Mutation"", ""FBXW7 Mutation"", ""CETUXIMAB""]",3,"Seguendo la catena di conoscenza clinica a partire dal gene FBXW7, qual è i test diagnostici di accompagnamento dei farmaci con evidenza clinica?"
FBXW7,Gene:55294,6,Gene,KRAS,"[""Mutation"", ""FBXW7 Mutation"", ""CETUXIMAB"", ""ONCO/Reveal Dx Lung & Colon Cancer Assay (O/RDx-LCCA)  (Pillar Biosciences, Inc.)""]",4,"Seguendo la catena di conoscenza clinica a partire dal gene FBXW7, qual è i geni rilevati dai test diagnostici dei farmaci con evidenza clinica?"
FBXW7,Gene:55294,7,Variant,Q61L,"[""Mutation"", ""FBXW7 Mutation"", ""CETUXIMAB"", ""ONCO/Reveal Dx Lung & Colon Cancer Assay (O/RDx-LCCA)  (Pillar Biosciences, Inc.)"", ""KRAS""]",5,"Seguendo la catena di conoscenza clinica a partire dal gene FBXW7, qual è le varianti dei geni rilevati dai test diagnostici dei farmaci con evidenza clinica?"
FBXW7,Gene:55294,8,MolecularProfile,KRAS Q61L,"[""Mutation"", ""FBXW7 Mutation"", ""CETUXIMAB"", ""ONCO/Reveal Dx Lung & Colon Cancer Assay (O/RDx-LCCA)  (Pillar Biosciences, Inc.)"", ""KRAS"", ""Q61L""]",6,"Seguendo la catena di conoscenza clinica a partire dal gene FBXW7, qual è i profili molecolari delle varianti dei geni rilevati dai test diagnostici dei farmaci con evidenza clinica?"
FCGR2A,Gene:2212,1,Variant,H167R,[],0,"Seguendo la catena di conoscenza clinica a partire dal gene FCGR2A, qual è la variante?"
FCGR2A,Gene:2212,2,MolecularProfile,FCGR2A H167R,"[""H167R""]",1,"Seguendo la catena di conoscenza clinica a partire dal gene FCGR2A, qual è il profilo molecolare della variante?"
FCGR2A,Gene:2212,4,Drug,TRASTUZUMAB,"[""H167R"", ""FCGR2A H167R""]",2,"Seguendo la catena di conoscenza clinica a partire dal gene FCGR2A, qual è i farmaci con evidenza clinica per il profilo molecolare?"
FCGR2A,Gene:2212,5,CompanionDiagnostic,SPOT-LIGHT HER2 CISH Kit  (Life Technologies Corporation),"[""H167R"", ""FCGR2A H167R"", ""TRASTUZUMAB""]",3,"Seguendo la catena di conoscenza clinica a partire dal gene FCGR2A, qual è i test diagnostici di accompagnamento dei farmaci con evidenza clinica?"
FCGR2A,Gene:2212,6,Gene,ERBB2,"[""H167R"", ""FCGR2A H167R"", ""TRASTUZUMAB"", ""SPOT-LIGHT HER2 CISH Kit  (Life Technologies Corporation)""]",4,"Seguendo la catena di conoscenza clinica a partire dal gene FCGR2A, qual è i geni rilevati dai test diagnostici dei farmaci con evidenza clinica?"
FCGR2A,Gene:2212,7,Variant,L755W,"[""H167R"", ""FCGR2A H167R"", ""TRASTUZUMAB"", ""SPOT-LIGHT HER2 CISH Kit  (Life Technologies Corporation)"", ""ERBB2""]",5,"Seguendo la catena di conoscenza clinica a partire dal gene FCGR2A, qual è le varianti dei geni rilevati dai test diagnostici dei farmaci con evidenza clinica?"
FCGR2A,Gene:2212,8,MolecularProfile,ERBB2 L755W,"[""H167R"", ""FCGR2A H167R"", ""TRASTUZUMAB"", ""SPOT-LIGHT HER2 CISH Kit  (Life Technologies Corporation)"", ""ERBB2"", ""L755W""]",6,"Seguendo la catena di conoscenza clinica a partire dal gene FCGR2A, qual è i profili molecolari delle varianti dei geni rilevati dai test diagnostici dei farmaci con evidenza clinica?"
FCGR3A,Gene:2214,1,Variant,F212V,[],0,"Seguendo la catena di conoscenza clinica a partire dal gene FCGR3A, qual è la variante?"
FCGR3A,Gene:2214,2,MolecularProfile,FCGR3A F212V,"[""F212V""]",1,"Seguendo la catena di conoscenza clinica a partire dal gene FCGR3A, qual è il profilo molecolare della variante?"
FCGR3A,Gene:2214,4,Drug,TRASTUZUMAB,"[""F212V"", ""FCGR3A F212V""]",2,"Seguendo la catena di conoscenza clinica a partire dal gene FCGR3A, qual è i farmaci con evidenza clinica per il profilo molecolare?"
FCGR3A,Gene:2214,5,CompanionDiagnostic,HER2 FISH pharmDx Kit  (Dako Denmark A/S),"[""F212V"", ""FCGR3A F212V"", ""TRASTUZUMAB""]",3,"Seguendo la catena di conoscenza clinica a partire dal gene FCGR3A, qual è i test diagnostici di accompagnamento dei farmaci con evidenza clinica?"
FCGR3A,Gene:2214,6,Gene,ERBB2,"[""F212V"", ""FCGR3A F212V"", ""TRASTUZUMAB"", ""HER2 FISH pharmDx Kit  (Dako Denmark A/S)""]",4,"Seguendo la catena di conoscenza clinica a partire dal gene FCGR3A, qual è i geni rilevati dai test diagnostici dei farmaci con evidenza clinica?"
FCGR3A,Gene:2214,7,Variant,SERUM LEVELS,"[""F212V"", ""FCGR3A F212V"", ""TRASTUZUMAB"", ""HER2 FISH pharmDx Kit  (Dako Denmark A/S)"", ""ERBB2""]",5,"Seguendo la catena di conoscenza clinica a partire dal gene FCGR3A, qual è le varianti dei geni rilevati dai test diagnostici dei farmaci con evidenza clinica?"
FCGR3A,Gene:2214,8,MolecularProfile,ERBB2 SERUM LEVELS,"[""F212V"", ""FCGR3A F212V"", ""TRASTUZUMAB"", ""HER2 FISH pharmDx Kit  (Dako Denmark A/S)"", ""ERBB2"", ""SERUM LEVELS""]",6,"Seguendo la catena di conoscenza clinica a partire dal gene FCGR3A, qual è i profili molecolari delle varianti dei geni rilevati dai test diagnostici dei farmaci con evidenza clinica?"
FGF2,Gene:2247,1,Variant,EXPRESSION,[],0,"Seguendo la catena di conoscenza clinica a partire dal gene FGF2, qual è la variante?"
FGF2,Gene:2247,2,MolecularProfile,FGF2 EXPRESSION,"[""EXPRESSION""]",1,"Seguendo la catena di conoscenza clinica a partire dal gene FGF2, qual è il profilo molecolare della variante?"
FGF2,Gene:2247,4,Drug,QUIZARTINIB,"[""EXPRESSION"", ""FGF2 EXPRESSION""]",2,"Seguendo la catena di conoscenza clinica a partire dal gene FGF2, qual è i farmaci con evidenza clinica per il profilo molecolare?"
FGF2,Gene:2247,5,CompanionDiagnostic,"LeukoStrat CDx FLT3 Mutation Assay  (Invivoscribe Technologies, Inc.)","[""EXPRESSION"", ""FGF2 EXPRESSION"", ""QUIZARTINIB""]",3,"Seguendo la catena di conoscenza clinica a partire dal gene FGF2, qual è i test diagnostici di accompagnamento dei farmaci con evidenza clinica?"
FGF2,Gene:2247,6,Gene,FLT3,"[""EXPRESSION"", ""FGF2 EXPRESSION"", ""QUIZARTINIB"", ""LeukoStrat CDx FLT3 Mutation Assay  (Invivoscribe Technologies, Inc.)""]",4,"Seguendo la catena di conoscenza clinica a partire dal gene FGF2, qual è i geni rilevati dai test diagnostici dei farmaci con evidenza clinica?"
FGF2,Gene:2247,7,Variant,TKD MUTATION,"[""EXPRESSION"", ""FGF2 EXPRESSION"", ""QUIZARTINIB"", ""LeukoStrat CDx FLT3 Mutation Assay  (Invivoscribe Technologies, Inc.)"", ""FLT3""]",5,"Seguendo la catena di conoscenza clinica a partire dal gene FGF2, qual è le varianti dei geni rilevati dai test diagnostici dei farmaci con evidenza clinica?"
FGF2,Gene:2247,8,MolecularProfile,FLT3 TKD MUTATION,"[""EXPRESSION"", ""FGF2 EXPRESSION"", ""QUIZARTINIB"", ""LeukoStrat CDx FLT3 Mutation Assay  (Invivoscribe Technologies, Inc.)"", ""FLT3"", ""TKD MUTATION""]",6,"Seguendo la catena di conoscenza clinica a partire dal gene FGF2, qual è i profili molecolari delle varianti dei geni rilevati dai test diagnostici dei farmaci con evidenza clinica?"
FGFR1,Gene:2260,1,Variant,N546K,[],0,"Seguendo la catena di conoscenza clinica a partire dal gene FGFR1, qual è la variante?"
FGFR1,Gene:2260,2,MolecularProfile,FGFR1 N546K,"[""N546K""]",1,"Seguendo la catena di conoscenza clinica a partire dal gene FGFR1, qual è il profilo molecolare della variante?"
FGFR1,Gene:2260,4,Drug,PEMIGATINIB,"[""N546K"", ""FGFR1 N546K""]",2,"Seguendo la catena di conoscenza clinica a partire dal gene FGFR1, qual è i farmaci con evidenza clinica per il profilo molecolare?"
FGFR1,Gene:2260,5,CompanionDiagnostic,"FoundationOne CDx  (Foundation Medicine, Inc.)","[""N546K"", ""FGFR1 N546K"", ""PEMIGATINIB""]",3,"Seguendo la catena di conoscenza clinica a partire dal gene FGFR1, qual è i test diagnostici di accompagnamento dei farmaci con evidenza clinica?"
FGFR1,Gene:2260,6,Gene,FGFR2,"[""N546K"", ""FGFR1 N546K"", ""PEMIGATINIB"", ""FoundationOne CDx  (Foundation Medicine, Inc.)""]",4,"Seguendo la catena di conoscenza clinica a partire dal gene FGFR1, qual è i geni rilevati dai test diagnostici dei farmaci con evidenza clinica?"
FGFR1,Gene:2260,7,Variant,N550K,"[""N546K"", ""FGFR1 N546K"", ""PEMIGATINIB"", ""FoundationOne CDx  (Foundation Medicine, Inc.)"", ""FGFR2""]",5,"Seguendo la catena di conoscenza clinica a partire dal gene FGFR1, qual è le varianti dei geni rilevati dai test diagnostici dei farmaci con evidenza clinica?"
FGFR1,Gene:2260,8,MolecularProfile,FGFR2 N550K,"[""N546K"", ""FGFR1 N546K"", ""PEMIGATINIB"", ""FoundationOne CDx  (Foundation Medicine, Inc.)"", ""FGFR2"", ""N550K""]",6,"Seguendo la catena di conoscenza clinica a partire dal gene FGFR1, qual è i profili molecolari delle varianti dei geni rilevati dai test diagnostici dei farmaci con evidenza clinica?"
FGFR2,Gene:2263,1,Variant,Mutation,[],0,"Seguendo la catena di conoscenza clinica a partire dal gene FGFR2, qual è la variante?"
FGFR2,Gene:2263,2,MolecularProfile,FGFR2 Mutation OR FGFR2::v Fusion OR FGFR2::? Fusion,"[""Mutation""]",1,"Seguendo la catena di conoscenza clinica a partire dal gene FGFR2, qual è il profilo molecolare della variante?"
FGFR2,Gene:2263,4,Drug,ERDAFITINIB,"[""Mutation"", ""FGFR2 Mutation OR FGFR2::v Fusion OR FGFR2::? Fusion""]",2,"Seguendo la catena di conoscenza clinica a partire dal gene FGFR2, qual è i farmaci con evidenza clinica per il profilo molecolare?"
FGFR2,Gene:2263,5,CompanionDiagnostic,therascreen FGFR RGQ RT-PCR Kit  (QIAGEN Manchester Ltd.),"[""Mutation"", ""FGFR2 Mutation OR FGFR2::v Fusion OR FGFR2::? Fusion"", ""ERDAFITINIB""]",3,"Seguendo la catena di conoscenza clinica a partire dal gene FGFR2, qual è i test diagnostici di accompagnamento dei farmaci con evidenza clinica?"
FGFR2,Gene:2263,6,Gene,FGFR3,"[""Mutation"", ""FGFR2 Mutation OR FGFR2::v Fusion OR FGFR2::? Fusion"", ""ERDAFITINIB"", ""therascreen FGFR RGQ RT-PCR Kit  (QIAGEN Manchester Ltd.)""]",4,"Seguendo la catena di conoscenza clinica a partire dal gene FGFR2, qual è i geni rilevati dai test diagnostici dei farmaci con evidenza clinica?"
FGFR2,Gene:2263,7,Variant,Amplification,"[""Mutation"", ""FGFR2 Mutation OR FGFR2::v Fusion OR FGFR2::? Fusion"", ""ERDAFITINIB"", ""therascreen FGFR RGQ RT-PCR Kit  (QIAGEN Manchester Ltd.)"", ""FGFR3""]",5,"Seguendo la catena di conoscenza clinica a partire dal gene FGFR2, qual è le varianti dei geni rilevati dai test diagnostici dei farmaci con evidenza clinica?"
FGFR2,Gene:2263,8,MolecularProfile,FGFR3 Amplification,"[""Mutation"", ""FGFR2 Mutation OR FGFR2::v Fusion OR FGFR2::? Fusion"", ""ERDAFITINIB"", ""therascreen FGFR RGQ RT-PCR Kit  (QIAGEN Manchester Ltd.)"", ""FGFR3"", ""Amplification""]",6,"Seguendo la catena di conoscenza clinica a partire dal gene FGFR2, qual è i profili molecolari delle varianti dei geni rilevati dai test diagnostici dei farmaci con evidenza clinica?"
GNA11,Gene:2767,1,Variant,Q209L,[],0,"Seguendo la catena di conoscenza clinica a partire dal gene GNA11, qual è la variante?"
GNA11,Gene:2767,2,MolecularProfile,NF1 Mutation OR GNA11 Q209L,"[""Q209L""]",1,"Seguendo la catena di conoscenza clinica a partire dal gene GNA11, qual è il profilo molecolare della variante?"
GNA11,Gene:2767,4,Drug,TRAMETINIB,"[""Q209L"", ""NF1 Mutation OR GNA11 Q209L""]",2,"Seguendo la catena di conoscenza clinica a partire dal gene GNA11, qual è i farmaci con evidenza clinica per il profilo molecolare?"
GNA11,Gene:2767,5,CompanionDiagnostic,THXID BRAF Kit  (bioMérieux Inc.),"[""Q209L"", ""NF1 Mutation OR GNA11 Q209L"", ""TRAMETINIB""]",3,"Seguendo la catena di conoscenza clinica a partire dal gene GNA11, qual è i test diagnostici di accompagnamento dei farmaci con evidenza clinica?"
GNA11,Gene:2767,6,Gene,BRAF,"[""Q209L"", ""NF1 Mutation OR GNA11 Q209L"", ""TRAMETINIB"", ""THXID BRAF Kit  (bioMérieux Inc.)""]",4,"Seguendo la catena di conoscenza clinica a partire dal gene GNA11, qual è i geni rilevati dai test diagnostici dei farmaci con evidenza clinica?"
GNA11,Gene:2767,7,Variant,G469E,"[""Q209L"", ""NF1 Mutation OR GNA11 Q209L"", ""TRAMETINIB"", ""THXID BRAF Kit  (bioMérieux Inc.)"", ""BRAF""]",5,"Seguendo la catena di conoscenza clinica a partire dal gene GNA11, qual è le varianti dei geni rilevati dai test diagnostici dei farmaci con evidenza clinica?"
GNA11,Gene:2767,8,MolecularProfile,BRAF G469E,"[""Q209L"", ""NF1 Mutation OR GNA11 Q209L"", ""TRAMETINIB"", ""THXID BRAF Kit  (bioMérieux Inc.)"", ""BRAF"", ""G469E""]",6,"Seguendo la catena di conoscenza clinica a partire dal gene GNA11, qual è i profili molecolari delle varianti dei geni rilevati dai test diagnostici dei farmaci con evidenza clinica?"
GNAQ,Gene:2776,1,Variant,Mutation,[],0,"Seguendo la catena di conoscenza clinica a partire dal gene GNAQ, qual è la variante?"
GNAQ,Gene:2776,2,MolecularProfile,GNAQ Mutation,"[""Mutation""]",1,"Seguendo la catena di conoscenza clinica a partire dal gene GNAQ, qual è il profilo molecolare della variante?"
GNAQ,Gene:2776,4,Drug,TRAMETINIB,"[""Mutation"", ""GNAQ Mutation""]",2,"Seguendo la catena di conoscenza clinica a partire dal gene GNAQ, qual è i farmaci con evidenza clinica per il profilo molecolare?"
GNAQ,Gene:2776,5,CompanionDiagnostic,THXID BRAF Kit  (bioMérieux Inc.),"[""Mutation"", ""GNAQ Mutation"", ""TRAMETINIB""]",3,"Seguendo la catena di conoscenza clinica a partire dal gene GNAQ, qual è i test diagnostici di accompagnamento dei farmaci con evidenza clinica?"
GNAQ,Gene:2776,6,Gene,BRAF,"[""Mutation"", ""GNAQ Mutation"", ""TRAMETINIB"", ""THXID BRAF Kit  (bioMérieux Inc.)""]",4,"Seguendo la catena di conoscenza clinica a partire dal gene GNAQ, qual è i geni rilevati dai test diagnostici dei farmaci con evidenza clinica?"
GNAQ,Gene:2776,7,Variant,K601E,"[""Mutation"", ""GNAQ Mutation"", ""TRAMETINIB"", ""THXID BRAF Kit  (bioMérieux Inc.)"", ""BRAF""]",5,"Seguendo la catena di conoscenza clinica a partire dal gene GNAQ, qual è le varianti dei geni rilevati dai test diagnostici dei farmaci con evidenza clinica?"
GNAQ,Gene:2776,8,MolecularProfile,BRAF K601E,"[""Mutation"", ""GNAQ Mutation"", ""TRAMETINIB"", ""THXID BRAF Kit  (bioMérieux Inc.)"", ""BRAF"", ""K601E""]",6,"Seguendo la catena di conoscenza clinica a partire dal gene GNAQ, qual è i profili molecolari delle varianti dei geni rilevati dai test diagnostici dei farmaci con evidenza clinica?"
GNAS,Gene:2778,1,Variant,R201C,[],0,"Seguendo la catena di conoscenza clinica a partire dal gene GNAS, qual è la variante?"
GNAS,Gene:2778,2,MolecularProfile,BRAF V600E AND GNAS R201C,"[""R201C""]",1,"Seguendo la catena di conoscenza clinica a partire dal gene GNAS, qual è il profilo molecolare della variante?"
GNAS,Gene:2778,4,Drug,CETUXIMAB,"[""R201C"", ""BRAF V600E AND GNAS R201C""]",2,"Seguendo la catena di conoscenza clinica a partire dal gene GNAS, qual è i farmaci con evidenza clinica per il profilo molecolare?"
GNAS,Gene:2778,5,CompanionDiagnostic,"cobas KRAS Mutation Test  (Roche Molecular Systems, Inc.)","[""R201C"", ""BRAF V600E AND GNAS R201C"", ""CETUXIMAB""]",3,"Seguendo la catena di conoscenza clinica a partire dal gene GNAS, qual è i test diagnostici di accompagnamento dei farmaci con evidenza clinica?"
GNAS,Gene:2778,6,Gene,KRAS,"[""R201C"", ""BRAF V600E AND GNAS R201C"", ""CETUXIMAB"", ""cobas KRAS Mutation Test  (Roche Molecular Systems, Inc.)""]",4,"Seguendo la catena di conoscenza clinica a partire dal gene GNAS, qual è i geni rilevati dai test diagnostici dei farmaci con evidenza clinica?"
GNAS,Gene:2778,7,Variant,G12/G13,"[""R201C"", ""BRAF V600E AND GNAS R201C"", ""CETUXIMAB"", ""cobas KRAS Mutation Test  (Roche Molecular Systems, Inc.)"", ""KRAS""]",5,"Seguendo la catena di conoscenza clinica a partire dal gene GNAS, qual è le varianti dei geni rilevati dai test diagnostici dei farmaci con evidenza clinica?"
GNAS,Gene:2778,8,MolecularProfile,KRAS G12/G13,"[""R201C"", ""BRAF V600E AND GNAS R201C"", ""CETUXIMAB"", ""cobas KRAS Mutation Test  (Roche Molecular Systems, Inc.)"", ""KRAS"", ""G12/G13""]",6,"Seguendo la catena di conoscenza clinica a partire dal gene GNAS, qual è i profili molecolari delle varianti dei geni rilevati dai test diagnostici dei farmaci con evidenza clinica?"
HRAS,Gene:3265,1,Variant,G13D,[],0,"Seguendo la catena di conoscenza clinica a partire dal gene HRAS, qual è la variante?"
HRAS,Gene:3265,2,MolecularProfile,HRAS G13D,"[""G13D""]",1,"Seguendo la catena di conoscenza clinica a partire dal gene HRAS, qual è il profilo molecolare della variante?"
HRAS,Gene:3265,4,Drug,VEMURAFENIB,"[""G13D"", ""HRAS G13D""]",2,"Seguendo la catena di conoscenza clinica a partire dal gene HRAS, qual è i farmaci con evidenza clinica per il profilo molecolare?"
HRAS,Gene:3265,5,CompanionDiagnostic,"cobas 4800 BRAF V600 Mutation Test  (Roche Molecular Systems, Inc.)","[""G13D"", ""HRAS G13D"", ""VEMURAFENIB""]",3,"Seguendo la catena di conoscenza clinica a partire dal gene HRAS, qual è i test diagnostici di accompagnamento dei farmaci con evidenza clinica?"
HRAS,Gene:3265,6,Gene,BRAF,"[""G13D"", ""HRAS G13D"", ""VEMURAFENIB"", ""cobas 4800 BRAF V600 Mutation Test  (Roche Molecular Systems, Inc.)""]",4,"Seguendo la catena di conoscenza clinica a partire dal gene HRAS, qual è i geni rilevati dai test diagnostici dei farmaci con evidenza clinica?"
HRAS,Gene:3265,7,Variant,N486_P490del,"[""G13D"", ""HRAS G13D"", ""VEMURAFENIB"", ""cobas 4800 BRAF V600 Mutation Test  (Roche Molecular Systems, Inc.)"", ""BRAF""]",5,"Seguendo la catena di conoscenza clinica a partire dal gene HRAS, qual è le varianti dei geni rilevati dai test diagnostici dei farmaci con evidenza clinica?"
HRAS,Gene:3265,8,MolecularProfile,BRAF N486_P490del,"[""G13D"", ""HRAS G13D"", ""VEMURAFENIB"", ""cobas 4800 BRAF V600 Mutation Test  (Roche Molecular Systems, Inc.)"", ""BRAF"", ""N486_P490del""]",6,"Seguendo la catena di conoscenza clinica a partire dal gene HRAS, qual è i profili molecolari delle varianti dei geni rilevati dai test diagnostici dei farmaci con evidenza clinica?"
IDH1,Gene:3417,1,Variant,R132G,[],0,"Seguendo la catena di conoscenza clinica a partire dal gene IDH1, qual è la variante?"
IDH1,Gene:3417,2,MolecularProfile,IDH1 R132C OR IDH1 R132H OR IDH1 R132L OR IDH1 R132G OR IDH1 R132S,"[""R132G""]",1,"Seguendo la catena di conoscenza clinica a partire dal gene IDH1, qual è il profilo molecolare della variante?"
IDH1,Gene:3417,4,Drug,VORASIDENIB,"[""R132G"", ""IDH1 R132C OR IDH1 R132H OR IDH1 R132L OR IDH1 R132G OR IDH1 R132S""]",2,"Seguendo la catena di conoscenza clinica a partire dal gene IDH1, qual è i farmaci con evidenza clinica per il profilo molecolare?"
IDH1,Gene:3417,5,CompanionDiagnostic,Oncomine Dx Target Test  (Life Technologies Corporation),"[""R132G"", ""IDH1 R132C OR IDH1 R132H OR IDH1 R132L OR IDH1 R132G OR IDH1 R132S"", ""VORASIDENIB""]",3,"Seguendo la catena di conoscenza clinica a partire dal gene IDH1, qual è i test diagnostici di accompagnamento dei farmaci con evidenza clinica?"
IDH1,Gene:3417,6,Gene,IDH2,"[""R132G"", ""IDH1 R132C OR IDH1 R132H OR IDH1 R132L OR IDH1 R132G OR IDH1 R132S"", ""VORASIDENIB"", ""Oncomine Dx Target Test  (Life Technologies Corporation)""]",4,"Seguendo la catena di conoscenza clinica a partire dal gene IDH1, qual è i geni rilevati dai test diagnostici dei farmaci con evidenza clinica?"
IDH1,Gene:3417,7,Variant,R140,"[""R132G"", ""IDH1 R132C OR IDH1 R132H OR IDH1 R132L OR IDH1 R132G OR IDH1 R132S"", ""VORASIDENIB"", ""Oncomine Dx Target Test  (Life Technologies Corporation)"", ""IDH2""]",5,"Seguendo la catena di conoscenza clinica a partire dal gene IDH1, qual è le varianti dei geni rilevati dai test diagnostici dei farmaci con evidenza clinica?"
IDH1,Gene:3417,8,MolecularProfile,IDH2 R140,"[""R132G"", ""IDH1 R132C OR IDH1 R132H OR IDH1 R132L OR IDH1 R132G OR IDH1 R132S"", ""VORASIDENIB"", ""Oncomine Dx Target Test  (Life Technologies Corporation)"", ""IDH2"", ""R140""]",6,"Seguendo la catena di conoscenza clinica a partire dal gene IDH1, qual è i profili molecolari delle varianti dei geni rilevati dai test diagnostici dei farmaci con evidenza clinica?"
IDH2,Gene:3418,1,Variant,R172W,[],0,"Seguendo la catena di conoscenza clinica a partire dal gene IDH2, qual è la variante?"
IDH2,Gene:3418,2,MolecularProfile,IDH2 R172K OR IDH2 R172G OR IDH2 R172W,"[""R172W""]",1,"Seguendo la catena di conoscenza clinica a partire dal gene IDH2, qual è il profilo molecolare della variante?"
IDH2,Gene:3418,4,Drug,VORASIDENIB,"[""R172W"", ""IDH2 R172K OR IDH2 R172G OR IDH2 R172W""]",2,"Seguendo la catena di conoscenza clinica a partire dal gene IDH2, qual è i farmaci con evidenza clinica per il profilo molecolare?"
IDH2,Gene:3418,5,CompanionDiagnostic,Oncomine Dx Target Test  (Life Technologies Corporation),"[""R172W"", ""IDH2 R172K OR IDH2 R172G OR IDH2 R172W"", ""VORASIDENIB""]",3,"Seguendo la catena di conoscenza clinica a partire dal gene IDH2, qual è i test diagnostici di accompagnamento dei farmaci con evidenza clinica?"
IDH2,Gene:3418,6,Gene,IDH1,"[""R172W"", ""IDH2 R172K OR IDH2 R172G OR IDH2 R172W"", ""VORASIDENIB"", ""Oncomine Dx Target Test  (Life Technologies Corporation)""]",4,"Seguendo la catena di conoscenza clinica a partire dal gene IDH2, qual è i geni rilevati dai test diagnostici dei farmaci con evidenza clinica?"
IDH2,Gene:3418,7,Variant,R132C,"[""R172W"", ""IDH2 R172K OR IDH2 R172G OR IDH2 R172W"", ""VORASIDENIB"", ""Oncomine Dx Target Test  (Life Technologies Corporation)"", ""IDH1""]",5,"Seguendo la catena di conoscenza clinica a partire dal gene IDH2, qual è le varianti dei geni rilevati dai test diagnostici dei farmaci con evidenza clinica?"
IDH2,Gene:3418,8,MolecularProfile,IDH1 R132C OR IDH1 R132H OR IDH1 R132L OR IDH1 R132G OR IDH1 R132S,"[""R172W"", ""IDH2 R172K OR IDH2 R172G OR IDH2 R172W"", ""VORASIDENIB"", ""Oncomine Dx Target Test  (Life Technologies Corporation)"", ""IDH1"", ""R132C""]",6,"Seguendo la catena di conoscenza clinica a partire dal gene IDH2, qual è i profili molecolari delle varianti dei geni rilevati dai test diagnostici dei farmaci con evidenza clinica?"
IGF1R,Gene:3480,1,Variant,EXPRESSION,[],0,"Seguendo la catena di conoscenza clinica a partire dal gene IGF1R, qual è la variante?"
IGF1R,Gene:3480,2,MolecularProfile,IGF1R EXPRESSION,"[""EXPRESSION""]",1,"Seguendo la catena di conoscenza clinica a partire dal gene IGF1R, qual è il profilo molecolare della variante?"
IGF1R,Gene:3480,4,Drug,GEFITINIB,"[""EXPRESSION"", ""IGF1R EXPRESSION""]",2,"Seguendo la catena di conoscenza clinica a partire dal gene IGF1R, qual è i farmaci con evidenza clinica per il profilo molecolare?"
IGF1R,Gene:3480,5,CompanionDiagnostic,Oncomine Dx Target Test  (Life Technologies Corporation),"[""EXPRESSION"", ""IGF1R EXPRESSION"", ""GEFITINIB""]",3,"Seguendo la catena di conoscenza clinica a partire dal gene IGF1R, qual è i test diagnostici di accompagnamento dei farmaci con evidenza clinica?"
IGF1R,Gene:3480,6,Gene,EGFR,"[""EXPRESSION"", ""IGF1R EXPRESSION"", ""GEFITINIB"", ""Oncomine Dx Target Test  (Life Technologies Corporation)""]",4,"Seguendo la catena di conoscenza clinica a partire dal gene IGF1R, qual è i geni rilevati dai test diagnostici dei farmaci con evidenza clinica?"
IGF1R,Gene:3480,7,Variant,H773_V774insNPH,"[""EXPRESSION"", ""IGF1R EXPRESSION"", ""GEFITINIB"", ""Oncomine Dx Target Test  (Life Technologies Corporation)"", ""EGFR""]",5,"Seguendo la catena di conoscenza clinica a partire dal gene IGF1R, qual è le varianti dei geni rilevati dai test diagnostici dei farmaci con evidenza clinica?"
IGF1R,Gene:3480,8,MolecularProfile,EGFR H773_V774insH OR EGFR D770_N771insG OR EGFR H773_V774insNPH OR EGFR A763_Y764insFQEA OR EGFR V774_C775insHV OR EGFR H773_V774insPH OR EGFR H773_V774insAH OR EGFR D770_N771insH OR EGFR N771dup,"[""EXPRESSION"", ""IGF1R EXPRESSION"", ""GEFITINIB"", ""Oncomine Dx Target Test  (Life Technologies Corporation)"", ""EGFR"", ""H773_V774insNPH""]",6,"Seguendo la catena di conoscenza clinica a partire dal gene IGF1R, qual è i profili molecolari delle varianti dei geni rilevati dai test diagnostici dei farmaci con evidenza clinica?"
IKZF1,Gene:10320,1,Variant,Deletion,[],0,"Seguendo la catena di conoscenza clinica a partire dal gene IKZF1, qual è la variante?"
IKZF1,Gene:10320,2,MolecularProfile,IKZF1 Deletion,"[""Deletion""]",1,"Seguendo la catena di conoscenza clinica a partire dal gene IKZF1, qual è il profilo molecolare della variante?"
IKZF1,Gene:10320,4,Drug,IMATINIB,"[""Deletion"", ""IKZF1 Deletion""]",2,"Seguendo la catena di conoscenza clinica a partire dal gene IKZF1, qual è i farmaci con evidenza clinica per il profilo molecolare?"
IKZF1,Gene:10320,5,CompanionDiagnostic,"PDGFRB FISH Assay  (ARUP Laboratories, Inc.)","[""Deletion"", ""IKZF1 Deletion"", ""IMATINIB""]",3,"Seguendo la catena di conoscenza clinica a partire dal gene IKZF1, qual è i test diagnostici di accompagnamento dei farmaci con evidenza clinica?"
IKZF1,Gene:10320,6,Gene,PDGFRB,"[""Deletion"", ""IKZF1 Deletion"", ""IMATINIB"", ""PDGFRB FISH Assay  (ARUP Laboratories, Inc.)""]",4,"Seguendo la catena di conoscenza clinica a partire dal gene IKZF1, qual è i geni rilevati dai test diagnostici dei farmaci con evidenza clinica?"
IKZF1,Gene:10320,7,Variant,Overexpression,"[""Deletion"", ""IKZF1 Deletion"", ""IMATINIB"", ""PDGFRB FISH Assay  (ARUP Laboratories, Inc.)"", ""PDGFRB""]",5,"Seguendo la catena di conoscenza clinica a partire dal gene IKZF1, qual è le varianti dei geni rilevati dai test diagnostici dei farmaci con evidenza clinica?"
IKZF1,Gene:10320,8,MolecularProfile,PDGFRB Overexpression,"[""Deletion"", ""IKZF1 Deletion"", ""IMATINIB"", ""PDGFRB FISH Assay  (ARUP Laboratories, Inc.)"", ""PDGFRB"", ""Overexpression""]",6,"Seguendo la catena di conoscenza clinica a partire dal gene IKZF1, qual è i profili molecolari delle varianti dei geni rilevati dai test diagnostici dei farmaci con evidenza clinica?"
KIT,Gene:3815,1,Variant,Mutation,[],0,"Seguendo la catena di conoscenza clinica a partire dal gene KIT, qual è la variante?"
KIT,Gene:3815,2,MolecularProfile,KIT Mutation,"[""Mutation""]",1,"Seguendo la catena di conoscenza clinica a partire dal gene KIT, qual è il profilo molecolare della variante?"
KIT,Gene:3815,4,Drug,IMATINIB,"[""Mutation"", ""KIT Mutation""]",2,"Seguendo la catena di conoscenza clinica a partire dal gene KIT, qual è i farmaci con evidenza clinica per il profilo molecolare?"
KIT,Gene:3815,5,CompanionDiagnostic,"PDGFRB FISH Assay  (ARUP Laboratories, Inc.)","[""Mutation"", ""KIT Mutation"", ""IMATINIB""]",3,"Seguendo la catena di conoscenza clinica a partire dal gene KIT, qual è i test diagnostici di accompagnamento dei farmaci con evidenza clinica?"
KIT,Gene:3815,6,Gene,PDGFRB,"[""Mutation"", ""KIT Mutation"", ""IMATINIB"", ""PDGFRB FISH Assay  (ARUP Laboratories, Inc.)""]",4,"Seguendo la catena di conoscenza clinica a partire dal gene KIT, qual è i geni rilevati dai test diagnostici dei farmaci con evidenza clinica?"
KIT,Gene:3815,7,Variant,C843G,"[""Mutation"", ""KIT Mutation"", ""IMATINIB"", ""PDGFRB FISH Assay  (ARUP Laboratories, Inc.)"", ""PDGFRB""]",5,"Seguendo la catena di conoscenza clinica a partire dal gene KIT, qual è le varianti dei geni rilevati dai test diagnostici dei farmaci con evidenza clinica?"
KIT,Gene:3815,8,MolecularProfile,AGGF1::PDGFRB Fusion AND PDGFRB C843G,"[""Mutation"", ""KIT Mutation"", ""IMATINIB"", ""PDGFRB FISH Assay  (ARUP Laboratories, Inc.)"", ""PDGFRB"", ""C843G""]",6,"Seguendo la catena di conoscenza clinica a partire dal gene KIT, qual è i profili molecolari delle varianti dei geni rilevati dai test diagnostici dei farmaci con evidenza clinica?"
KRAS,Gene:3845,1,Variant,Exon 2 Mutation,[],0,"Seguendo la catena di conoscenza clinica a partire dal gene KRAS, qual è la variante?"
KRAS,Gene:3845,2,MolecularProfile,KRAS Exon 2 Mutation,"[""Exon 2 Mutation""]",1,"Seguendo la catena di conoscenza clinica a partire dal gene KRAS, qual è il profilo molecolare della variante?"
KRAS,Gene:3845,4,Drug,ERLOTINIB,"[""Exon 2 Mutation"", ""KRAS Exon 2 Mutation""]",2,"Seguendo la catena di conoscenza clinica a partire dal gene KRAS, qual è i farmaci con evidenza clinica per il profilo molecolare?"
KRAS,Gene:3845,5,CompanionDiagnostic,"cobas EGFR Mutation Test v1  (Roche Molecular Systems, Inc.)","[""Exon 2 Mutation"", ""KRAS Exon 2 Mutation"", ""ERLOTINIB""]",3,"Seguendo la catena di conoscenza clinica a partire dal gene KRAS, qual è i test diagnostici di accompagnamento dei farmaci con evidenza clinica?"
KRAS,Gene:3845,6,Gene,EGFR,"[""Exon 2 Mutation"", ""KRAS Exon 2 Mutation"", ""ERLOTINIB"", ""cobas EGFR Mutation Test v1  (Roche Molecular Systems, Inc.)""]",4,"Seguendo la catena di conoscenza clinica a partire dal gene KRAS, qual è i geni rilevati dai test diagnostici dei farmaci con evidenza clinica?"
KRAS,Gene:3845,7,Variant,D770delinsGY,"[""Exon 2 Mutation"", ""KRAS Exon 2 Mutation"", ""ERLOTINIB"", ""cobas EGFR Mutation Test v1  (Roche Molecular Systems, Inc.)"", ""EGFR""]",5,"Seguendo la catena di conoscenza clinica a partire dal gene KRAS, qual è le varianti dei geni rilevati dai test diagnostici dei farmaci con evidenza clinica?"
KRAS,Gene:3845,8,MolecularProfile,EGFR D770delinsGY OR EGFR D770_N771insY OR EGFR N771_P772insT OR EGFR H773_V774insGNPH OR EGFR A767_S768insTLA OR EGFR S768_V769insLDS OR EGFR V769_D770insCV OR EGFR V769_D770insGA OR EGFR V769_D770insGVASV OR EGFR D770delinsAS,"[""Exon 2 Mutation"", ""KRAS Exon 2 Mutation"", ""ERLOTINIB"", ""cobas EGFR Mutation Test v1  (Roche Molecular Systems, Inc.)"", ""EGFR"", ""D770delinsGY""]",6,"Seguendo la catena di conoscenza clinica a partire dal gene KRAS, qual è i profili molecolari delle varianti dei geni rilevati dai test diagnostici dei farmaci con evidenza clinica?"
LYN,Gene:4067,1,Variant,OVEREXPRESSION,[],0,"Seguendo la catena di conoscenza clinica a partire dal gene LYN, qual è la variante?"
LYN,Gene:4067,2,MolecularProfile,LYN OVEREXPRESSION,"[""OVEREXPRESSION""]",1,"Seguendo la catena di conoscenza clinica a partire dal gene LYN, qual è il profilo molecolare della variante?"
LYN,Gene:4067,4,Drug,NILOTINIB,"[""OVEREXPRESSION"", ""LYN OVEREXPRESSION""]",2,"Seguendo la catena di conoscenza clinica a partire dal gene LYN, qual è i farmaci con evidenza clinica per il profilo molecolare?"
LYN,Gene:4067,5,CompanionDiagnostic,MRDx BCR-ABL Test  (MolecularMD Corporation),"[""OVEREXPRESSION"", ""LYN OVEREXPRESSION"", ""NILOTINIB""]",3,"Seguendo la catena di conoscenza clinica a partire dal gene LYN, qual è i test diagnostici di accompagnamento dei farmaci con evidenza clinica?"
LYN,Gene:4067,6,Gene,ABL1,"[""OVEREXPRESSION"", ""LYN OVEREXPRESSION"", ""NILOTINIB"", ""MRDx BCR-ABL Test  (MolecularMD Corporation)""]",4,"Seguendo la catena di conoscenza clinica a partire dal gene LYN, qual è i geni rilevati dai test diagnostici dei farmaci con evidenza clinica?"
LYN,Gene:4067,7,Variant,F317I,"[""OVEREXPRESSION"", ""LYN OVEREXPRESSION"", ""NILOTINIB"", ""MRDx BCR-ABL Test  (MolecularMD Corporation)"", ""ABL1""]",5,"Seguendo la catena di conoscenza clinica a partire dal gene LYN, qual è le varianti dei geni rilevati dai test diagnostici dei farmaci con evidenza clinica?"
LYN,Gene:4067,8,MolecularProfile,BCR::ABL1 Fusion AND ABL1 F317I,"[""OVEREXPRESSION"", ""LYN OVEREXPRESSION"", ""NILOTINIB"", ""MRDx BCR-ABL Test  (MolecularMD Corporation)"", ""ABL1"", ""F317I""]",6,"Seguendo la catena di conoscenza clinica a partire dal gene LYN, qual è i profili molecolari delle varianti dei geni rilevati dai test diagnostici dei farmaci con evidenza clinica?"
MAP2K1,Gene:5604,1,Variant,C121S,[],0,"Seguendo la catena di conoscenza clinica a partire dal gene MAP2K1, qual è la variante?"
MAP2K1,Gene:5604,2,MolecularProfile,MAP2K1 C121S,"[""C121S""]",1,"Seguendo la catena di conoscenza clinica a partire dal gene MAP2K1, qual è il profilo molecolare della variante?"
MAP2K1,Gene:5604,4,Drug,VEMURAFENIB,"[""C121S"", ""MAP2K1 C121S""]",2,"Seguendo la catena di conoscenza clinica a partire dal gene MAP2K1, qual è i farmaci con evidenza clinica per il profilo molecolare?"
MAP2K1,Gene:5604,5,CompanionDiagnostic,"cobas 4800 BRAF V600 Mutation Test  (Roche Molecular Systems, Inc.)","[""C121S"", ""MAP2K1 C121S"", ""VEMURAFENIB""]",3,"Seguendo la catena di conoscenza clinica a partire dal gene MAP2K1, qual è i test diagnostici di accompagnamento dei farmaci con evidenza clinica?"
MAP2K1,Gene:5604,6,Gene,BRAF,"[""C121S"", ""MAP2K1 C121S"", ""VEMURAFENIB"", ""cobas 4800 BRAF V600 Mutation Test  (Roche Molecular Systems, Inc.)""]",4,"Seguendo la catena di conoscenza clinica a partire dal gene MAP2K1, qual è i geni rilevati dai test diagnostici dei farmaci con evidenza clinica?"
MAP2K1,Gene:5604,7,Variant,Wildtype,"[""C121S"", ""MAP2K1 C121S"", ""VEMURAFENIB"", ""cobas 4800 BRAF V600 Mutation Test  (Roche Molecular Systems, Inc.)"", ""BRAF""]",5,"Seguendo la catena di conoscenza clinica a partire dal gene MAP2K1, qual è le varianti dei geni rilevati dai test diagnostici dei farmaci con evidenza clinica?"
MAP2K1,Gene:5604,8,MolecularProfile,BRAF Wildtype,"[""C121S"", ""MAP2K1 C121S"", ""VEMURAFENIB"", ""cobas 4800 BRAF V600 Mutation Test  (Roche Molecular Systems, Inc.)"", ""BRAF"", ""Wildtype""]",6,"Seguendo la catena di conoscenza clinica a partire dal gene MAP2K1, qual è i profili molecolari delle varianti dei geni rilevati dai test diagnostici dei farmaci con evidenza clinica?"
MAPK1,Gene:5594,1,Variant,E322K,[],0,"Seguendo la catena di conoscenza clinica a partire dal gene MAPK1, qual è la variante?"
MAPK1,Gene:5594,2,MolecularProfile,MAPK1 E322K,"[""E322K""]",1,"Seguendo la catena di conoscenza clinica a partire dal gene MAPK1, qual è il profilo molecolare della variante?"
MAPK1,Gene:5594,4,Drug,ERLOTINIB,"[""E322K"", ""MAPK1 E322K""]",2,"Seguendo la catena di conoscenza clinica a partire dal gene MAPK1, qual è i farmaci con evidenza clinica per il profilo molecolare?"
MAPK1,Gene:5594,5,CompanionDiagnostic,"FoundationOne Liquid CDx  (Foundation Medicine, Inc.)","[""E322K"", ""MAPK1 E322K"", ""ERLOTINIB""]",3,"Seguendo la catena di conoscenza clinica a partire dal gene MAPK1, qual è i test diagnostici di accompagnamento dei farmaci con evidenza clinica?"
MAPK1,Gene:5594,6,Gene,EGFR,"[""E322K"", ""MAPK1 E322K"", ""ERLOTINIB"", ""FoundationOne Liquid CDx  (Foundation Medicine, Inc.)""]",4,"Seguendo la catena di conoscenza clinica a partire dal gene MAPK1, qual è i geni rilevati dai test diagnostici dei farmaci con evidenza clinica?"
MAPK1,Gene:5594,7,Variant,VIII,"[""E322K"", ""MAPK1 E322K"", ""ERLOTINIB"", ""FoundationOne Liquid CDx  (Foundation Medicine, Inc.)"", ""EGFR""]",5,"Seguendo la catena di conoscenza clinica a partire dal gene MAPK1, qual è le varianti dei geni rilevati dai test diagnostici dei farmaci con evidenza clinica?"
MAPK1,Gene:5594,8,MolecularProfile,EGFR VIII,"[""E322K"", ""MAPK1 E322K"", ""ERLOTINIB"", ""FoundationOne Liquid CDx  (Foundation Medicine, Inc.)"", ""EGFR"", ""VIII""]",6,"Seguendo la catena di conoscenza clinica a partire dal gene MAPK1, qual è i profili molecolari delle varianti dei geni rilevati dai test diagnostici dei farmaci con evidenza clinica?"
MET,Gene:4233,1,Variant,D1228N,[],0,"Seguendo la catena di conoscenza clinica a partire dal gene MET, qual è la variante?"
MET,Gene:4233,2,MolecularProfile,MET D1228N,"[""D1228N""]",1,"Seguendo la catena di conoscenza clinica a partire dal gene MET, qual è il profilo molecolare della variante?"
MET,Gene:4233,4,Drug,CRIZOTINIB,"[""D1228N"", ""MET D1228N""]",2,"Seguendo la catena di conoscenza clinica a partire dal gene MET, qual è i farmaci con evidenza clinica per il profilo molecolare?"
MET,Gene:4233,5,CompanionDiagnostic,Oncomine Dx Target Test  (Life Technologies Corporation),"[""D1228N"", ""MET D1228N"", ""CRIZOTINIB""]",3,"Seguendo la catena di conoscenza clinica a partire dal gene MET, qual è i test diagnostici di accompagnamento dei farmaci con evidenza clinica?"
MET,Gene:4233,6,Gene,ROS1,"[""D1228N"", ""MET D1228N"", ""CRIZOTINIB"", ""Oncomine Dx Target Test  (Life Technologies Corporation)""]",4,"Seguendo la catena di conoscenza clinica a partire dal gene MET, qual è i geni rilevati dai test diagnostici dei farmaci con evidenza clinica?"
MET,Gene:4233,7,Variant,G2101A,"[""D1228N"", ""MET D1228N"", ""CRIZOTINIB"", ""Oncomine Dx Target Test  (Life Technologies Corporation)"", ""ROS1""]",5,"Seguendo la catena di conoscenza clinica a partire dal gene MET, qual è le varianti dei geni rilevati dai test diagnostici dei farmaci con evidenza clinica?"
MET,Gene:4233,8,MolecularProfile,ROS1 G2101A AND CD74::ROS1 Fusion,"[""D1228N"", ""MET D1228N"", ""CRIZOTINIB"", ""Oncomine Dx Target Test  (Life Technologies Corporation)"", ""ROS1"", ""G2101A""]",6,"Seguendo la catena di conoscenza clinica a partire dal gene MET, qual è i profili molecolari delle varianti dei geni rilevati dai test diagnostici dei farmaci con evidenza clinica?"
MRE11,Gene:4361,1,Variant,Frameshift,[],0,"Seguendo la catena di conoscenza clinica a partire dal gene MRE11, qual è la variante?"
MRE11,Gene:4361,2,MolecularProfile,MRE11 Frameshift,"[""Frameshift""]",1,"Seguendo la catena di conoscenza clinica a partire dal gene MRE11, qual è il profilo molecolare della variante?"
MRE11,Gene:4361,4,Drug,OLAPARIB,"[""Frameshift"", ""MRE11 Frameshift""]",2,"Seguendo la catena di conoscenza clinica a partire dal gene MRE11, qual è i farmaci con evidenza clinica per il profilo molecolare?"
MRE11,Gene:4361,5,CompanionDiagnostic,"BRACAnalysis CDx  (Myriad Genetic Laboratories, Inc.)","[""Frameshift"", ""MRE11 Frameshift"", ""OLAPARIB""]",3,"Seguendo la catena di conoscenza clinica a partire dal gene MRE11, qual è i test diagnostici di accompagnamento dei farmaci con evidenza clinica?"
MRE11,Gene:4361,6,Gene,BRCA2,"[""Frameshift"", ""MRE11 Frameshift"", ""OLAPARIB"", ""BRACAnalysis CDx  (Myriad Genetic Laboratories, Inc.)""]",4,"Seguendo la catena di conoscenza clinica a partire dal gene MRE11, qual è i geni rilevati dai test diagnostici dei farmaci con evidenza clinica?"
MRE11,Gene:4361,7,Variant,M1I,"[""Frameshift"", ""MRE11 Frameshift"", ""OLAPARIB"", ""BRACAnalysis CDx  (Myriad Genetic Laboratories, Inc.)"", ""BRCA2""]",5,"Seguendo la catena di conoscenza clinica a partire dal gene MRE11, qual è le varianti dei geni rilevati dai test diagnostici dei farmaci con evidenza clinica?"
MRE11,Gene:4361,8,MolecularProfile,BRCA2 M1I,"[""Frameshift"", ""MRE11 Frameshift"", ""OLAPARIB"", ""BRACAnalysis CDx  (Myriad Genetic Laboratories, Inc.)"", ""BRCA2"", ""M1I""]",6,"Seguendo la catena di conoscenza clinica a partire dal gene MRE11, qual è i profili molecolari delle varianti dei geni rilevati dai test diagnostici dei farmaci con evidenza clinica?"
MYC,Gene:4609,1,Variant,Overexpression,[],0,"Seguendo la catena di conoscenza clinica a partire dal gene MYC, qual è la variante?"
MYC,Gene:4609,2,MolecularProfile,MYC Overexpression,"[""Overexpression""]",1,"Seguendo la catena di conoscenza clinica a partire dal gene MYC, qual è il profilo molecolare della variante?"
MYC,Gene:4609,4,Drug,OLAPARIB,"[""Overexpression"", ""MYC Overexpression""]",2,"Seguendo la catena di conoscenza clinica a partire dal gene MYC, qual è i farmaci con evidenza clinica per il profilo molecolare?"
MYC,Gene:4609,5,CompanionDiagnostic,"FoundationOne CDx  (Foundation Medicine, Inc.)","[""Overexpression"", ""MYC Overexpression"", ""OLAPARIB""]",3,"Seguendo la catena di conoscenza clinica a partire dal gene MYC, qual è i test diagnostici di accompagnamento dei farmaci con evidenza clinica?"
MYC,Gene:4609,6,Gene,PALB2,"[""Overexpression"", ""MYC Overexpression"", ""OLAPARIB"", ""FoundationOne CDx  (Foundation Medicine, Inc.)""]",4,"Seguendo la catena di conoscenza clinica a partire dal gene MYC, qual è i geni rilevati dai test diagnostici dei farmaci con evidenza clinica?"
MYC,Gene:4609,7,Variant,Biallelic Inactivation,"[""Overexpression"", ""MYC Overexpression"", ""OLAPARIB"", ""FoundationOne CDx  (Foundation Medicine, Inc.)"", ""PALB2""]",5,"Seguendo la catena di conoscenza clinica a partire dal gene MYC, qual è le varianti dei geni rilevati dai test diagnostici dei farmaci con evidenza clinica?"
MYC,Gene:4609,8,MolecularProfile,PALB2 Biallelic Inactivation,"[""Overexpression"", ""MYC Overexpression"", ""OLAPARIB"", ""FoundationOne CDx  (Foundation Medicine, Inc.)"", ""PALB2"", ""Biallelic Inactivation""]",6,"Seguendo la catena di conoscenza clinica a partire dal gene MYC, qual è i profili molecolari delle varianti dei geni rilevati dai test diagnostici dei farmaci con evidenza clinica?"
NF1,Gene:4763,1,Variant,Mutation,[],0,"Seguendo la catena di conoscenza clinica a partire dal gene NF1, qual è la variante?"
NF1,Gene:4763,2,MolecularProfile,NF1 Mutation OR GNA11 Q209L,"[""Mutation""]",1,"Seguendo la catena di conoscenza clinica a partire dal gene NF1, qual è il profilo molecolare della variante?"
NF1,Gene:4763,4,Drug,TRAMETINIB,"[""Mutation"", ""NF1 Mutation OR GNA11 Q209L""]",2,"Seguendo la catena di conoscenza clinica a partire dal gene NF1, qual è i farmaci con evidenza clinica per il profilo molecolare?"
NF1,Gene:4763,5,CompanionDiagnostic,THXID BRAF Kit  (bioMérieux Inc.),"[""Mutation"", ""NF1 Mutation OR GNA11 Q209L"", ""TRAMETINIB""]",3,"Seguendo la catena di conoscenza clinica a partire dal gene NF1, qual è i test diagnostici di accompagnamento dei farmaci con evidenza clinica?"
NF1,Gene:4763,6,Gene,BRAF,"[""Mutation"", ""NF1 Mutation OR GNA11 Q209L"", ""TRAMETINIB"", ""THXID BRAF Kit  (bioMérieux Inc.)""]",4,"Seguendo la catena di conoscenza clinica a partire dal gene NF1, qual è i geni rilevati dai test diagnostici dei farmaci con evidenza clinica?"
NF1,Gene:4763,7,Variant,V600,"[""Mutation"", ""NF1 Mutation OR GNA11 Q209L"", ""TRAMETINIB"", ""THXID BRAF Kit  (bioMérieux Inc.)"", ""BRAF""]",5,"Seguendo la catena di conoscenza clinica a partire dal gene NF1, qual è le varianti dei geni rilevati dai test diagnostici dei farmaci con evidenza clinica?"
NF1,Gene:4763,8,MolecularProfile,BRAF V600,"[""Mutation"", ""NF1 Mutation OR GNA11 Q209L"", ""TRAMETINIB"", ""THXID BRAF Kit  (bioMérieux Inc.)"", ""BRAF"", ""V600""]",6,"Seguendo la catena di conoscenza clinica a partire dal gene NF1, qual è i profili molecolari delle varianti dei geni rilevati dai test diagnostici dei farmaci con evidenza clinica?"
NRAS,Gene:4893,1,Variant,Q61,[],0,"Seguendo la catena di conoscenza clinica a partire dal gene NRAS, qual è la variante?"
NRAS,Gene:4893,2,MolecularProfile,NRAS Q61,"[""Q61""]",1,"Seguendo la catena di conoscenza clinica a partire dal gene NRAS, qual è il profilo molecolare della variante?"
NRAS,Gene:4893,4,Drug,CETUXIMAB,"[""Q61"", ""NRAS Q61""]",2,"Seguendo la catena di conoscenza clinica a partire dal gene NRAS, qual è i farmaci con evidenza clinica per il profilo molecolare?"
NRAS,Gene:4893,5,CompanionDiagnostic,"ONCO/Reveal Dx Lung & Colon Cancer Assay (O/RDx-LCCA)  (Pillar Biosciences, Inc.)","[""Q61"", ""NRAS Q61"", ""CETUXIMAB""]",3,"Seguendo la catena di conoscenza clinica a partire dal gene NRAS, qual è i test diagnostici di accompagnamento dei farmaci con evidenza clinica?"
NRAS,Gene:4893,6,Gene,KRAS,"[""Q61"", ""NRAS Q61"", ""CETUXIMAB"", ""ONCO/Reveal Dx Lung & Colon Cancer Assay (O/RDx-LCCA)  (Pillar Biosciences, Inc.)""]",4,"Seguendo la catena di conoscenza clinica a partire dal gene NRAS, qual è i geni rilevati dai test diagnostici dei farmaci con evidenza clinica?"
NRAS,Gene:4893,7,Variant,G13,"[""Q61"", ""NRAS Q61"", ""CETUXIMAB"", ""ONCO/Reveal Dx Lung & Colon Cancer Assay (O/RDx-LCCA)  (Pillar Biosciences, Inc.)"", ""KRAS""]",5,"Seguendo la catena di conoscenza clinica a partire dal gene NRAS, qual è le varianti dei geni rilevati dai test diagnostici dei farmaci con evidenza clinica?"
NRAS,Gene:4893,8,MolecularProfile,KRAS G12 OR KRAS G13,"[""Q61"", ""NRAS Q61"", ""CETUXIMAB"", ""ONCO/Reveal Dx Lung & Colon Cancer Assay (O/RDx-LCCA)  (Pillar Biosciences, Inc.)"", ""KRAS"", ""G13""]",6,"Seguendo la catena di conoscenza clinica a partire dal gene NRAS, qual è i profili molecolari delle varianti dei geni rilevati dai test diagnostici dei farmaci con evidenza clinica?"
NRG1,Gene:3084,1,Variant,Expression,[],0,"Seguendo la catena di conoscenza clinica a partire dal gene NRG1, qual è la variante?"
NRG1,Gene:3084,2,MolecularProfile,NRG1 Expression,"[""Expression""]",1,"Seguendo la catena di conoscenza clinica a partire dal gene NRG1, qual è il profilo molecolare della variante?"
NRG1,Gene:3084,4,Drug,CETUXIMAB,"[""Expression"", ""NRG1 Expression""]",2,"Seguendo la catena di conoscenza clinica a partire dal gene NRG1, qual è i farmaci con evidenza clinica per il profilo molecolare?"
NRG1,Gene:3084,5,CompanionDiagnostic,"cobas KRAS Mutation Test  (Roche Molecular Systems, Inc.)","[""Expression"", ""NRG1 Expression"", ""CETUXIMAB""]",3,"Seguendo la catena di conoscenza clinica a partire dal gene NRG1, qual è i test diagnostici di accompagnamento dei farmaci con evidenza clinica?"
NRG1,Gene:3084,6,Gene,KRAS,"[""Expression"", ""NRG1 Expression"", ""CETUXIMAB"", ""cobas KRAS Mutation Test  (Roche Molecular Systems, Inc.)""]",4,"Seguendo la catena di conoscenza clinica a partire dal gene NRG1, qual è i geni rilevati dai test diagnostici dei farmaci con evidenza clinica?"
NRG1,Gene:3084,7,Variant,A146P,"[""Expression"", ""NRG1 Expression"", ""CETUXIMAB"", ""cobas KRAS Mutation Test  (Roche Molecular Systems, Inc.)"", ""KRAS""]",5,"Seguendo la catena di conoscenza clinica a partire dal gene NRG1, qual è le varianti dei geni rilevati dai test diagnostici dei farmaci con evidenza clinica?"
NRG1,Gene:3084,8,MolecularProfile,KRAS A146P,"[""Expression"", ""NRG1 Expression"", ""CETUXIMAB"", ""cobas KRAS Mutation Test  (Roche Molecular Systems, Inc.)"", ""KRAS"", ""A146P""]",6,"Seguendo la catena di conoscenza clinica a partire dal gene NRG1, qual è i profili molecolari delle varianti dei geni rilevati dai test diagnostici dei farmaci con evidenza clinica?"
NT5E,Gene:4907,1,Variant,Overexpression,[],0,"Seguendo la catena di conoscenza clinica a partire dal gene NT5E, qual è la variante?"
NT5E,Gene:4907,2,MolecularProfile,NT5E Overexpression,"[""Overexpression""]",1,"Seguendo la catena di conoscenza clinica a partire dal gene NT5E, qual è il profilo molecolare della variante?"
NT5E,Gene:4907,4,Drug,CETUXIMAB,"[""Overexpression"", ""NT5E Overexpression""]",2,"Seguendo la catena di conoscenza clinica a partire dal gene NT5E, qual è i farmaci con evidenza clinica per il profilo molecolare?"
NT5E,Gene:4907,5,CompanionDiagnostic,"xT CDx  (Tempus Labs, Inc.)","[""Overexpression"", ""NT5E Overexpression"", ""CETUXIMAB""]",3,"Seguendo la catena di conoscenza clinica a partire dal gene NT5E, qual è i test diagnostici di accompagnamento dei farmaci con evidenza clinica?"
NT5E,Gene:4907,6,Gene,KRAS,"[""Overexpression"", ""NT5E Overexpression"", ""CETUXIMAB"", ""xT CDx  (Tempus Labs, Inc.)""]",4,"Seguendo la catena di conoscenza clinica a partire dal gene NT5E, qual è i geni rilevati dai test diagnostici dei farmaci con evidenza clinica?"
NT5E,Gene:4907,7,Variant,Q61R,"[""Overexpression"", ""NT5E Overexpression"", ""CETUXIMAB"", ""xT CDx  (Tempus Labs, Inc.)"", ""KRAS""]",5,"Seguendo la catena di conoscenza clinica a partire dal gene NT5E, qual è le varianti dei geni rilevati dai test diagnostici dei farmaci con evidenza clinica?"
NT5E,Gene:4907,8,MolecularProfile,KRAS Q61R,"[""Overexpression"", ""NT5E Overexpression"", ""CETUXIMAB"", ""xT CDx  (Tempus Labs, Inc.)"", ""KRAS"", ""Q61R""]",6,"Seguendo la catena di conoscenza clinica a partire dal gene NT5E, qual è i profili molecolari delle varianti dei geni rilevati dai test diagnostici dei farmaci con evidenza clinica?"
NTRK1,Gene:4914,1,Variant,F589L,[],0,"Seguendo la catena di conoscenza clinica a partire dal gene NTRK1, qual è la variante?"
NTRK1,Gene:4914,2,MolecularProfile,LMNA::NTRK1 Fusion AND NTRK1 G595R AND NTRK1 F589L,"[""F589L""]",1,"Seguendo la catena di conoscenza clinica a partire dal gene NTRK1, qual è il profilo molecolare della variante?"
NTRK1,Gene:4914,4,Drug,ENTRECTINIB,"[""F589L"", ""LMNA::NTRK1 Fusion AND NTRK1 G595R AND NTRK1 F589L""]",2,"Seguendo la catena di conoscenza clinica a partire dal gene NTRK1, qual è i farmaci con evidenza clinica per il profilo molecolare?"
NTRK1,Gene:4914,5,CompanionDiagnostic,"FoundationOne CDx  (Foundation Medicine, Inc.)","[""F589L"", ""LMNA::NTRK1 Fusion AND NTRK1 G595R AND NTRK1 F589L"", ""ENTRECTINIB""]",3,"Seguendo la catena di conoscenza clinica a partire dal gene NTRK1, qual è i test diagnostici di accompagnamento dei farmaci con evidenza clinica?"
NTRK1,Gene:4914,6,Gene,ROS1,"[""F589L"", ""LMNA::NTRK1 Fusion AND NTRK1 G595R AND NTRK1 F589L"", ""ENTRECTINIB"", ""FoundationOne CDx  (Foundation Medicine, Inc.)""]",4,"Seguendo la catena di conoscenza clinica a partire dal gene NTRK1, qual è i geni rilevati dai test diagnostici dei farmaci con evidenza clinica?"
NTRK1,Gene:4914,7,Variant,G2032R,"[""F589L"", ""LMNA::NTRK1 Fusion AND NTRK1 G595R AND NTRK1 F589L"", ""ENTRECTINIB"", ""FoundationOne CDx  (Foundation Medicine, Inc.)"", ""ROS1""]",5,"Seguendo la catena di conoscenza clinica a partire dal gene NTRK1, qual è le varianti dei geni rilevati dai test diagnostici dei farmaci con evidenza clinica?"
NTRK1,Gene:4914,8,MolecularProfile,ROS1 G2032R,"[""F589L"", ""LMNA::NTRK1 Fusion AND NTRK1 G595R AND NTRK1 F589L"", ""ENTRECTINIB"", ""FoundationOne CDx  (Foundation Medicine, Inc.)"", ""ROS1"", ""G2032R""]",6,"Seguendo la catena di conoscenza clinica a partire dal gene NTRK1, qual è i profili molecolari delle varianti dei geni rilevati dai test diagnostici dei farmaci con evidenza clinica?"
NTRK2,Gene:4915,1,Variant,Amplification,[],0,"Seguendo la catena di conoscenza clinica a partire dal gene NTRK2, qual è la variante?"
NTRK2,Gene:4915,2,MolecularProfile,NTRK1 Amplification OR NTRK3 Amplification OR NTRK2 Amplification,"[""Amplification""]",1,"Seguendo la catena di conoscenza clinica a partire dal gene NTRK2, qual è il profilo molecolare della variante?"
NTRK2,Gene:4915,4,Drug,ENTRECTINIB,"[""Amplification"", ""NTRK1 Amplification OR NTRK3 Amplification OR NTRK2 Amplification""]",2,"Seguendo la catena di conoscenza clinica a partire dal gene NTRK2, qual è i farmaci con evidenza clinica per il profilo molecolare?"
NTRK2,Gene:4915,5,CompanionDiagnostic,"FoundationOne CDx  (Foundation Medicine, Inc.)","[""Amplification"", ""NTRK1 Amplification OR NTRK3 Amplification OR NTRK2 Amplification"", ""ENTRECTINIB""]",3,"Seguendo la catena di conoscenza clinica a partire dal gene NTRK2, qual è i test diagnostici di accompagnamento dei farmaci con evidenza clinica?"
NTRK2,Gene:4915,6,Gene,ROS1,"[""Amplification"", ""NTRK1 Amplification OR NTRK3 Amplification OR NTRK2 Amplification"", ""ENTRECTINIB"", ""FoundationOne CDx  (Foundation Medicine, Inc.)""]",4,"Seguendo la catena di conoscenza clinica a partire dal gene NTRK2, qual è i geni rilevati dai test diagnostici dei farmaci con evidenza clinica?"
NTRK2,Gene:4915,7,Variant,L2026M,"[""Amplification"", ""NTRK1 Amplification OR NTRK3 Amplification OR NTRK2 Amplification"", ""ENTRECTINIB"", ""FoundationOne CDx  (Foundation Medicine, Inc.)"", ""ROS1""]",5,"Seguendo la catena di conoscenza clinica a partire dal gene NTRK2, qual è le varianti dei geni rilevati dai test diagnostici dei farmaci con evidenza clinica?"
NTRK2,Gene:4915,8,MolecularProfile,ROS1 L2026M AND CD74::ROS1 Fusion,"[""Amplification"", ""NTRK1 Amplification OR NTRK3 Amplification OR NTRK2 Amplification"", ""ENTRECTINIB"", ""FoundationOne CDx  (Foundation Medicine, Inc.)"", ""ROS1"", ""L2026M""]",6,"Seguendo la catena di conoscenza clinica a partire dal gene NTRK2, qual è i profili molecolari delle varianti dei geni rilevati dai test diagnostici dei farmaci con evidenza clinica?"
NTRK3,Gene:4916,1,Variant,F617L,[],0,"Seguendo la catena di conoscenza clinica a partire dal gene NTRK3, qual è la variante?"
NTRK3,Gene:4916,2,MolecularProfile,NTRK3 F617L,"[""F617L""]",1,"Seguendo la catena di conoscenza clinica a partire dal gene NTRK3, qual è il profilo molecolare della variante?"
NTRK3,Gene:4916,4,Drug,LAROTRECTINIB SULFATE,"[""F617L"", ""NTRK3 F617L""]",2,"Seguendo la catena di conoscenza clinica a partire dal gene NTRK3, qual è i farmaci con evidenza clinica per il profilo molecolare?"
NTRK3,Gene:4916,5,CompanionDiagnostic,"TruSight Oncology Comprehensive (Illumina, Inc.)","[""F617L"", ""NTRK3 F617L"", ""LAROTRECTINIB SULFATE""]",3,"Seguendo la catena di conoscenza clinica a partire dal gene NTRK3, qual è i test diagnostici di accompagnamento dei farmaci con evidenza clinica?"
NTRK3,Gene:4916,6,Gene,NTRK1,"[""F617L"", ""NTRK3 F617L"", ""LAROTRECTINIB SULFATE"", ""TruSight Oncology Comprehensive (Illumina, Inc.)""]",4,"Seguendo la catena di conoscenza clinica a partire dal gene NTRK3, qual è i geni rilevati dai test diagnostici dei farmaci con evidenza clinica?"
NTRK3,Gene:4916,7,Variant,Overexpression,"[""F617L"", ""NTRK3 F617L"", ""LAROTRECTINIB SULFATE"", ""TruSight Oncology Comprehensive (Illumina, Inc.)"", ""NTRK1""]",5,"Seguendo la catena di conoscenza clinica a partire dal gene NTRK3, qual è le varianti dei geni rilevati dai test diagnostici dei farmaci con evidenza clinica?"
NTRK3,Gene:4916,8,MolecularProfile,NTRK1 Overexpression,"[""F617L"", ""NTRK3 F617L"", ""LAROTRECTINIB SULFATE"", ""TruSight Oncology Comprehensive (Illumina, Inc.)"", ""NTRK1"", ""Overexpression""]",6,"Seguendo la catena di conoscenza clinica a partire dal gene NTRK3, qual è i profili molecolari delle varianti dei geni rilevati dai test diagnostici dei farmaci con evidenza clinica?"
PALB2,Gene:79728,1,Variant,Mutation,[],0,"Seguendo la catena di conoscenza clinica a partire dal gene PALB2, qual è la variante?"
PALB2,Gene:79728,2,MolecularProfile,PALB2 Mutation,"[""Mutation""]",1,"Seguendo la catena di conoscenza clinica a partire dal gene PALB2, qual è il profilo molecolare della variante?"
PALB2,Gene:79728,4,Drug,OLAPARIB,"[""Mutation"", ""PALB2 Mutation""]",2,"Seguendo la catena di conoscenza clinica a partire dal gene PALB2, qual è i farmaci con evidenza clinica per il profilo molecolare?"
PALB2,Gene:79728,5,CompanionDiagnostic,"Myriad myChoice CDx  (Myriad Genetic Laboratories, Inc.)","[""Mutation"", ""PALB2 Mutation"", ""OLAPARIB""]",3,"Seguendo la catena di conoscenza clinica a partire dal gene PALB2, qual è i test diagnostici di accompagnamento dei farmaci con evidenza clinica?"
PALB2,Gene:79728,6,Gene,BRCA1,"[""Mutation"", ""PALB2 Mutation"", ""OLAPARIB"", ""Myriad myChoice CDx  (Myriad Genetic Laboratories, Inc.)""]",4,"Seguendo la catena di conoscenza clinica a partire dal gene PALB2, qual è i geni rilevati dai test diagnostici dei farmaci con evidenza clinica?"
PALB2,Gene:79728,7,Variant,Q1467*,"[""Mutation"", ""PALB2 Mutation"", ""OLAPARIB"", ""Myriad myChoice CDx  (Myriad Genetic Laboratories, Inc.)"", ""BRCA1""]",5,"Seguendo la catena di conoscenza clinica a partire dal gene PALB2, qual è le varianti dei geni rilevati dai test diagnostici dei farmaci con evidenza clinica?"
PALB2,Gene:79728,8,MolecularProfile,BRCA1 Q1467*,"[""Mutation"", ""PALB2 Mutation"", ""OLAPARIB"", ""Myriad myChoice CDx  (Myriad Genetic Laboratories, Inc.)"", ""BRCA1"", ""Q1467*""]",6,"Seguendo la catena di conoscenza clinica a partire dal gene PALB2, qual è i profili molecolari delle varianti dei geni rilevati dai test diagnostici dei farmaci con evidenza clinica?"
PARP1,Gene:142,1,Variant,OVEREXPRESSION,[],0,"Seguendo la catena di conoscenza clinica a partire dal gene PARP1, qual è la variante?"
PARP1,Gene:142,2,MolecularProfile,PARP1 OVEREXPRESSION,"[""OVEREXPRESSION""]",1,"Seguendo la catena di conoscenza clinica a partire dal gene PARP1, qual è il profilo molecolare della variante?"
PARP1,Gene:142,4,Drug,OLAPARIB,"[""OVEREXPRESSION"", ""PARP1 OVEREXPRESSION""]",2,"Seguendo la catena di conoscenza clinica a partire dal gene PARP1, qual è i farmaci con evidenza clinica per il profilo molecolare?"
PARP1,Gene:142,5,CompanionDiagnostic,"FoundationOne CDx  (Foundation Medicine, Inc.)","[""OVEREXPRESSION"", ""PARP1 OVEREXPRESSION"", ""OLAPARIB""]",3,"Seguendo la catena di conoscenza clinica a partire dal gene PARP1, qual è i test diagnostici di accompagnamento dei farmaci con evidenza clinica?"
PARP1,Gene:142,6,Gene,CDK12,"[""OVEREXPRESSION"", ""PARP1 OVEREXPRESSION"", ""OLAPARIB"", ""FoundationOne CDx  (Foundation Medicine, Inc.)""]",4,"Seguendo la catena di conoscenza clinica a partire dal gene PARP1, qual è i geni rilevati dai test diagnostici dei farmaci con evidenza clinica?"
PARP1,Gene:142,7,Variant,Loss-of-function,"[""OVEREXPRESSION"", ""PARP1 OVEREXPRESSION"", ""OLAPARIB"", ""FoundationOne CDx  (Foundation Medicine, Inc.)"", ""CDK12""]",5,"Seguendo la catena di conoscenza clinica a partire dal gene PARP1, qual è le varianti dei geni rilevati dai test diagnostici dei farmaci con evidenza clinica?"
PARP1,Gene:142,8,MolecularProfile,CDK12 Loss-of-function,"[""OVEREXPRESSION"", ""PARP1 OVEREXPRESSION"", ""OLAPARIB"", ""FoundationOne CDx  (Foundation Medicine, Inc.)"", ""CDK12"", ""Loss-of-function""]",6,"Seguendo la catena di conoscenza clinica a partire dal gene PARP1, qual è i profili molecolari delle varianti dei geni rilevati dai test diagnostici dei farmaci con evidenza clinica?"
PBK,Gene:55872,1,Variant,OVEREXPRESSION,[],0,"Seguendo la catena di conoscenza clinica a partire dal gene PBK, qual è la variante?"
PBK,Gene:55872,2,MolecularProfile,PBK OVEREXPRESSION,"[""OVEREXPRESSION""]",1,"Seguendo la catena di conoscenza clinica a partire dal gene PBK, qual è il profilo molecolare della variante?"
PBK,Gene:55872,4,Drug,GEFITINIB,"[""OVEREXPRESSION"", ""PBK OVEREXPRESSION""]",2,"Seguendo la catena di conoscenza clinica a partire dal gene PBK, qual è i farmaci con evidenza clinica per il profilo molecolare?"
PBK,Gene:55872,5,CompanionDiagnostic,"therascreen EGFR RGQ PCR Kit  (Qiagen Manchester, Ltd.)","[""OVEREXPRESSION"", ""PBK OVEREXPRESSION"", ""GEFITINIB""]",3,"Seguendo la catena di conoscenza clinica a partire dal gene PBK, qual è i test diagnostici di accompagnamento dei farmaci con evidenza clinica?"
PBK,Gene:55872,6,Gene,EGFR,"[""OVEREXPRESSION"", ""PBK OVEREXPRESSION"", ""GEFITINIB"", ""therascreen EGFR RGQ PCR Kit  (Qiagen Manchester, Ltd.)""]",4,"Seguendo la catena di conoscenza clinica a partire dal gene PBK, qual è i geni rilevati dai test diagnostici dei farmaci con evidenza clinica?"
PBK,Gene:55872,7,Variant,R705K,"[""OVEREXPRESSION"", ""PBK OVEREXPRESSION"", ""GEFITINIB"", ""therascreen EGFR RGQ PCR Kit  (Qiagen Manchester, Ltd.)"", ""EGFR""]",5,"Seguendo la catena di conoscenza clinica a partire dal gene PBK, qual è le varianti dei geni rilevati dai test diagnostici dei farmaci con evidenza clinica?"
PBK,Gene:55872,8,MolecularProfile,EGFR R705K,"[""OVEREXPRESSION"", ""PBK OVEREXPRESSION"", ""GEFITINIB"", ""therascreen EGFR RGQ PCR Kit  (Qiagen Manchester, Ltd.)"", ""EGFR"", ""R705K""]",6,"Seguendo la catena di conoscenza clinica a partire dal gene PBK, qual è i profili molecolari delle varianti dei geni rilevati dai test diagnostici dei farmaci con evidenza clinica?"
PDGFRA,Gene:5156,1,Variant,G853D,[],0,"Seguendo la catena di conoscenza clinica a partire dal gene PDGFRA, qual è la variante?"
PDGFRA,Gene:5156,2,MolecularProfile,PDGFRA G853D,"[""G853D""]",1,"Seguendo la catena di conoscenza clinica a partire dal gene PDGFRA, qual è il profilo molecolare della variante?"
PDGFRA,Gene:5156,4,Drug,IMATINIB,"[""G853D"", ""PDGFRA G853D""]",2,"Seguendo la catena di conoscenza clinica a partire dal gene PDGFRA, qual è i farmaci con evidenza clinica per il profilo molecolare?"
PDGFRA,Gene:5156,5,CompanionDiagnostic,"PDGFRB FISH Assay  (ARUP Laboratories, Inc.)","[""G853D"", ""PDGFRA G853D"", ""IMATINIB""]",3,"Seguendo la catena di conoscenza clinica a partire dal gene PDGFRA, qual è i test diagnostici di accompagnamento dei farmaci con evidenza clinica?"
PDGFRA,Gene:5156,6,Gene,PDGFRB,"[""G853D"", ""PDGFRA G853D"", ""IMATINIB"", ""PDGFRB FISH Assay  (ARUP Laboratories, Inc.)""]",4,"Seguendo la catena di conoscenza clinica a partire dal gene PDGFRA, qual è i geni rilevati dai test diagnostici dei farmaci con evidenza clinica?"
PDGFRA,Gene:5156,7,Variant,Overexpression,"[""G853D"", ""PDGFRA G853D"", ""IMATINIB"", ""PDGFRB FISH Assay  (ARUP Laboratories, Inc.)"", ""PDGFRB""]",5,"Seguendo la catena di conoscenza clinica a partire dal gene PDGFRA, qual è le varianti dei geni rilevati dai test diagnostici dei farmaci con evidenza clinica?"
PDGFRA,Gene:5156,8,MolecularProfile,PDGFRB Overexpression,"[""G853D"", ""PDGFRA G853D"", ""IMATINIB"", ""PDGFRB FISH Assay  (ARUP Laboratories, Inc.)"", ""PDGFRB"", ""Overexpression""]",6,"Seguendo la catena di conoscenza clinica a partire dal gene PDGFRA, qual è i profili molecolari delle varianti dei geni rilevati dai test diagnostici dei farmaci con evidenza clinica?"
PIK3CA,Gene:5290,1,Variant,Exon 10 Mutation,[],0,"Seguendo la catena di conoscenza clinica a partire dal gene PIK3CA, qual è la variante?"
PIK3CA,Gene:5290,2,MolecularProfile,PIK3CA Exon 10 Mutation,"[""Exon 10 Mutation""]",1,"Seguendo la catena di conoscenza clinica a partire dal gene PIK3CA, qual è il profilo molecolare della variante?"
PIK3CA,Gene:5290,4,Drug,CETUXIMAB,"[""Exon 10 Mutation"", ""PIK3CA Exon 10 Mutation""]",2,"Seguendo la catena di conoscenza clinica a partire dal gene PIK3CA, qual è i farmaci con evidenza clinica per il profilo molecolare?"
PIK3CA,Gene:5290,5,CompanionDiagnostic,"ONCO/Reveal Dx Lung & Colon Cancer Assay (O/RDx-LCCA)  (Pillar Biosciences, Inc.)","[""Exon 10 Mutation"", ""PIK3CA Exon 10 Mutation"", ""CETUXIMAB""]",3,"Seguendo la catena di conoscenza clinica a partire dal gene PIK3CA, qual è i test diagnostici di accompagnamento dei farmaci con evidenza clinica?"
PIK3CA,Gene:5290,6,Gene,KRAS,"[""Exon 10 Mutation"", ""PIK3CA Exon 10 Mutation"", ""CETUXIMAB"", ""ONCO/Reveal Dx Lung & Colon Cancer Assay (O/RDx-LCCA)  (Pillar Biosciences, Inc.)""]",4,"Seguendo la catena di conoscenza clinica a partire dal gene PIK3CA, qual è i geni rilevati dai test diagnostici dei farmaci con evidenza clinica?"
PIK3CA,Gene:5290,7,Variant,G13V,"[""Exon 10 Mutation"", ""PIK3CA Exon 10 Mutation"", ""CETUXIMAB"", ""ONCO/Reveal Dx Lung & Colon Cancer Assay (O/RDx-LCCA)  (Pillar Biosciences, Inc.)"", ""KRAS""]",5,"Seguendo la catena di conoscenza clinica a partire dal gene PIK3CA, qual è le varianti dei geni rilevati dai test diagnostici dei farmaci con evidenza clinica?"
PIK3CA,Gene:5290,8,MolecularProfile,KRAS G13V,"[""Exon 10 Mutation"", ""PIK3CA Exon 10 Mutation"", ""CETUXIMAB"", ""ONCO/Reveal Dx Lung & Colon Cancer Assay (O/RDx-LCCA)  (Pillar Biosciences, Inc.)"", ""KRAS"", ""G13V""]",6,"Seguendo la catena di conoscenza clinica a partire dal gene PIK3CA, qual è i profili molecolari delle varianti dei geni rilevati dai test diagnostici dei farmaci con evidenza clinica?"
PIK3R2,Gene:5296,1,Variant,Overexpression,[],0,"Seguendo la catena di conoscenza clinica a partire dal gene PIK3R2, qual è la variante?"
PIK3R2,Gene:5296,2,MolecularProfile,PIK3R2 Overexpression,"[""Overexpression""]",1,"Seguendo la catena di conoscenza clinica a partire dal gene PIK3R2, qual è il profilo molecolare della variante?"
PIK3R2,Gene:5296,4,Drug,VEMURAFENIB,"[""Overexpression"", ""PIK3R2 Overexpression""]",2,"Seguendo la catena di conoscenza clinica a partire dal gene PIK3R2, qual è i farmaci con evidenza clinica per il profilo molecolare?"
PIK3R2,Gene:5296,5,CompanionDiagnostic,"cobas 4800 BRAF V600 Mutation Test  (Roche Molecular Systems, Inc.)","[""Overexpression"", ""PIK3R2 Overexpression"", ""VEMURAFENIB""]",3,"Seguendo la catena di conoscenza clinica a partire dal gene PIK3R2, qual è i test diagnostici di accompagnamento dei farmaci con evidenza clinica?"
PIK3R2,Gene:5296,6,Gene,BRAF,"[""Overexpression"", ""PIK3R2 Overexpression"", ""VEMURAFENIB"", ""cobas 4800 BRAF V600 Mutation Test  (Roche Molecular Systems, Inc.)""]",4,"Seguendo la catena di conoscenza clinica a partire dal gene PIK3R2, qual è i geni rilevati dai test diagnostici dei farmaci con evidenza clinica?"
PIK3R2,Gene:5296,7,Variant,L597V,"[""Overexpression"", ""PIK3R2 Overexpression"", ""VEMURAFENIB"", ""cobas 4800 BRAF V600 Mutation Test  (Roche Molecular Systems, Inc.)"", ""BRAF""]",5,"Seguendo la catena di conoscenza clinica a partire dal gene PIK3R2, qual è le varianti dei geni rilevati dai test diagnostici dei farmaci con evidenza clinica?"
PIK3R2,Gene:5296,8,MolecularProfile,BRAF L597V,"[""Overexpression"", ""PIK3R2 Overexpression"", ""VEMURAFENIB"", ""cobas 4800 BRAF V600 Mutation Test  (Roche Molecular Systems, Inc.)"", ""BRAF"", ""L597V""]",6,"Seguendo la catena di conoscenza clinica a partire dal gene PIK3R2, qual è i profili molecolari delle varianti dei geni rilevati dai test diagnostici dei farmaci con evidenza clinica?"
PPP2R2A,Gene:5520,1,Variant,Mutation,[],0,"Seguendo la catena di conoscenza clinica a partire dal gene PPP2R2A, qual è la variante?"
PPP2R2A,Gene:5520,2,MolecularProfile,PPP2R2A Mutation,"[""Mutation""]",1,"Seguendo la catena di conoscenza clinica a partire dal gene PPP2R2A, qual è il profilo molecolare della variante?"
PPP2R2A,Gene:5520,4,Drug,OLAPARIB,"[""Mutation"", ""PPP2R2A Mutation""]",2,"Seguendo la catena di conoscenza clinica a partire dal gene PPP2R2A, qual è i farmaci con evidenza clinica per il profilo molecolare?"
PPP2R2A,Gene:5520,5,CompanionDiagnostic,"FoundationOne Liquid CDx  (Foundation Medicine, Inc.)","[""Mutation"", ""PPP2R2A Mutation"", ""OLAPARIB""]",3,"Seguendo la catena di conoscenza clinica a partire dal gene PPP2R2A, qual è i test diagnostici di accompagnamento dei farmaci con evidenza clinica?"
PPP2R2A,Gene:5520,6,Gene,BRCA2,"[""Mutation"", ""PPP2R2A Mutation"", ""OLAPARIB"", ""FoundationOne Liquid CDx  (Foundation Medicine, Inc.)""]",4,"Seguendo la catena di conoscenza clinica a partire dal gene PPP2R2A, qual è i geni rilevati dai test diagnostici dei farmaci con evidenza clinica?"
PPP2R2A,Gene:5520,7,Variant,V159M,"[""Mutation"", ""PPP2R2A Mutation"", ""OLAPARIB"", ""FoundationOne Liquid CDx  (Foundation Medicine, Inc.)"", ""BRCA2""]",5,"Seguendo la catena di conoscenza clinica a partire dal gene PPP2R2A, qual è le varianti dei geni rilevati dai test diagnostici dei farmaci con evidenza clinica?"
PPP2R2A,Gene:5520,8,MolecularProfile,BRCA2 V159M,"[""Mutation"", ""PPP2R2A Mutation"", ""OLAPARIB"", ""FoundationOne Liquid CDx  (Foundation Medicine, Inc.)"", ""BRCA2"", ""V159M""]",6,"Seguendo la catena di conoscenza clinica a partire dal gene PPP2R2A, qual è i profili molecolari delle varianti dei geni rilevati dai test diagnostici dei farmaci con evidenza clinica?"
PREX2,Gene:80243,1,Variant,R172I,[],0,"Seguendo la catena di conoscenza clinica a partire dal gene PREX2, qual è la variante?"
PREX2,Gene:80243,2,MolecularProfile,PREX2 R172I,"[""R172I""]",1,"Seguendo la catena di conoscenza clinica a partire dal gene PREX2, qual è il profilo molecolare della variante?"
PREX2,Gene:80243,4,Drug,VEMURAFENIB,"[""R172I"", ""PREX2 R172I""]",2,"Seguendo la catena di conoscenza clinica a partire dal gene PREX2, qual è i farmaci con evidenza clinica per il profilo molecolare?"
PREX2,Gene:80243,5,CompanionDiagnostic,"cobas 4800 BRAF V600 Mutation Test  (Roche Molecular Systems, Inc.)","[""R172I"", ""PREX2 R172I"", ""VEMURAFENIB""]",3,"Seguendo la catena di conoscenza clinica a partire dal gene PREX2, qual è i test diagnostici di accompagnamento dei farmaci con evidenza clinica?"
PREX2,Gene:80243,6,Gene,BRAF,"[""R172I"", ""PREX2 R172I"", ""VEMURAFENIB"", ""cobas 4800 BRAF V600 Mutation Test  (Roche Molecular Systems, Inc.)""]",4,"Seguendo la catena di conoscenza clinica a partire dal gene PREX2, qual è i geni rilevati dai test diagnostici dei farmaci con evidenza clinica?"
PREX2,Gene:80243,7,Variant,G596R,"[""R172I"", ""PREX2 R172I"", ""VEMURAFENIB"", ""cobas 4800 BRAF V600 Mutation Test  (Roche Molecular Systems, Inc.)"", ""BRAF""]",5,"Seguendo la catena di conoscenza clinica a partire dal gene PREX2, qual è le varianti dei geni rilevati dai test diagnostici dei farmaci con evidenza clinica?"
PREX2,Gene:80243,8,MolecularProfile,BRAF G596R,"[""R172I"", ""PREX2 R172I"", ""VEMURAFENIB"", ""cobas 4800 BRAF V600 Mutation Test  (Roche Molecular Systems, Inc.)"", ""BRAF"", ""G596R""]",6,"Seguendo la catena di conoscenza clinica a partire dal gene PREX2, qual è i profili molecolari delle varianti dei geni rilevati dai test diagnostici dei farmaci con evidenza clinica?"
PTEN,Gene:5728,1,Variant,Expression,[],0,"Seguendo la catena di conoscenza clinica a partire dal gene PTEN, qual è la variante?"
PTEN,Gene:5728,2,MolecularProfile,PTEN Expression,"[""Expression""]",1,"Seguendo la catena di conoscenza clinica a partire dal gene PTEN, qual è il profilo molecolare della variante?"
PTEN,Gene:5728,4,Drug,DACOMITINIB,"[""Expression"", ""PTEN Expression""]",2,"Seguendo la catena di conoscenza clinica a partire dal gene PTEN, qual è i farmaci con evidenza clinica per il profilo molecolare?"
PTEN,Gene:5728,5,CompanionDiagnostic,"therascreen EGFR RGQ PCR Kit  (Qiagen Manchester, Ltd.)","[""Expression"", ""PTEN Expression"", ""DACOMITINIB""]",3,"Seguendo la catena di conoscenza clinica a partire dal gene PTEN, qual è i test diagnostici di accompagnamento dei farmaci con evidenza clinica?"
PTEN,Gene:5728,6,Gene,EGFR,"[""Expression"", ""PTEN Expression"", ""DACOMITINIB"", ""therascreen EGFR RGQ PCR Kit  (Qiagen Manchester, Ltd.)""]",4,"Seguendo la catena di conoscenza clinica a partire dal gene PTEN, qual è i geni rilevati dai test diagnostici dei farmaci con evidenza clinica?"
PTEN,Gene:5728,7,Variant,C775_R776insNPHVC,"[""Expression"", ""PTEN Expression"", ""DACOMITINIB"", ""therascreen EGFR RGQ PCR Kit  (Qiagen Manchester, Ltd.)"", ""EGFR""]",5,"Seguendo la catena di conoscenza clinica a partire dal gene PTEN, qual è le varianti dei geni rilevati dai test diagnostici dei farmaci con evidenza clinica?"
PTEN,Gene:5728,8,MolecularProfile,EGFR H773delinsYNPY OR EGFR H773delinsYPNPY OR EGFR H773_V774insHPH OR EGFR H773_V774insTH OR EGFR C775_R776insNPHVC,"[""Expression"", ""PTEN Expression"", ""DACOMITINIB"", ""therascreen EGFR RGQ PCR Kit  (Qiagen Manchester, Ltd.)"", ""EGFR"", ""C775_R776insNPHVC""]",6,"Seguendo la catena di conoscenza clinica a partire dal gene PTEN, qual è i profili molecolari delle varianti dei geni rilevati dai test diagnostici dei farmaci con evidenza clinica?"
PTP4A3,Gene:11156,1,Variant,OVEREXPRESSION,[],0,"Seguendo la catena di conoscenza clinica a partire dal gene PTP4A3, qual è la variante?"
PTP4A3,Gene:11156,2,MolecularProfile,PTP4A3 OVEREXPRESSION,"[""OVEREXPRESSION""]",1,"Seguendo la catena di conoscenza clinica a partire dal gene PTP4A3, qual è il profilo molecolare della variante?"
PTP4A3,Gene:11156,4,Drug,CETUXIMAB,"[""OVEREXPRESSION"", ""PTP4A3 OVEREXPRESSION""]",2,"Seguendo la catena di conoscenza clinica a partire dal gene PTP4A3, qual è i farmaci con evidenza clinica per il profilo molecolare?"
PTP4A3,Gene:11156,5,CompanionDiagnostic,"therascreen KRAS RGQ PCR Kit  (Qiagen Manchester, Ltd.)","[""OVEREXPRESSION"", ""PTP4A3 OVEREXPRESSION"", ""CETUXIMAB""]",3,"Seguendo la catena di conoscenza clinica a partire dal gene PTP4A3, qual è i test diagnostici di accompagnamento dei farmaci con evidenza clinica?"
PTP4A3,Gene:11156,6,Gene,KRAS,"[""OVEREXPRESSION"", ""PTP4A3 OVEREXPRESSION"", ""CETUXIMAB"", ""therascreen KRAS RGQ PCR Kit  (Qiagen Manchester, Ltd.)""]",4,"Seguendo la catena di conoscenza clinica a partire dal gene PTP4A3, qual è i geni rilevati dai test diagnostici dei farmaci con evidenza clinica?"
PTP4A3,Gene:11156,7,Variant,A146,"[""OVEREXPRESSION"", ""PTP4A3 OVEREXPRESSION"", ""CETUXIMAB"", ""therascreen KRAS RGQ PCR Kit  (Qiagen Manchester, Ltd.)"", ""KRAS""]",5,"Seguendo la catena di conoscenza clinica a partire dal gene PTP4A3, qual è le varianti dei geni rilevati dai test diagnostici dei farmaci con evidenza clinica?"
PTP4A3,Gene:11156,8,MolecularProfile,KRAS A146,"[""OVEREXPRESSION"", ""PTP4A3 OVEREXPRESSION"", ""CETUXIMAB"", ""therascreen KRAS RGQ PCR Kit  (Qiagen Manchester, Ltd.)"", ""KRAS"", ""A146""]",6,"Seguendo la catena di conoscenza clinica a partire dal gene PTP4A3, qual è i profili molecolari delle varianti dei geni rilevati dai test diagnostici dei farmaci con evidenza clinica?"
RAC1,Gene:5879,1,Variant,P29S,[],0,"Seguendo la catena di conoscenza clinica a partire dal gene RAC1, qual è la variante?"
RAC1,Gene:5879,2,MolecularProfile,RAC1 P29S,"[""P29S""]",1,"Seguendo la catena di conoscenza clinica a partire dal gene RAC1, qual è il profilo molecolare della variante?"
RAC1,Gene:5879,4,Drug,VEMURAFENIB,"[""P29S"", ""RAC1 P29S""]",2,"Seguendo la catena di conoscenza clinica a partire dal gene RAC1, qual è i farmaci con evidenza clinica per il profilo molecolare?"
RAC1,Gene:5879,5,CompanionDiagnostic,"cobas 4800 BRAF V600 Mutation Test  (Roche Molecular Systems, Inc.)","[""P29S"", ""RAC1 P29S"", ""VEMURAFENIB""]",3,"Seguendo la catena di conoscenza clinica a partire dal gene RAC1, qual è i test diagnostici di accompagnamento dei farmaci con evidenza clinica?"
RAC1,Gene:5879,6,Gene,BRAF,"[""P29S"", ""RAC1 P29S"", ""VEMURAFENIB"", ""cobas 4800 BRAF V600 Mutation Test  (Roche Molecular Systems, Inc.)""]",4,"Seguendo la catena di conoscenza clinica a partire dal gene RAC1, qual è i geni rilevati dai test diagnostici dei farmaci con evidenza clinica?"
RAC1,Gene:5879,7,Variant,N486_P490del,"[""P29S"", ""RAC1 P29S"", ""VEMURAFENIB"", ""cobas 4800 BRAF V600 Mutation Test  (Roche Molecular Systems, Inc.)"", ""BRAF""]",5,"Seguendo la catena di conoscenza clinica a partire dal gene RAC1, qual è le varianti dei geni rilevati dai test diagnostici dei farmaci con evidenza clinica?"
RAC1,Gene:5879,8,MolecularProfile,BRAF N486_P490del,"[""P29S"", ""RAC1 P29S"", ""VEMURAFENIB"", ""cobas 4800 BRAF V600 Mutation Test  (Roche Molecular Systems, Inc.)"", ""BRAF"", ""N486_P490del""]",6,"Seguendo la catena di conoscenza clinica a partire dal gene RAC1, qual è i profili molecolari delle varianti dei geni rilevati dai test diagnostici dei farmaci con evidenza clinica?"
RAD51B,Gene:5890,1,Variant,Mutation,[],0,"Seguendo la catena di conoscenza clinica a partire dal gene RAD51B, qual è la variante?"
RAD51B,Gene:5890,2,MolecularProfile,RAD51B Mutation,"[""Mutation""]",1,"Seguendo la catena di conoscenza clinica a partire dal gene RAD51B, qual è il profilo molecolare della variante?"
RAD51B,Gene:5890,4,Drug,OLAPARIB,"[""Mutation"", ""RAD51B Mutation""]",2,"Seguendo la catena di conoscenza clinica a partire dal gene RAD51B, qual è i farmaci con evidenza clinica per il profilo molecolare?"
RAD51B,Gene:5890,5,CompanionDiagnostic,"BRACAnalysis CDx  (Myriad Genetic Laboratories, Inc.)","[""Mutation"", ""RAD51B Mutation"", ""OLAPARIB""]",3,"Seguendo la catena di conoscenza clinica a partire dal gene RAD51B, qual è i test diagnostici di accompagnamento dei farmaci con evidenza clinica?"
RAD51B,Gene:5890,6,Gene,BRCA2,"[""Mutation"", ""RAD51B Mutation"", ""OLAPARIB"", ""BRACAnalysis CDx  (Myriad Genetic Laboratories, Inc.)""]",4,"Seguendo la catena di conoscenza clinica a partire dal gene RAD51B, qual è i geni rilevati dai test diagnostici dei farmaci con evidenza clinica?"
RAD51B,Gene:5890,7,Variant,V211L,"[""Mutation"", ""RAD51B Mutation"", ""OLAPARIB"", ""BRACAnalysis CDx  (Myriad Genetic Laboratories, Inc.)"", ""BRCA2""]",5,"Seguendo la catena di conoscenza clinica a partire dal gene RAD51B, qual è le varianti dei geni rilevati dai test diagnostici dei farmaci con evidenza clinica?"
RAD51B,Gene:5890,8,MolecularProfile,BRCA2 V211L,"[""Mutation"", ""RAD51B Mutation"", ""OLAPARIB"", ""BRACAnalysis CDx  (Myriad Genetic Laboratories, Inc.)"", ""BRCA2"", ""V211L""]",6,"Seguendo la catena di conoscenza clinica a partire dal gene RAD51B, qual è i profili molecolari delle varianti dei geni rilevati dai test diagnostici dei farmaci con evidenza clinica?"
RAD51D,Gene:5892,1,Variant,Mutation,[],0,"Seguendo la catena di conoscenza clinica a partire dal gene RAD51D, qual è la variante?"
RAD51D,Gene:5892,2,MolecularProfile,RAD51D Mutation,"[""Mutation""]",1,"Seguendo la catena di conoscenza clinica a partire dal gene RAD51D, qual è il profilo molecolare della variante?"
RAD51D,Gene:5892,4,Drug,OLAPARIB,"[""Mutation"", ""RAD51D Mutation""]",2,"Seguendo la catena di conoscenza clinica a partire dal gene RAD51D, qual è i farmaci con evidenza clinica per il profilo molecolare?"
RAD51D,Gene:5892,5,CompanionDiagnostic,"FoundationOne CDx  (Foundation Medicine, Inc.)","[""Mutation"", ""RAD51D Mutation"", ""OLAPARIB""]",3,"Seguendo la catena di conoscenza clinica a partire dal gene RAD51D, qual è i test diagnostici di accompagnamento dei farmaci con evidenza clinica?"
RAD51D,Gene:5892,6,Gene,RAD51B,"[""Mutation"", ""RAD51D Mutation"", ""OLAPARIB"", ""FoundationOne CDx  (Foundation Medicine, Inc.)""]",4,"Seguendo la catena di conoscenza clinica a partire dal gene RAD51D, qual è i geni rilevati dai test diagnostici dei farmaci con evidenza clinica?"
RAD51D,Gene:5892,7,Variant,Mutation,"[""Mutation"", ""RAD51D Mutation"", ""OLAPARIB"", ""FoundationOne CDx  (Foundation Medicine, Inc.)"", ""RAD51B""]",5,"Seguendo la catena di conoscenza clinica a partire dal gene RAD51D, qual è le varianti dei geni rilevati dai test diagnostici dei farmaci con evidenza clinica?"
RAD51D,Gene:5892,8,MolecularProfile,RAD51B Mutation,"[""Mutation"", ""RAD51D Mutation"", ""OLAPARIB"", ""FoundationOne CDx  (Foundation Medicine, Inc.)"", ""RAD51B"", ""Mutation""]",6,"Seguendo la catena di conoscenza clinica a partire dal gene RAD51D, qual è i profili molecolari delle varianti dei geni rilevati dai test diagnostici dei farmaci con evidenza clinica?"
RAD54L,Gene:8438,1,Variant,Mutation,[],0,"Seguendo la catena di conoscenza clinica a partire dal gene RAD54L, qual è la variante?"
RAD54L,Gene:8438,2,MolecularProfile,RAD54L Mutation,"[""Mutation""]",1,"Seguendo la catena di conoscenza clinica a partire dal gene RAD54L, qual è il profilo molecolare della variante?"
RAD54L,Gene:8438,4,Drug,OLAPARIB,"[""Mutation"", ""RAD54L Mutation""]",2,"Seguendo la catena di conoscenza clinica a partire dal gene RAD54L, qual è i farmaci con evidenza clinica per il profilo molecolare?"
RAD54L,Gene:8438,5,CompanionDiagnostic,"FoundationOne CDx  (Foundation Medicine, Inc.)","[""Mutation"", ""RAD54L Mutation"", ""OLAPARIB""]",3,"Seguendo la catena di conoscenza clinica a partire dal gene RAD54L, qual è i test diagnostici di accompagnamento dei farmaci con evidenza clinica?"
RAD54L,Gene:8438,6,Gene,PALB2,"[""Mutation"", ""RAD54L Mutation"", ""OLAPARIB"", ""FoundationOne CDx  (Foundation Medicine, Inc.)""]",4,"Seguendo la catena di conoscenza clinica a partire dal gene RAD54L, qual è i geni rilevati dai test diagnostici dei farmaci con evidenza clinica?"
RAD54L,Gene:8438,7,Variant,Biallelic Inactivation,"[""Mutation"", ""RAD54L Mutation"", ""OLAPARIB"", ""FoundationOne CDx  (Foundation Medicine, Inc.)"", ""PALB2""]",5,"Seguendo la catena di conoscenza clinica a partire dal gene RAD54L, qual è le varianti dei geni rilevati dai test diagnostici dei farmaci con evidenza clinica?"
RAD54L,Gene:8438,8,MolecularProfile,PALB2 Biallelic Inactivation,"[""Mutation"", ""RAD54L Mutation"", ""OLAPARIB"", ""FoundationOne CDx  (Foundation Medicine, Inc.)"", ""PALB2"", ""Biallelic Inactivation""]",6,"Seguendo la catena di conoscenza clinica a partire dal gene RAD54L, qual è i profili molecolari delle varianti dei geni rilevati dai test diagnostici dei farmaci con evidenza clinica?"
RASA1,Gene:5921,1,Variant,Loss-of-function,[],0,"Seguendo la catena di conoscenza clinica a partire dal gene RASA1, qual è la variante?"
RASA1,Gene:5921,2,MolecularProfile,RASA1 Loss-of-function,"[""Loss-of-function""]",1,"Seguendo la catena di conoscenza clinica a partire dal gene RASA1, qual è il profilo molecolare della variante?"
RASA1,Gene:5921,4,Drug,TRAMETINIB,"[""Loss-of-function"", ""RASA1 Loss-of-function""]",2,"Seguendo la catena di conoscenza clinica a partire dal gene RASA1, qual è i farmaci con evidenza clinica per il profilo molecolare?"
RASA1,Gene:5921,5,CompanionDiagnostic,THXID BRAF Kit  (bioMérieux Inc.),"[""Loss-of-function"", ""RASA1 Loss-of-function"", ""TRAMETINIB""]",3,"Seguendo la catena di conoscenza clinica a partire dal gene RASA1, qual è i test diagnostici di accompagnamento dei farmaci con evidenza clinica?"
RASA1,Gene:5921,6,Gene,BRAF,"[""Loss-of-function"", ""RASA1 Loss-of-function"", ""TRAMETINIB"", ""THXID BRAF Kit  (bioMérieux Inc.)""]",4,"Seguendo la catena di conoscenza clinica a partire dal gene RASA1, qual è i geni rilevati dai test diagnostici dei farmaci con evidenza clinica?"
RASA1,Gene:5921,7,Variant,K601E,"[""Loss-of-function"", ""RASA1 Loss-of-function"", ""TRAMETINIB"", ""THXID BRAF Kit  (bioMérieux Inc.)"", ""BRAF""]",5,"Seguendo la catena di conoscenza clinica a partire dal gene RASA1, qual è le varianti dei geni rilevati dai test diagnostici dei farmaci con evidenza clinica?"
RASA1,Gene:5921,8,MolecularProfile,BRAF V600E OR BRAF K601E,"[""Loss-of-function"", ""RASA1 Loss-of-function"", ""TRAMETINIB"", ""THXID BRAF Kit  (bioMérieux Inc.)"", ""BRAF"", ""K601E""]",6,"Seguendo la catena di conoscenza clinica a partire dal gene RASA1, qual è i profili molecolari delle varianti dei geni rilevati dai test diagnostici dei farmaci con evidenza clinica?"
RB1,Gene:5925,1,Variant,PHOSPHORYLATION,[],0,"Seguendo la catena di conoscenza clinica a partire dal gene RB1, qual è la variante?"
RB1,Gene:5925,2,MolecularProfile,RB1 PHOSPHORYLATION,"[""PHOSPHORYLATION""]",1,"Seguendo la catena di conoscenza clinica a partire dal gene RB1, qual è il profilo molecolare della variante?"
RB1,Gene:5925,4,Drug,ALPELISIB,"[""PHOSPHORYLATION"", ""RB1 PHOSPHORYLATION""]",2,"Seguendo la catena di conoscenza clinica a partire dal gene RB1, qual è i farmaci con evidenza clinica per il profilo molecolare?"
RB1,Gene:5925,5,CompanionDiagnostic,MI Cancer Seek (MCS) (Caris Life Sciences),"[""PHOSPHORYLATION"", ""RB1 PHOSPHORYLATION"", ""ALPELISIB""]",3,"Seguendo la catena di conoscenza clinica a partire dal gene RB1, qual è i test diagnostici di accompagnamento dei farmaci con evidenza clinica?"
RB1,Gene:5925,6,Gene,PIK3CA,"[""PHOSPHORYLATION"", ""RB1 PHOSPHORYLATION"", ""ALPELISIB"", ""MI Cancer Seek (MCS) (Caris Life Sciences)""]",4,"Seguendo la catena di conoscenza clinica a partire dal gene RB1, qual è i geni rilevati dai test diagnostici dei farmaci con evidenza clinica?"
RB1,Gene:5925,7,Variant,K111N,"[""PHOSPHORYLATION"", ""RB1 PHOSPHORYLATION"", ""ALPELISIB"", ""MI Cancer Seek (MCS) (Caris Life Sciences)"", ""PIK3CA""]",5,"Seguendo la catena di conoscenza clinica a partire dal gene RB1, qual è le varianti dei geni rilevati dai test diagnostici dei farmaci con evidenza clinica?"
RB1,Gene:5925,8,MolecularProfile,PTEN Loss AND PIK3CA K111N,"[""PHOSPHORYLATION"", ""RB1 PHOSPHORYLATION"", ""ALPELISIB"", ""MI Cancer Seek (MCS) (Caris Life Sciences)"", ""PIK3CA"", ""K111N""]",6,"Seguendo la catena di conoscenza clinica a partire dal gene RB1, qual è i profili molecolari delle varianti dei geni rilevati dai test diagnostici dei farmaci con evidenza clinica?"
RET,Gene:5979,1,Variant,V804M,[],0,"Seguendo la catena di conoscenza clinica a partire dal gene RET, qual è la variante?"
RET,Gene:5979,2,MolecularProfile,RET V804M,"[""V804M""]",1,"Seguendo la catena di conoscenza clinica a partire dal gene RET, qual è il profilo molecolare della variante?"
RET,Gene:5979,4,Drug,SELPERCATINIB,"[""V804M"", ""RET V804M""]",2,"Seguendo la catena di conoscenza clinica a partire dal gene RET, qual è i farmaci con evidenza clinica per il profilo molecolare?"
RET,Gene:5979,5,CompanionDiagnostic,"TruSight Oncology Comprehensive (Illumina, Inc.)","[""V804M"", ""RET V804M"", ""SELPERCATINIB""]",3,"Seguendo la catena di conoscenza clinica a partire dal gene RET, qual è i test diagnostici di accompagnamento dei farmaci con evidenza clinica?"
RET,Gene:5979,6,Gene,NTRK3,"[""V804M"", ""RET V804M"", ""SELPERCATINIB"", ""TruSight Oncology Comprehensive (Illumina, Inc.)""]",4,"Seguendo la catena di conoscenza clinica a partire dal gene RET, qual è i geni rilevati dai test diagnostici dei farmaci con evidenza clinica?"
RET,Gene:5979,7,Variant,Amplification,"[""V804M"", ""RET V804M"", ""SELPERCATINIB"", ""TruSight Oncology Comprehensive (Illumina, Inc.)"", ""NTRK3""]",5,"Seguendo la catena di conoscenza clinica a partire dal gene RET, qual è le varianti dei geni rilevati dai test diagnostici dei farmaci con evidenza clinica?"
RET,Gene:5979,8,MolecularProfile,NTRK3 Amplification,"[""V804M"", ""RET V804M"", ""SELPERCATINIB"", ""TruSight Oncology Comprehensive (Illumina, Inc.)"", ""NTRK3"", ""Amplification""]",6,"Seguendo la catena di conoscenza clinica a partire dal gene RET, qual è i profili molecolari delle varianti dei geni rilevati dai test diagnostici dei farmaci con evidenza clinica?"
ROS1,Gene:6098,1,Variant,L2026M,[],0,"Seguendo la catena di conoscenza clinica a partire dal gene ROS1, qual è la variante?"
ROS1,Gene:6098,2,MolecularProfile,ROS1 L2026M AND CD74::ROS1 Fusion,"[""L2026M""]",1,"Seguendo la catena di conoscenza clinica a partire dal gene ROS1, qual è il profilo molecolare della variante?"
ROS1,Gene:6098,4,Drug,CRIZOTINIB,"[""L2026M"", ""ROS1 L2026M AND CD74::ROS1 Fusion""]",2,"Seguendo la catena di conoscenza clinica a partire dal gene ROS1, qual è i farmaci con evidenza clinica per il profilo molecolare?"
ROS1,Gene:6098,5,CompanionDiagnostic,Vysis ALK Break Apart FISH Probe Kit  (Abbott Molecular Inc.),"[""L2026M"", ""ROS1 L2026M AND CD74::ROS1 Fusion"", ""CRIZOTINIB""]",3,"Seguendo la catena di conoscenza clinica a partire dal gene ROS1, qual è i test diagnostici di accompagnamento dei farmaci con evidenza clinica?"
ROS1,Gene:6098,6,Gene,ALK,"[""L2026M"", ""ROS1 L2026M AND CD74::ROS1 Fusion"", ""CRIZOTINIB"", ""Vysis ALK Break Apart FISH Probe Kit  (Abbott Molecular Inc.)""]",4,"Seguendo la catena di conoscenza clinica a partire dal gene ROS1, qual è i geni rilevati dai test diagnostici dei farmaci con evidenza clinica?"
ROS1,Gene:6098,7,Variant,F1174L,"[""L2026M"", ""ROS1 L2026M AND CD74::ROS1 Fusion"", ""CRIZOTINIB"", ""Vysis ALK Break Apart FISH Probe Kit  (Abbott Molecular Inc.)"", ""ALK""]",5,"Seguendo la catena di conoscenza clinica a partire dal gene ROS1, qual è le varianti dei geni rilevati dai test diagnostici dei farmaci con evidenza clinica?"
ROS1,Gene:6098,8,MolecularProfile,ALK F1174L,"[""L2026M"", ""ROS1 L2026M AND CD74::ROS1 Fusion"", ""CRIZOTINIB"", ""Vysis ALK Break Apart FISH Probe Kit  (Abbott Molecular Inc.)"", ""ALK"", ""F1174L""]",6,"Seguendo la catena di conoscenza clinica a partire dal gene ROS1, qual è i profili molecolari delle varianti dei geni rilevati dai test diagnostici dei farmaci con evidenza clinica?"
SF3B1,Gene:23451,1,Variant,K700E,[],0,"Seguendo la catena di conoscenza clinica a partire dal gene SF3B1, qual è la variante?"
SF3B1,Gene:23451,2,MolecularProfile,SF3B1 K700E,"[""K700E""]",1,"Seguendo la catena di conoscenza clinica a partire dal gene SF3B1, qual è il profilo molecolare della variante?"
SF3B1,Gene:23451,4,Drug,OLAPARIB,"[""K700E"", ""SF3B1 K700E""]",2,"Seguendo la catena di conoscenza clinica a partire dal gene SF3B1, qual è i farmaci con evidenza clinica per il profilo molecolare?"
SF3B1,Gene:23451,5,CompanionDiagnostic,"FoundationOne CDx  (Foundation Medicine, Inc.)","[""K700E"", ""SF3B1 K700E"", ""OLAPARIB""]",3,"Seguendo la catena di conoscenza clinica a partire dal gene SF3B1, qual è i test diagnostici di accompagnamento dei farmaci con evidenza clinica?"
SF3B1,Gene:23451,6,Gene,RAD51D,"[""K700E"", ""SF3B1 K700E"", ""OLAPARIB"", ""FoundationOne CDx  (Foundation Medicine, Inc.)""]",4,"Seguendo la catena di conoscenza clinica a partire dal gene SF3B1, qual è i geni rilevati dai test diagnostici dei farmaci con evidenza clinica?"
SF3B1,Gene:23451,7,Variant,R186*,"[""K700E"", ""SF3B1 K700E"", ""OLAPARIB"", ""FoundationOne CDx  (Foundation Medicine, Inc.)"", ""RAD51D""]",5,"Seguendo la catena di conoscenza clinica a partire dal gene SF3B1, qual è le varianti dei geni rilevati dai test diagnostici dei farmaci con evidenza clinica?"
SF3B1,Gene:23451,8,MolecularProfile,RAD51D R186*,"[""K700E"", ""SF3B1 K700E"", ""OLAPARIB"", ""FoundationOne CDx  (Foundation Medicine, Inc.)"", ""RAD51D"", ""R186*""]",6,"Seguendo la catena di conoscenza clinica a partire dal gene SF3B1, qual è i profili molecolari delle varianti dei geni rilevati dai test diagnostici dei farmaci con evidenza clinica?"
SGK1,Gene:6446,1,Variant,Overexpression,[],0,"Seguendo la catena di conoscenza clinica a partire dal gene SGK1, qual è la variante?"
SGK1,Gene:6446,2,MolecularProfile,SGK1 Overexpression,"[""Overexpression""]",1,"Seguendo la catena di conoscenza clinica a partire dal gene SGK1, qual è il profilo molecolare della variante?"
SGK1,Gene:6446,4,Drug,ALPELISIB,"[""Overexpression"", ""SGK1 Overexpression""]",2,"Seguendo la catena di conoscenza clinica a partire dal gene SGK1, qual è i farmaci con evidenza clinica per il profilo molecolare?"
SGK1,Gene:6446,5,CompanionDiagnostic,MI Cancer Seek (MCS) (Caris Life Sciences),"[""Overexpression"", ""SGK1 Overexpression"", ""ALPELISIB""]",3,"Seguendo la catena di conoscenza clinica a partire dal gene SGK1, qual è i test diagnostici di accompagnamento dei farmaci con evidenza clinica?"
SGK1,Gene:6446,6,Gene,PIK3CA,"[""Overexpression"", ""SGK1 Overexpression"", ""ALPELISIB"", ""MI Cancer Seek (MCS) (Caris Life Sciences)""]",4,"Seguendo la catena di conoscenza clinica a partire dal gene SGK1, qual è i geni rilevati dai test diagnostici dei farmaci con evidenza clinica?"
SGK1,Gene:6446,7,Variant,Overexpression,"[""Overexpression"", ""SGK1 Overexpression"", ""ALPELISIB"", ""MI Cancer Seek (MCS) (Caris Life Sciences)"", ""PIK3CA""]",5,"Seguendo la catena di conoscenza clinica a partire dal gene SGK1, qual è le varianti dei geni rilevati dai test diagnostici dei farmaci con evidenza clinica?"
SGK1,Gene:6446,8,MolecularProfile,BRAF V600E AND PIK3CA Overexpression,"[""Overexpression"", ""SGK1 Overexpression"", ""ALPELISIB"", ""MI Cancer Seek (MCS) (Caris Life Sciences)"", ""PIK3CA"", ""Overexpression""]",6,"Seguendo la catena di conoscenza clinica a partire dal gene SGK1, qual è i profili molecolari delle varianti dei geni rilevati dai test diagnostici dei farmaci con evidenza clinica?"
SMAD4,Gene:4089,1,Variant,Mutation,[],0,"Seguendo la catena di conoscenza clinica a partire dal gene SMAD4, qual è la variante?"
SMAD4,Gene:4089,2,MolecularProfile,SMAD4 Mutation,"[""Mutation""]",1,"Seguendo la catena di conoscenza clinica a partire dal gene SMAD4, qual è il profilo molecolare della variante?"
SMAD4,Gene:4089,4,Drug,CETUXIMAB,"[""Mutation"", ""SMAD4 Mutation""]",2,"Seguendo la catena di conoscenza clinica a partire dal gene SMAD4, qual è i farmaci con evidenza clinica per il profilo molecolare?"
SMAD4,Gene:4089,5,CompanionDiagnostic,"FoundationOne CDx  (Foundation Medicine, Inc.)","[""Mutation"", ""SMAD4 Mutation"", ""CETUXIMAB""]",3,"Seguendo la catena di conoscenza clinica a partire dal gene SMAD4, qual è i test diagnostici di accompagnamento dei farmaci con evidenza clinica?"
SMAD4,Gene:4089,6,Gene,KRAS,"[""Mutation"", ""SMAD4 Mutation"", ""CETUXIMAB"", ""FoundationOne CDx  (Foundation Medicine, Inc.)""]",4,"Seguendo la catena di conoscenza clinica a partire dal gene SMAD4, qual è i geni rilevati dai test diagnostici dei farmaci con evidenza clinica?"
SMAD4,Gene:4089,7,Variant,Amplification,"[""Mutation"", ""SMAD4 Mutation"", ""CETUXIMAB"", ""FoundationOne CDx  (Foundation Medicine, Inc.)"", ""KRAS""]",5,"Seguendo la catena di conoscenza clinica a partire dal gene SMAD4, qual è le varianti dei geni rilevati dai test diagnostici dei farmaci con evidenza clinica?"
SMAD4,Gene:4089,8,MolecularProfile,KRAS Amplification,"[""Mutation"", ""SMAD4 Mutation"", ""CETUXIMAB"", ""FoundationOne CDx  (Foundation Medicine, Inc.)"", ""KRAS"", ""Amplification""]",6,"Seguendo la catena di conoscenza clinica a partire dal gene SMAD4, qual è i profili molecolari delle varianti dei geni rilevati dai test diagnostici dei farmaci con evidenza clinica?"
SMARCB1,Gene:6598,1,Variant,Underexpression,[],0,"Seguendo la catena di conoscenza clinica a partire dal gene SMARCB1, qual è la variante?"
SMARCB1,Gene:6598,2,MolecularProfile,SMARCB1 Underexpression,"[""Underexpression""]",1,"Seguendo la catena di conoscenza clinica a partire dal gene SMARCB1, qual è il profilo molecolare della variante?"
SMARCB1,Gene:6598,4,Drug,TAZEMETOSTAT,"[""Underexpression"", ""SMARCB1 Underexpression""]",2,"Seguendo la catena di conoscenza clinica a partire dal gene SMARCB1, qual è i farmaci con evidenza clinica per il profilo molecolare?"
SMARCB1,Gene:6598,5,CompanionDiagnostic,"cobas EZH2 Mutation Test  (Roche Molecular Systems, Inc.)","[""Underexpression"", ""SMARCB1 Underexpression"", ""TAZEMETOSTAT""]",3,"Seguendo la catena di conoscenza clinica a partire dal gene SMARCB1, qual è i test diagnostici di accompagnamento dei farmaci con evidenza clinica?"
SMARCB1,Gene:6598,6,Gene,EZH2,"[""Underexpression"", ""SMARCB1 Underexpression"", ""TAZEMETOSTAT"", ""cobas EZH2 Mutation Test  (Roche Molecular Systems, Inc.)""]",4,"Seguendo la catena di conoscenza clinica a partire dal gene SMARCB1, qual è i geni rilevati dai test diagnostici dei farmaci con evidenza clinica?"
SMARCB1,Gene:6598,7,Variant,Mutation,"[""Underexpression"", ""SMARCB1 Underexpression"", ""TAZEMETOSTAT"", ""cobas EZH2 Mutation Test  (Roche Molecular Systems, Inc.)"", ""EZH2""]",5,"Seguendo la catena di conoscenza clinica a partire dal gene SMARCB1, qual è le varianti dei geni rilevati dai test diagnostici dei farmaci con evidenza clinica?"
SMARCB1,Gene:6598,8,MolecularProfile,EZH2 Mutation,"[""Underexpression"", ""SMARCB1 Underexpression"", ""TAZEMETOSTAT"", ""cobas EZH2 Mutation Test  (Roche Molecular Systems, Inc.)"", ""EZH2"", ""Mutation""]",6,"Seguendo la catena di conoscenza clinica a partire dal gene SMARCB1, qual è i profili molecolari delle varianti dei geni rilevati dai test diagnostici dei farmaci con evidenza clinica?"
SOX10,Gene:6663,1,Variant,Loss,[],0,"Seguendo la catena di conoscenza clinica a partire dal gene SOX10, qual è la variante?"
SOX10,Gene:6663,2,MolecularProfile,SOX10 Loss,"[""Loss""]",1,"Seguendo la catena di conoscenza clinica a partire dal gene SOX10, qual è il profilo molecolare della variante?"
SOX10,Gene:6663,4,Drug,VEMURAFENIB,"[""Loss"", ""SOX10 Loss""]",2,"Seguendo la catena di conoscenza clinica a partire dal gene SOX10, qual è i farmaci con evidenza clinica per il profilo molecolare?"
SOX10,Gene:6663,5,CompanionDiagnostic,"cobas 4800 BRAF V600 Mutation Test  (Roche Molecular Systems, Inc.)","[""Loss"", ""SOX10 Loss"", ""VEMURAFENIB""]",3,"Seguendo la catena di conoscenza clinica a partire dal gene SOX10, qual è i test diagnostici di accompagnamento dei farmaci con evidenza clinica?"
SOX10,Gene:6663,6,Gene,BRAF,"[""Loss"", ""SOX10 Loss"", ""VEMURAFENIB"", ""cobas 4800 BRAF V600 Mutation Test  (Roche Molecular Systems, Inc.)""]",4,"Seguendo la catena di conoscenza clinica a partire dal gene SOX10, qual è i geni rilevati dai test diagnostici dei farmaci con evidenza clinica?"
SOX10,Gene:6663,7,Variant,V600D,"[""Loss"", ""SOX10 Loss"", ""VEMURAFENIB"", ""cobas 4800 BRAF V600 Mutation Test  (Roche Molecular Systems, Inc.)"", ""BRAF""]",5,"Seguendo la catena di conoscenza clinica a partire dal gene SOX10, qual è le varianti dei geni rilevati dai test diagnostici dei farmaci con evidenza clinica?"
SOX10,Gene:6663,8,MolecularProfile,BRAF V600D,"[""Loss"", ""SOX10 Loss"", ""VEMURAFENIB"", ""cobas 4800 BRAF V600 Mutation Test  (Roche Molecular Systems, Inc.)"", ""BRAF"", ""V600D""]",6,"Seguendo la catena di conoscenza clinica a partire dal gene SOX10, qual è i profili molecolari delle varianti dei geni rilevati dai test diagnostici dei farmaci con evidenza clinica?"
STAG2,Gene:10735,1,Variant,Underexpression,[],0,"Seguendo la catena di conoscenza clinica a partire dal gene STAG2, qual è la variante?"
STAG2,Gene:10735,2,MolecularProfile,STAG2 Underexpression,"[""Underexpression""]",1,"Seguendo la catena di conoscenza clinica a partire dal gene STAG2, qual è il profilo molecolare della variante?"
STAG2,Gene:10735,4,Drug,VEMURAFENIB,"[""Underexpression"", ""STAG2 Underexpression""]",2,"Seguendo la catena di conoscenza clinica a partire dal gene STAG2, qual è i farmaci con evidenza clinica per il profilo molecolare?"
STAG2,Gene:10735,5,CompanionDiagnostic,"cobas 4800 BRAF V600 Mutation Test  (Roche Molecular Systems, Inc.)","[""Underexpression"", ""STAG2 Underexpression"", ""VEMURAFENIB""]",3,"Seguendo la catena di conoscenza clinica a partire dal gene STAG2, qual è i test diagnostici di accompagnamento dei farmaci con evidenza clinica?"
STAG2,Gene:10735,6,Gene,BRAF,"[""Underexpression"", ""STAG2 Underexpression"", ""VEMURAFENIB"", ""cobas 4800 BRAF V600 Mutation Test  (Roche Molecular Systems, Inc.)""]",4,"Seguendo la catena di conoscenza clinica a partire dal gene STAG2, qual è i geni rilevati dai test diagnostici dei farmaci con evidenza clinica?"
STAG2,Gene:10735,7,Variant,L597V,"[""Underexpression"", ""STAG2 Underexpression"", ""VEMURAFENIB"", ""cobas 4800 BRAF V600 Mutation Test  (Roche Molecular Systems, Inc.)"", ""BRAF""]",5,"Seguendo la catena di conoscenza clinica a partire dal gene STAG2, qual è le varianti dei geni rilevati dai test diagnostici dei farmaci con evidenza clinica?"
STAG2,Gene:10735,8,MolecularProfile,BRAF L597V,"[""Underexpression"", ""STAG2 Underexpression"", ""VEMURAFENIB"", ""cobas 4800 BRAF V600 Mutation Test  (Roche Molecular Systems, Inc.)"", ""BRAF"", ""L597V""]",6,"Seguendo la catena di conoscenza clinica a partire dal gene STAG2, qual è i profili molecolari delle varianti dei geni rilevati dai test diagnostici dei farmaci con evidenza clinica?"
STAG3,Gene:10734,1,Variant,Underexpression,[],0,"Seguendo la catena di conoscenza clinica a partire dal gene STAG3, qual è la variante?"
STAG3,Gene:10734,2,MolecularProfile,STAG3 Underexpression,"[""Underexpression""]",1,"Seguendo la catena di conoscenza clinica a partire dal gene STAG3, qual è il profilo molecolare della variante?"
STAG3,Gene:10734,4,Drug,VEMURAFENIB,"[""Underexpression"", ""STAG3 Underexpression""]",2,"Seguendo la catena di conoscenza clinica a partire dal gene STAG3, qual è i farmaci con evidenza clinica per il profilo molecolare?"
STAG3,Gene:10734,5,CompanionDiagnostic,"cobas 4800 BRAF V600 Mutation Test  (Roche Molecular Systems, Inc.)","[""Underexpression"", ""STAG3 Underexpression"", ""VEMURAFENIB""]",3,"Seguendo la catena di conoscenza clinica a partire dal gene STAG3, qual è i test diagnostici di accompagnamento dei farmaci con evidenza clinica?"
STAG3,Gene:10734,6,Gene,BRAF,"[""Underexpression"", ""STAG3 Underexpression"", ""VEMURAFENIB"", ""cobas 4800 BRAF V600 Mutation Test  (Roche Molecular Systems, Inc.)""]",4,"Seguendo la catena di conoscenza clinica a partire dal gene STAG3, qual è i geni rilevati dai test diagnostici dei farmaci con evidenza clinica?"
STAG3,Gene:10734,7,Variant,K483M,"[""Underexpression"", ""STAG3 Underexpression"", ""VEMURAFENIB"", ""cobas 4800 BRAF V600 Mutation Test  (Roche Molecular Systems, Inc.)"", ""BRAF""]",5,"Seguendo la catena di conoscenza clinica a partire dal gene STAG3, qual è le varianti dei geni rilevati dai test diagnostici dei farmaci con evidenza clinica?"
STAG3,Gene:10734,8,MolecularProfile,BRAF K483M,"[""Underexpression"", ""STAG3 Underexpression"", ""VEMURAFENIB"", ""cobas 4800 BRAF V600 Mutation Test  (Roche Molecular Systems, Inc.)"", ""BRAF"", ""K483M""]",6,"Seguendo la catena di conoscenza clinica a partire dal gene STAG3, qual è i profili molecolari delle varianti dei geni rilevati dai test diagnostici dei farmaci con evidenza clinica?"
TOP1,Gene:7150,1,Variant,Amplification,[],0,"Seguendo la catena di conoscenza clinica a partire dal gene TOP1, qual è la variante?"
TOP1,Gene:7150,2,MolecularProfile,TOP1 Amplification,"[""Amplification""]",1,"Seguendo la catena di conoscenza clinica a partire dal gene TOP1, qual è il profilo molecolare della variante?"
TOP1,Gene:7150,4,Drug,CETUXIMAB,"[""Amplification"", ""TOP1 Amplification""]",2,"Seguendo la catena di conoscenza clinica a partire dal gene TOP1, qual è i farmaci con evidenza clinica per il profilo molecolare?"
TOP1,Gene:7150,5,CompanionDiagnostic,"therascreen KRAS RGQ PCR Kit  (Qiagen Manchester, Ltd.)","[""Amplification"", ""TOP1 Amplification"", ""CETUXIMAB""]",3,"Seguendo la catena di conoscenza clinica a partire dal gene TOP1, qual è i test diagnostici di accompagnamento dei farmaci con evidenza clinica?"
TOP1,Gene:7150,6,Gene,KRAS,"[""Amplification"", ""TOP1 Amplification"", ""CETUXIMAB"", ""therascreen KRAS RGQ PCR Kit  (Qiagen Manchester, Ltd.)""]",4,"Seguendo la catena di conoscenza clinica a partire dal gene TOP1, qual è i geni rilevati dai test diagnostici dei farmaci con evidenza clinica?"
TOP1,Gene:7150,7,Variant,A11_G12insGA,"[""Amplification"", ""TOP1 Amplification"", ""CETUXIMAB"", ""therascreen KRAS RGQ PCR Kit  (Qiagen Manchester, Ltd.)"", ""KRAS""]",5,"Seguendo la catena di conoscenza clinica a partire dal gene TOP1, qual è le varianti dei geni rilevati dai test diagnostici dei farmaci con evidenza clinica?"
TOP1,Gene:7150,8,MolecularProfile,KRAS A11_G12insGA,"[""Amplification"", ""TOP1 Amplification"", ""CETUXIMAB"", ""therascreen KRAS RGQ PCR Kit  (Qiagen Manchester, Ltd.)"", ""KRAS"", ""A11_G12insGA""]",6,"Seguendo la catena di conoscenza clinica a partire dal gene TOP1, qual è i profili molecolari delle varianti dei geni rilevati dai test diagnostici dei farmaci con evidenza clinica?"
TP53,Gene:7157,1,Variant,Wildtype,[],0,"Seguendo la catena di conoscenza clinica a partire dal gene TP53, qual è la variante?"
TP53,Gene:7157,2,MolecularProfile,TP53 Wildtype,"[""Wildtype""]",1,"Seguendo la catena di conoscenza clinica a partire dal gene TP53, qual è il profilo molecolare della variante?"
TP53,Gene:7157,4,Drug,CETUXIMAB,"[""Wildtype"", ""TP53 Wildtype""]",2,"Seguendo la catena di conoscenza clinica a partire dal gene TP53, qual è i farmaci con evidenza clinica per il profilo molecolare?"
TP53,Gene:7157,5,CompanionDiagnostic,"ONCO/Reveal Dx Lung & Colon Cancer Assay (O/RDx-LCCA)  (Pillar Biosciences, Inc.)","[""Wildtype"", ""TP53 Wildtype"", ""CETUXIMAB""]",3,"Seguendo la catena di conoscenza clinica a partire dal gene TP53, qual è i test diagnostici di accompagnamento dei farmaci con evidenza clinica?"
TP53,Gene:7157,6,Gene,KRAS,"[""Wildtype"", ""TP53 Wildtype"", ""CETUXIMAB"", ""ONCO/Reveal Dx Lung & Colon Cancer Assay (O/RDx-LCCA)  (Pillar Biosciences, Inc.)""]",4,"Seguendo la catena di conoscenza clinica a partire dal gene TP53, qual è i geni rilevati dai test diagnostici dei farmaci con evidenza clinica?"
TP53,Gene:7157,7,Variant,R164Q (exon 5b),"[""Wildtype"", ""TP53 Wildtype"", ""CETUXIMAB"", ""ONCO/Reveal Dx Lung & Colon Cancer Assay (O/RDx-LCCA)  (Pillar Biosciences, Inc.)"", ""KRAS""]",5,"Seguendo la catena di conoscenza clinica a partire dal gene TP53, qual è le varianti dei geni rilevati dai test diagnostici dei farmaci con evidenza clinica?"
TP53,Gene:7157,8,MolecularProfile,KRAS R164Q (exon 5b),"[""Wildtype"", ""TP53 Wildtype"", ""CETUXIMAB"", ""ONCO/Reveal Dx Lung & Colon Cancer Assay (O/RDx-LCCA)  (Pillar Biosciences, Inc.)"", ""KRAS"", ""R164Q (exon 5b)""]",6,"Seguendo la catena di conoscenza clinica a partire dal gene TP53, qual è i profili molecolari delle varianti dei geni rilevati dai test diagnostici dei farmaci con evidenza clinica?"
VPS37A,Gene:137492,1,Variant,Underexpression,[],0,"Seguendo la catena di conoscenza clinica a partire dal gene VPS37A, qual è la variante?"
VPS37A,Gene:137492,2,MolecularProfile,VPS37A Underexpression,"[""Underexpression""]",1,"Seguendo la catena di conoscenza clinica a partire dal gene VPS37A, qual è il profilo molecolare della variante?"
VPS37A,Gene:137492,4,Drug,CETUXIMAB,"[""Underexpression"", ""VPS37A Underexpression""]",2,"Seguendo la catena di conoscenza clinica a partire dal gene VPS37A, qual è i farmaci con evidenza clinica per il profilo molecolare?"
VPS37A,Gene:137492,5,CompanionDiagnostic,"therascreen KRAS RGQ PCR Kit  (Qiagen Manchester, Ltd.)","[""Underexpression"", ""VPS37A Underexpression"", ""CETUXIMAB""]",3,"Seguendo la catena di conoscenza clinica a partire dal gene VPS37A, qual è i test diagnostici di accompagnamento dei farmaci con evidenza clinica?"
VPS37A,Gene:137492,6,Gene,KRAS,"[""Underexpression"", ""VPS37A Underexpression"", ""CETUXIMAB"", ""therascreen KRAS RGQ PCR Kit  (Qiagen Manchester, Ltd.)""]",4,"Seguendo la catena di conoscenza clinica a partire dal gene VPS37A, qual è i geni rilevati dai test diagnostici dei farmaci con evidenza clinica?"
VPS37A,Gene:137492,7,Variant,G10_A11insG,"[""Underexpression"", ""VPS37A Underexpression"", ""CETUXIMAB"", ""therascreen KRAS RGQ PCR Kit  (Qiagen Manchester, Ltd.)"", ""KRAS""]",5,"Seguendo la catena di conoscenza clinica a partire dal gene VPS37A, qual è le varianti dei geni rilevati dai test diagnostici dei farmaci con evidenza clinica?"
VPS37A,Gene:137492,8,MolecularProfile,KRAS G10_A11insG,"[""Underexpression"", ""VPS37A Underexpression"", ""CETUXIMAB"", ""therascreen KRAS RGQ PCR Kit  (Qiagen Manchester, Ltd.)"", ""KRAS"", ""G10_A11insG""]",6,"Seguendo la catena di conoscenza clinica a partire dal gene VPS37A, qual è i profili molecolari delle varianti dei geni rilevati dai test diagnostici dei farmaci con evidenza clinica?"
