claim_id,entity_type,query_value,claim_value,query_concept_id,claim_concept_id,literal_gate_result,ontology_match_type,ontology_distance,ontology_path,shadow_compatible_candidate,disagreement_type,confidence,notes
CLM-01aba27a2fb14d531e2d,disease,Non-Small Cell Lung Cancer,Non-Small Cell Lung Cancer,,,PASS,EXACT,0,non-small cell lung cancer,true,NO_DISAGREEMENT,high,"query side = frozen local graph_evidence_parents parent context; shadow-only; no gate, score, bucket, ranking or provenance mutation; canonical ontology ID unavailable; registry key, when present, is local-only; Valori identici dopo normalizzazione deterministica."
CLM-01aba27a2fb14d531e2d,variant,ALK G1202R AND v::ALK Fusion,ALK G1202R AND v::ALK Fusion,,,PASS,EXACT,0,alk fusion and alk g1202r,true,NO_DISAGREEMENT,high,"query side = frozen local graph_evidence_parents parent context; shadow-only; no gate, score, bucket, ranking or provenance mutation; canonical ontology ID unavailable; registry key, when present, is local-only; Valori identici dopo normalizzazione deterministica."
CLM-01aba27a2fb14d531e2d,intervention,neladalkib,neladalkib,,,PASS,EXACT,0,neladalkib,true,NO_DISAGREEMENT,high,"query side = frozen local graph_evidence_parents parent context; shadow-only; no gate, score, bucket, ranking or provenance mutation; canonical ontology ID unavailable; registry key, when present, is local-only; Valori identici dopo normalizzazione deterministica."
CLM-0269a5c7db107cd8a893,disease,Lung Non-small Cell Carcinoma,Lung Non-small Cell Carcinoma,,,PASS,EXACT,0,lung non-small cell carcinoma,true,NO_DISAGREEMENT,high,"query side = frozen local graph_evidence_parents parent context; shadow-only; no gate, score, bucket, ranking or provenance mutation; canonical ontology ID unavailable; registry key, when present, is local-only; Valori identici dopo normalizzazione deterministica."
CLM-0269a5c7db107cd8a893,variant,EGFR T790M,EGFR T790M,,,PASS,EXACT,0,egfr t790m,true,NO_DISAGREEMENT,high,"query side = frozen local graph_evidence_parents parent context; shadow-only; no gate, score, bucket, ranking or provenance mutation; canonical ontology ID unavailable; registry key, when present, is local-only; Valori identici dopo normalizzazione deterministica."
CLM-0269a5c7db107cd8a893,intervention,osimertinib,osimertinib,,,PASS,EXACT,0,osimertinib,true,NO_DISAGREEMENT,high,"query side = frozen local graph_evidence_parents parent context; shadow-only; no gate, score, bucket, ranking or provenance mutation; canonical ontology ID unavailable; registry key, when present, is local-only; Valori identici dopo normalizzazione deterministica."
CLM-02e4c1aec896020b2f8a,disease,Lung Non-small Cell Carcinoma,Lung Non-small Cell Carcinoma,,,PASS,EXACT,0,lung non-small cell carcinoma,true,NO_DISAGREEMENT,high,"query side = frozen local graph_evidence_parents parent context; shadow-only; no gate, score, bucket, ranking or provenance mutation; canonical ontology ID unavailable; registry key, when present, is local-only; Valori identici dopo normalizzazione deterministica."
CLM-02e4c1aec896020b2f8a,variant,EGFR L858R,EGFR L858R,,,PASS,EXACT,0,egfr l858r,true,NO_DISAGREEMENT,high,"query side = frozen local graph_evidence_parents parent context; shadow-only; no gate, score, bucket, ranking or provenance mutation; canonical ontology ID unavailable; registry key, when present, is local-only; Valori identici dopo normalizzazione deterministica."
CLM-02e4c1aec896020b2f8a,intervention,gefitinib,gefitinib,,,PASS,EXACT,0,gefitinib,true,NO_DISAGREEMENT,high,"query side = frozen local graph_evidence_parents parent context; shadow-only; no gate, score, bucket, ranking or provenance mutation; canonical ontology ID unavailable; registry key, when present, is local-only; Valori identici dopo normalizzazione deterministica."
CLM-05cfe6e3eb14e9a7e4c5,disease,Lung Non-small Cell Carcinoma,Lung Non-small Cell Carcinoma,,,PASS,EXACT,0,lung non-small cell carcinoma,true,NO_DISAGREEMENT,high,"query side = frozen local graph_evidence_parents parent context; shadow-only; no gate, score, bucket, ranking or provenance mutation; canonical ontology ID unavailable; registry key, when present, is local-only; Valori identici dopo normalizzazione deterministica."
CLM-05cfe6e3eb14e9a7e4c5,variant,EGFR L858R OR EGFR Exon 19 Deletion,EGFR L858R OR EGFR Exon 19 Deletion,,,PASS,EXACT,0,egfr l858r or egfr exon 19 deletion,true,NO_DISAGREEMENT,high,"query side = frozen local graph_evidence_parents parent context; shadow-only; no gate, score, bucket, ranking or provenance mutation; canonical ontology ID unavailable; registry key, when present, is local-only; Valori identici dopo normalizzazione deterministica."
CLM-05cfe6e3eb14e9a7e4c5,intervention,dacomitinib,dacomitinib,,,PASS,EXACT,0,dacomitinib,true,NO_DISAGREEMENT,high,"query side = frozen local graph_evidence_parents parent context; shadow-only; no gate, score, bucket, ranking or provenance mutation; canonical ontology ID unavailable; registry key, when present, is local-only; Valori identici dopo normalizzazione deterministica."
CLM-074de0af80e7ed34d41a,disease,Lung Adenocarcinoma,Lung Adenocarcinoma,,,PASS,EXACT,0,lung adenocarcinoma,true,NO_DISAGREEMENT,high,"query side = frozen local graph_evidence_parents parent context; shadow-only; no gate, score, bucket, ranking or provenance mutation; canonical ontology ID unavailable; registry key, when present, is local-only; Valori identici dopo normalizzazione deterministica."
CLM-074de0af80e7ed34d41a,variant,EGFR L858R,EGFR L858R,,,PASS,EXACT,0,egfr l858r,true,NO_DISAGREEMENT,high,"query side = frozen local graph_evidence_parents parent context; shadow-only; no gate, score, bucket, ranking or provenance mutation; canonical ontology ID unavailable; registry key, when present, is local-only; Valori identici dopo normalizzazione deterministica."
CLM-074de0af80e7ed34d41a,intervention,afatinib,afatinib,,,PASS,EXACT,0,afatinib,true,NO_DISAGREEMENT,high,"query side = frozen local graph_evidence_parents parent context; shadow-only; no gate, score, bucket, ranking or provenance mutation; canonical ontology ID unavailable; registry key, when present, is local-only; Valori identici dopo normalizzazione deterministica."
CLM-091cf6602db85e2a2d41,disease,Cholangiocarcinoma,Cholangiocarcinoma,,,PASS,EXACT,0,cholangiocarcinoma,true,NO_DISAGREEMENT,high,"query side = frozen local graph_evidence_parents parent context; shadow-only; no gate, score, bucket, ranking or provenance mutation; canonical ontology ID unavailable; registry key, when present, is local-only; Valori identici dopo normalizzazione deterministica."
CLM-091cf6602db85e2a2d41,variant,FGFR2::TACC3 Fusion,FGFR2::TACC3 Fusion,,,PASS,EXACT,0,fgfr2::tacc3 fusion,true,NO_DISAGREEMENT,high,"query side = frozen local graph_evidence_parents parent context; shadow-only; no gate, score, bucket, ranking or provenance mutation; canonical ontology ID unavailable; registry key, when present, is local-only; Valori identici dopo normalizzazione deterministica."
CLM-091cf6602db85e2a2d41,intervention,pazopanib hydrochloride,ponatinib,,,FAIL,UNKNOWN,,,false,ONTOLOGY_DATA_MISSING,low,"query side = frozen local graph_evidence_parents parent context; shadow-only; no gate, score, bucket, ranking or provenance mutation; canonical ontology ID unavailable; registry key, when present, is local-only; Nessun mapping di intervento locale verificato per la coppia."
CLM-0e59264facd7b2df0e67,disease,Lung Non-small Cell Carcinoma,Lung Non-small Cell Carcinoma,,,PASS,EXACT,0,lung non-small cell carcinoma,true,NO_DISAGREEMENT,high,"query side = frozen local graph_evidence_parents parent context; shadow-only; no gate, score, bucket, ranking or provenance mutation; canonical ontology ID unavailable; registry key, when present, is local-only; Valori identici dopo normalizzazione deterministica."
CLM-0e59264facd7b2df0e67,variant,EML4::ALK Fusion AND ALK I1171S,EML4::ALK Fusion AND ALK I1171S,,,PASS,EXACT,0,alk i1171s and eml4::alk fusion,true,NO_DISAGREEMENT,high,"query side = frozen local graph_evidence_parents parent context; shadow-only; no gate, score, bucket, ranking or provenance mutation; canonical ontology ID unavailable; registry key, when present, is local-only; Valori identici dopo normalizzazione deterministica."
CLM-0e59264facd7b2df0e67,intervention,alectinib hydrochloride,alectinib hydrochloride,,,PASS,EXACT,0,alectinib hydrochloride,true,NO_DISAGREEMENT,high,"query side = frozen local graph_evidence_parents parent context; shadow-only; no gate, score, bucket, ranking or provenance mutation; canonical ontology ID unavailable; registry key, when present, is local-only; Valori identici dopo normalizzazione deterministica."
CLM-0f234bc9c53847910521,disease,Non-Small Cell Lung Cancer,Non-Small Cell Lung Cancer,,,PASS,EXACT,0,non-small cell lung cancer,true,NO_DISAGREEMENT,high,"query side = frozen local graph_evidence_parents parent context; shadow-only; no gate, score, bucket, ranking or provenance mutation; canonical ontology ID unavailable; registry key, when present, is local-only; Valori identici dopo normalizzazione deterministica."
CLM-0f234bc9c53847910521,variant,ALK G1202R AND v::ALK Fusion,ALK G1202R AND v::ALK Fusion,,,PASS,EXACT,0,alk fusion and alk g1202r,true,NO_DISAGREEMENT,high,"query side = frozen local graph_evidence_parents parent context; shadow-only; no gate, score, bucket, ranking or provenance mutation; canonical ontology ID unavailable; registry key, when present, is local-only; Valori identici dopo normalizzazione deterministica."
CLM-0f234bc9c53847910521,intervention,alectinib hydrochloride,alectinib hydrochloride,,,PASS,EXACT,0,alectinib hydrochloride,true,NO_DISAGREEMENT,high,"query side = frozen local graph_evidence_parents parent context; shadow-only; no gate, score, bucket, ranking or provenance mutation; canonical ontology ID unavailable; registry key, when present, is local-only; Valori identici dopo normalizzazione deterministica."
CLM-159208efa2462a277ce8,disease,Lung Non-small Cell Carcinoma,Lung Non-small Cell Carcinoma,,,PASS,EXACT,0,lung non-small cell carcinoma,true,NO_DISAGREEMENT,high,"query side = frozen local graph_evidence_parents parent context; shadow-only; no gate, score, bucket, ranking or provenance mutation; canonical ontology ID unavailable; registry key, when present, is local-only; Valori identici dopo normalizzazione deterministica."
CLM-159208efa2462a277ce8,variant,EML4::ALK Fusion AND ALK Amplification,EML4::ALK Fusion AND ALK Amplification,,,PASS,EXACT,0,alk amplification and eml4::alk fusion,true,NO_DISAGREEMENT,high,"query side = frozen local graph_evidence_parents parent context; shadow-only; no gate, score, bucket, ranking or provenance mutation; canonical ontology ID unavailable; registry key, when present, is local-only; Valori identici dopo normalizzazione deterministica."
CLM-159208efa2462a277ce8,intervention,crizotinib,crizotinib,,,PASS,EXACT,0,crizotinib,true,NO_DISAGREEMENT,high,"query side = frozen local graph_evidence_parents parent context; shadow-only; no gate, score, bucket, ranking or provenance mutation; canonical ontology ID unavailable; registry key, when present, is local-only; Valori identici dopo normalizzazione deterministica."
CLM-1bdedb4c451fe79a073f,disease,Lung Non-small Cell Carcinoma,Lung Non-small Cell Carcinoma,,,PASS,EXACT,0,lung non-small cell carcinoma,true,NO_DISAGREEMENT,high,"query side = frozen local graph_evidence_parents parent context; shadow-only; no gate, score, bucket, ranking or provenance mutation; canonical ontology ID unavailable; registry key, when present, is local-only; Valori identici dopo normalizzazione deterministica."
CLM-1bdedb4c451fe79a073f,variant,EGFR T790M AND EGFR Exon 19 Deletion,EGFR T790M AND EGFR Exon 19 Deletion,,,PASS,EXACT,0,egfr exon 19 deletion and egfr t790m,true,NO_DISAGREEMENT,high,"query side = frozen local graph_evidence_parents parent context; shadow-only; no gate, score, bucket, ranking or provenance mutation; canonical ontology ID unavailable; registry key, when present, is local-only; Valori identici dopo normalizzazione deterministica."
CLM-1bdedb4c451fe79a073f,intervention,osimertinib,osimertinib,,,PASS,EXACT,0,osimertinib,true,NO_DISAGREEMENT,high,"query side = frozen local graph_evidence_parents parent context; shadow-only; no gate, score, bucket, ranking or provenance mutation; canonical ontology ID unavailable; registry key, when present, is local-only; Valori identici dopo normalizzazione deterministica."
CLM-1d3ba8b6ae49232969c7,disease,Intrahepatic Cholangiocarcinoma,Intrahepatic Cholangiocarcinoma,,,PASS,EXACT,0,intrahepatic cholangiocarcinoma,true,NO_DISAGREEMENT,high,"query side = frozen local graph_evidence_parents parent context; shadow-only; no gate, score, bucket, ranking or provenance mutation; canonical ontology ID unavailable; registry key, when present, is local-only; Valori identici dopo normalizzazione deterministica."
CLM-1d3ba8b6ae49232969c7,variant,FGFR2::v Fusion OR FGFR2::? Fusion,FGFR2::v Fusion OR FGFR2::? Fusion,,,PASS,EXACT,0,fgfr2::v fusion or fgfr2::? fusion,true,NO_DISAGREEMENT,high,"query side = frozen local graph_evidence_parents parent context; shadow-only; no gate, score, bucket, ranking or provenance mutation; canonical ontology ID unavailable; registry key, when present, is local-only; Valori identici dopo normalizzazione deterministica."
CLM-1d3ba8b6ae49232969c7,intervention,derazantinib,derazantinib,,,PASS,EXACT,0,derazantinib,true,NO_DISAGREEMENT,high,"query side = frozen local graph_evidence_parents parent context; shadow-only; no gate, score, bucket, ranking or provenance mutation; canonical ontology ID unavailable; registry key, when present, is local-only; Valori identici dopo normalizzazione deterministica."
CLM-1d3f469e0b264de4d203,disease,Endometrial Cancer,Endometrial Cancer,,,PASS,UNKNOWN,,,false,ONTOLOGY_DATA_MISSING,low,"query side = frozen local graph_evidence_parents parent context; shadow-only; no gate, score, bucket, ranking or provenance mutation; canonical ontology ID unavailable; registry key, when present, is local-only; Termine disease uguale ma non coperto da un concetto locale verificato."
CLM-1d3f469e0b264de4d203,variant,FGFR2 Mutation,FGFR2 Mutation,,,PASS,EXACT,0,fgfr2 mutation,true,NO_DISAGREEMENT,high,"query side = frozen local graph_evidence_parents parent context; shadow-only; no gate, score, bucket, ranking or provenance mutation; canonical ontology ID unavailable; registry key, when present, is local-only; Valori identici dopo normalizzazione deterministica."
CLM-1d3f469e0b264de4d203,intervention,ponatinib,ponatinib,,,PASS,EXACT,0,ponatinib,true,NO_DISAGREEMENT,high,"query side = frozen local graph_evidence_parents parent context; shadow-only; no gate, score, bucket, ranking or provenance mutation; canonical ontology ID unavailable; registry key, when present, is local-only; Valori identici dopo normalizzazione deterministica."
CLM-1da32e197ff9793e6508,disease,Lung Non-small Cell Carcinoma,Lung Non-small Cell Carcinoma,,,PASS,EXACT,0,lung non-small cell carcinoma,true,NO_DISAGREEMENT,high,"query side = frozen local graph_evidence_parents parent context; shadow-only; no gate, score, bucket, ranking or provenance mutation; canonical ontology ID unavailable; registry key, when present, is local-only; Valori identici dopo normalizzazione deterministica."
CLM-1da32e197ff9793e6508,variant,EGFR L858R,EGFR L858R,,,PASS,EXACT,0,egfr l858r,true,NO_DISAGREEMENT,high,"query side = frozen local graph_evidence_parents parent context; shadow-only; no gate, score, bucket, ranking or provenance mutation; canonical ontology ID unavailable; registry key, when present, is local-only; Valori identici dopo normalizzazione deterministica."
CLM-1da32e197ff9793e6508,intervention,erlotinib,erlotinib,,,PASS,EXACT,0,erlotinib,true,NO_DISAGREEMENT,high,"query side = frozen local graph_evidence_parents parent context; shadow-only; no gate, score, bucket, ranking or provenance mutation; canonical ontology ID unavailable; registry key, when present, is local-only; Valori identici dopo normalizzazione deterministica."
CLM-1e4f404ac84ee591fbda,disease,Cholangiocarcinoma,Cholangiocarcinoma,,,PASS,EXACT,0,cholangiocarcinoma,true,NO_DISAGREEMENT,high,"query side = frozen local graph_evidence_parents parent context; shadow-only; no gate, score, bucket, ranking or provenance mutation; canonical ontology ID unavailable; registry key, when present, is local-only; Valori identici dopo normalizzazione deterministica."
CLM-1e4f404ac84ee591fbda,variant,FGFR2::v Fusion OR FGFR2::? Fusion,FGFR2::v Fusion OR FGFR2::? Fusion,,,PASS,EXACT,0,fgfr2::v fusion or fgfr2::? fusion,true,NO_DISAGREEMENT,high,"query side = frozen local graph_evidence_parents parent context; shadow-only; no gate, score, bucket, ranking or provenance mutation; canonical ontology ID unavailable; registry key, when present, is local-only; Valori identici dopo normalizzazione deterministica."
CLM-1e4f404ac84ee591fbda,intervention,infigratinib,infigratinib,,,PASS,EXACT,0,infigratinib,true,NO_DISAGREEMENT,high,"query side = frozen local graph_evidence_parents parent context; shadow-only; no gate, score, bucket, ranking or provenance mutation; canonical ontology ID unavailable; registry key, when present, is local-only; Valori identici dopo normalizzazione deterministica."
CLM-1e701d1f8bedef0977f8,disease,Lung Adenocarcinoma,Lung Adenocarcinoma,,,PASS,EXACT,0,lung adenocarcinoma,true,NO_DISAGREEMENT,high,"query side = frozen local graph_evidence_parents parent context; shadow-only; no gate, score, bucket, ranking or provenance mutation; canonical ontology ID unavailable; registry key, when present, is local-only; Valori identici dopo normalizzazione deterministica."
CLM-1e701d1f8bedef0977f8,variant,EGFR L858R,EGFR L858R,,,PASS,EXACT,0,egfr l858r,true,NO_DISAGREEMENT,high,"query side = frozen local graph_evidence_parents parent context; shadow-only; no gate, score, bucket, ranking or provenance mutation; canonical ontology ID unavailable; registry key, when present, is local-only; Valori identici dopo normalizzazione deterministica."
CLM-1e701d1f8bedef0977f8,intervention,gefitinib,gefitinib,,,PASS,EXACT,0,gefitinib,true,NO_DISAGREEMENT,high,"query side = frozen local graph_evidence_parents parent context; shadow-only; no gate, score, bucket, ranking or provenance mutation; canonical ontology ID unavailable; registry key, when present, is local-only; Valori identici dopo normalizzazione deterministica."
CLM-1ebe76eee72069c364bc,disease,Cancer,Cancer,,,PASS,UNKNOWN,,,false,ONTOLOGY_DATA_MISSING,low,"query side = frozen local graph_evidence_parents parent context; shadow-only; no gate, score, bucket, ranking or provenance mutation; canonical ontology ID unavailable; registry key, when present, is local-only; Termine disease uguale ma non coperto da un concetto locale verificato."
CLM-1ebe76eee72069c364bc,variant,EGFR L858R,EGFR L858R,,,PASS,EXACT,0,egfr l858r,true,NO_DISAGREEMENT,high,"query side = frozen local graph_evidence_parents parent context; shadow-only; no gate, score, bucket, ranking or provenance mutation; canonical ontology ID unavailable; registry key, when present, is local-only; Valori identici dopo normalizzazione deterministica."
CLM-1ebe76eee72069c364bc,intervention,erlotinib,erlotinib,,,PASS,EXACT,0,erlotinib,true,NO_DISAGREEMENT,high,"query side = frozen local graph_evidence_parents parent context; shadow-only; no gate, score, bucket, ranking or provenance mutation; canonical ontology ID unavailable; registry key, when present, is local-only; Valori identici dopo normalizzazione deterministica."
CLM-1ee5f9a16a678cebf993,disease,Lung Non-small Cell Carcinoma,Lung Non-small Cell Carcinoma,,,PASS,EXACT,0,lung non-small cell carcinoma,true,NO_DISAGREEMENT,high,"query side = frozen local graph_evidence_parents parent context; shadow-only; no gate, score, bucket, ranking or provenance mutation; canonical ontology ID unavailable; registry key, when present, is local-only; Valori identici dopo normalizzazione deterministica."
CLM-1ee5f9a16a678cebf993,variant,EGFR L858R,EGFR L858R,,,PASS,EXACT,0,egfr l858r,true,NO_DISAGREEMENT,high,"query side = frozen local graph_evidence_parents parent context; shadow-only; no gate, score, bucket, ranking or provenance mutation; canonical ontology ID unavailable; registry key, when present, is local-only; Valori identici dopo normalizzazione deterministica."
CLM-1ee5f9a16a678cebf993,intervention,osimertinib,osimertinib,,,PASS,EXACT,0,osimertinib,true,NO_DISAGREEMENT,high,"query side = frozen local graph_evidence_parents parent context; shadow-only; no gate, score, bucket, ranking or provenance mutation; canonical ontology ID unavailable; registry key, when present, is local-only; Valori identici dopo normalizzazione deterministica."
CLM-1fc4af943701d57d45ad,disease,Lung Non-small Cell Carcinoma,Lung Non-small Cell Carcinoma,,,PASS,EXACT,0,lung non-small cell carcinoma,true,NO_DISAGREEMENT,high,"query side = frozen local graph_evidence_parents parent context; shadow-only; no gate, score, bucket, ranking or provenance mutation; canonical ontology ID unavailable; registry key, when present, is local-only; Valori identici dopo normalizzazione deterministica."
CLM-1fc4af943701d57d45ad,variant,EGFR L858R,EGFR L858R,,,PASS,EXACT,0,egfr l858r,true,NO_DISAGREEMENT,high,"query side = frozen local graph_evidence_parents parent context; shadow-only; no gate, score, bucket, ranking or provenance mutation; canonical ontology ID unavailable; registry key, when present, is local-only; Valori identici dopo normalizzazione deterministica."
CLM-1fc4af943701d57d45ad,intervention,erlotinib,gefitinib,,,FAIL,UNKNOWN,,,false,ONTOLOGY_DATA_MISSING,low,"query side = frozen local graph_evidence_parents parent context; shadow-only; no gate, score, bucket, ranking or provenance mutation; canonical ontology ID unavailable; registry key, when present, is local-only; Nessun mapping di intervento locale verificato per la coppia."
CLM-20292f9f996547b64fc1,disease,Lung Non-small Cell Carcinoma,Lung Non-small Cell Carcinoma,,,PASS,EXACT,0,lung non-small cell carcinoma,true,NO_DISAGREEMENT,high,"query side = frozen local graph_evidence_parents parent context; shadow-only; no gate, score, bucket, ranking or provenance mutation; canonical ontology ID unavailable; registry key, when present, is local-only; Valori identici dopo normalizzazione deterministica."
CLM-20292f9f996547b64fc1,variant,EML4::ALK Fusion AND ALK Amplification,EML4::ALK Fusion AND ALK Amplification,,,PASS,EXACT,0,alk amplification and eml4::alk fusion,true,NO_DISAGREEMENT,high,"query side = frozen local graph_evidence_parents parent context; shadow-only; no gate, score, bucket, ranking or provenance mutation; canonical ontology ID unavailable; registry key, when present, is local-only; Valori identici dopo normalizzazione deterministica."
CLM-20292f9f996547b64fc1,intervention,crizotinib,crizotinib,,,PASS,EXACT,0,crizotinib,true,NO_DISAGREEMENT,high,"query side = frozen local graph_evidence_parents parent context; shadow-only; no gate, score, bucket, ranking or provenance mutation; canonical ontology ID unavailable; registry key, when present, is local-only; Valori identici dopo normalizzazione deterministica."
CLM-223c1a096e9c2bc4468d,disease,Non-Small Cell Lung Cancer,Non-Small Cell Lung Cancer,,,PASS,EXACT,0,non-small cell lung cancer,true,NO_DISAGREEMENT,high,"query side = frozen local graph_evidence_parents parent context; shadow-only; no gate, score, bucket, ranking or provenance mutation; canonical ontology ID unavailable; registry key, when present, is local-only; Valori identici dopo normalizzazione deterministica."
CLM-223c1a096e9c2bc4468d,variant,ALK G1202R AND v::ALK Fusion,ALK G1202R AND v::ALK Fusion,,,PASS,EXACT,0,alk fusion and alk g1202r,true,NO_DISAGREEMENT,high,"query side = frozen local graph_evidence_parents parent context; shadow-only; no gate, score, bucket, ranking or provenance mutation; canonical ontology ID unavailable; registry key, when present, is local-only; Valori identici dopo normalizzazione deterministica."
CLM-223c1a096e9c2bc4468d,intervention,ceritinib,ceritinib,,,PASS,EXACT,0,ceritinib,true,NO_DISAGREEMENT,high,"query side = frozen local graph_evidence_parents parent context; shadow-only; no gate, score, bucket, ranking or provenance mutation; canonical ontology ID unavailable; registry key, when present, is local-only; Valori identici dopo normalizzazione deterministica."
CLM-2617b2ea2379aff519b2,disease,Lung Non-small Cell Carcinoma,Lung Non-small Cell Carcinoma,,,PASS,EXACT,0,lung non-small cell carcinoma,true,NO_DISAGREEMENT,high,"query side = frozen local graph_evidence_parents parent context; shadow-only; no gate, score, bucket, ranking or provenance mutation; canonical ontology ID unavailable; registry key, when present, is local-only; Valori identici dopo normalizzazione deterministica."
CLM-2617b2ea2379aff519b2,variant,EML4::ALK Fusion AND ALK G1202R,EML4::ALK Fusion AND ALK G1202R,,,PASS,EXACT,0,alk g1202r and eml4::alk fusion,true,NO_DISAGREEMENT,high,"query side = frozen local graph_evidence_parents parent context; shadow-only; no gate, score, bucket, ranking or provenance mutation; canonical ontology ID unavailable; registry key, when present, is local-only; Valori identici dopo normalizzazione deterministica."
CLM-2617b2ea2379aff519b2,intervention,tanespimycin,tanespimycin,,,PASS,EXACT,0,tanespimycin,true,NO_DISAGREEMENT,high,"query side = frozen local graph_evidence_parents parent context; shadow-only; no gate, score, bucket, ranking or provenance mutation; canonical ontology ID unavailable; registry key, when present, is local-only; Valori identici dopo normalizzazione deterministica."
CLM-29aec477ec47a23eec35,disease,Lung Non-small Cell Carcinoma,Lung Non-small Cell Carcinoma,,,PASS,EXACT,0,lung non-small cell carcinoma,true,NO_DISAGREEMENT,high,"query side = frozen local graph_evidence_parents parent context; shadow-only; no gate, score, bucket, ranking or provenance mutation; canonical ontology ID unavailable; registry key, when present, is local-only; Valori identici dopo normalizzazione deterministica."
CLM-29aec477ec47a23eec35,variant,EML4::ALK Fusion AND ALK Amplification,EML4::ALK Fusion AND ALK Amplification,,,PASS,EXACT,0,alk amplification and eml4::alk fusion,true,NO_DISAGREEMENT,high,"query side = frozen local graph_evidence_parents parent context; shadow-only; no gate, score, bucket, ranking or provenance mutation; canonical ontology ID unavailable; registry key, when present, is local-only; Valori identici dopo normalizzazione deterministica."
CLM-29aec477ec47a23eec35,intervention,crizotinib,crizotinib,,,PASS,EXACT,0,crizotinib,true,NO_DISAGREEMENT,high,"query side = frozen local graph_evidence_parents parent context; shadow-only; no gate, score, bucket, ranking or provenance mutation; canonical ontology ID unavailable; registry key, when present, is local-only; Valori identici dopo normalizzazione deterministica."
CLM-2af742d7109f4b5d3c4f,disease,Lung Non-small Cell Carcinoma,Lung Non-small Cell Carcinoma,,,PASS,EXACT,0,lung non-small cell carcinoma,true,NO_DISAGREEMENT,high,"query side = frozen local graph_evidence_parents parent context; shadow-only; no gate, score, bucket, ranking or provenance mutation; canonical ontology ID unavailable; registry key, when present, is local-only; Valori identici dopo normalizzazione deterministica."
CLM-2af742d7109f4b5d3c4f,variant,ALK F1174L,ALK F1174L,,,PASS,EXACT,0,alk f1174l,true,NO_DISAGREEMENT,high,"query side = frozen local graph_evidence_parents parent context; shadow-only; no gate, score, bucket, ranking or provenance mutation; canonical ontology ID unavailable; registry key, when present, is local-only; Valori identici dopo normalizzazione deterministica."
CLM-2af742d7109f4b5d3c4f,intervention,crizotinib,crizotinib,,,PASS,EXACT,0,crizotinib,true,NO_DISAGREEMENT,high,"query side = frozen local graph_evidence_parents parent context; shadow-only; no gate, score, bucket, ranking or provenance mutation; canonical ontology ID unavailable; registry key, when present, is local-only; Valori identici dopo normalizzazione deterministica."
CLM-2b2bbb0ab0316ff848a8,disease,Lung Adenocarcinoma,Lung Adenocarcinoma,,,PASS,EXACT,0,lung adenocarcinoma,true,NO_DISAGREEMENT,high,"query side = frozen local graph_evidence_parents parent context; shadow-only; no gate, score, bucket, ranking or provenance mutation; canonical ontology ID unavailable; registry key, when present, is local-only; Valori identici dopo normalizzazione deterministica."
CLM-2b2bbb0ab0316ff848a8,variant,EGFR T790M AND EGFR Exon 19 Deletion,EGFR T790M AND EGFR Exon 19 Deletion,,,PASS,EXACT,0,egfr exon 19 deletion and egfr t790m,true,NO_DISAGREEMENT,high,"query side = frozen local graph_evidence_parents parent context; shadow-only; no gate, score, bucket, ranking or provenance mutation; canonical ontology ID unavailable; registry key, when present, is local-only; Valori identici dopo normalizzazione deterministica."
CLM-2b2bbb0ab0316ff848a8,intervention,osimertinib,osimertinib,,,PASS,EXACT,0,osimertinib,true,NO_DISAGREEMENT,high,"query side = frozen local graph_evidence_parents parent context; shadow-only; no gate, score, bucket, ranking or provenance mutation; canonical ontology ID unavailable; registry key, when present, is local-only; Valori identici dopo normalizzazione deterministica."
CLM-2cafbc4185d367ed50bd,disease,Breast Cancer,Breast Cancer,,,PASS,UNKNOWN,,,false,ONTOLOGY_DATA_MISSING,low,"query side = frozen local graph_evidence_parents parent context; shadow-only; no gate, score, bucket, ranking or provenance mutation; canonical ontology ID unavailable; registry key, when present, is local-only; Termine disease uguale ma non coperto da un concetto locale verificato."
CLM-2cafbc4185d367ed50bd,variant,FGFR1 Amplification,FGFR1 Amplification,,,PASS,EXACT,0,fgfr1 amplification,true,NO_DISAGREEMENT,high,"query side = frozen local graph_evidence_parents parent context; shadow-only; no gate, score, bucket, ranking or provenance mutation; canonical ontology ID unavailable; registry key, when present, is local-only; Valori identici dopo normalizzazione deterministica."
CLM-2cafbc4185d367ed50bd,intervention,pemigatinib,pemigatinib,,,PASS,EXACT,0,pemigatinib,true,NO_DISAGREEMENT,high,"query side = frozen local graph_evidence_parents parent context; shadow-only; no gate, score, bucket, ranking or provenance mutation; canonical ontology ID unavailable; registry key, when present, is local-only; Valori identici dopo normalizzazione deterministica."
CLM-2ef645b79a7d21ef1136,disease,Lung Adenocarcinoma,Lung Adenocarcinoma,,,PASS,EXACT,0,lung adenocarcinoma,true,NO_DISAGREEMENT,high,"query side = frozen local graph_evidence_parents parent context; shadow-only; no gate, score, bucket, ranking or provenance mutation; canonical ontology ID unavailable; registry key, when present, is local-only; Valori identici dopo normalizzazione deterministica."
CLM-2ef645b79a7d21ef1136,variant,EML4::ALK Fusion AND ALK L1196M,EML4::ALK Fusion AND ALK L1196M,,,PASS,EXACT,0,alk l1196m and eml4::alk fusion,true,NO_DISAGREEMENT,high,"query side = frozen local graph_evidence_parents parent context; shadow-only; no gate, score, bucket, ranking or provenance mutation; canonical ontology ID unavailable; registry key, when present, is local-only; Valori identici dopo normalizzazione deterministica."
CLM-2ef645b79a7d21ef1136,intervention,crizotinib,crizotinib,,,PASS,EXACT,0,crizotinib,true,NO_DISAGREEMENT,high,"query side = frozen local graph_evidence_parents parent context; shadow-only; no gate, score, bucket, ranking or provenance mutation; canonical ontology ID unavailable; registry key, when present, is local-only; Valori identici dopo normalizzazione deterministica."
CLM-2f29179857d3b3953834,disease,Lung Non-small Cell Carcinoma,Lung Non-small Cell Carcinoma,,,PASS,EXACT,0,lung non-small cell carcinoma,true,NO_DISAGREEMENT,high,"query side = frozen local graph_evidence_parents parent context; shadow-only; no gate, score, bucket, ranking or provenance mutation; canonical ontology ID unavailable; registry key, when present, is local-only; Valori identici dopo normalizzazione deterministica."
CLM-2f29179857d3b3953834,variant,EGFR L858R,EGFR L858R,,,PASS,EXACT,0,egfr l858r,true,NO_DISAGREEMENT,high,"query side = frozen local graph_evidence_parents parent context; shadow-only; no gate, score, bucket, ranking or provenance mutation; canonical ontology ID unavailable; registry key, when present, is local-only; Valori identici dopo normalizzazione deterministica."
CLM-2f29179857d3b3953834,intervention,gefitinib,gefitinib,,,PASS,EXACT,0,gefitinib,true,NO_DISAGREEMENT,high,"query side = frozen local graph_evidence_parents parent context; shadow-only; no gate, score, bucket, ranking or provenance mutation; canonical ontology ID unavailable; registry key, when present, is local-only; Valori identici dopo normalizzazione deterministica."
CLM-311fb18411303def51f1,disease,Lung Adenocarcinoma,Lung Adenocarcinoma,,,PASS,EXACT,0,lung adenocarcinoma,true,NO_DISAGREEMENT,high,"query side = frozen local graph_evidence_parents parent context; shadow-only; no gate, score, bucket, ranking or provenance mutation; canonical ontology ID unavailable; registry key, when present, is local-only; Valori identici dopo normalizzazione deterministica."
CLM-311fb18411303def51f1,variant,EGFR L858R,EGFR L858R,,,PASS,EXACT,0,egfr l858r,true,NO_DISAGREEMENT,high,"query side = frozen local graph_evidence_parents parent context; shadow-only; no gate, score, bucket, ranking or provenance mutation; canonical ontology ID unavailable; registry key, when present, is local-only; Valori identici dopo normalizzazione deterministica."
CLM-311fb18411303def51f1,intervention,afatinib,afatinib,,,PASS,EXACT,0,afatinib,true,NO_DISAGREEMENT,high,"query side = frozen local graph_evidence_parents parent context; shadow-only; no gate, score, bucket, ranking or provenance mutation; canonical ontology ID unavailable; registry key, when present, is local-only; Valori identici dopo normalizzazione deterministica."
CLM-32754dd8ee5d24de665b,disease,Cancer,Cancer,,,PASS,UNKNOWN,,,false,ONTOLOGY_DATA_MISSING,low,"query side = frozen local graph_evidence_parents parent context; shadow-only; no gate, score, bucket, ranking or provenance mutation; canonical ontology ID unavailable; registry key, when present, is local-only; Termine disease uguale ma non coperto da un concetto locale verificato."
CLM-32754dd8ee5d24de665b,variant,EGFR L858R,EGFR L858R,,,PASS,EXACT,0,egfr l858r,true,NO_DISAGREEMENT,high,"query side = frozen local graph_evidence_parents parent context; shadow-only; no gate, score, bucket, ranking or provenance mutation; canonical ontology ID unavailable; registry key, when present, is local-only; Valori identici dopo normalizzazione deterministica."
CLM-32754dd8ee5d24de665b,intervention,erlotinib,erlotinib,,,PASS,EXACT,0,erlotinib,true,NO_DISAGREEMENT,high,"query side = frozen local graph_evidence_parents parent context; shadow-only; no gate, score, bucket, ranking or provenance mutation; canonical ontology ID unavailable; registry key, when present, is local-only; Valori identici dopo normalizzazione deterministica."
CLM-347f2a636ebc43972ab8,disease,Lung Non-small Cell Carcinoma,Lung Non-small Cell Carcinoma,,,PASS,EXACT,0,lung non-small cell carcinoma,true,NO_DISAGREEMENT,high,"query side = frozen local graph_evidence_parents parent context; shadow-only; no gate, score, bucket, ranking or provenance mutation; canonical ontology ID unavailable; registry key, when present, is local-only; Valori identici dopo normalizzazione deterministica."
CLM-347f2a636ebc43972ab8,variant,EGFR A763_Y764insFQEA,EGFR A763_Y764insFQEA,,,PASS,EXACT,0,egfr a763_y764insfqea,true,NO_DISAGREEMENT,high,"query side = frozen local graph_evidence_parents parent context; shadow-only; no gate, score, bucket, ranking or provenance mutation; canonical ontology ID unavailable; registry key, when present, is local-only; Valori identici dopo normalizzazione deterministica."
CLM-347f2a636ebc43972ab8,intervention,osimertinib,osimertinib,,,PASS,EXACT,0,osimertinib,true,NO_DISAGREEMENT,high,"query side = frozen local graph_evidence_parents parent context; shadow-only; no gate, score, bucket, ranking or provenance mutation; canonical ontology ID unavailable; registry key, when present, is local-only; Valori identici dopo normalizzazione deterministica."
CLM-35120fc8e653a16cae3b,disease,Inflammatory Myofibroblastic Tumor,Inflammatory Myofibroblastic Tumor,,,PASS,UNKNOWN,,,false,ONTOLOGY_DATA_MISSING,low,"query side = frozen local graph_evidence_parents parent context; shadow-only; no gate, score, bucket, ranking or provenance mutation; canonical ontology ID unavailable; registry key, when present, is local-only; Termine disease uguale ma non coperto da un concetto locale verificato."
CLM-35120fc8e653a16cae3b,variant,ALK F1174L,ALK F1174L,,,PASS,EXACT,0,alk f1174l,true,NO_DISAGREEMENT,high,"query side = frozen local graph_evidence_parents parent context; shadow-only; no gate, score, bucket, ranking or provenance mutation; canonical ontology ID unavailable; registry key, when present, is local-only; Valori identici dopo normalizzazione deterministica."
CLM-35120fc8e653a16cae3b,intervention,crizotinib,crizotinib,,,PASS,EXACT,0,crizotinib,true,NO_DISAGREEMENT,high,"query side = frozen local graph_evidence_parents parent context; shadow-only; no gate, score, bucket, ranking or provenance mutation; canonical ontology ID unavailable; registry key, when present, is local-only; Valori identici dopo normalizzazione deterministica."
CLM-382985ec558808784e70,disease,Lung Non-small Cell Carcinoma,Lung Non-small Cell Carcinoma,,,PASS,EXACT,0,lung non-small cell carcinoma,true,NO_DISAGREEMENT,high,"query side = frozen local graph_evidence_parents parent context; shadow-only; no gate, score, bucket, ranking or provenance mutation; canonical ontology ID unavailable; registry key, when present, is local-only; Valori identici dopo normalizzazione deterministica."
CLM-382985ec558808784e70,variant,EGFR L858R OR EGFR Exon 19 Deletion,EGFR L858R OR EGFR Exon 19 Deletion,,,PASS,EXACT,0,egfr l858r or egfr exon 19 deletion,true,NO_DISAGREEMENT,high,"query side = frozen local graph_evidence_parents parent context; shadow-only; no gate, score, bucket, ranking or provenance mutation; canonical ontology ID unavailable; registry key, when present, is local-only; Valori identici dopo normalizzazione deterministica."
CLM-382985ec558808784e70,intervention,osimertinib,osimertinib,,,PASS,EXACT,0,osimertinib,true,NO_DISAGREEMENT,high,"query side = frozen local graph_evidence_parents parent context; shadow-only; no gate, score, bucket, ranking or provenance mutation; canonical ontology ID unavailable; registry key, when present, is local-only; Valori identici dopo normalizzazione deterministica."
CLM-395b56e071be2f1cd458,disease,Lung Non-small Cell Carcinoma,Lung Non-small Cell Carcinoma,,,PASS,EXACT,0,lung non-small cell carcinoma,true,NO_DISAGREEMENT,high,"query side = frozen local graph_evidence_parents parent context; shadow-only; no gate, score, bucket, ranking or provenance mutation; canonical ontology ID unavailable; registry key, when present, is local-only; Valori identici dopo normalizzazione deterministica."
CLM-395b56e071be2f1cd458,variant,EGFR L858R,EGFR L858R,,,PASS,EXACT,0,egfr l858r,true,NO_DISAGREEMENT,high,"query side = frozen local graph_evidence_parents parent context; shadow-only; no gate, score, bucket, ranking or provenance mutation; canonical ontology ID unavailable; registry key, when present, is local-only; Valori identici dopo normalizzazione deterministica."
CLM-395b56e071be2f1cd458,intervention,afatinib,afatinib,,,PASS,EXACT,0,afatinib,true,NO_DISAGREEMENT,high,"query side = frozen local graph_evidence_parents parent context; shadow-only; no gate, score, bucket, ranking or provenance mutation; canonical ontology ID unavailable; registry key, when present, is local-only; Valori identici dopo normalizzazione deterministica."
CLM-3d26401c2cabcad4b409,disease,Lung Adenocarcinoma,Lung Adenocarcinoma,,,PASS,EXACT,0,lung adenocarcinoma,true,NO_DISAGREEMENT,high,"query side = frozen local graph_evidence_parents parent context; shadow-only; no gate, score, bucket, ranking or provenance mutation; canonical ontology ID unavailable; registry key, when present, is local-only; Valori identici dopo normalizzazione deterministica."
CLM-3d26401c2cabcad4b409,variant,EGFR T790M,EGFR T790M,,,PASS,EXACT,0,egfr t790m,true,NO_DISAGREEMENT,high,"query side = frozen local graph_evidence_parents parent context; shadow-only; no gate, score, bucket, ranking or provenance mutation; canonical ontology ID unavailable; registry key, when present, is local-only; Valori identici dopo normalizzazione deterministica."
CLM-3d26401c2cabcad4b409,intervention,osimertinib,osimertinib,,,PASS,EXACT,0,osimertinib,true,NO_DISAGREEMENT,high,"query side = frozen local graph_evidence_parents parent context; shadow-only; no gate, score, bucket, ranking or provenance mutation; canonical ontology ID unavailable; registry key, when present, is local-only; Valori identici dopo normalizzazione deterministica."
CLM-3d66398af20ebdb6fcfe,disease,Cancer,Cancer,,,PASS,UNKNOWN,,,false,ONTOLOGY_DATA_MISSING,low,"query side = frozen local graph_evidence_parents parent context; shadow-only; no gate, score, bucket, ranking or provenance mutation; canonical ontology ID unavailable; registry key, when present, is local-only; Termine disease uguale ma non coperto da un concetto locale verificato."
CLM-3d66398af20ebdb6fcfe,variant,FGFR2::v Fusion,FGFR2::v Fusion,,,PASS,EXACT,0,fgfr2::v fusion,true,NO_DISAGREEMENT,high,"query side = frozen local graph_evidence_parents parent context; shadow-only; no gate, score, bucket, ranking or provenance mutation; canonical ontology ID unavailable; registry key, when present, is local-only; Valori identici dopo normalizzazione deterministica."
CLM-3d66398af20ebdb6fcfe,intervention,erdafitinib,erdafitinib,,,PASS,EXACT,0,erdafitinib,true,NO_DISAGREEMENT,high,"query side = frozen local graph_evidence_parents parent context; shadow-only; no gate, score, bucket, ranking or provenance mutation; canonical ontology ID unavailable; registry key, when present, is local-only; Valori identici dopo normalizzazione deterministica."
CLM-3da7dfefece93692b2a2,disease,Lung Non-small Cell Carcinoma,Lung Non-small Cell Carcinoma,,,PASS,EXACT,0,lung non-small cell carcinoma,true,NO_DISAGREEMENT,high,"query side = frozen local graph_evidence_parents parent context; shadow-only; no gate, score, bucket, ranking or provenance mutation; canonical ontology ID unavailable; registry key, when present, is local-only; Valori identici dopo normalizzazione deterministica."
CLM-3da7dfefece93692b2a2,variant,EML4::ALK Fusion AND ALK G1269A,EML4::ALK Fusion AND ALK G1269A,,,PASS,EXACT,0,alk g1269a and eml4::alk fusion,true,NO_DISAGREEMENT,high,"query side = frozen local graph_evidence_parents parent context; shadow-only; no gate, score, bucket, ranking or provenance mutation; canonical ontology ID unavailable; registry key, when present, is local-only; Valori identici dopo normalizzazione deterministica."
CLM-3da7dfefece93692b2a2,intervention,crizotinib,crizotinib,,,PASS,EXACT,0,crizotinib,true,NO_DISAGREEMENT,high,"query side = frozen local graph_evidence_parents parent context; shadow-only; no gate, score, bucket, ranking or provenance mutation; canonical ontology ID unavailable; registry key, when present, is local-only; Valori identici dopo normalizzazione deterministica."
CLM-3e1055de8da3589f422e,disease,Non-Small Cell Lung Cancer,Non-Small Cell Lung Cancer,,,PASS,EXACT,0,non-small cell lung cancer,true,NO_DISAGREEMENT,high,"query side = frozen local graph_evidence_parents parent context; shadow-only; no gate, score, bucket, ranking or provenance mutation; canonical ontology ID unavailable; registry key, when present, is local-only; Valori identici dopo normalizzazione deterministica."
CLM-3e1055de8da3589f422e,variant,ALK G1202R AND v::ALK Fusion,ALK G1202R AND v::ALK Fusion,,,PASS,EXACT,0,alk fusion and alk g1202r,true,NO_DISAGREEMENT,high,"query side = frozen local graph_evidence_parents parent context; shadow-only; no gate, score, bucket, ranking or provenance mutation; canonical ontology ID unavailable; registry key, when present, is local-only; Valori identici dopo normalizzazione deterministica."
CLM-3e1055de8da3589f422e,intervention,brigatinib,brigatinib,,,PASS,EXACT,0,brigatinib,true,NO_DISAGREEMENT,high,"query side = frozen local graph_evidence_parents parent context; shadow-only; no gate, score, bucket, ranking or provenance mutation; canonical ontology ID unavailable; registry key, when present, is local-only; Valori identici dopo normalizzazione deterministica."
CLM-3e6c02a630094d46aa2f,disease,Lung Non-small Cell Carcinoma,Lung Non-small Cell Carcinoma,,,PASS,EXACT,0,lung non-small cell carcinoma,true,NO_DISAGREEMENT,high,"query side = frozen local graph_evidence_parents parent context; shadow-only; no gate, score, bucket, ranking or provenance mutation; canonical ontology ID unavailable; registry key, when present, is local-only; Valori identici dopo normalizzazione deterministica."
CLM-3e6c02a630094d46aa2f,variant,EML4::ALK Fusion AND ALK V1180L,EML4::ALK Fusion AND ALK V1180L,,,PASS,EXACT,0,alk v1180l and eml4::alk fusion,true,NO_DISAGREEMENT,high,"query side = frozen local graph_evidence_parents parent context; shadow-only; no gate, score, bucket, ranking or provenance mutation; canonical ontology ID unavailable; registry key, when present, is local-only; Valori identici dopo normalizzazione deterministica."
CLM-3e6c02a630094d46aa2f,intervention,crizotinib,crizotinib,,,PASS,EXACT,0,crizotinib,true,NO_DISAGREEMENT,high,"query side = frozen local graph_evidence_parents parent context; shadow-only; no gate, score, bucket, ranking or provenance mutation; canonical ontology ID unavailable; registry key, when present, is local-only; Valori identici dopo normalizzazione deterministica."
CLM-402da0a110fc725a7357,disease,Lung Adenocarcinoma,Lung Adenocarcinoma,,,PASS,EXACT,0,lung adenocarcinoma,true,NO_DISAGREEMENT,high,"query side = frozen local graph_evidence_parents parent context; shadow-only; no gate, score, bucket, ranking or provenance mutation; canonical ontology ID unavailable; registry key, when present, is local-only; Valori identici dopo normalizzazione deterministica."
CLM-402da0a110fc725a7357,variant,EGFR L858R,EGFR L858R,,,PASS,EXACT,0,egfr l858r,true,NO_DISAGREEMENT,high,"query side = frozen local graph_evidence_parents parent context; shadow-only; no gate, score, bucket, ranking or provenance mutation; canonical ontology ID unavailable; registry key, when present, is local-only; Valori identici dopo normalizzazione deterministica."
CLM-402da0a110fc725a7357,intervention,cetuximab,cetuximab,,,PASS,EXACT,0,cetuximab,true,NO_DISAGREEMENT,high,"query side = frozen local graph_evidence_parents parent context; shadow-only; no gate, score, bucket, ranking or provenance mutation; canonical ontology ID unavailable; registry key, when present, is local-only; Valori identici dopo normalizzazione deterministica."
CLM-40e2238c622a9cf14d31,disease,Lung Non-small Cell Carcinoma,Lung Non-small Cell Carcinoma,,,PASS,EXACT,0,lung non-small cell carcinoma,true,NO_DISAGREEMENT,high,"query side = frozen local graph_evidence_parents parent context; shadow-only; no gate, score, bucket, ranking or provenance mutation; canonical ontology ID unavailable; registry key, when present, is local-only; Valori identici dopo normalizzazione deterministica."
CLM-40e2238c622a9cf14d31,variant,EML4::ALK Fusion AND ALK G1202R,EML4::ALK Fusion AND ALK G1202R,,,PASS,EXACT,0,alk g1202r and eml4::alk fusion,true,NO_DISAGREEMENT,high,"query side = frozen local graph_evidence_parents parent context; shadow-only; no gate, score, bucket, ranking or provenance mutation; canonical ontology ID unavailable; registry key, when present, is local-only; Valori identici dopo normalizzazione deterministica."
CLM-40e2238c622a9cf14d31,intervention,ceritinib,ceritinib,,,PASS,EXACT,0,ceritinib,true,NO_DISAGREEMENT,high,"query side = frozen local graph_evidence_parents parent context; shadow-only; no gate, score, bucket, ranking or provenance mutation; canonical ontology ID unavailable; registry key, when present, is local-only; Valori identici dopo normalizzazione deterministica."
CLM-43229efd0cd8f2fd58d5,disease,Head And Neck Squamous Cell Carcinoma,Head And Neck Squamous Cell Carcinoma,,,PASS,UNKNOWN,,,false,ONTOLOGY_DATA_MISSING,low,"query side = frozen local graph_evidence_parents parent context; shadow-only; no gate, score, bucket, ranking or provenance mutation; canonical ontology ID unavailable; registry key, when present, is local-only; Termine disease uguale ma non coperto da un concetto locale verificato."
CLM-43229efd0cd8f2fd58d5,variant,FGFR2 P253R,FGFR2 P253R,,,PASS,EXACT,0,fgfr2 p253r,true,NO_DISAGREEMENT,high,"query side = frozen local graph_evidence_parents parent context; shadow-only; no gate, score, bucket, ranking or provenance mutation; canonical ontology ID unavailable; registry key, when present, is local-only; Valori identici dopo normalizzazione deterministica."
CLM-43229efd0cd8f2fd58d5,intervention,pazopanib hydrochloride,pazopanib hydrochloride,,,PASS,EXACT,0,pazopanib hydrochloride,true,NO_DISAGREEMENT,high,"query side = frozen local graph_evidence_parents parent context; shadow-only; no gate, score, bucket, ranking or provenance mutation; canonical ontology ID unavailable; registry key, when present, is local-only; Valori identici dopo normalizzazione deterministica."
CLM-45252d017284be327abb,disease,Endometrial Cancer,Endometrial Cancer,,,PASS,UNKNOWN,,,false,ONTOLOGY_DATA_MISSING,low,"query side = frozen local graph_evidence_parents parent context; shadow-only; no gate, score, bucket, ranking or provenance mutation; canonical ontology ID unavailable; registry key, when present, is local-only; Termine disease uguale ma non coperto da un concetto locale verificato."
CLM-45252d017284be327abb,variant,FGFR2 N550K,FGFR2 N550K,,,PASS,EXACT,0,fgfr2 n550k,true,NO_DISAGREEMENT,high,"query side = frozen local graph_evidence_parents parent context; shadow-only; no gate, score, bucket, ranking or provenance mutation; canonical ontology ID unavailable; registry key, when present, is local-only; Valori identici dopo normalizzazione deterministica."
CLM-45252d017284be327abb,intervention,pd173074,pd173074,,,PASS,EXACT,0,pd173074,true,NO_DISAGREEMENT,high,"query side = frozen local graph_evidence_parents parent context; shadow-only; no gate, score, bucket, ranking or provenance mutation; canonical ontology ID unavailable; registry key, when present, is local-only; Valori identici dopo normalizzazione deterministica."
CLM-464501e94094614459f5,disease,Lung Non-small Cell Carcinoma,Lung Non-small Cell Carcinoma,,,PASS,EXACT,0,lung non-small cell carcinoma,true,NO_DISAGREEMENT,high,"query side = frozen local graph_evidence_parents parent context; shadow-only; no gate, score, bucket, ranking or provenance mutation; canonical ontology ID unavailable; registry key, when present, is local-only; Valori identici dopo normalizzazione deterministica."
CLM-464501e94094614459f5,variant,ALK I1171,ALK I1171,,,PASS,EXACT,0,alk i1171,true,NO_DISAGREEMENT,high,"query side = frozen local graph_evidence_parents parent context; shadow-only; no gate, score, bucket, ranking or provenance mutation; canonical ontology ID unavailable; registry key, when present, is local-only; Valori identici dopo normalizzazione deterministica."
CLM-464501e94094614459f5,intervention,alectinib hydrochloride,alectinib hydrochloride,,,PASS,EXACT,0,alectinib hydrochloride,true,NO_DISAGREEMENT,high,"query side = frozen local graph_evidence_parents parent context; shadow-only; no gate, score, bucket, ranking or provenance mutation; canonical ontology ID unavailable; registry key, when present, is local-only; Valori identici dopo normalizzazione deterministica."
CLM-472dd2b146920f5d4bbb,disease,Cholangiocarcinoma,Cholangiocarcinoma,,,PASS,EXACT,0,cholangiocarcinoma,true,NO_DISAGREEMENT,high,"query side = frozen local graph_evidence_parents parent context; shadow-only; no gate, score, bucket, ranking or provenance mutation; canonical ontology ID unavailable; registry key, when present, is local-only; Valori identici dopo normalizzazione deterministica."
CLM-472dd2b146920f5d4bbb,variant,FGFR2::OGA Fusion,FGFR2::OGA Fusion,,,PASS,EXACT,0,fgfr2::oga fusion,true,NO_DISAGREEMENT,high,"query side = frozen local graph_evidence_parents parent context; shadow-only; no gate, score, bucket, ranking or provenance mutation; canonical ontology ID unavailable; registry key, when present, is local-only; Valori identici dopo normalizzazione deterministica."
CLM-472dd2b146920f5d4bbb,intervention,ponatinib,ponatinib,,,PASS,EXACT,0,ponatinib,true,NO_DISAGREEMENT,high,"query side = frozen local graph_evidence_parents parent context; shadow-only; no gate, score, bucket, ranking or provenance mutation; canonical ontology ID unavailable; registry key, when present, is local-only; Valori identici dopo normalizzazione deterministica."
CLM-4a89bb28592af7ebaccf,disease,Lung Non-small Cell Carcinoma,Lung Non-small Cell Carcinoma,,,PASS,EXACT,0,lung non-small cell carcinoma,true,NO_DISAGREEMENT,high,"query side = frozen local graph_evidence_parents parent context; shadow-only; no gate, score, bucket, ranking or provenance mutation; canonical ontology ID unavailable; registry key, when present, is local-only; Valori identici dopo normalizzazione deterministica."
CLM-4a89bb28592af7ebaccf,variant,EGFR L858R OR EGFR Exon 19 Deletion,EGFR L858R OR EGFR Exon 19 Deletion,,,PASS,EXACT,0,egfr l858r or egfr exon 19 deletion,true,NO_DISAGREEMENT,high,"query side = frozen local graph_evidence_parents parent context; shadow-only; no gate, score, bucket, ranking or provenance mutation; canonical ontology ID unavailable; registry key, when present, is local-only; Valori identici dopo normalizzazione deterministica."
CLM-4a89bb28592af7ebaccf,intervention,amivantamab,amivantamab + lazertinib,,,FAIL,UNKNOWN,,,false,ONTOLOGY_DATA_MISSING,low,"query side = frozen local graph_evidence_parents parent context; shadow-only; no gate, score, bucket, ranking or provenance mutation; canonical ontology ID unavailable; registry key, when present, is local-only; Nessun mapping di intervento locale verificato per la coppia."
CLM-4cede62c4212e907fd6b,disease,Malignant Pleural Mesothelioma,Malignant Pleural Mesothelioma,,,PASS,UNKNOWN,,,false,ONTOLOGY_DATA_MISSING,low,"query side = frozen local graph_evidence_parents parent context; shadow-only; no gate, score, bucket, ranking or provenance mutation; canonical ontology ID unavailable; registry key, when present, is local-only; Termine disease uguale ma non coperto da un concetto locale verificato."
CLM-4cede62c4212e907fd6b,variant,EML4::ALK Fusion AND ALK G1202R AND ALK I1171N AND ALK L1196M,EML4::ALK Fusion AND ALK G1202R AND ALK I1171N AND ALK L1196M,,,PASS,EXACT,0,alk g1202r and alk i1171n and alk l1196m and eml4::alk fusion,true,NO_DISAGREEMENT,high,"query side = frozen local graph_evidence_parents parent context; shadow-only; no gate, score, bucket, ranking or provenance mutation; canonical ontology ID unavailable; registry key, when present, is local-only; Valori identici dopo normalizzazione deterministica."
CLM-4cede62c4212e907fd6b,intervention,lorlatinib,lorlatinib,,,PASS,EXACT,0,lorlatinib,true,NO_DISAGREEMENT,high,"query side = frozen local graph_evidence_parents parent context; shadow-only; no gate, score, bucket, ranking or provenance mutation; canonical ontology ID unavailable; registry key, when present, is local-only; Valori identici dopo normalizzazione deterministica."
CLM-4ffe85304f3ef5533b58,disease,Lung Non-small Cell Carcinoma,Lung Non-small Cell Carcinoma,,,PASS,EXACT,0,lung non-small cell carcinoma,true,NO_DISAGREEMENT,high,"query side = frozen local graph_evidence_parents parent context; shadow-only; no gate, score, bucket, ranking or provenance mutation; canonical ontology ID unavailable; registry key, when present, is local-only; Valori identici dopo normalizzazione deterministica."
CLM-4ffe85304f3ef5533b58,variant,EGFR L858R,EGFR L858R,,,PASS,EXACT,0,egfr l858r,true,NO_DISAGREEMENT,high,"query side = frozen local graph_evidence_parents parent context; shadow-only; no gate, score, bucket, ranking or provenance mutation; canonical ontology ID unavailable; registry key, when present, is local-only; Valori identici dopo normalizzazione deterministica."
CLM-4ffe85304f3ef5533b58,intervention,erlotinib,egfr tyrosine kinase inhibitor,,,FAIL,UNKNOWN,,,false,ONTOLOGY_DATA_MISSING,low,"query side = frozen local graph_evidence_parents parent context; shadow-only; no gate, score, bucket, ranking or provenance mutation; canonical ontology ID unavailable; registry key, when present, is local-only; Nessun mapping di intervento locale verificato per la coppia."
CLM-5071bb2d8657ac0fbed0,disease,Cholangiocarcinoma,Cholangiocarcinoma,,,PASS,EXACT,0,cholangiocarcinoma,true,NO_DISAGREEMENT,high,"query side = frozen local graph_evidence_parents parent context; shadow-only; no gate, score, bucket, ranking or provenance mutation; canonical ontology ID unavailable; registry key, when present, is local-only; Valori identici dopo normalizzazione deterministica."
CLM-5071bb2d8657ac0fbed0,variant,FGFR2::AHCYL1 Fusion,FGFR2::AHCYL1 Fusion,,,PASS,EXACT,0,fgfr2::ahcyl1 fusion,true,NO_DISAGREEMENT,high,"query side = frozen local graph_evidence_parents parent context; shadow-only; no gate, score, bucket, ranking or provenance mutation; canonical ontology ID unavailable; registry key, when present, is local-only; Valori identici dopo normalizzazione deterministica."
CLM-5071bb2d8657ac0fbed0,intervention,infigratinib,infigratinib + pd173074,,,FAIL,UNKNOWN,,,false,ONTOLOGY_DATA_MISSING,low,"query side = frozen local graph_evidence_parents parent context; shadow-only; no gate, score, bucket, ranking or provenance mutation; canonical ontology ID unavailable; registry key, when present, is local-only; Nessun mapping di intervento locale verificato per la coppia."
CLM-54e1fcd65c57bfbf8d04,disease,Lung Adenocarcinoma,Lung Adenocarcinoma,,,PASS,EXACT,0,lung adenocarcinoma,true,NO_DISAGREEMENT,high,"query side = frozen local graph_evidence_parents parent context; shadow-only; no gate, score, bucket, ranking or provenance mutation; canonical ontology ID unavailable; registry key, when present, is local-only; Valori identici dopo normalizzazione deterministica."
CLM-54e1fcd65c57bfbf8d04,variant,EGFR L858R,EGFR L858R,,,PASS,EXACT,0,egfr l858r,true,NO_DISAGREEMENT,high,"query side = frozen local graph_evidence_parents parent context; shadow-only; no gate, score, bucket, ranking or provenance mutation; canonical ontology ID unavailable; registry key, when present, is local-only; Valori identici dopo normalizzazione deterministica."
CLM-54e1fcd65c57bfbf8d04,intervention,erlotinib,erlotinib,,,PASS,EXACT,0,erlotinib,true,NO_DISAGREEMENT,high,"query side = frozen local graph_evidence_parents parent context; shadow-only; no gate, score, bucket, ranking or provenance mutation; canonical ontology ID unavailable; registry key, when present, is local-only; Valori identici dopo normalizzazione deterministica."
CLM-5842e19f516c618ca369,disease,Pancreatic Adenocarcinoma,Pancreatic Adenocarcinoma,,,PASS,UNKNOWN,,,false,ONTOLOGY_DATA_MISSING,low,"query side = frozen local graph_evidence_parents parent context; shadow-only; no gate, score, bucket, ranking or provenance mutation; canonical ontology ID unavailable; registry key, when present, is local-only; Termine disease uguale ma non coperto da un concetto locale verificato."
CLM-5842e19f516c618ca369,variant,EGFR T790M,EGFR T790M,,,PASS,EXACT,0,egfr t790m,true,NO_DISAGREEMENT,high,"query side = frozen local graph_evidence_parents parent context; shadow-only; no gate, score, bucket, ranking or provenance mutation; canonical ontology ID unavailable; registry key, when present, is local-only; Valori identici dopo normalizzazione deterministica."
CLM-5842e19f516c618ca369,intervention,osimertinib,osimertinib,,,PASS,EXACT,0,osimertinib,true,NO_DISAGREEMENT,high,"query side = frozen local graph_evidence_parents parent context; shadow-only; no gate, score, bucket, ranking or provenance mutation; canonical ontology ID unavailable; registry key, when present, is local-only; Valori identici dopo normalizzazione deterministica."
CLM-5ce49705979f72f174e9,disease,Lung Non-small Cell Carcinoma,Lung Non-small Cell Carcinoma,,,PASS,EXACT,0,lung non-small cell carcinoma,true,NO_DISAGREEMENT,high,"query side = frozen local graph_evidence_parents parent context; shadow-only; no gate, score, bucket, ranking or provenance mutation; canonical ontology ID unavailable; registry key, when present, is local-only; Valori identici dopo normalizzazione deterministica."
CLM-5ce49705979f72f174e9,variant,EGFR L858R OR EGFR Exon 19 Deletion,EGFR L858R OR EGFR Exon 19 Deletion,,,PASS,EXACT,0,egfr l858r or egfr exon 19 deletion,true,NO_DISAGREEMENT,high,"query side = frozen local graph_evidence_parents parent context; shadow-only; no gate, score, bucket, ranking or provenance mutation; canonical ontology ID unavailable; registry key, when present, is local-only; Valori identici dopo normalizzazione deterministica."
CLM-5ce49705979f72f174e9,intervention,amivantamab,amivantamab + carboplatin + pemetrexed,,,FAIL,UNKNOWN,,,false,ONTOLOGY_DATA_MISSING,low,"query side = frozen local graph_evidence_parents parent context; shadow-only; no gate, score, bucket, ranking or provenance mutation; canonical ontology ID unavailable; registry key, when present, is local-only; Nessun mapping di intervento locale verificato per la coppia."
CLM-5ce532268b4aa1661311,disease,Lung Non-small Cell Carcinoma,Lung Non-small Cell Carcinoma,,,PASS,EXACT,0,lung non-small cell carcinoma,true,NO_DISAGREEMENT,high,"query side = frozen local graph_evidence_parents parent context; shadow-only; no gate, score, bucket, ranking or provenance mutation; canonical ontology ID unavailable; registry key, when present, is local-only; Valori identici dopo normalizzazione deterministica."
CLM-5ce532268b4aa1661311,variant,EML4::ALK Fusion AND ALK C1156Y,EML4::ALK Fusion AND ALK C1156Y,,,PASS,EXACT,0,alk c1156y and eml4::alk fusion,true,NO_DISAGREEMENT,high,"query side = frozen local graph_evidence_parents parent context; shadow-only; no gate, score, bucket, ranking or provenance mutation; canonical ontology ID unavailable; registry key, when present, is local-only; Valori identici dopo normalizzazione deterministica."
CLM-5ce532268b4aa1661311,intervention,ceritinib,crizotinib,,,FAIL,UNKNOWN,,,false,ONTOLOGY_DATA_MISSING,low,"query side = frozen local graph_evidence_parents parent context; shadow-only; no gate, score, bucket, ranking or provenance mutation; canonical ontology ID unavailable; registry key, when present, is local-only; Nessun mapping di intervento locale verificato per la coppia."
CLM-5dd4a1aa178045142295,disease,Lung Non-small Cell Carcinoma,Lung Non-small Cell Carcinoma,,,PASS,EXACT,0,lung non-small cell carcinoma,true,NO_DISAGREEMENT,high,"query side = frozen local graph_evidence_parents parent context; shadow-only; no gate, score, bucket, ranking or provenance mutation; canonical ontology ID unavailable; registry key, when present, is local-only; Valori identici dopo normalizzazione deterministica."
CLM-5dd4a1aa178045142295,variant,EGFR Exon 20 Insertion,EGFR Exon 20 Insertion,,,PASS,EXACT,0,egfr exon 20 insertion,true,NO_DISAGREEMENT,high,"query side = frozen local graph_evidence_parents parent context; shadow-only; no gate, score, bucket, ranking or provenance mutation; canonical ontology ID unavailable; registry key, when present, is local-only; Valori identici dopo normalizzazione deterministica."
CLM-5dd4a1aa178045142295,intervention,osimertinib,osimertinib,,,PASS,EXACT,0,osimertinib,true,NO_DISAGREEMENT,high,"query side = frozen local graph_evidence_parents parent context; shadow-only; no gate, score, bucket, ranking or provenance mutation; canonical ontology ID unavailable; registry key, when present, is local-only; Valori identici dopo normalizzazione deterministica."
CLM-5e39ddbd23c5746264f7,disease,Neuroblastoma,Neuroblastoma,,,PASS,UNKNOWN,,,false,ONTOLOGY_DATA_MISSING,low,"query side = frozen local graph_evidence_parents parent context; shadow-only; no gate, score, bucket, ranking or provenance mutation; canonical ontology ID unavailable; registry key, when present, is local-only; Termine disease uguale ma non coperto da un concetto locale verificato."
CLM-5e39ddbd23c5746264f7,variant,ALK F1245C,ALK F1245C,,,PASS,EXACT,0,alk f1245c,true,NO_DISAGREEMENT,high,"query side = frozen local graph_evidence_parents parent context; shadow-only; no gate, score, bucket, ranking or provenance mutation; canonical ontology ID unavailable; registry key, when present, is local-only; Valori identici dopo normalizzazione deterministica."
CLM-5e39ddbd23c5746264f7,intervention,crizotinib,crizotinib,,,PASS,EXACT,0,crizotinib,true,NO_DISAGREEMENT,high,"query side = frozen local graph_evidence_parents parent context; shadow-only; no gate, score, bucket, ranking or provenance mutation; canonical ontology ID unavailable; registry key, when present, is local-only; Valori identici dopo normalizzazione deterministica."
CLM-6016e0878e055658200e,disease,Myeloid Neoplasm,Myeloid Neoplasm,,,PASS,UNKNOWN,,,false,ONTOLOGY_DATA_MISSING,low,"query side = frozen local graph_evidence_parents parent context; shadow-only; no gate, score, bucket, ranking or provenance mutation; canonical ontology ID unavailable; registry key, when present, is local-only; Termine disease uguale ma non coperto da un concetto locale verificato."
CLM-6016e0878e055658200e,variant,ZMYM2::FGFR1 Fusion OR BCR::FGFR1 Fusion OR CEP43::FGFR1 Fusion OR TRIM24::FGFR1 Fusion OR FGFR1 Translocation,ZMYM2::FGFR1 Fusion OR BCR::FGFR1 Fusion OR CEP43::FGFR1 Fusion OR TRIM24::FGFR1 Fusion OR FGFR1 Translocation,,,PASS,EXACT,0,zmym2::fgfr1 fusion or bcr::fgfr1 fusion or cep43::fgfr1 fusion or trim24::fgfr1 fusion or fgfr1 translocation,true,NO_DISAGREEMENT,high,"query side = frozen local graph_evidence_parents parent context; shadow-only; no gate, score, bucket, ranking or provenance mutation; canonical ontology ID unavailable; registry key, when present, is local-only; Valori identici dopo normalizzazione deterministica."
CLM-6016e0878e055658200e,intervention,pemigatinib,pemigatinib,,,PASS,EXACT,0,pemigatinib,true,NO_DISAGREEMENT,high,"query side = frozen local graph_evidence_parents parent context; shadow-only; no gate, score, bucket, ranking or provenance mutation; canonical ontology ID unavailable; registry key, when present, is local-only; Valori identici dopo normalizzazione deterministica."
CLM-623fbb47cebad8976328,disease,Lung Non-small Cell Carcinoma,Lung Non-small Cell Carcinoma,,,PASS,EXACT,0,lung non-small cell carcinoma,true,NO_DISAGREEMENT,high,"query side = frozen local graph_evidence_parents parent context; shadow-only; no gate, score, bucket, ranking or provenance mutation; canonical ontology ID unavailable; registry key, when present, is local-only; Valori identici dopo normalizzazione deterministica."
CLM-623fbb47cebad8976328,variant,EGFR T790M,EGFR T790M,,,PASS,EXACT,0,egfr t790m,true,NO_DISAGREEMENT,high,"query side = frozen local graph_evidence_parents parent context; shadow-only; no gate, score, bucket, ranking or provenance mutation; canonical ontology ID unavailable; registry key, when present, is local-only; Valori identici dopo normalizzazione deterministica."
CLM-623fbb47cebad8976328,intervention,osimertinib,osimertinib,,,PASS,EXACT,0,osimertinib,true,NO_DISAGREEMENT,high,"query side = frozen local graph_evidence_parents parent context; shadow-only; no gate, score, bucket, ranking or provenance mutation; canonical ontology ID unavailable; registry key, when present, is local-only; Valori identici dopo normalizzazione deterministica."
CLM-641fb301b4c571840857,disease,Lung Adenocarcinoma,Lung Adenocarcinoma,,,PASS,EXACT,0,lung adenocarcinoma,true,NO_DISAGREEMENT,high,"query side = frozen local graph_evidence_parents parent context; shadow-only; no gate, score, bucket, ranking or provenance mutation; canonical ontology ID unavailable; registry key, when present, is local-only; Valori identici dopo normalizzazione deterministica."
CLM-641fb301b4c571840857,variant,EML4::ALK Fusion AND ALK C1156Y,EML4::ALK Fusion AND ALK C1156Y,,,PASS,EXACT,0,alk c1156y and eml4::alk fusion,true,NO_DISAGREEMENT,high,"query side = frozen local graph_evidence_parents parent context; shadow-only; no gate, score, bucket, ranking or provenance mutation; canonical ontology ID unavailable; registry key, when present, is local-only; Valori identici dopo normalizzazione deterministica."
CLM-641fb301b4c571840857,intervention,crizotinib,crizotinib,,,PASS,EXACT,0,crizotinib,true,NO_DISAGREEMENT,high,"query side = frozen local graph_evidence_parents parent context; shadow-only; no gate, score, bucket, ranking or provenance mutation; canonical ontology ID unavailable; registry key, when present, is local-only; Valori identici dopo normalizzazione deterministica."
CLM-6589bbb1c7d0cfd697d6,disease,Lung Adenocarcinoma,Lung Adenocarcinoma,,,PASS,EXACT,0,lung adenocarcinoma,true,NO_DISAGREEMENT,high,"query side = frozen local graph_evidence_parents parent context; shadow-only; no gate, score, bucket, ranking or provenance mutation; canonical ontology ID unavailable; registry key, when present, is local-only; Valori identici dopo normalizzazione deterministica."
CLM-6589bbb1c7d0cfd697d6,variant,EGFR::RAD51 Fusion,EGFR::RAD51 Fusion,,,PASS,EXACT,0,egfr::rad51 fusion,true,NO_DISAGREEMENT,high,"query side = frozen local graph_evidence_parents parent context; shadow-only; no gate, score, bucket, ranking or provenance mutation; canonical ontology ID unavailable; registry key, when present, is local-only; Valori identici dopo normalizzazione deterministica."
CLM-6589bbb1c7d0cfd697d6,intervention,osimertinib,osimertinib,,,PASS,EXACT,0,osimertinib,true,NO_DISAGREEMENT,high,"query side = frozen local graph_evidence_parents parent context; shadow-only; no gate, score, bucket, ranking or provenance mutation; canonical ontology ID unavailable; registry key, when present, is local-only; Valori identici dopo normalizzazione deterministica."
CLM-66222330cdbcd606ade6,disease,Lung Non-small Cell Carcinoma,Lung Non-small Cell Carcinoma,,,PASS,EXACT,0,lung non-small cell carcinoma,true,NO_DISAGREEMENT,high,"query side = frozen local graph_evidence_parents parent context; shadow-only; no gate, score, bucket, ranking or provenance mutation; canonical ontology ID unavailable; registry key, when present, is local-only; Valori identici dopo normalizzazione deterministica."
CLM-66222330cdbcd606ade6,variant,EML4::ALK Fusion AND ALK G1269A,EML4::ALK Fusion AND ALK G1269A,,,PASS,EXACT,0,alk g1269a and eml4::alk fusion,true,NO_DISAGREEMENT,high,"query side = frozen local graph_evidence_parents parent context; shadow-only; no gate, score, bucket, ranking or provenance mutation; canonical ontology ID unavailable; registry key, when present, is local-only; Valori identici dopo normalizzazione deterministica."
CLM-66222330cdbcd606ade6,intervention,crizotinib,crizotinib,,,PASS,EXACT,0,crizotinib,true,NO_DISAGREEMENT,high,"query side = frozen local graph_evidence_parents parent context; shadow-only; no gate, score, bucket, ranking or provenance mutation; canonical ontology ID unavailable; registry key, when present, is local-only; Valori identici dopo normalizzazione deterministica."
CLM-663000c84d6b985fb719,disease,Lung Non-small Cell Carcinoma,Lung Non-small Cell Carcinoma,,,PASS,EXACT,0,lung non-small cell carcinoma,true,NO_DISAGREEMENT,high,"query side = frozen local graph_evidence_parents parent context; shadow-only; no gate, score, bucket, ranking or provenance mutation; canonical ontology ID unavailable; registry key, when present, is local-only; Valori identici dopo normalizzazione deterministica."
CLM-663000c84d6b985fb719,variant,EGFR L858R AND EGFR T790M,EGFR L858R AND EGFR T790M,,,PASS,EXACT,0,egfr l858r and egfr t790m,true,NO_DISAGREEMENT,high,"query side = frozen local graph_evidence_parents parent context; shadow-only; no gate, score, bucket, ranking or provenance mutation; canonical ontology ID unavailable; registry key, when present, is local-only; Valori identici dopo normalizzazione deterministica."
CLM-663000c84d6b985fb719,intervention,osimertinib,osimertinib,,,PASS,EXACT,0,osimertinib,true,NO_DISAGREEMENT,high,"query side = frozen local graph_evidence_parents parent context; shadow-only; no gate, score, bucket, ranking or provenance mutation; canonical ontology ID unavailable; registry key, when present, is local-only; Valori identici dopo normalizzazione deterministica."
CLM-671a3db71e52d2725272,disease,Lung Non-small Cell Carcinoma,Lung Non-small Cell Carcinoma,,,PASS,EXACT,0,lung non-small cell carcinoma,true,NO_DISAGREEMENT,high,"query side = frozen local graph_evidence_parents parent context; shadow-only; no gate, score, bucket, ranking or provenance mutation; canonical ontology ID unavailable; registry key, when present, is local-only; Valori identici dopo normalizzazione deterministica."
CLM-671a3db71e52d2725272,variant,EGFR L858R OR EGFR Exon 19 Deletion,EGFR L858R OR EGFR Exon 19 Deletion,,,PASS,EXACT,0,egfr l858r or egfr exon 19 deletion,true,NO_DISAGREEMENT,high,"query side = frozen local graph_evidence_parents parent context; shadow-only; no gate, score, bucket, ranking or provenance mutation; canonical ontology ID unavailable; registry key, when present, is local-only; Valori identici dopo normalizzazione deterministica."
CLM-671a3db71e52d2725272,intervention,dacomitinib,dacomitinib,,,PASS,EXACT,0,dacomitinib,true,NO_DISAGREEMENT,high,"query side = frozen local graph_evidence_parents parent context; shadow-only; no gate, score, bucket, ranking or provenance mutation; canonical ontology ID unavailable; registry key, when present, is local-only; Valori identici dopo normalizzazione deterministica."
CLM-68b84650d65add6c5696,disease,Cholangiocarcinoma,Cholangiocarcinoma,,,PASS,EXACT,0,cholangiocarcinoma,true,NO_DISAGREEMENT,high,"query side = frozen local graph_evidence_parents parent context; shadow-only; no gate, score, bucket, ranking or provenance mutation; canonical ontology ID unavailable; registry key, when present, is local-only; Valori identici dopo normalizzazione deterministica."
CLM-68b84650d65add6c5696,variant,FGFR2::TACC3 Fusion,FGFR2::TACC3 Fusion,,,PASS,EXACT,0,fgfr2::tacc3 fusion,true,NO_DISAGREEMENT,high,"query side = frozen local graph_evidence_parents parent context; shadow-only; no gate, score, bucket, ranking or provenance mutation; canonical ontology ID unavailable; registry key, when present, is local-only; Valori identici dopo normalizzazione deterministica."
CLM-68b84650d65add6c5696,intervention,pazopanib hydrochloride,pazopanib hydrochloride,,,PASS,EXACT,0,pazopanib hydrochloride,true,NO_DISAGREEMENT,high,"query side = frozen local graph_evidence_parents parent context; shadow-only; no gate, score, bucket, ranking or provenance mutation; canonical ontology ID unavailable; registry key, when present, is local-only; Valori identici dopo normalizzazione deterministica."
CLM-697413898b93b6624a8e,disease,Lung Adenocarcinoma,Lung Adenocarcinoma,,,PASS,EXACT,0,lung adenocarcinoma,true,NO_DISAGREEMENT,high,"query side = frozen local graph_evidence_parents parent context; shadow-only; no gate, score, bucket, ranking or provenance mutation; canonical ontology ID unavailable; registry key, when present, is local-only; Valori identici dopo normalizzazione deterministica."
CLM-697413898b93b6624a8e,variant,EGFR L858R OR EGFR Exon 19 Deletion,EGFR L858R OR EGFR Exon 19 Deletion,,,PASS,EXACT,0,egfr l858r or egfr exon 19 deletion,true,NO_DISAGREEMENT,high,"query side = frozen local graph_evidence_parents parent context; shadow-only; no gate, score, bucket, ranking or provenance mutation; canonical ontology ID unavailable; registry key, when present, is local-only; Valori identici dopo normalizzazione deterministica."
CLM-697413898b93b6624a8e,intervention,erlotinib,erlotinib,,,PASS,EXACT,0,erlotinib,true,NO_DISAGREEMENT,high,"query side = frozen local graph_evidence_parents parent context; shadow-only; no gate, score, bucket, ranking or provenance mutation; canonical ontology ID unavailable; registry key, when present, is local-only; Valori identici dopo normalizzazione deterministica."
CLM-6b6cb6d60b7c31270339,disease,Lung Non-small Cell Carcinoma,Lung Non-small Cell Carcinoma,,,PASS,EXACT,0,lung non-small cell carcinoma,true,NO_DISAGREEMENT,high,"query side = frozen local graph_evidence_parents parent context; shadow-only; no gate, score, bucket, ranking or provenance mutation; canonical ontology ID unavailable; registry key, when present, is local-only; Valori identici dopo normalizzazione deterministica."
CLM-6b6cb6d60b7c31270339,variant,EGFR L858R,EGFR L858R,,,PASS,EXACT,0,egfr l858r,true,NO_DISAGREEMENT,high,"query side = frozen local graph_evidence_parents parent context; shadow-only; no gate, score, bucket, ranking or provenance mutation; canonical ontology ID unavailable; registry key, when present, is local-only; Valori identici dopo normalizzazione deterministica."
CLM-6b6cb6d60b7c31270339,intervention,neratinib maleate,neratinib maleate,,,PASS,EXACT,0,neratinib maleate,true,NO_DISAGREEMENT,high,"query side = frozen local graph_evidence_parents parent context; shadow-only; no gate, score, bucket, ranking or provenance mutation; canonical ontology ID unavailable; registry key, when present, is local-only; Valori identici dopo normalizzazione deterministica."
CLM-6dd643580d90e3256418,disease,Lung Adenocarcinoma,Lung Adenocarcinoma,,,PASS,EXACT,0,lung adenocarcinoma,true,NO_DISAGREEMENT,high,"query side = frozen local graph_evidence_parents parent context; shadow-only; no gate, score, bucket, ranking or provenance mutation; canonical ontology ID unavailable; registry key, when present, is local-only; Valori identici dopo normalizzazione deterministica."
CLM-6dd643580d90e3256418,variant,EGFR L858R,EGFR L858R,,,PASS,EXACT,0,egfr l858r,true,NO_DISAGREEMENT,high,"query side = frozen local graph_evidence_parents parent context; shadow-only; no gate, score, bucket, ranking or provenance mutation; canonical ontology ID unavailable; registry key, when present, is local-only; Valori identici dopo normalizzazione deterministica."
CLM-6dd643580d90e3256418,intervention,gefitinib,gefitinib,,,PASS,EXACT,0,gefitinib,true,NO_DISAGREEMENT,high,"query side = frozen local graph_evidence_parents parent context; shadow-only; no gate, score, bucket, ranking or provenance mutation; canonical ontology ID unavailable; registry key, when present, is local-only; Valori identici dopo normalizzazione deterministica."
CLM-6fc5bc547b4e265836c6,disease,Lung Non-small Cell Carcinoma,Lung Non-small Cell Carcinoma,,,PASS,EXACT,0,lung non-small cell carcinoma,true,NO_DISAGREEMENT,high,"query side = frozen local graph_evidence_parents parent context; shadow-only; no gate, score, bucket, ranking or provenance mutation; canonical ontology ID unavailable; registry key, when present, is local-only; Valori identici dopo normalizzazione deterministica."
CLM-6fc5bc547b4e265836c6,variant,EGFR A767_V769dupASV,EGFR A767_V769dupASV,,,PASS,EXACT,0,egfr a767_v769dupasv,true,NO_DISAGREEMENT,high,"query side = frozen local graph_evidence_parents parent context; shadow-only; no gate, score, bucket, ranking or provenance mutation; canonical ontology ID unavailable; registry key, when present, is local-only; Valori identici dopo normalizzazione deterministica."
CLM-6fc5bc547b4e265836c6,intervention,osimertinib,osimertinib,,,PASS,EXACT,0,osimertinib,true,NO_DISAGREEMENT,high,"query side = frozen local graph_evidence_parents parent context; shadow-only; no gate, score, bucket, ranking or provenance mutation; canonical ontology ID unavailable; registry key, when present, is local-only; Valori identici dopo normalizzazione deterministica."
CLM-728f11e9dc850967c300,disease,Lung Non-small Cell Carcinoma,Lung Non-small Cell Carcinoma,,,PASS,EXACT,0,lung non-small cell carcinoma,true,NO_DISAGREEMENT,high,"query side = frozen local graph_evidence_parents parent context; shadow-only; no gate, score, bucket, ranking or provenance mutation; canonical ontology ID unavailable; registry key, when present, is local-only; Valori identici dopo normalizzazione deterministica."
CLM-728f11e9dc850967c300,variant,EGFR C797S,EGFR C797S,,,PASS,EXACT,0,egfr c797s,true,NO_DISAGREEMENT,high,"query side = frozen local graph_evidence_parents parent context; shadow-only; no gate, score, bucket, ranking or provenance mutation; canonical ontology ID unavailable; registry key, when present, is local-only; Valori identici dopo normalizzazione deterministica."
CLM-728f11e9dc850967c300,intervention,osimertinib,osimertinib,,,PASS,EXACT,0,osimertinib,true,NO_DISAGREEMENT,high,"query side = frozen local graph_evidence_parents parent context; shadow-only; no gate, score, bucket, ranking or provenance mutation; canonical ontology ID unavailable; registry key, when present, is local-only; Valori identici dopo normalizzazione deterministica."
CLM-72a72763b0c1ccf3512c,disease,Lung Non-small Cell Carcinoma,Lung Non-small Cell Carcinoma,,,PASS,EXACT,0,lung non-small cell carcinoma,true,NO_DISAGREEMENT,high,"query side = frozen local graph_evidence_parents parent context; shadow-only; no gate, score, bucket, ranking or provenance mutation; canonical ontology ID unavailable; registry key, when present, is local-only; Valori identici dopo normalizzazione deterministica."
CLM-72a72763b0c1ccf3512c,variant,EGFR L858R,EGFR L858R,,,PASS,EXACT,0,egfr l858r,true,NO_DISAGREEMENT,high,"query side = frozen local graph_evidence_parents parent context; shadow-only; no gate, score, bucket, ranking or provenance mutation; canonical ontology ID unavailable; registry key, when present, is local-only; Valori identici dopo normalizzazione deterministica."
CLM-72a72763b0c1ccf3512c,intervention,crizotinib,crizotinib,,,PASS,EXACT,0,crizotinib,true,NO_DISAGREEMENT,high,"query side = frozen local graph_evidence_parents parent context; shadow-only; no gate, score, bucket, ranking or provenance mutation; canonical ontology ID unavailable; registry key, when present, is local-only; Valori identici dopo normalizzazione deterministica."
CLM-7474a96f6853d8a73357,disease,Lung Adenocarcinoma,Lung Adenocarcinoma,,,PASS,EXACT,0,lung adenocarcinoma,true,NO_DISAGREEMENT,high,"query side = frozen local graph_evidence_parents parent context; shadow-only; no gate, score, bucket, ranking or provenance mutation; canonical ontology ID unavailable; registry key, when present, is local-only; Valori identici dopo normalizzazione deterministica."
CLM-7474a96f6853d8a73357,variant,EGFR T790M AND EGFR Exon 19 Deletion AND EGFR C797S,EGFR T790M AND EGFR Exon 19 Deletion AND EGFR C797S,,,PASS,EXACT,0,egfr c797s and egfr exon 19 deletion and egfr t790m,true,NO_DISAGREEMENT,high,"query side = frozen local graph_evidence_parents parent context; shadow-only; no gate, score, bucket, ranking or provenance mutation; canonical ontology ID unavailable; registry key, when present, is local-only; Valori identici dopo normalizzazione deterministica."
CLM-7474a96f6853d8a73357,intervention,osimertinib,osimertinib,,,PASS,EXACT,0,osimertinib,true,NO_DISAGREEMENT,high,"query side = frozen local graph_evidence_parents parent context; shadow-only; no gate, score, bucket, ranking or provenance mutation; canonical ontology ID unavailable; registry key, when present, is local-only; Valori identici dopo normalizzazione deterministica."
CLM-75b47fea10f5fe62aeb9,disease,Lung Non-small Cell Carcinoma,Lung Non-small Cell Carcinoma,,,PASS,EXACT,0,lung non-small cell carcinoma,true,NO_DISAGREEMENT,high,"query side = frozen local graph_evidence_parents parent context; shadow-only; no gate, score, bucket, ranking or provenance mutation; canonical ontology ID unavailable; registry key, when present, is local-only; Valori identici dopo normalizzazione deterministica."
CLM-75b47fea10f5fe62aeb9,variant,ALK I1171,ALK I1171,,,PASS,EXACT,0,alk i1171,true,NO_DISAGREEMENT,high,"query side = frozen local graph_evidence_parents parent context; shadow-only; no gate, score, bucket, ranking or provenance mutation; canonical ontology ID unavailable; registry key, when present, is local-only; Valori identici dopo normalizzazione deterministica."
CLM-75b47fea10f5fe62aeb9,intervention,alectinib hydrochloride,alectinib hydrochloride,,,PASS,EXACT,0,alectinib hydrochloride,true,NO_DISAGREEMENT,high,"query side = frozen local graph_evidence_parents parent context; shadow-only; no gate, score, bucket, ranking or provenance mutation; canonical ontology ID unavailable; registry key, when present, is local-only; Valori identici dopo normalizzazione deterministica."
CLM-77fca870f09f851d4f72,disease,Lung Non-small Cell Carcinoma,Lung Non-small Cell Carcinoma,,,PASS,EXACT,0,lung non-small cell carcinoma,true,NO_DISAGREEMENT,high,"query side = frozen local graph_evidence_parents parent context; shadow-only; no gate, score, bucket, ranking or provenance mutation; canonical ontology ID unavailable; registry key, when present, is local-only; Valori identici dopo normalizzazione deterministica."
CLM-77fca870f09f851d4f72,variant,EGFR L858R,EGFR L858R,,,PASS,EXACT,0,egfr l858r,true,NO_DISAGREEMENT,high,"query side = frozen local graph_evidence_parents parent context; shadow-only; no gate, score, bucket, ranking or provenance mutation; canonical ontology ID unavailable; registry key, when present, is local-only; Valori identici dopo normalizzazione deterministica."
CLM-77fca870f09f851d4f72,intervention,afatinib,afatinib,,,PASS,EXACT,0,afatinib,true,NO_DISAGREEMENT,high,"query side = frozen local graph_evidence_parents parent context; shadow-only; no gate, score, bucket, ranking or provenance mutation; canonical ontology ID unavailable; registry key, when present, is local-only; Valori identici dopo normalizzazione deterministica."
CLM-790948a83c30124a2f34,disease,Lung Non-small Cell Carcinoma,Lung Non-small Cell Carcinoma,,,PASS,EXACT,0,lung non-small cell carcinoma,true,NO_DISAGREEMENT,high,"query side = frozen local graph_evidence_parents parent context; shadow-only; no gate, score, bucket, ranking or provenance mutation; canonical ontology ID unavailable; registry key, when present, is local-only; Valori identici dopo normalizzazione deterministica."
CLM-790948a83c30124a2f34,variant,EGFR T790M,EGFR T790M,,,PASS,EXACT,0,egfr t790m,true,NO_DISAGREEMENT,high,"query side = frozen local graph_evidence_parents parent context; shadow-only; no gate, score, bucket, ranking or provenance mutation; canonical ontology ID unavailable; registry key, when present, is local-only; Valori identici dopo normalizzazione deterministica."
CLM-790948a83c30124a2f34,intervention,osimertinib,osimertinib,,,PASS,EXACT,0,osimertinib,true,NO_DISAGREEMENT,high,"query side = frozen local graph_evidence_parents parent context; shadow-only; no gate, score, bucket, ranking or provenance mutation; canonical ontology ID unavailable; registry key, when present, is local-only; Valori identici dopo normalizzazione deterministica."
CLM-7e881311485d27d190e3,disease,Breast Cancer,Breast Cancer,,,PASS,UNKNOWN,,,false,ONTOLOGY_DATA_MISSING,low,"query side = frozen local graph_evidence_parents parent context; shadow-only; no gate, score, bucket, ranking or provenance mutation; canonical ontology ID unavailable; registry key, when present, is local-only; Termine disease uguale ma non coperto da un concetto locale verificato."
CLM-7e881311485d27d190e3,variant,ERBB2 T798I,ERBB2 T798I,,,PASS,EXACT,0,erbb2 t798i,true,NO_DISAGREEMENT,high,"query side = frozen local graph_evidence_parents parent context; shadow-only; no gate, score, bucket, ranking or provenance mutation; canonical ontology ID unavailable; registry key, when present, is local-only; Valori identici dopo normalizzazione deterministica."
CLM-7e881311485d27d190e3,intervention,osimertinib,osimertinib,,,PASS,EXACT,0,osimertinib,true,NO_DISAGREEMENT,high,"query side = frozen local graph_evidence_parents parent context; shadow-only; no gate, score, bucket, ranking or provenance mutation; canonical ontology ID unavailable; registry key, when present, is local-only; Valori identici dopo normalizzazione deterministica."
CLM-8123f39d601ee9937db7,disease,Lung Adenocarcinoma,Lung Adenocarcinoma,,,PASS,EXACT,0,lung adenocarcinoma,true,NO_DISAGREEMENT,high,"query side = frozen local graph_evidence_parents parent context; shadow-only; no gate, score, bucket, ranking or provenance mutation; canonical ontology ID unavailable; registry key, when present, is local-only; Valori identici dopo normalizzazione deterministica."
CLM-8123f39d601ee9937db7,variant,EGFR L858R,EGFR L858R,,,PASS,EXACT,0,egfr l858r,true,NO_DISAGREEMENT,high,"query side = frozen local graph_evidence_parents parent context; shadow-only; no gate, score, bucket, ranking or provenance mutation; canonical ontology ID unavailable; registry key, when present, is local-only; Valori identici dopo normalizzazione deterministica."
CLM-8123f39d601ee9937db7,intervention,erlotinib,erlotinib,,,PASS,EXACT,0,erlotinib,true,NO_DISAGREEMENT,high,"query side = frozen local graph_evidence_parents parent context; shadow-only; no gate, score, bucket, ranking or provenance mutation; canonical ontology ID unavailable; registry key, when present, is local-only; Valori identici dopo normalizzazione deterministica."
CLM-843e89b50964ca33770c,disease,Lung Small Cell Carcinoma,Lung Small Cell Carcinoma,,,PASS,UNKNOWN,,,false,ONTOLOGY_DATA_MISSING,low,"query side = frozen local graph_evidence_parents parent context; shadow-only; no gate, score, bucket, ranking or provenance mutation; canonical ontology ID unavailable; registry key, when present, is local-only; Termine disease uguale ma non coperto da un concetto locale verificato."
CLM-843e89b50964ca33770c,variant,EGFR L858R,EGFR L858R,,,PASS,EXACT,0,egfr l858r,true,NO_DISAGREEMENT,high,"query side = frozen local graph_evidence_parents parent context; shadow-only; no gate, score, bucket, ranking or provenance mutation; canonical ontology ID unavailable; registry key, when present, is local-only; Valori identici dopo normalizzazione deterministica."
CLM-843e89b50964ca33770c,intervention,erlotinib,erlotinib,,,PASS,EXACT,0,erlotinib,true,NO_DISAGREEMENT,high,"query side = frozen local graph_evidence_parents parent context; shadow-only; no gate, score, bucket, ranking or provenance mutation; canonical ontology ID unavailable; registry key, when present, is local-only; Valori identici dopo normalizzazione deterministica."
CLM-85064970ba814ed52589,disease,Cholangiocarcinoma,Cholangiocarcinoma,,,PASS,EXACT,0,cholangiocarcinoma,true,NO_DISAGREEMENT,high,"query side = frozen local graph_evidence_parents parent context; shadow-only; no gate, score, bucket, ranking or provenance mutation; canonical ontology ID unavailable; registry key, when present, is local-only; Valori identici dopo normalizzazione deterministica."
CLM-85064970ba814ed52589,variant,FGFR2 Mutation,FGFR2 Mutation,,,PASS,EXACT,0,fgfr2 mutation,true,NO_DISAGREEMENT,high,"query side = frozen local graph_evidence_parents parent context; shadow-only; no gate, score, bucket, ranking or provenance mutation; canonical ontology ID unavailable; registry key, when present, is local-only; Valori identici dopo normalizzazione deterministica."
CLM-85064970ba814ed52589,intervention,infigratinib,infigratinib,,,PASS,EXACT,0,infigratinib,true,NO_DISAGREEMENT,high,"query side = frozen local graph_evidence_parents parent context; shadow-only; no gate, score, bucket, ranking or provenance mutation; canonical ontology ID unavailable; registry key, when present, is local-only; Valori identici dopo normalizzazione deterministica."
CLM-887e2a4a92b7333f70e8,disease,Cancer,Cancer,,,PASS,UNKNOWN,,,false,ONTOLOGY_DATA_MISSING,low,"query side = frozen local graph_evidence_parents parent context; shadow-only; no gate, score, bucket, ranking or provenance mutation; canonical ontology ID unavailable; registry key, when present, is local-only; Termine disease uguale ma non coperto da un concetto locale verificato."
CLM-887e2a4a92b7333f70e8,variant,EGFR L858R,EGFR L858R,,,PASS,EXACT,0,egfr l858r,true,NO_DISAGREEMENT,high,"query side = frozen local graph_evidence_parents parent context; shadow-only; no gate, score, bucket, ranking or provenance mutation; canonical ontology ID unavailable; registry key, when present, is local-only; Valori identici dopo normalizzazione deterministica."
CLM-887e2a4a92b7333f70e8,intervention,erlotinib,erlotinib,,,PASS,EXACT,0,erlotinib,true,NO_DISAGREEMENT,high,"query side = frozen local graph_evidence_parents parent context; shadow-only; no gate, score, bucket, ranking or provenance mutation; canonical ontology ID unavailable; registry key, when present, is local-only; Valori identici dopo normalizzazione deterministica."
CLM-89ea67ee7946d9ccd552,disease,Lung Non-small Cell Carcinoma,Lung Non-small Cell Carcinoma,,,PASS,EXACT,0,lung non-small cell carcinoma,true,NO_DISAGREEMENT,high,"query side = frozen local graph_evidence_parents parent context; shadow-only; no gate, score, bucket, ranking or provenance mutation; canonical ontology ID unavailable; registry key, when present, is local-only; Valori identici dopo normalizzazione deterministica."
CLM-89ea67ee7946d9ccd552,variant,EGFR L858R,EGFR L858R,,,PASS,EXACT,0,egfr l858r,true,NO_DISAGREEMENT,high,"query side = frozen local graph_evidence_parents parent context; shadow-only; no gate, score, bucket, ranking or provenance mutation; canonical ontology ID unavailable; registry key, when present, is local-only; Valori identici dopo normalizzazione deterministica."
CLM-89ea67ee7946d9ccd552,intervention,erlotinib,erlotinib,,,PASS,EXACT,0,erlotinib,true,NO_DISAGREEMENT,high,"query side = frozen local graph_evidence_parents parent context; shadow-only; no gate, score, bucket, ranking or provenance mutation; canonical ontology ID unavailable; registry key, when present, is local-only; Valori identici dopo normalizzazione deterministica."
CLM-8a0fde4cfe059b58dc01,disease,Malignant Pleural Mesothelioma,Malignant Pleural Mesothelioma,,,PASS,UNKNOWN,,,false,ONTOLOGY_DATA_MISSING,low,"query side = frozen local graph_evidence_parents parent context; shadow-only; no gate, score, bucket, ranking or provenance mutation; canonical ontology ID unavailable; registry key, when present, is local-only; Termine disease uguale ma non coperto da un concetto locale verificato."
CLM-8a0fde4cfe059b58dc01,variant,EML4::ALK Fusion AND ALK I1171N AND ALK L1196M,EML4::ALK Fusion AND ALK I1171N AND ALK L1196M,,,PASS,EXACT,0,alk i1171n and alk l1196m and eml4::alk fusion,true,NO_DISAGREEMENT,high,"query side = frozen local graph_evidence_parents parent context; shadow-only; no gate, score, bucket, ranking or provenance mutation; canonical ontology ID unavailable; registry key, when present, is local-only; Valori identici dopo normalizzazione deterministica."
CLM-8a0fde4cfe059b58dc01,intervention,alectinib hydrochloride,alectinib hydrochloride,,,PASS,EXACT,0,alectinib hydrochloride,true,NO_DISAGREEMENT,high,"query side = frozen local graph_evidence_parents parent context; shadow-only; no gate, score, bucket, ranking or provenance mutation; canonical ontology ID unavailable; registry key, when present, is local-only; Valori identici dopo normalizzazione deterministica."
CLM-8a72e4c49643e7390ec7,disease,Neuroblastoma,Neuroblastoma,,,PASS,UNKNOWN,,,false,ONTOLOGY_DATA_MISSING,low,"query side = frozen local graph_evidence_parents parent context; shadow-only; no gate, score, bucket, ranking or provenance mutation; canonical ontology ID unavailable; registry key, when present, is local-only; Termine disease uguale ma non coperto da un concetto locale verificato."
CLM-8a72e4c49643e7390ec7,variant,ALK F1174L,ALK F1174L,,,PASS,EXACT,0,alk f1174l,true,NO_DISAGREEMENT,high,"query side = frozen local graph_evidence_parents parent context; shadow-only; no gate, score, bucket, ranking or provenance mutation; canonical ontology ID unavailable; registry key, when present, is local-only; Valori identici dopo normalizzazione deterministica."
CLM-8a72e4c49643e7390ec7,intervention,crizotinib,crizotinib,,,PASS,EXACT,0,crizotinib,true,NO_DISAGREEMENT,high,"query side = frozen local graph_evidence_parents parent context; shadow-only; no gate, score, bucket, ranking or provenance mutation; canonical ontology ID unavailable; registry key, when present, is local-only; Valori identici dopo normalizzazione deterministica."
CLM-8c2b38ce2d84f8ce226a,disease,Lung Non-small Cell Carcinoma,Lung Non-small Cell Carcinoma,,,PASS,EXACT,0,lung non-small cell carcinoma,true,NO_DISAGREEMENT,high,"query side = frozen local graph_evidence_parents parent context; shadow-only; no gate, score, bucket, ranking or provenance mutation; canonical ontology ID unavailable; registry key, when present, is local-only; Valori identici dopo normalizzazione deterministica."
CLM-8c2b38ce2d84f8ce226a,variant,EGFR Amplification,EGFR Amplification,,,PASS,EXACT,0,egfr amplification,true,NO_DISAGREEMENT,high,"query side = frozen local graph_evidence_parents parent context; shadow-only; no gate, score, bucket, ranking or provenance mutation; canonical ontology ID unavailable; registry key, when present, is local-only; Valori identici dopo normalizzazione deterministica."
CLM-8c2b38ce2d84f8ce226a,intervention,osimertinib,osimertinib,,,PASS,EXACT,0,osimertinib,true,NO_DISAGREEMENT,high,"query side = frozen local graph_evidence_parents parent context; shadow-only; no gate, score, bucket, ranking or provenance mutation; canonical ontology ID unavailable; registry key, when present, is local-only; Valori identici dopo normalizzazione deterministica."
CLM-8f624d07e5180f958196,disease,High Grade Glioma,High Grade Glioma,,,PASS,UNKNOWN,,,false,ONTOLOGY_DATA_MISSING,low,"query side = frozen local graph_evidence_parents parent context; shadow-only; no gate, score, bucket, ranking or provenance mutation; canonical ontology ID unavailable; registry key, when present, is local-only; Termine disease uguale ma non coperto da un concetto locale verificato."
CLM-8f624d07e5180f958196,variant,EGFR L858R,EGFR L858R,,,PASS,EXACT,0,egfr l858r,true,NO_DISAGREEMENT,high,"query side = frozen local graph_evidence_parents parent context; shadow-only; no gate, score, bucket, ranking or provenance mutation; canonical ontology ID unavailable; registry key, when present, is local-only; Valori identici dopo normalizzazione deterministica."
CLM-8f624d07e5180f958196,intervention,erlotinib,erlotinib,,,PASS,EXACT,0,erlotinib,true,NO_DISAGREEMENT,high,"query side = frozen local graph_evidence_parents parent context; shadow-only; no gate, score, bucket, ranking or provenance mutation; canonical ontology ID unavailable; registry key, when present, is local-only; Valori identici dopo normalizzazione deterministica."
CLM-90a501c65b56cac3dfc0,disease,Lung Adenocarcinoma,Lung Adenocarcinoma,,,PASS,EXACT,0,lung adenocarcinoma,true,NO_DISAGREEMENT,high,"query side = frozen local graph_evidence_parents parent context; shadow-only; no gate, score, bucket, ranking or provenance mutation; canonical ontology ID unavailable; registry key, when present, is local-only; Valori identici dopo normalizzazione deterministica."
CLM-90a501c65b56cac3dfc0,variant,EGFR::RAD51 Fusion,EGFR::RAD51 Fusion,,,PASS,EXACT,0,egfr::rad51 fusion,true,NO_DISAGREEMENT,high,"query side = frozen local graph_evidence_parents parent context; shadow-only; no gate, score, bucket, ranking or provenance mutation; canonical ontology ID unavailable; registry key, when present, is local-only; Valori identici dopo normalizzazione deterministica."
CLM-90a501c65b56cac3dfc0,intervention,osimertinib,osimertinib,,,PASS,EXACT,0,osimertinib,true,NO_DISAGREEMENT,high,"query side = frozen local graph_evidence_parents parent context; shadow-only; no gate, score, bucket, ranking or provenance mutation; canonical ontology ID unavailable; registry key, when present, is local-only; Valori identici dopo normalizzazione deterministica."
CLM-90e863f00f134fc3cd3d,disease,Cholangiocarcinoma,Cholangiocarcinoma,,,PASS,EXACT,0,cholangiocarcinoma,true,NO_DISAGREEMENT,high,"query side = frozen local graph_evidence_parents parent context; shadow-only; no gate, score, bucket, ranking or provenance mutation; canonical ontology ID unavailable; registry key, when present, is local-only; Valori identici dopo normalizzazione deterministica."
CLM-90e863f00f134fc3cd3d,variant,FGFR2::BICC1 Fusion,FGFR2::BICC1 Fusion,,,PASS,EXACT,0,fgfr2::bicc1 fusion,true,NO_DISAGREEMENT,high,"query side = frozen local graph_evidence_parents parent context; shadow-only; no gate, score, bucket, ranking or provenance mutation; canonical ontology ID unavailable; registry key, when present, is local-only; Valori identici dopo normalizzazione deterministica."
CLM-90e863f00f134fc3cd3d,intervention,infigratinib,infigratinib + pd173074,,,FAIL,UNKNOWN,,,false,ONTOLOGY_DATA_MISSING,low,"query side = frozen local graph_evidence_parents parent context; shadow-only; no gate, score, bucket, ranking or provenance mutation; canonical ontology ID unavailable; registry key, when present, is local-only; Nessun mapping di intervento locale verificato per la coppia."
CLM-91a6761b2d7bb2ab2961,disease,Lung Adenocarcinoma,Lung Adenocarcinoma,,,PASS,EXACT,0,lung adenocarcinoma,true,NO_DISAGREEMENT,high,"query side = frozen local graph_evidence_parents parent context; shadow-only; no gate, score, bucket, ranking or provenance mutation; canonical ontology ID unavailable; registry key, when present, is local-only; Valori identici dopo normalizzazione deterministica."
CLM-91a6761b2d7bb2ab2961,variant,EGFR T790M AND EGFR Exon 19 del,EGFR T790M AND EGFR Exon 19 del,,,PASS,EXACT,0,egfr exon 19 del and egfr t790m,true,NO_DISAGREEMENT,high,"query side = frozen local graph_evidence_parents parent context; shadow-only; no gate, score, bucket, ranking or provenance mutation; canonical ontology ID unavailable; registry key, when present, is local-only; Valori identici dopo normalizzazione deterministica."
CLM-91a6761b2d7bb2ab2961,intervention,osimertinib,osimertinib,,,PASS,EXACT,0,osimertinib,true,NO_DISAGREEMENT,high,"query side = frozen local graph_evidence_parents parent context; shadow-only; no gate, score, bucket, ranking or provenance mutation; canonical ontology ID unavailable; registry key, when present, is local-only; Valori identici dopo normalizzazione deterministica."
CLM-92d4a7b3921ffd0e4136,disease,Lung Non-small Cell Carcinoma,Lung Non-small Cell Carcinoma,,,PASS,EXACT,0,lung non-small cell carcinoma,true,NO_DISAGREEMENT,high,"query side = frozen local graph_evidence_parents parent context; shadow-only; no gate, score, bucket, ranking or provenance mutation; canonical ontology ID unavailable; registry key, when present, is local-only; Valori identici dopo normalizzazione deterministica."
CLM-92d4a7b3921ffd0e4136,variant,EGFR S768_D770dup,EGFR S768_D770dup,,,PASS,EXACT,0,egfr s768_d770dup,true,NO_DISAGREEMENT,high,"query side = frozen local graph_evidence_parents parent context; shadow-only; no gate, score, bucket, ranking or provenance mutation; canonical ontology ID unavailable; registry key, when present, is local-only; Valori identici dopo normalizzazione deterministica."
CLM-92d4a7b3921ffd0e4136,intervention,osimertinib,osimertinib,,,PASS,EXACT,0,osimertinib,true,NO_DISAGREEMENT,high,"query side = frozen local graph_evidence_parents parent context; shadow-only; no gate, score, bucket, ranking or provenance mutation; canonical ontology ID unavailable; registry key, when present, is local-only; Valori identici dopo normalizzazione deterministica."
CLM-94826841e612786f6ef9,disease,Lung Non-small Cell Carcinoma,Lung Non-small Cell Carcinoma,,,PASS,EXACT,0,lung non-small cell carcinoma,true,NO_DISAGREEMENT,high,"query side = frozen local graph_evidence_parents parent context; shadow-only; no gate, score, bucket, ranking or provenance mutation; canonical ontology ID unavailable; registry key, when present, is local-only; Valori identici dopo normalizzazione deterministica."
CLM-94826841e612786f6ef9,variant,EML4::ALK Fusion AND ALK F1245C,EML4::ALK Fusion AND ALK F1245C,,,PASS,EXACT,0,alk f1245c and eml4::alk fusion,true,NO_DISAGREEMENT,high,"query side = frozen local graph_evidence_parents parent context; shadow-only; no gate, score, bucket, ranking or provenance mutation; canonical ontology ID unavailable; registry key, when present, is local-only; Valori identici dopo normalizzazione deterministica."
CLM-94826841e612786f6ef9,intervention,crizotinib,crizotinib,,,PASS,EXACT,0,crizotinib,true,NO_DISAGREEMENT,high,"query side = frozen local graph_evidence_parents parent context; shadow-only; no gate, score, bucket, ranking or provenance mutation; canonical ontology ID unavailable; registry key, when present, is local-only; Valori identici dopo normalizzazione deterministica."
CLM-9635ae8ef5a3d43f0967,disease,Adrenal Carcinoma,Adrenal Carcinoma,,,PASS,UNKNOWN,,,false,ONTOLOGY_DATA_MISSING,low,"query side = frozen local graph_evidence_parents parent context; shadow-only; no gate, score, bucket, ranking or provenance mutation; canonical ontology ID unavailable; registry key, when present, is local-only; Termine disease uguale ma non coperto da un concetto locale verificato."
CLM-9635ae8ef5a3d43f0967,variant,FGFR3::TACC3 Fusion AND FGFR2::CCDC6 Fusion,FGFR3::TACC3 Fusion AND FGFR2::CCDC6 Fusion,,,PASS,EXACT,0,fgfr2::ccdc6 fusion and fgfr3::tacc3 fusion,true,NO_DISAGREEMENT,high,"query side = frozen local graph_evidence_parents parent context; shadow-only; no gate, score, bucket, ranking or provenance mutation; canonical ontology ID unavailable; registry key, when present, is local-only; Valori identici dopo normalizzazione deterministica."
CLM-9635ae8ef5a3d43f0967,intervention,erdafitinib,erdafitinib,,,PASS,EXACT,0,erdafitinib,true,NO_DISAGREEMENT,high,"query side = frozen local graph_evidence_parents parent context; shadow-only; no gate, score, bucket, ranking or provenance mutation; canonical ontology ID unavailable; registry key, when present, is local-only; Valori identici dopo normalizzazione deterministica."
CLM-96c2568e490e57c58ca6,disease,Lung Non-small Cell Carcinoma,Lung Non-small Cell Carcinoma,,,PASS,EXACT,0,lung non-small cell carcinoma,true,NO_DISAGREEMENT,high,"query side = frozen local graph_evidence_parents parent context; shadow-only; no gate, score, bucket, ranking or provenance mutation; canonical ontology ID unavailable; registry key, when present, is local-only; Valori identici dopo normalizzazione deterministica."
CLM-96c2568e490e57c58ca6,variant,EML4::ALK Fusion AND ALK C1156Y,EML4::ALK Fusion AND ALK C1156Y,,,PASS,EXACT,0,alk c1156y and eml4::alk fusion,true,NO_DISAGREEMENT,high,"query side = frozen local graph_evidence_parents parent context; shadow-only; no gate, score, bucket, ranking or provenance mutation; canonical ontology ID unavailable; registry key, when present, is local-only; Valori identici dopo normalizzazione deterministica."
CLM-96c2568e490e57c58ca6,intervention,crizotinib,crizotinib,,,PASS,EXACT,0,crizotinib,true,NO_DISAGREEMENT,high,"query side = frozen local graph_evidence_parents parent context; shadow-only; no gate, score, bucket, ranking or provenance mutation; canonical ontology ID unavailable; registry key, when present, is local-only; Valori identici dopo normalizzazione deterministica."
CLM-975fe52b97e3161ec393,disease,Non-Small Cell Lung Cancer,Non-Small Cell Lung Cancer,,,PASS,EXACT,0,non-small cell lung cancer,true,NO_DISAGREEMENT,high,"query side = frozen local graph_evidence_parents parent context; shadow-only; no gate, score, bucket, ranking or provenance mutation; canonical ontology ID unavailable; registry key, when present, is local-only; Valori identici dopo normalizzazione deterministica."
CLM-975fe52b97e3161ec393,variant,ALK G1202R AND v::ALK Fusion,ALK G1202R AND v::ALK Fusion,,,PASS,EXACT,0,alk fusion and alk g1202r,true,NO_DISAGREEMENT,high,"query side = frozen local graph_evidence_parents parent context; shadow-only; no gate, score, bucket, ranking or provenance mutation; canonical ontology ID unavailable; registry key, when present, is local-only; Valori identici dopo normalizzazione deterministica."
CLM-975fe52b97e3161ec393,intervention,lorlatinib,lorlatinib,,,PASS,EXACT,0,lorlatinib,true,NO_DISAGREEMENT,high,"query side = frozen local graph_evidence_parents parent context; shadow-only; no gate, score, bucket, ranking or provenance mutation; canonical ontology ID unavailable; registry key, when present, is local-only; Valori identici dopo normalizzazione deterministica."
CLM-9809edffaf78c6bd7d9c,disease,Lung Non-small Cell Carcinoma,Lung Non-small Cell Carcinoma,,,PASS,EXACT,0,lung non-small cell carcinoma,true,NO_DISAGREEMENT,high,"query side = frozen local graph_evidence_parents parent context; shadow-only; no gate, score, bucket, ranking or provenance mutation; canonical ontology ID unavailable; registry key, when present, is local-only; Valori identici dopo normalizzazione deterministica."
CLM-9809edffaf78c6bd7d9c,variant,EGFR L858R,EGFR L858R,,,PASS,EXACT,0,egfr l858r,true,NO_DISAGREEMENT,high,"query side = frozen local graph_evidence_parents parent context; shadow-only; no gate, score, bucket, ranking or provenance mutation; canonical ontology ID unavailable; registry key, when present, is local-only; Valori identici dopo normalizzazione deterministica."
CLM-9809edffaf78c6bd7d9c,intervention,erlotinib,erlotinib,,,PASS,EXACT,0,erlotinib,true,NO_DISAGREEMENT,high,"query side = frozen local graph_evidence_parents parent context; shadow-only; no gate, score, bucket, ranking or provenance mutation; canonical ontology ID unavailable; registry key, when present, is local-only; Valori identici dopo normalizzazione deterministica."
CLM-99092a3e4eb93a1319d4,disease,Transitional Cell Carcinoma,Transitional Cell Carcinoma,,,PASS,UNKNOWN,,,false,ONTOLOGY_DATA_MISSING,low,"query side = frozen local graph_evidence_parents parent context; shadow-only; no gate, score, bucket, ranking or provenance mutation; canonical ontology ID unavailable; registry key, when present, is local-only; Termine disease uguale ma non coperto da un concetto locale verificato."
CLM-99092a3e4eb93a1319d4,variant,FGFR2 Mutation OR FGFR2::v Fusion OR FGFR2::? Fusion,FGFR2 Mutation OR FGFR2::v Fusion OR FGFR2::? Fusion,,,PASS,EXACT,0,fgfr2 mutation or fgfr2::v fusion or fgfr2::? fusion,true,NO_DISAGREEMENT,high,"query side = frozen local graph_evidence_parents parent context; shadow-only; no gate, score, bucket, ranking or provenance mutation; canonical ontology ID unavailable; registry key, when present, is local-only; Valori identici dopo normalizzazione deterministica."
CLM-99092a3e4eb93a1319d4,intervention,erdafitinib,erdafitinib,,,PASS,EXACT,0,erdafitinib,true,NO_DISAGREEMENT,high,"query side = frozen local graph_evidence_parents parent context; shadow-only; no gate, score, bucket, ranking or provenance mutation; canonical ontology ID unavailable; registry key, when present, is local-only; Valori identici dopo normalizzazione deterministica."
CLM-99ae092a3018b5b91808,disease,Lung Non-small Cell Carcinoma,Lung Non-small Cell Carcinoma,,,PASS,EXACT,0,lung non-small cell carcinoma,true,NO_DISAGREEMENT,high,"query side = frozen local graph_evidence_parents parent context; shadow-only; no gate, score, bucket, ranking or provenance mutation; canonical ontology ID unavailable; registry key, when present, is local-only; Valori identici dopo normalizzazione deterministica."
CLM-99ae092a3018b5b91808,variant,EML4::ALK Fusion AND ALK C1156Y,EML4::ALK Fusion AND ALK C1156Y,,,PASS,EXACT,0,alk c1156y and eml4::alk fusion,true,NO_DISAGREEMENT,high,"query side = frozen local graph_evidence_parents parent context; shadow-only; no gate, score, bucket, ranking or provenance mutation; canonical ontology ID unavailable; registry key, when present, is local-only; Valori identici dopo normalizzazione deterministica."
CLM-99ae092a3018b5b91808,intervention,ceritinib,ceritinib,,,PASS,EXACT,0,ceritinib,true,NO_DISAGREEMENT,high,"query side = frozen local graph_evidence_parents parent context; shadow-only; no gate, score, bucket, ranking or provenance mutation; canonical ontology ID unavailable; registry key, when present, is local-only; Valori identici dopo normalizzazione deterministica."
CLM-9ab06b6945feea941252,disease,Lung Non-small Cell Carcinoma,Lung Non-small Cell Carcinoma,,,PASS,EXACT,0,lung non-small cell carcinoma,true,NO_DISAGREEMENT,high,"query side = frozen local graph_evidence_parents parent context; shadow-only; no gate, score, bucket, ranking or provenance mutation; canonical ontology ID unavailable; registry key, when present, is local-only; Valori identici dopo normalizzazione deterministica."
CLM-9ab06b6945feea941252,variant,EGFR L858R OR EGFR Exon 19 Deletion,EGFR L858R OR EGFR Exon 19 Deletion,,,PASS,EXACT,0,egfr l858r or egfr exon 19 deletion,true,NO_DISAGREEMENT,high,"query side = frozen local graph_evidence_parents parent context; shadow-only; no gate, score, bucket, ranking or provenance mutation; canonical ontology ID unavailable; registry key, when present, is local-only; Valori identici dopo normalizzazione deterministica."
CLM-9ab06b6945feea941252,intervention,erlotinib,erlotinib,,,PASS,EXACT,0,erlotinib,true,NO_DISAGREEMENT,high,"query side = frozen local graph_evidence_parents parent context; shadow-only; no gate, score, bucket, ranking or provenance mutation; canonical ontology ID unavailable; registry key, when present, is local-only; Valori identici dopo normalizzazione deterministica."
CLM-9df70499be273bec95fb,disease,Lung Non-small Cell Carcinoma,Lung Non-small Cell Carcinoma,,,PASS,EXACT,0,lung non-small cell carcinoma,true,NO_DISAGREEMENT,high,"query side = frozen local graph_evidence_parents parent context; shadow-only; no gate, score, bucket, ranking or provenance mutation; canonical ontology ID unavailable; registry key, when present, is local-only; Valori identici dopo normalizzazione deterministica."
CLM-9df70499be273bec95fb,variant,ALK I1171,ALK I1171,,,PASS,EXACT,0,alk i1171,true,NO_DISAGREEMENT,high,"query side = frozen local graph_evidence_parents parent context; shadow-only; no gate, score, bucket, ranking or provenance mutation; canonical ontology ID unavailable; registry key, when present, is local-only; Valori identici dopo normalizzazione deterministica."
CLM-9df70499be273bec95fb,intervention,crizotinib,crizotinib,,,PASS,EXACT,0,crizotinib,true,NO_DISAGREEMENT,high,"query side = frozen local graph_evidence_parents parent context; shadow-only; no gate, score, bucket, ranking or provenance mutation; canonical ontology ID unavailable; registry key, when present, is local-only; Valori identici dopo normalizzazione deterministica."
CLM-9eba2ced894851bae9af,disease,Non-Small Cell Lung Cancer,Non-Small Cell Lung Cancer,,,PASS,EXACT,0,non-small cell lung cancer,true,NO_DISAGREEMENT,high,"query side = frozen local graph_evidence_parents parent context; shadow-only; no gate, score, bucket, ranking or provenance mutation; canonical ontology ID unavailable; registry key, when present, is local-only; Valori identici dopo normalizzazione deterministica."
CLM-9eba2ced894851bae9af,variant,ALK G1202R AND v::ALK Fusion,ALK G1202R AND v::ALK Fusion,,,PASS,EXACT,0,alk fusion and alk g1202r,true,NO_DISAGREEMENT,high,"query side = frozen local graph_evidence_parents parent context; shadow-only; no gate, score, bucket, ranking or provenance mutation; canonical ontology ID unavailable; registry key, when present, is local-only; Valori identici dopo normalizzazione deterministica."
CLM-9eba2ced894851bae9af,intervention,crizotinib,crizotinib,,,PASS,EXACT,0,crizotinib,true,NO_DISAGREEMENT,high,"query side = frozen local graph_evidence_parents parent context; shadow-only; no gate, score, bucket, ranking or provenance mutation; canonical ontology ID unavailable; registry key, when present, is local-only; Valori identici dopo normalizzazione deterministica."
CLM-a20827c84bba1b0473e6,disease,Lung Adenocarcinoma,Lung Adenocarcinoma,,,PASS,EXACT,0,lung adenocarcinoma,true,NO_DISAGREEMENT,high,"query side = frozen local graph_evidence_parents parent context; shadow-only; no gate, score, bucket, ranking or provenance mutation; canonical ontology ID unavailable; registry key, when present, is local-only; Valori identici dopo normalizzazione deterministica."
CLM-a20827c84bba1b0473e6,variant,EGFR L858R,EGFR L858R,,,PASS,EXACT,0,egfr l858r,true,NO_DISAGREEMENT,high,"query side = frozen local graph_evidence_parents parent context; shadow-only; no gate, score, bucket, ranking or provenance mutation; canonical ontology ID unavailable; registry key, when present, is local-only; Valori identici dopo normalizzazione deterministica."
CLM-a20827c84bba1b0473e6,intervention,afatinib,afatinib,,,PASS,EXACT,0,afatinib,true,NO_DISAGREEMENT,high,"query side = frozen local graph_evidence_parents parent context; shadow-only; no gate, score, bucket, ranking or provenance mutation; canonical ontology ID unavailable; registry key, when present, is local-only; Valori identici dopo normalizzazione deterministica."
CLM-a72d16a37bdcdd84496b,disease,Lung Non-small Cell Carcinoma,Lung Non-small Cell Carcinoma,,,PASS,EXACT,0,lung non-small cell carcinoma,true,NO_DISAGREEMENT,high,"query side = frozen local graph_evidence_parents parent context; shadow-only; no gate, score, bucket, ranking or provenance mutation; canonical ontology ID unavailable; registry key, when present, is local-only; Valori identici dopo normalizzazione deterministica."
CLM-a72d16a37bdcdd84496b,variant,EGFR L858R,EGFR L858R,,,PASS,EXACT,0,egfr l858r,true,NO_DISAGREEMENT,high,"query side = frozen local graph_evidence_parents parent context; shadow-only; no gate, score, bucket, ranking or provenance mutation; canonical ontology ID unavailable; registry key, when present, is local-only; Valori identici dopo normalizzazione deterministica."
CLM-a72d16a37bdcdd84496b,intervention,gefitinib,gefitinib,,,PASS,EXACT,0,gefitinib,true,NO_DISAGREEMENT,high,"query side = frozen local graph_evidence_parents parent context; shadow-only; no gate, score, bucket, ranking or provenance mutation; canonical ontology ID unavailable; registry key, when present, is local-only; Valori identici dopo normalizzazione deterministica."
CLM-a756794f4dce5108d62c,disease,Cancer,Cancer,,,PASS,UNKNOWN,,,false,ONTOLOGY_DATA_MISSING,low,"query side = frozen local graph_evidence_parents parent context; shadow-only; no gate, score, bucket, ranking or provenance mutation; canonical ontology ID unavailable; registry key, when present, is local-only; Termine disease uguale ma non coperto da un concetto locale verificato."
CLM-a756794f4dce5108d62c,variant,EML4::ALK Fusion AND ALK G1202R,EML4::ALK Fusion AND ALK G1202R,,,PASS,EXACT,0,alk g1202r and eml4::alk fusion,true,NO_DISAGREEMENT,high,"query side = frozen local graph_evidence_parents parent context; shadow-only; no gate, score, bucket, ranking or provenance mutation; canonical ontology ID unavailable; registry key, when present, is local-only; Valori identici dopo normalizzazione deterministica."
CLM-a756794f4dce5108d62c,intervention,brigatinib,brigatinib,,,PASS,EXACT,0,brigatinib,true,NO_DISAGREEMENT,high,"query side = frozen local graph_evidence_parents parent context; shadow-only; no gate, score, bucket, ranking or provenance mutation; canonical ontology ID unavailable; registry key, when present, is local-only; Valori identici dopo normalizzazione deterministica."
CLM-a7de634d04f61036f3ec,disease,Cancer,Cancer,,,PASS,UNKNOWN,,,false,ONTOLOGY_DATA_MISSING,low,"query side = frozen local graph_evidence_parents parent context; shadow-only; no gate, score, bucket, ranking or provenance mutation; canonical ontology ID unavailable; registry key, when present, is local-only; Termine disease uguale ma non coperto da un concetto locale verificato."
CLM-a7de634d04f61036f3ec,variant,EML4::ALK Fusion AND ALK G1202R,EML4::ALK Fusion AND ALK G1202R,,,PASS,EXACT,0,alk g1202r and eml4::alk fusion,true,NO_DISAGREEMENT,high,"query side = frozen local graph_evidence_parents parent context; shadow-only; no gate, score, bucket, ranking or provenance mutation; canonical ontology ID unavailable; registry key, when present, is local-only; Valori identici dopo normalizzazione deterministica."
CLM-a7de634d04f61036f3ec,intervention,alectinib hydrochloride,alectinib hydrochloride,,,PASS,EXACT,0,alectinib hydrochloride,true,NO_DISAGREEMENT,high,"query side = frozen local graph_evidence_parents parent context; shadow-only; no gate, score, bucket, ranking or provenance mutation; canonical ontology ID unavailable; registry key, when present, is local-only; Valori identici dopo normalizzazione deterministica."
CLM-a8076dedab5ae6db17c1,disease,Lung Non-small Cell Carcinoma,Lung Non-small Cell Carcinoma,,,PASS,EXACT,0,lung non-small cell carcinoma,true,NO_DISAGREEMENT,high,"query side = frozen local graph_evidence_parents parent context; shadow-only; no gate, score, bucket, ranking or provenance mutation; canonical ontology ID unavailable; registry key, when present, is local-only; Valori identici dopo normalizzazione deterministica."
CLM-a8076dedab5ae6db17c1,variant,EGFR L858R,EGFR L858R,,,PASS,EXACT,0,egfr l858r,true,NO_DISAGREEMENT,high,"query side = frozen local graph_evidence_parents parent context; shadow-only; no gate, score, bucket, ranking or provenance mutation; canonical ontology ID unavailable; registry key, when present, is local-only; Valori identici dopo normalizzazione deterministica."
CLM-a8076dedab5ae6db17c1,intervention,dacomitinib,dacomitinib,,,PASS,EXACT,0,dacomitinib,true,NO_DISAGREEMENT,high,"query side = frozen local graph_evidence_parents parent context; shadow-only; no gate, score, bucket, ranking or provenance mutation; canonical ontology ID unavailable; registry key, when present, is local-only; Valori identici dopo normalizzazione deterministica."
CLM-a9c010ef9db01551395e,disease,Lung Non-small Cell Carcinoma,Lung Non-small Cell Carcinoma,,,PASS,EXACT,0,lung non-small cell carcinoma,true,NO_DISAGREEMENT,high,"query side = frozen local graph_evidence_parents parent context; shadow-only; no gate, score, bucket, ranking or provenance mutation; canonical ontology ID unavailable; registry key, when present, is local-only; Valori identici dopo normalizzazione deterministica."
CLM-a9c010ef9db01551395e,variant,EGFR L858R,EGFR L858R,,,PASS,EXACT,0,egfr l858r,true,NO_DISAGREEMENT,high,"query side = frozen local graph_evidence_parents parent context; shadow-only; no gate, score, bucket, ranking or provenance mutation; canonical ontology ID unavailable; registry key, when present, is local-only; Valori identici dopo normalizzazione deterministica."
CLM-a9c010ef9db01551395e,intervention,lapatinib,lapatinib,,,PASS,EXACT,0,lapatinib,true,NO_DISAGREEMENT,high,"query side = frozen local graph_evidence_parents parent context; shadow-only; no gate, score, bucket, ranking or provenance mutation; canonical ontology ID unavailable; registry key, when present, is local-only; Valori identici dopo normalizzazione deterministica."
CLM-ac64c0e56246f6ea29ca,disease,Lung Non-small Cell Carcinoma,Lung Non-small Cell Carcinoma,,,PASS,EXACT,0,lung non-small cell carcinoma,true,NO_DISAGREEMENT,high,"query side = frozen local graph_evidence_parents parent context; shadow-only; no gate, score, bucket, ranking or provenance mutation; canonical ontology ID unavailable; registry key, when present, is local-only; Valori identici dopo normalizzazione deterministica."
CLM-ac64c0e56246f6ea29ca,variant,EGFR L858R OR EGFR Exon 19 Deletion,EGFR L858R OR EGFR Exon 19 Deletion,,,PASS,EXACT,0,egfr l858r or egfr exon 19 deletion,true,NO_DISAGREEMENT,high,"query side = frozen local graph_evidence_parents parent context; shadow-only; no gate, score, bucket, ranking or provenance mutation; canonical ontology ID unavailable; registry key, when present, is local-only; Valori identici dopo normalizzazione deterministica."
CLM-ac64c0e56246f6ea29ca,intervention,erlotinib,erlotinib + ramucirumab,,,FAIL,UNKNOWN,,,false,ONTOLOGY_DATA_MISSING,low,"query side = frozen local graph_evidence_parents parent context; shadow-only; no gate, score, bucket, ranking or provenance mutation; canonical ontology ID unavailable; registry key, when present, is local-only; Nessun mapping di intervento locale verificato per la coppia."
CLM-af5265811e7ab991e7b1,disease,Lung Non-small Cell Carcinoma,Lung Non-small Cell Carcinoma,,,PASS,EXACT,0,lung non-small cell carcinoma,true,NO_DISAGREEMENT,high,"query side = frozen local graph_evidence_parents parent context; shadow-only; no gate, score, bucket, ranking or provenance mutation; canonical ontology ID unavailable; registry key, when present, is local-only; Valori identici dopo normalizzazione deterministica."
CLM-af5265811e7ab991e7b1,variant,EML4::ALK Fusion AND ALK T1151dup,EML4::ALK Fusion AND ALK T1151dup,,,PASS,EXACT,0,alk t1151dup and eml4::alk fusion,true,NO_DISAGREEMENT,high,"query side = frozen local graph_evidence_parents parent context; shadow-only; no gate, score, bucket, ranking or provenance mutation; canonical ontology ID unavailable; registry key, when present, is local-only; Valori identici dopo normalizzazione deterministica."
CLM-af5265811e7ab991e7b1,intervention,alectinib hydrochloride,alectinib hydrochloride,,,PASS,EXACT,0,alectinib hydrochloride,true,NO_DISAGREEMENT,high,"query side = frozen local graph_evidence_parents parent context; shadow-only; no gate, score, bucket, ranking or provenance mutation; canonical ontology ID unavailable; registry key, when present, is local-only; Valori identici dopo normalizzazione deterministica."
CLM-b00c27c6d6a4ae35efb2,disease,Lung Non-small Cell Carcinoma,Lung Non-small Cell Carcinoma,,,PASS,EXACT,0,lung non-small cell carcinoma,true,NO_DISAGREEMENT,high,"query side = frozen local graph_evidence_parents parent context; shadow-only; no gate, score, bucket, ranking or provenance mutation; canonical ontology ID unavailable; registry key, when present, is local-only; Valori identici dopo normalizzazione deterministica."
CLM-b00c27c6d6a4ae35efb2,variant,EGFR L858R OR EGFR Exon 19 Deletion,EGFR L858R OR EGFR Exon 19 Deletion,,,PASS,EXACT,0,egfr l858r or egfr exon 19 deletion,true,NO_DISAGREEMENT,high,"query side = frozen local graph_evidence_parents parent context; shadow-only; no gate, score, bucket, ranking or provenance mutation; canonical ontology ID unavailable; registry key, when present, is local-only; Valori identici dopo normalizzazione deterministica."
CLM-b00c27c6d6a4ae35efb2,intervention,gefitinib,gefitinib,,,PASS,EXACT,0,gefitinib,true,NO_DISAGREEMENT,high,"query side = frozen local graph_evidence_parents parent context; shadow-only; no gate, score, bucket, ranking or provenance mutation; canonical ontology ID unavailable; registry key, when present, is local-only; Valori identici dopo normalizzazione deterministica."
CLM-b048b180b566d127f5fc,disease,Lung Non-small Cell Carcinoma,Lung Non-small Cell Carcinoma,,,PASS,EXACT,0,lung non-small cell carcinoma,true,NO_DISAGREEMENT,high,"query side = frozen local graph_evidence_parents parent context; shadow-only; no gate, score, bucket, ranking or provenance mutation; canonical ontology ID unavailable; registry key, when present, is local-only; Valori identici dopo normalizzazione deterministica."
CLM-b048b180b566d127f5fc,variant,EML4::ALK Fusion AND ALK T1151dup,EML4::ALK Fusion AND ALK T1151dup,,,PASS,EXACT,0,alk t1151dup and eml4::alk fusion,true,NO_DISAGREEMENT,high,"query side = frozen local graph_evidence_parents parent context; shadow-only; no gate, score, bucket, ranking or provenance mutation; canonical ontology ID unavailable; registry key, when present, is local-only; Valori identici dopo normalizzazione deterministica."
CLM-b048b180b566d127f5fc,intervention,crizotinib,crizotinib,,,PASS,EXACT,0,crizotinib,true,NO_DISAGREEMENT,high,"query side = frozen local graph_evidence_parents parent context; shadow-only; no gate, score, bucket, ranking or provenance mutation; canonical ontology ID unavailable; registry key, when present, is local-only; Valori identici dopo normalizzazione deterministica."
CLM-b26b5c1d60afee769d70,disease,Lung Non-small Cell Carcinoma,Lung Non-small Cell Carcinoma,,,PASS,EXACT,0,lung non-small cell carcinoma,true,NO_DISAGREEMENT,high,"query side = frozen local graph_evidence_parents parent context; shadow-only; no gate, score, bucket, ranking or provenance mutation; canonical ontology ID unavailable; registry key, when present, is local-only; Valori identici dopo normalizzazione deterministica."
CLM-b26b5c1d60afee769d70,variant,EGFR L858R,EGFR L858R,,,PASS,EXACT,0,egfr l858r,true,NO_DISAGREEMENT,high,"query side = frozen local graph_evidence_parents parent context; shadow-only; no gate, score, bucket, ranking or provenance mutation; canonical ontology ID unavailable; registry key, when present, is local-only; Valori identici dopo normalizzazione deterministica."
CLM-b26b5c1d60afee769d70,intervention,erlotinib,erlotinib,,,PASS,EXACT,0,erlotinib,true,NO_DISAGREEMENT,high,"query side = frozen local graph_evidence_parents parent context; shadow-only; no gate, score, bucket, ranking or provenance mutation; canonical ontology ID unavailable; registry key, when present, is local-only; Valori identici dopo normalizzazione deterministica."
CLM-b30bfbffc36ec6a23cfc,disease,Lung Non-small Cell Carcinoma,Lung Non-small Cell Carcinoma,,,PASS,EXACT,0,lung non-small cell carcinoma,true,NO_DISAGREEMENT,high,"query side = frozen local graph_evidence_parents parent context; shadow-only; no gate, score, bucket, ranking or provenance mutation; canonical ontology ID unavailable; registry key, when present, is local-only; Valori identici dopo normalizzazione deterministica."
CLM-b30bfbffc36ec6a23cfc,variant,EGFR L858R,EGFR L858R,,,PASS,EXACT,0,egfr l858r,true,NO_DISAGREEMENT,high,"query side = frozen local graph_evidence_parents parent context; shadow-only; no gate, score, bucket, ranking or provenance mutation; canonical ontology ID unavailable; registry key, when present, is local-only; Valori identici dopo normalizzazione deterministica."
CLM-b30bfbffc36ec6a23cfc,intervention,afatinib,afatinib,,,PASS,EXACT,0,afatinib,true,NO_DISAGREEMENT,high,"query side = frozen local graph_evidence_parents parent context; shadow-only; no gate, score, bucket, ranking or provenance mutation; canonical ontology ID unavailable; registry key, when present, is local-only; Valori identici dopo normalizzazione deterministica."
CLM-b3902ab74a81a89f10e1,disease,Lung Non-small Cell Carcinoma,Lung Non-small Cell Carcinoma,,,PASS,EXACT,0,lung non-small cell carcinoma,true,NO_DISAGREEMENT,high,"query side = frozen local graph_evidence_parents parent context; shadow-only; no gate, score, bucket, ranking or provenance mutation; canonical ontology ID unavailable; registry key, when present, is local-only; Valori identici dopo normalizzazione deterministica."
CLM-b3902ab74a81a89f10e1,variant,EGFR L858R OR EGFR Exon 19 Deletion,EGFR L858R OR EGFR Exon 19 Deletion,,,PASS,EXACT,0,egfr l858r or egfr exon 19 deletion,true,NO_DISAGREEMENT,high,"query side = frozen local graph_evidence_parents parent context; shadow-only; no gate, score, bucket, ranking or provenance mutation; canonical ontology ID unavailable; registry key, when present, is local-only; Valori identici dopo normalizzazione deterministica."
CLM-b3902ab74a81a89f10e1,intervention,gefitinib,gefitinib,,,PASS,EXACT,0,gefitinib,true,NO_DISAGREEMENT,high,"query side = frozen local graph_evidence_parents parent context; shadow-only; no gate, score, bucket, ranking or provenance mutation; canonical ontology ID unavailable; registry key, when present, is local-only; Valori identici dopo normalizzazione deterministica."
CLM-b9ff9e1341e5d8d5a432,disease,Breast Cancer,Breast Cancer,,,PASS,UNKNOWN,,,false,ONTOLOGY_DATA_MISSING,low,"query side = frozen local graph_evidence_parents parent context; shadow-only; no gate, score, bucket, ranking or provenance mutation; canonical ontology ID unavailable; registry key, when present, is local-only; Termine disease uguale ma non coperto da un concetto locale verificato."
CLM-b9ff9e1341e5d8d5a432,variant,FGFR2 Amplification,FGFR2 Amplification,,,PASS,EXACT,0,fgfr2 amplification,true,NO_DISAGREEMENT,high,"query side = frozen local graph_evidence_parents parent context; shadow-only; no gate, score, bucket, ranking or provenance mutation; canonical ontology ID unavailable; registry key, when present, is local-only; Valori identici dopo normalizzazione deterministica."
CLM-b9ff9e1341e5d8d5a432,intervention,dovitinib,dovitinib,,,PASS,EXACT,0,dovitinib,true,NO_DISAGREEMENT,high,"query side = frozen local graph_evidence_parents parent context; shadow-only; no gate, score, bucket, ranking or provenance mutation; canonical ontology ID unavailable; registry key, when present, is local-only; Valori identici dopo normalizzazione deterministica."
CLM-bb07eb0bc70569e770c3,disease,Lung Adenocarcinoma,Lung Adenocarcinoma,,,PASS,EXACT,0,lung adenocarcinoma,true,NO_DISAGREEMENT,high,"query side = frozen local graph_evidence_parents parent context; shadow-only; no gate, score, bucket, ranking or provenance mutation; canonical ontology ID unavailable; registry key, when present, is local-only; Valori identici dopo normalizzazione deterministica."
CLM-bb07eb0bc70569e770c3,variant,EML4::ALK Fusion AND ALK C1156Y,EML4::ALK Fusion AND ALK C1156Y,,,PASS,EXACT,0,alk c1156y and eml4::alk fusion,true,NO_DISAGREEMENT,high,"query side = frozen local graph_evidence_parents parent context; shadow-only; no gate, score, bucket, ranking or provenance mutation; canonical ontology ID unavailable; registry key, when present, is local-only; Valori identici dopo normalizzazione deterministica."
CLM-bb07eb0bc70569e770c3,intervention,crizotinib,crizotinib,,,PASS,EXACT,0,crizotinib,true,NO_DISAGREEMENT,high,"query side = frozen local graph_evidence_parents parent context; shadow-only; no gate, score, bucket, ranking or provenance mutation; canonical ontology ID unavailable; registry key, when present, is local-only; Valori identici dopo normalizzazione deterministica."
CLM-bb1e5f41161741c74f0d,disease,Pilocytic Astrocytoma,Pilocytic Astrocytoma,,,PASS,UNKNOWN,,,false,ONTOLOGY_DATA_MISSING,low,"query side = frozen local graph_evidence_parents parent context; shadow-only; no gate, score, bucket, ranking or provenance mutation; canonical ontology ID unavailable; registry key, when present, is local-only; Termine disease uguale ma non coperto da un concetto locale verificato."
CLM-bb1e5f41161741c74f0d,variant,FGFR1 N546K,FGFR1 N546K,,,PASS,EXACT,0,fgfr1 n546k,true,NO_DISAGREEMENT,high,"query side = frozen local graph_evidence_parents parent context; shadow-only; no gate, score, bucket, ranking or provenance mutation; canonical ontology ID unavailable; registry key, when present, is local-only; Valori identici dopo normalizzazione deterministica."
CLM-bb1e5f41161741c74f0d,intervention,pemigatinib,pemigatinib,,,PASS,EXACT,0,pemigatinib,true,NO_DISAGREEMENT,high,"query side = frozen local graph_evidence_parents parent context; shadow-only; no gate, score, bucket, ranking or provenance mutation; canonical ontology ID unavailable; registry key, when present, is local-only; Valori identici dopo normalizzazione deterministica."
CLM-bd4e24be0a4719119976,disease,Lung Non-small Cell Carcinoma,Lung Non-small Cell Carcinoma,,,PASS,EXACT,0,lung non-small cell carcinoma,true,NO_DISAGREEMENT,high,"query side = frozen local graph_evidence_parents parent context; shadow-only; no gate, score, bucket, ranking or provenance mutation; canonical ontology ID unavailable; registry key, when present, is local-only; Valori identici dopo normalizzazione deterministica."
CLM-bd4e24be0a4719119976,variant,ALK I1171N AND HIP1::ALK Fusion,ALK I1171N AND HIP1::ALK Fusion,,,PASS,EXACT,0,alk i1171n and hip1::alk fusion,true,NO_DISAGREEMENT,high,"query side = frozen local graph_evidence_parents parent context; shadow-only; no gate, score, bucket, ranking or provenance mutation; canonical ontology ID unavailable; registry key, when present, is local-only; Valori identici dopo normalizzazione deterministica."
CLM-bd4e24be0a4719119976,intervention,alectinib hydrochloride,alectinib hydrochloride,,,PASS,EXACT,0,alectinib hydrochloride,true,NO_DISAGREEMENT,high,"query side = frozen local graph_evidence_parents parent context; shadow-only; no gate, score, bucket, ranking or provenance mutation; canonical ontology ID unavailable; registry key, when present, is local-only; Valori identici dopo normalizzazione deterministica."
CLM-beb05cb9a445538bb755,disease,Cholangiocarcinoma,Cholangiocarcinoma,,,PASS,EXACT,0,cholangiocarcinoma,true,NO_DISAGREEMENT,high,"query side = frozen local graph_evidence_parents parent context; shadow-only; no gate, score, bucket, ranking or provenance mutation; canonical ontology ID unavailable; registry key, when present, is local-only; Valori identici dopo normalizzazione deterministica."
CLM-beb05cb9a445538bb755,variant,FGFR2::v Fusion OR FGFR2::? Fusion,FGFR2::v Fusion OR FGFR2::? Fusion,,,PASS,EXACT,0,fgfr2::v fusion or fgfr2::? fusion,true,NO_DISAGREEMENT,high,"query side = frozen local graph_evidence_parents parent context; shadow-only; no gate, score, bucket, ranking or provenance mutation; canonical ontology ID unavailable; registry key, when present, is local-only; Valori identici dopo normalizzazione deterministica."
CLM-beb05cb9a445538bb755,intervention,infigratinib,infigratinib,,,PASS,EXACT,0,infigratinib,true,NO_DISAGREEMENT,high,"query side = frozen local graph_evidence_parents parent context; shadow-only; no gate, score, bucket, ranking or provenance mutation; canonical ontology ID unavailable; registry key, when present, is local-only; Valori identici dopo normalizzazione deterministica."
CLM-c069e118a976c0332c60,disease,Cholangiolocellular Carcinoma,Cholangiolocellular Carcinoma,,,PASS,EXACT,0,cholangiolocellular carcinoma,true,NO_DISAGREEMENT,high,"query side = frozen local graph_evidence_parents parent context; shadow-only; no gate, score, bucket, ranking or provenance mutation; canonical ontology ID unavailable; registry key, when present, is local-only; Valori identici dopo normalizzazione deterministica."
CLM-c069e118a976c0332c60,variant,FGFR2::v Fusion OR FGFR2::? Fusion,FGFR2::v Fusion OR FGFR2::? Fusion,,,PASS,EXACT,0,fgfr2::v fusion or fgfr2::? fusion,true,NO_DISAGREEMENT,high,"query side = frozen local graph_evidence_parents parent context; shadow-only; no gate, score, bucket, ranking or provenance mutation; canonical ontology ID unavailable; registry key, when present, is local-only; Valori identici dopo normalizzazione deterministica."
CLM-c069e118a976c0332c60,intervention,pemigatinib,pemigatinib,,,PASS,EXACT,0,pemigatinib,true,NO_DISAGREEMENT,high,"query side = frozen local graph_evidence_parents parent context; shadow-only; no gate, score, bucket, ranking or provenance mutation; canonical ontology ID unavailable; registry key, when present, is local-only; Valori identici dopo normalizzazione deterministica."
CLM-c0b6cac2d322040eefe6,disease,Lung Non-small Cell Carcinoma,Lung Non-small Cell Carcinoma,,,PASS,EXACT,0,lung non-small cell carcinoma,true,NO_DISAGREEMENT,high,"query side = frozen local graph_evidence_parents parent context; shadow-only; no gate, score, bucket, ranking or provenance mutation; canonical ontology ID unavailable; registry key, when present, is local-only; Valori identici dopo normalizzazione deterministica."
CLM-c0b6cac2d322040eefe6,variant,EGFR L858R,EGFR L858R,,,PASS,EXACT,0,egfr l858r,true,NO_DISAGREEMENT,high,"query side = frozen local graph_evidence_parents parent context; shadow-only; no gate, score, bucket, ranking or provenance mutation; canonical ontology ID unavailable; registry key, when present, is local-only; Valori identici dopo normalizzazione deterministica."
CLM-c0b6cac2d322040eefe6,intervention,erlotinib,erlotinib,,,PASS,EXACT,0,erlotinib,true,NO_DISAGREEMENT,high,"query side = frozen local graph_evidence_parents parent context; shadow-only; no gate, score, bucket, ranking or provenance mutation; canonical ontology ID unavailable; registry key, when present, is local-only; Valori identici dopo normalizzazione deterministica."
CLM-c2298624bea1ba7fac45,disease,Lung Adenocarcinoma,Lung Adenocarcinoma,,,PASS,EXACT,0,lung adenocarcinoma,true,NO_DISAGREEMENT,high,"query side = frozen local graph_evidence_parents parent context; shadow-only; no gate, score, bucket, ranking or provenance mutation; canonical ontology ID unavailable; registry key, when present, is local-only; Valori identici dopo normalizzazione deterministica."
CLM-c2298624bea1ba7fac45,variant,EML4::ALK Fusion AND ALK G1269A,EML4::ALK Fusion AND ALK G1269A,,,PASS,EXACT,0,alk g1269a and eml4::alk fusion,true,NO_DISAGREEMENT,high,"query side = frozen local graph_evidence_parents parent context; shadow-only; no gate, score, bucket, ranking or provenance mutation; canonical ontology ID unavailable; registry key, when present, is local-only; Valori identici dopo normalizzazione deterministica."
CLM-c2298624bea1ba7fac45,intervention,crizotinib,crizotinib,,,PASS,EXACT,0,crizotinib,true,NO_DISAGREEMENT,high,"query side = frozen local graph_evidence_parents parent context; shadow-only; no gate, score, bucket, ranking or provenance mutation; canonical ontology ID unavailable; registry key, when present, is local-only; Valori identici dopo normalizzazione deterministica."
CLM-c7f106007dced3b3dec7,disease,Lung Non-small Cell Carcinoma,Lung Non-small Cell Carcinoma,,,PASS,EXACT,0,lung non-small cell carcinoma,true,NO_DISAGREEMENT,high,"query side = frozen local graph_evidence_parents parent context; shadow-only; no gate, score, bucket, ranking or provenance mutation; canonical ontology ID unavailable; registry key, when present, is local-only; Valori identici dopo normalizzazione deterministica."
CLM-c7f106007dced3b3dec7,variant,EML4::ALK Fusion AND ALK L1198F AND ALK C1156Y,EML4::ALK Fusion AND ALK L1198F AND ALK C1156Y,,,PASS,EXACT,0,alk c1156y and alk l1198f and eml4::alk fusion,true,NO_DISAGREEMENT,high,"query side = frozen local graph_evidence_parents parent context; shadow-only; no gate, score, bucket, ranking or provenance mutation; canonical ontology ID unavailable; registry key, when present, is local-only; Valori identici dopo normalizzazione deterministica."
CLM-c7f106007dced3b3dec7,intervention,lorlatinib,lorlatinib,,,PASS,EXACT,0,lorlatinib,true,NO_DISAGREEMENT,high,"query side = frozen local graph_evidence_parents parent context; shadow-only; no gate, score, bucket, ranking or provenance mutation; canonical ontology ID unavailable; registry key, when present, is local-only; Valori identici dopo normalizzazione deterministica."
CLM-c8f2a725bf5cfc8e98ca,disease,Lung Non-small Cell Carcinoma,Lung Non-small Cell Carcinoma,,,PASS,EXACT,0,lung non-small cell carcinoma,true,NO_DISAGREEMENT,high,"query side = frozen local graph_evidence_parents parent context; shadow-only; no gate, score, bucket, ranking or provenance mutation; canonical ontology ID unavailable; registry key, when present, is local-only; Valori identici dopo normalizzazione deterministica."
CLM-c8f2a725bf5cfc8e98ca,variant,EGFR T790M,EGFR T790M,,,PASS,EXACT,0,egfr t790m,true,NO_DISAGREEMENT,high,"query side = frozen local graph_evidence_parents parent context; shadow-only; no gate, score, bucket, ranking or provenance mutation; canonical ontology ID unavailable; registry key, when present, is local-only; Valori identici dopo normalizzazione deterministica."
CLM-c8f2a725bf5cfc8e98ca,intervention,osimertinib,osimertinib,,,PASS,EXACT,0,osimertinib,true,NO_DISAGREEMENT,high,"query side = frozen local graph_evidence_parents parent context; shadow-only; no gate, score, bucket, ranking or provenance mutation; canonical ontology ID unavailable; registry key, when present, is local-only; Valori identici dopo normalizzazione deterministica."
CLM-cf53824b662b10f776df,disease,Lung Non-small Cell Carcinoma,Lung Non-small Cell Carcinoma,,,PASS,EXACT,0,lung non-small cell carcinoma,true,NO_DISAGREEMENT,high,"query side = frozen local graph_evidence_parents parent context; shadow-only; no gate, score, bucket, ranking or provenance mutation; canonical ontology ID unavailable; registry key, when present, is local-only; Valori identici dopo normalizzazione deterministica."
CLM-cf53824b662b10f776df,variant,EML4::ALK Fusion AND ALK V1180L,EML4::ALK Fusion AND ALK V1180L,,,PASS,EXACT,0,alk v1180l and eml4::alk fusion,true,NO_DISAGREEMENT,high,"query side = frozen local graph_evidence_parents parent context; shadow-only; no gate, score, bucket, ranking or provenance mutation; canonical ontology ID unavailable; registry key, when present, is local-only; Valori identici dopo normalizzazione deterministica."
CLM-cf53824b662b10f776df,intervention,alectinib hydrochloride,alectinib hydrochloride,,,PASS,EXACT,0,alectinib hydrochloride,true,NO_DISAGREEMENT,high,"query side = frozen local graph_evidence_parents parent context; shadow-only; no gate, score, bucket, ranking or provenance mutation; canonical ontology ID unavailable; registry key, when present, is local-only; Valori identici dopo normalizzazione deterministica."
CLM-d2a8d38b226371178d2a,disease,Lung Non-small Cell Carcinoma,Lung Non-small Cell Carcinoma,,,PASS,EXACT,0,lung non-small cell carcinoma,true,NO_DISAGREEMENT,high,"query side = frozen local graph_evidence_parents parent context; shadow-only; no gate, score, bucket, ranking or provenance mutation; canonical ontology ID unavailable; registry key, when present, is local-only; Valori identici dopo normalizzazione deterministica."
CLM-d2a8d38b226371178d2a,variant,EGFR L858R,EGFR L858R,,,PASS,EXACT,0,egfr l858r,true,NO_DISAGREEMENT,high,"query side = frozen local graph_evidence_parents parent context; shadow-only; no gate, score, bucket, ranking or provenance mutation; canonical ontology ID unavailable; registry key, when present, is local-only; Valori identici dopo normalizzazione deterministica."
CLM-d2a8d38b226371178d2a,intervention,canertinib,canertinib,,,PASS,EXACT,0,canertinib,true,NO_DISAGREEMENT,high,"query side = frozen local graph_evidence_parents parent context; shadow-only; no gate, score, bucket, ranking or provenance mutation; canonical ontology ID unavailable; registry key, when present, is local-only; Valori identici dopo normalizzazione deterministica."
CLM-d3828905e361102a59a0,disease,Endometrial Cancer,Endometrial Cancer,,,PASS,UNKNOWN,,,false,ONTOLOGY_DATA_MISSING,low,"query side = frozen local graph_evidence_parents parent context; shadow-only; no gate, score, bucket, ranking or provenance mutation; canonical ontology ID unavailable; registry key, when present, is local-only; Termine disease uguale ma non coperto da un concetto locale verificato."
CLM-d3828905e361102a59a0,variant,FGFR2::BICC1 Fusion,FGFR2::BICC1 Fusion,,,PASS,EXACT,0,fgfr2::bicc1 fusion,true,NO_DISAGREEMENT,high,"query side = frozen local graph_evidence_parents parent context; shadow-only; no gate, score, bucket, ranking or provenance mutation; canonical ontology ID unavailable; registry key, when present, is local-only; Valori identici dopo normalizzazione deterministica."
CLM-d3828905e361102a59a0,intervention,erdafitinib,erdafitinib,,,PASS,EXACT,0,erdafitinib,true,NO_DISAGREEMENT,high,"query side = frozen local graph_evidence_parents parent context; shadow-only; no gate, score, bucket, ranking or provenance mutation; canonical ontology ID unavailable; registry key, when present, is local-only; Valori identici dopo normalizzazione deterministica."
CLM-d3951a629938118cac1b,disease,Cancer,Cancer,,,PASS,UNKNOWN,,,false,ONTOLOGY_DATA_MISSING,low,"query side = frozen local graph_evidence_parents parent context; shadow-only; no gate, score, bucket, ranking or provenance mutation; canonical ontology ID unavailable; registry key, when present, is local-only; Termine disease uguale ma non coperto da un concetto locale verificato."
CLM-d3951a629938118cac1b,variant,ALK G1269A AND v::ALK Fusion,ALK G1269A AND v::ALK Fusion,,,PASS,EXACT,0,alk fusion and alk g1269a,true,NO_DISAGREEMENT,high,"query side = frozen local graph_evidence_parents parent context; shadow-only; no gate, score, bucket, ranking or provenance mutation; canonical ontology ID unavailable; registry key, when present, is local-only; Valori identici dopo normalizzazione deterministica."
CLM-d3951a629938118cac1b,intervention,alectinib hydrochloride,alectinib hydrochloride,,,PASS,EXACT,0,alectinib hydrochloride,true,NO_DISAGREEMENT,high,"query side = frozen local graph_evidence_parents parent context; shadow-only; no gate, score, bucket, ranking or provenance mutation; canonical ontology ID unavailable; registry key, when present, is local-only; Valori identici dopo normalizzazione deterministica."
CLM-d4bee44e07efb6ccca9f,disease,Lung Non-small Cell Carcinoma,Lung Non-small Cell Carcinoma,,,PASS,EXACT,0,lung non-small cell carcinoma,true,NO_DISAGREEMENT,high,"query side = frozen local graph_evidence_parents parent context; shadow-only; no gate, score, bucket, ranking or provenance mutation; canonical ontology ID unavailable; registry key, when present, is local-only; Valori identici dopo normalizzazione deterministica."
CLM-d4bee44e07efb6ccca9f,variant,EGFR L858R OR EGFR Exon 19 Deletion,EGFR L858R OR EGFR Exon 19 Deletion,,,PASS,EXACT,0,egfr l858r or egfr exon 19 deletion,true,NO_DISAGREEMENT,high,"query side = frozen local graph_evidence_parents parent context; shadow-only; no gate, score, bucket, ranking or provenance mutation; canonical ontology ID unavailable; registry key, when present, is local-only; Valori identici dopo normalizzazione deterministica."
CLM-d4bee44e07efb6ccca9f,intervention,osimertinib,osimertinib,,,PASS,EXACT,0,osimertinib,true,NO_DISAGREEMENT,high,"query side = frozen local graph_evidence_parents parent context; shadow-only; no gate, score, bucket, ranking or provenance mutation; canonical ontology ID unavailable; registry key, when present, is local-only; Valori identici dopo normalizzazione deterministica."
CLM-d647e4283d6f94402b1d,disease,Lung Adenocarcinoma,Lung Adenocarcinoma,,,PASS,EXACT,0,lung adenocarcinoma,true,NO_DISAGREEMENT,high,"query side = frozen local graph_evidence_parents parent context; shadow-only; no gate, score, bucket, ranking or provenance mutation; canonical ontology ID unavailable; registry key, when present, is local-only; Valori identici dopo normalizzazione deterministica."
CLM-d647e4283d6f94402b1d,variant,EGFR::RAD51 Fusion,EGFR::RAD51 Fusion,,,PASS,EXACT,0,egfr::rad51 fusion,true,NO_DISAGREEMENT,high,"query side = frozen local graph_evidence_parents parent context; shadow-only; no gate, score, bucket, ranking or provenance mutation; canonical ontology ID unavailable; registry key, when present, is local-only; Valori identici dopo normalizzazione deterministica."
CLM-d647e4283d6f94402b1d,intervention,osimertinib,osimertinib,,,PASS,EXACT,0,osimertinib,true,NO_DISAGREEMENT,high,"query side = frozen local graph_evidence_parents parent context; shadow-only; no gate, score, bucket, ranking or provenance mutation; canonical ontology ID unavailable; registry key, when present, is local-only; Valori identici dopo normalizzazione deterministica."
CLM-d9119121edc4643c966f,disease,Cancer,Cancer,,,PASS,UNKNOWN,,,false,ONTOLOGY_DATA_MISSING,low,"query side = frozen local graph_evidence_parents parent context; shadow-only; no gate, score, bucket, ranking or provenance mutation; canonical ontology ID unavailable; registry key, when present, is local-only; Termine disease uguale ma non coperto da un concetto locale verificato."
CLM-d9119121edc4643c966f,variant,EML4::ALK Fusion AND ALK F1245C,EML4::ALK Fusion AND ALK F1245C,,,PASS,EXACT,0,alk f1245c and eml4::alk fusion,true,NO_DISAGREEMENT,high,"query side = frozen local graph_evidence_parents parent context; shadow-only; no gate, score, bucket, ranking or provenance mutation; canonical ontology ID unavailable; registry key, when present, is local-only; Valori identici dopo normalizzazione deterministica."
CLM-d9119121edc4643c966f,intervention,crizotinib,crizotinib,,,PASS,EXACT,0,crizotinib,true,NO_DISAGREEMENT,high,"query side = frozen local graph_evidence_parents parent context; shadow-only; no gate, score, bucket, ranking or provenance mutation; canonical ontology ID unavailable; registry key, when present, is local-only; Valori identici dopo normalizzazione deterministica."
CLM-dce0280ba32faf2db9c9,disease,Transitional Cell Carcinoma,Transitional Cell Carcinoma,,,PASS,UNKNOWN,,,false,ONTOLOGY_DATA_MISSING,low,"query side = frozen local graph_evidence_parents parent context; shadow-only; no gate, score, bucket, ranking or provenance mutation; canonical ontology ID unavailable; registry key, when present, is local-only; Termine disease uguale ma non coperto da un concetto locale verificato."
CLM-dce0280ba32faf2db9c9,variant,FGFR2::BICC1 Fusion,FGFR2::BICC1 Fusion,,,PASS,EXACT,0,fgfr2::bicc1 fusion,true,NO_DISAGREEMENT,high,"query side = frozen local graph_evidence_parents parent context; shadow-only; no gate, score, bucket, ranking or provenance mutation; canonical ontology ID unavailable; registry key, when present, is local-only; Valori identici dopo normalizzazione deterministica."
CLM-dce0280ba32faf2db9c9,intervention,erdafitinib,erdafitinib,,,PASS,EXACT,0,erdafitinib,true,NO_DISAGREEMENT,high,"query side = frozen local graph_evidence_parents parent context; shadow-only; no gate, score, bucket, ranking or provenance mutation; canonical ontology ID unavailable; registry key, when present, is local-only; Valori identici dopo normalizzazione deterministica."
CLM-dd924bc0aac50b2d0eff,disease,Lung Non-small Cell Carcinoma,Lung Non-small Cell Carcinoma,,,PASS,EXACT,0,lung non-small cell carcinoma,true,NO_DISAGREEMENT,high,"query side = frozen local graph_evidence_parents parent context; shadow-only; no gate, score, bucket, ranking or provenance mutation; canonical ontology ID unavailable; registry key, when present, is local-only; Valori identici dopo normalizzazione deterministica."
CLM-dd924bc0aac50b2d0eff,variant,EML4::ALK Fusion AND ALK G1202R,EML4::ALK Fusion AND ALK G1202R,,,PASS,EXACT,0,alk g1202r and eml4::alk fusion,true,NO_DISAGREEMENT,high,"query side = frozen local graph_evidence_parents parent context; shadow-only; no gate, score, bucket, ranking or provenance mutation; canonical ontology ID unavailable; registry key, when present, is local-only; Valori identici dopo normalizzazione deterministica."
CLM-dd924bc0aac50b2d0eff,intervention,crizotinib,crizotinib,,,PASS,EXACT,0,crizotinib,true,NO_DISAGREEMENT,high,"query side = frozen local graph_evidence_parents parent context; shadow-only; no gate, score, bucket, ranking or provenance mutation; canonical ontology ID unavailable; registry key, when present, is local-only; Valori identici dopo normalizzazione deterministica."
CLM-dda6b2c59b86fba7999a,disease,Lung Non-small Cell Carcinoma,Lung Non-small Cell Carcinoma,,,PASS,EXACT,0,lung non-small cell carcinoma,true,NO_DISAGREEMENT,high,"query side = frozen local graph_evidence_parents parent context; shadow-only; no gate, score, bucket, ranking or provenance mutation; canonical ontology ID unavailable; registry key, when present, is local-only; Valori identici dopo normalizzazione deterministica."
CLM-dda6b2c59b86fba7999a,variant,EGFR T790M,EGFR T790M,,,PASS,EXACT,0,egfr t790m,true,NO_DISAGREEMENT,high,"query side = frozen local graph_evidence_parents parent context; shadow-only; no gate, score, bucket, ranking or provenance mutation; canonical ontology ID unavailable; registry key, when present, is local-only; Valori identici dopo normalizzazione deterministica."
CLM-dda6b2c59b86fba7999a,intervention,osimertinib,osimertinib,,,PASS,EXACT,0,osimertinib,true,NO_DISAGREEMENT,high,"query side = frozen local graph_evidence_parents parent context; shadow-only; no gate, score, bucket, ranking or provenance mutation; canonical ontology ID unavailable; registry key, when present, is local-only; Valori identici dopo normalizzazione deterministica."
CLM-e021f20401b48e016f8e,disease,Lung Non-small Cell Carcinoma,Lung Non-small Cell Carcinoma,,,PASS,EXACT,0,lung non-small cell carcinoma,true,NO_DISAGREEMENT,high,"query side = frozen local graph_evidence_parents parent context; shadow-only; no gate, score, bucket, ranking or provenance mutation; canonical ontology ID unavailable; registry key, when present, is local-only; Valori identici dopo normalizzazione deterministica."
CLM-e021f20401b48e016f8e,variant,EML4::ALK Fusion AND ALK S1206Y,EML4::ALK Fusion AND ALK S1206Y,,,PASS,EXACT,0,alk s1206y and eml4::alk fusion,true,NO_DISAGREEMENT,high,"query side = frozen local graph_evidence_parents parent context; shadow-only; no gate, score, bucket, ranking or provenance mutation; canonical ontology ID unavailable; registry key, when present, is local-only; Valori identici dopo normalizzazione deterministica."
CLM-e021f20401b48e016f8e,intervention,crizotinib,crizotinib,,,PASS,EXACT,0,crizotinib,true,NO_DISAGREEMENT,high,"query side = frozen local graph_evidence_parents parent context; shadow-only; no gate, score, bucket, ranking or provenance mutation; canonical ontology ID unavailable; registry key, when present, is local-only; Valori identici dopo normalizzazione deterministica."
CLM-e13e6bfa052b0b6f49fe,disease,Lung Non-small Cell Carcinoma,Lung Non-small Cell Carcinoma,,,PASS,EXACT,0,lung non-small cell carcinoma,true,NO_DISAGREEMENT,high,"query side = frozen local graph_evidence_parents parent context; shadow-only; no gate, score, bucket, ranking or provenance mutation; canonical ontology ID unavailable; registry key, when present, is local-only; Valori identici dopo normalizzazione deterministica."
CLM-e13e6bfa052b0b6f49fe,variant,EGFR L858R,EGFR L858R,,,PASS,EXACT,0,egfr l858r,true,NO_DISAGREEMENT,high,"query side = frozen local graph_evidence_parents parent context; shadow-only; no gate, score, bucket, ranking or provenance mutation; canonical ontology ID unavailable; registry key, when present, is local-only; Valori identici dopo normalizzazione deterministica."
CLM-e13e6bfa052b0b6f49fe,intervention,erlotinib,erlotinib,,,PASS,EXACT,0,erlotinib,true,NO_DISAGREEMENT,high,"query side = frozen local graph_evidence_parents parent context; shadow-only; no gate, score, bucket, ranking or provenance mutation; canonical ontology ID unavailable; registry key, when present, is local-only; Valori identici dopo normalizzazione deterministica."
CLM-e5528b1323d1f69569d3,disease,Stomach Carcinoma,Stomach Carcinoma,,,PASS,UNKNOWN,,,false,ONTOLOGY_DATA_MISSING,low,"query side = frozen local graph_evidence_parents parent context; shadow-only; no gate, score, bucket, ranking or provenance mutation; canonical ontology ID unavailable; registry key, when present, is local-only; Termine disease uguale ma non coperto da un concetto locale verificato."
CLM-e5528b1323d1f69569d3,variant,FGFR2 Amplification,FGFR2 Amplification,,,PASS,EXACT,0,fgfr2 amplification,true,NO_DISAGREEMENT,high,"query side = frozen local graph_evidence_parents parent context; shadow-only; no gate, score, bucket, ranking or provenance mutation; canonical ontology ID unavailable; registry key, when present, is local-only; Valori identici dopo normalizzazione deterministica."
CLM-e5528b1323d1f69569d3,intervention,fexagratinib,fexagratinib,,,PASS,EXACT,0,fexagratinib,true,NO_DISAGREEMENT,high,"query side = frozen local graph_evidence_parents parent context; shadow-only; no gate, score, bucket, ranking or provenance mutation; canonical ontology ID unavailable; registry key, when present, is local-only; Valori identici dopo normalizzazione deterministica."
CLM-e565f65d73cb1d4aa67b,disease,Lung Adenocarcinoma,Lung Adenocarcinoma,,,PASS,EXACT,0,lung adenocarcinoma,true,NO_DISAGREEMENT,high,"query side = frozen local graph_evidence_parents parent context; shadow-only; no gate, score, bucket, ranking or provenance mutation; canonical ontology ID unavailable; registry key, when present, is local-only; Valori identici dopo normalizzazione deterministica."
CLM-e565f65d73cb1d4aa67b,variant,EGFR L858R,EGFR L858R,,,PASS,EXACT,0,egfr l858r,true,NO_DISAGREEMENT,high,"query side = frozen local graph_evidence_parents parent context; shadow-only; no gate, score, bucket, ranking or provenance mutation; canonical ontology ID unavailable; registry key, when present, is local-only; Valori identici dopo normalizzazione deterministica."
CLM-e565f65d73cb1d4aa67b,intervention,gefitinib,gefitinib,,,PASS,EXACT,0,gefitinib,true,NO_DISAGREEMENT,high,"query side = frozen local graph_evidence_parents parent context; shadow-only; no gate, score, bucket, ranking or provenance mutation; canonical ontology ID unavailable; registry key, when present, is local-only; Valori identici dopo normalizzazione deterministica."
CLM-e6efb45289099d321caa,disease,Cholangiocarcinoma,Cholangiocarcinoma,,,PASS,EXACT,0,cholangiocarcinoma,true,NO_DISAGREEMENT,high,"query side = frozen local graph_evidence_parents parent context; shadow-only; no gate, score, bucket, ranking or provenance mutation; canonical ontology ID unavailable; registry key, when present, is local-only; Valori identici dopo normalizzazione deterministica."
CLM-e6efb45289099d321caa,variant,FGFR2::v Fusion OR FGFR2::? Fusion,FGFR2::v Fusion OR FGFR2::? Fusion,,,PASS,EXACT,0,fgfr2::v fusion or fgfr2::? fusion,true,NO_DISAGREEMENT,high,"query side = frozen local graph_evidence_parents parent context; shadow-only; no gate, score, bucket, ranking or provenance mutation; canonical ontology ID unavailable; registry key, when present, is local-only; Valori identici dopo normalizzazione deterministica."
CLM-e6efb45289099d321caa,intervention,infigratinib,infigratinib,,,PASS,EXACT,0,infigratinib,true,NO_DISAGREEMENT,high,"query side = frozen local graph_evidence_parents parent context; shadow-only; no gate, score, bucket, ranking or provenance mutation; canonical ontology ID unavailable; registry key, when present, is local-only; Valori identici dopo normalizzazione deterministica."
CLM-e7f967d807f506a1c878,disease,Lung Non-small Cell Carcinoma,Lung Non-small Cell Carcinoma,,,PASS,EXACT,0,lung non-small cell carcinoma,true,NO_DISAGREEMENT,high,"query side = frozen local graph_evidence_parents parent context; shadow-only; no gate, score, bucket, ranking or provenance mutation; canonical ontology ID unavailable; registry key, when present, is local-only; Valori identici dopo normalizzazione deterministica."
CLM-e7f967d807f506a1c878,variant,EML4::ALK Fusion AND ALK T1151dup,EML4::ALK Fusion AND ALK T1151dup,,,PASS,EXACT,0,alk t1151dup and eml4::alk fusion,true,NO_DISAGREEMENT,high,"query side = frozen local graph_evidence_parents parent context; shadow-only; no gate, score, bucket, ranking or provenance mutation; canonical ontology ID unavailable; registry key, when present, is local-only; Valori identici dopo normalizzazione deterministica."
CLM-e7f967d807f506a1c878,intervention,alk inhibitor tae684,alk inhibitor tae684,,,PASS,EXACT,0,alk inhibitor tae684,true,NO_DISAGREEMENT,high,"query side = frozen local graph_evidence_parents parent context; shadow-only; no gate, score, bucket, ranking or provenance mutation; canonical ontology ID unavailable; registry key, when present, is local-only; Valori identici dopo normalizzazione deterministica."
CLM-ea3f6c4227ec08639404,disease,Breast Cancer,Breast Cancer,,,PASS,UNKNOWN,,,false,ONTOLOGY_DATA_MISSING,low,"query side = frozen local graph_evidence_parents parent context; shadow-only; no gate, score, bucket, ranking or provenance mutation; canonical ontology ID unavailable; registry key, when present, is local-only; Termine disease uguale ma non coperto da un concetto locale verificato."
CLM-ea3f6c4227ec08639404,variant,FGFR1 Amplification,FGFR1 Amplification,,,PASS,EXACT,0,fgfr1 amplification,true,NO_DISAGREEMENT,high,"query side = frozen local graph_evidence_parents parent context; shadow-only; no gate, score, bucket, ranking or provenance mutation; canonical ontology ID unavailable; registry key, when present, is local-only; Valori identici dopo normalizzazione deterministica."
CLM-ea3f6c4227ec08639404,intervention,futibatinib,futibatinib,,,PASS,EXACT,0,futibatinib,true,NO_DISAGREEMENT,high,"query side = frozen local graph_evidence_parents parent context; shadow-only; no gate, score, bucket, ranking or provenance mutation; canonical ontology ID unavailable; registry key, when present, is local-only; Valori identici dopo normalizzazione deterministica."
CLM-eaf9d60d304136d89a18,disease,Lung Non-small Cell Carcinoma,Lung Non-small Cell Carcinoma,,,PASS,EXACT,0,lung non-small cell carcinoma,true,NO_DISAGREEMENT,high,"query side = frozen local graph_evidence_parents parent context; shadow-only; no gate, score, bucket, ranking or provenance mutation; canonical ontology ID unavailable; registry key, when present, is local-only; Valori identici dopo normalizzazione deterministica."
CLM-eaf9d60d304136d89a18,variant,EML4::ALK Fusion AND ALK L1196M,EML4::ALK Fusion AND ALK L1196M,,,PASS,EXACT,0,alk l1196m and eml4::alk fusion,true,NO_DISAGREEMENT,high,"query side = frozen local graph_evidence_parents parent context; shadow-only; no gate, score, bucket, ranking or provenance mutation; canonical ontology ID unavailable; registry key, when present, is local-only; Valori identici dopo normalizzazione deterministica."
CLM-eaf9d60d304136d89a18,intervention,crizotinib,crizotinib,,,PASS,EXACT,0,crizotinib,true,NO_DISAGREEMENT,high,"query side = frozen local graph_evidence_parents parent context; shadow-only; no gate, score, bucket, ranking or provenance mutation; canonical ontology ID unavailable; registry key, when present, is local-only; Valori identici dopo normalizzazione deterministica."
CLM-eba06f8e66bfc2749100,disease,Lung Non-small Cell Carcinoma,Lung Non-small Cell Carcinoma,,,PASS,EXACT,0,lung non-small cell carcinoma,true,NO_DISAGREEMENT,high,"query side = frozen local graph_evidence_parents parent context; shadow-only; no gate, score, bucket, ranking or provenance mutation; canonical ontology ID unavailable; registry key, when present, is local-only; Valori identici dopo normalizzazione deterministica."
CLM-eba06f8e66bfc2749100,variant,EGFR L858R,EGFR L858R,,,PASS,EXACT,0,egfr l858r,true,NO_DISAGREEMENT,high,"query side = frozen local graph_evidence_parents parent context; shadow-only; no gate, score, bucket, ranking or provenance mutation; canonical ontology ID unavailable; registry key, when present, is local-only; Valori identici dopo normalizzazione deterministica."
CLM-eba06f8e66bfc2749100,intervention,erlotinib,erlotinib,,,PASS,EXACT,0,erlotinib,true,NO_DISAGREEMENT,high,"query side = frozen local graph_evidence_parents parent context; shadow-only; no gate, score, bucket, ranking or provenance mutation; canonical ontology ID unavailable; registry key, when present, is local-only; Valori identici dopo normalizzazione deterministica."
CLM-f099dc5a29b516efbd00,disease,Lung Non-small Cell Carcinoma,Lung Non-small Cell Carcinoma,,,PASS,EXACT,0,lung non-small cell carcinoma,true,NO_DISAGREEMENT,high,"query side = frozen local graph_evidence_parents parent context; shadow-only; no gate, score, bucket, ranking or provenance mutation; canonical ontology ID unavailable; registry key, when present, is local-only; Valori identici dopo normalizzazione deterministica."
CLM-f099dc5a29b516efbd00,variant,EGFR T790M,EGFR T790M,,,PASS,EXACT,0,egfr t790m,true,NO_DISAGREEMENT,high,"query side = frozen local graph_evidence_parents parent context; shadow-only; no gate, score, bucket, ranking or provenance mutation; canonical ontology ID unavailable; registry key, when present, is local-only; Valori identici dopo normalizzazione deterministica."
CLM-f099dc5a29b516efbd00,intervention,osimertinib,osimertinib,,,PASS,EXACT,0,osimertinib,true,NO_DISAGREEMENT,high,"query side = frozen local graph_evidence_parents parent context; shadow-only; no gate, score, bucket, ranking or provenance mutation; canonical ontology ID unavailable; registry key, when present, is local-only; Valori identici dopo normalizzazione deterministica."
CLM-f1f6b860aca2c8c08690,disease,Lung Non-small Cell Carcinoma,Lung Non-small Cell Carcinoma,,,PASS,EXACT,0,lung non-small cell carcinoma,true,NO_DISAGREEMENT,high,"query side = frozen local graph_evidence_parents parent context; shadow-only; no gate, score, bucket, ranking or provenance mutation; canonical ontology ID unavailable; registry key, when present, is local-only; Valori identici dopo normalizzazione deterministica."
CLM-f1f6b860aca2c8c08690,variant,EML4::ALK Fusion AND ALK L1152R,EML4::ALK Fusion AND ALK L1152R,,,PASS,EXACT,0,alk l1152r and eml4::alk fusion,true,NO_DISAGREEMENT,high,"query side = frozen local graph_evidence_parents parent context; shadow-only; no gate, score, bucket, ranking or provenance mutation; canonical ontology ID unavailable; registry key, when present, is local-only; Valori identici dopo normalizzazione deterministica."
CLM-f1f6b860aca2c8c08690,intervention,crizotinib,crizotinib,,,PASS,EXACT,0,crizotinib,true,NO_DISAGREEMENT,high,"query side = frozen local graph_evidence_parents parent context; shadow-only; no gate, score, bucket, ranking or provenance mutation; canonical ontology ID unavailable; registry key, when present, is local-only; Valori identici dopo normalizzazione deterministica."
CLM-f52eacf8dde60d7af27f,disease,Lung Non-small Cell Carcinoma,Lung Non-small Cell Carcinoma,,,PASS,EXACT,0,lung non-small cell carcinoma,true,NO_DISAGREEMENT,high,"query side = frozen local graph_evidence_parents parent context; shadow-only; no gate, score, bucket, ranking or provenance mutation; canonical ontology ID unavailable; registry key, when present, is local-only; Valori identici dopo normalizzazione deterministica."
CLM-f52eacf8dde60d7af27f,variant,EGFR L858R,EGFR L858R,,,PASS,EXACT,0,egfr l858r,true,NO_DISAGREEMENT,high,"query side = frozen local graph_evidence_parents parent context; shadow-only; no gate, score, bucket, ranking or provenance mutation; canonical ontology ID unavailable; registry key, when present, is local-only; Valori identici dopo normalizzazione deterministica."
CLM-f52eacf8dde60d7af27f,intervention,dacomitinib,dacomitinib,,,PASS,EXACT,0,dacomitinib,true,NO_DISAGREEMENT,high,"query side = frozen local graph_evidence_parents parent context; shadow-only; no gate, score, bucket, ranking or provenance mutation; canonical ontology ID unavailable; registry key, when present, is local-only; Valori identici dopo normalizzazione deterministica."
CLM-f540c99392aa5b560a22,disease,Neuroblastoma,Neuroblastoma,,,PASS,UNKNOWN,,,false,ONTOLOGY_DATA_MISSING,low,"query side = frozen local graph_evidence_parents parent context; shadow-only; no gate, score, bucket, ranking or provenance mutation; canonical ontology ID unavailable; registry key, when present, is local-only; Termine disease uguale ma non coperto da un concetto locale verificato."
CLM-f540c99392aa5b560a22,variant,ALK R1275Q,ALK R1275Q,,,PASS,EXACT,0,alk r1275q,true,NO_DISAGREEMENT,high,"query side = frozen local graph_evidence_parents parent context; shadow-only; no gate, score, bucket, ranking or provenance mutation; canonical ontology ID unavailable; registry key, when present, is local-only; Valori identici dopo normalizzazione deterministica."
CLM-f540c99392aa5b560a22,intervention,alk inhibitor tae684,alk inhibitor tae684,,,PASS,EXACT,0,alk inhibitor tae684,true,NO_DISAGREEMENT,high,"query side = frozen local graph_evidence_parents parent context; shadow-only; no gate, score, bucket, ranking or provenance mutation; canonical ontology ID unavailable; registry key, when present, is local-only; Valori identici dopo normalizzazione deterministica."
CLM-f59008ae6c2098dde866,disease,Cholangiocarcinoma,Cholangiocarcinoma,,,PASS,EXACT,0,cholangiocarcinoma,true,NO_DISAGREEMENT,high,"query side = frozen local graph_evidence_parents parent context; shadow-only; no gate, score, bucket, ranking or provenance mutation; canonical ontology ID unavailable; registry key, when present, is local-only; Valori identici dopo normalizzazione deterministica."
CLM-f59008ae6c2098dde866,variant,FGFR2 Mutation,FGFR2 Mutation,,,PASS,EXACT,0,fgfr2 mutation,true,NO_DISAGREEMENT,high,"query side = frozen local graph_evidence_parents parent context; shadow-only; no gate, score, bucket, ranking or provenance mutation; canonical ontology ID unavailable; registry key, when present, is local-only; Valori identici dopo normalizzazione deterministica."
CLM-f59008ae6c2098dde866,intervention,infigratinib,infigratinib,,,PASS,EXACT,0,infigratinib,true,NO_DISAGREEMENT,high,"query side = frozen local graph_evidence_parents parent context; shadow-only; no gate, score, bucket, ranking or provenance mutation; canonical ontology ID unavailable; registry key, when present, is local-only; Valori identici dopo normalizzazione deterministica."
CLM-f62d35819669db1e4d34,disease,Lung Non-small Cell Carcinoma,Lung Non-small Cell Carcinoma,,,PASS,EXACT,0,lung non-small cell carcinoma,true,NO_DISAGREEMENT,high,"query side = frozen local graph_evidence_parents parent context; shadow-only; no gate, score, bucket, ranking or provenance mutation; canonical ontology ID unavailable; registry key, when present, is local-only; Valori identici dopo normalizzazione deterministica."
CLM-f62d35819669db1e4d34,variant,EGFR N771_P772insL,EGFR N771_P772insL,,,PASS,EXACT,0,egfr n771_p772insl,true,NO_DISAGREEMENT,high,"query side = frozen local graph_evidence_parents parent context; shadow-only; no gate, score, bucket, ranking or provenance mutation; canonical ontology ID unavailable; registry key, when present, is local-only; Valori identici dopo normalizzazione deterministica."
CLM-f62d35819669db1e4d34,intervention,osimertinib,osimertinib,,,PASS,EXACT,0,osimertinib,true,NO_DISAGREEMENT,high,"query side = frozen local graph_evidence_parents parent context; shadow-only; no gate, score, bucket, ranking or provenance mutation; canonical ontology ID unavailable; registry key, when present, is local-only; Valori identici dopo normalizzazione deterministica."
CLM-fb324f3b5bad9559e397,disease,Lung Non-small Cell Carcinoma,Lung Non-small Cell Carcinoma,,,PASS,EXACT,0,lung non-small cell carcinoma,true,NO_DISAGREEMENT,high,"query side = frozen local graph_evidence_parents parent context; shadow-only; no gate, score, bucket, ranking or provenance mutation; canonical ontology ID unavailable; registry key, when present, is local-only; Valori identici dopo normalizzazione deterministica."
CLM-fb324f3b5bad9559e397,variant,EGFR D770_N771insG,EGFR D770_N771insG,,,PASS,EXACT,0,egfr d770_n771insg,true,NO_DISAGREEMENT,high,"query side = frozen local graph_evidence_parents parent context; shadow-only; no gate, score, bucket, ranking or provenance mutation; canonical ontology ID unavailable; registry key, when present, is local-only; Valori identici dopo normalizzazione deterministica."
CLM-fb324f3b5bad9559e397,intervention,osimertinib,osimertinib,,,PASS,EXACT,0,osimertinib,true,NO_DISAGREEMENT,high,"query side = frozen local graph_evidence_parents parent context; shadow-only; no gate, score, bucket, ranking or provenance mutation; canonical ontology ID unavailable; registry key, when present, is local-only; Valori identici dopo normalizzazione deterministica."
CLM-feddcbb26716bd36627e,disease,Lung Adenocarcinoma,Lung Adenocarcinoma,,,PASS,EXACT,0,lung adenocarcinoma,true,NO_DISAGREEMENT,high,"query side = frozen local graph_evidence_parents parent context; shadow-only; no gate, score, bucket, ranking or provenance mutation; canonical ontology ID unavailable; registry key, when present, is local-only; Valori identici dopo normalizzazione deterministica."
CLM-feddcbb26716bd36627e,variant,ALK G1202R AND v::ALK Fusion,ALK G1202R AND v::ALK Fusion,,,PASS,EXACT,0,alk fusion and alk g1202r,true,NO_DISAGREEMENT,high,"query side = frozen local graph_evidence_parents parent context; shadow-only; no gate, score, bucket, ranking or provenance mutation; canonical ontology ID unavailable; registry key, when present, is local-only; Valori identici dopo normalizzazione deterministica."
CLM-feddcbb26716bd36627e,intervention,crizotinib,crizotinib,,,PASS,EXACT,0,crizotinib,true,NO_DISAGREEMENT,high,"query side = frozen local graph_evidence_parents parent context; shadow-only; no gate, score, bucket, ranking or provenance mutation; canonical ontology ID unavailable; registry key, when present, is local-only; Valori identici dopo normalizzazione deterministica."
CLM-8941c177da91f66ff93a,disease,Cholangiocarcinoma,Intrahepatic Cholangiocarcinoma,,,FAIL,DESCENDANT,1,disease:cca -> disease:icca,true,LITERAL_FAIL_ONTOLOGY_HIERARCHICAL,high,"query side = frozen local graph_evidence_parents parent context; shadow-only; no gate, score, bucket, ranking or provenance mutation; canonical ontology ID unavailable; registry key, when present, is local-only; La claim Ã¨ un descendant della disease query in una gerarchia locale esplicita; non Ã¨ equivalenza clinica."
CLM-8941c177da91f66ff93a,variant,FGFR2::BICC1 Fusion,FGFR2::BICC1 Fusion,,,PASS,EXACT,0,fgfr2::bicc1 fusion,true,NO_DISAGREEMENT,high,"query side = frozen local graph_evidence_parents parent context; shadow-only; no gate, score, bucket, ranking or provenance mutation; canonical ontology ID unavailable; registry key, when present, is local-only; Valori identici dopo normalizzazione deterministica."
CLM-8941c177da91f66ff93a,diagnostic,FGFR2::BICC1 Fusion,FGFR2::BICC1 Fusion,,,PASS,EXACT,0,fgfr2::bicc1 fusion,true,NO_DISAGREEMENT,high,"query side = frozen local graph_evidence_parents parent context; shadow-only; no gate, score, bucket, ranking or provenance mutation; canonical ontology ID unavailable; registry key, when present, is local-only; Valori identici dopo normalizzazione deterministica."
CLM-a7e1c40b794d2c4d4ca8,disease,Cholangiocarcinoma,Intrahepatic Cholangiocarcinoma,,,FAIL,DESCENDANT,1,disease:cca -> disease:icca,true,LITERAL_FAIL_ONTOLOGY_HIERARCHICAL,high,"query side = frozen local graph_evidence_parents parent context; shadow-only; no gate, score, bucket, ranking or provenance mutation; canonical ontology ID unavailable; registry key, when present, is local-only; La claim Ã¨ un descendant della disease query in una gerarchia locale esplicita; non Ã¨ equivalenza clinica."
CLM-a7e1c40b794d2c4d4ca8,variant,FGFR2::AHCYL1 Fusion,FGFR2::AHCYL1 Fusion,,,PASS,EXACT,0,fgfr2::ahcyl1 fusion,true,NO_DISAGREEMENT,high,"query side = frozen local graph_evidence_parents parent context; shadow-only; no gate, score, bucket, ranking or provenance mutation; canonical ontology ID unavailable; registry key, when present, is local-only; Valori identici dopo normalizzazione deterministica."
CLM-a7e1c40b794d2c4d4ca8,diagnostic,FGFR2::AHCYL1 Fusion,FGFR2::AHCYL1 Fusion,,,PASS,EXACT,0,fgfr2::ahcyl1 fusion,true,NO_DISAGREEMENT,high,"query side = frozen local graph_evidence_parents parent context; shadow-only; no gate, score, bucket, ranking or provenance mutation; canonical ontology ID unavailable; registry key, when present, is local-only; Valori identici dopo normalizzazione deterministica."
